prompt_id	stratum	at	file	line	task_digest	deterministic	embedding
e4b3236c-3075-4a95-892d-9e3c9f82fc1c	silent	2026-09-27T22:20:32Z	b5554ef1-29fb-41ec-8ac7-4d043f9e3e0e.jsonl	25	sha256:4677d50b929122012e73baac0069b0068a6d09147e4e6d7c85d83a89b88a5c2e		docs/obligations/0212-ci-done-sh-reads-a-cancelled-run-of-another-branch-as-a-red-result-on-a-main-merge-commit.md|docs/obligations/0011-nothing-has-been-promoted-out-of-the-synthesized-tier.md|docs/how-to/cut-a-release.md|docs/probe-runs/regression-probe-transcript-for-2026-09-17-after-the-probe-corrections.md|docs/obligations/0113-every-check-passes-a-document-that-is-still-the-scaffolder-s-placeholder.md|docs/process/decisions/0007-a-background-wait-caps-below-the-cache-lifetime-and-re-issues-itself.md|docs/obligations/0072-a-cache-of-check-results-does-not-make-a-run-proportional.md|docs/obligations/0204-docs-decisions-0077-still-describes-hw-dr-0049-s-rewrite-as-pending-after-574-made-it.md|docs/obligations/0207-the-plan-usage-of-one-issue-is-known-only-as-the-average-of-its-run.md|docs/probe-results/regression-probe-transcript-for-2026-09-17-after-the-probe-corrections.md
9fcb076f-6717-43a0-a6dd-9c1182de9635	silent	2026-09-24T04:56:39Z	57161408-dec9-4ef1-bab2-7289a3dcd248.jsonl	14	sha256:51d5864d19a2eb4deb3ccc3e1e0c9a0ab65adc5d1c5637a85cfab1ce7c77a030		docs/obligations/0159-a-sentence-that-opens-with-a-hash-and-an-issue-number-is-folded-into-the-sentence-before-it.md|docs/obligations/0157-the-capture-report-says-two-denominators-over-a-store-that-named-seventeen-taxonomies.md|docs/how-to/diagnose-an-isolation-failure.md|docs/obligations/0143-a-specification-sentence-closes-a-set-with-a-count-the-source-exceeds-and-115-of-127-candidates-are-unchecked.md|docs/obligations/0072-a-cache-of-check-results-does-not-make-a-run-proportional.md|docs/spec/16-harness-support.md|docs/obligations/0142-the-obligation-register-states-its-own-size-by-hand-and-it-went-stale-three-times-in-two-days.md|docs/evaluations/why-corpus-counts-are-derived-not-stored.md|docs/obligations/0207-the-plan-usage-of-one-issue-is-known-only-as-the-average-of-its-run.md|docs/decisions/0063-every-required-facet-of-a-generated-document-is-derived-and-the-emitter-composes-the-summary.md
b0adaaa3-d10b-466e-aef0-b2419ca39439	silent	2026-10-02T09:17:50Z	e76bf2d4-45d1-4be4-b7a5-a53f65aea484.jsonl	2	sha256:5a6976d7b55f48e5c93c14835b344f7f27843658d28d0ff698db1d3566cc328d		docs/process/obligations/0212-ci-done-sh-reads-a-cancelled-run-of-another-branch-as-a-red-result-on-a-main-merge-commit.md|docs/how-to/cut-a-release.md|docs/obligations/0011-one-document-has-been-promoted-out-of-the-synthesized-tier-and-no-rate-says-whether-the-tier-drains.md|docs/probe-runs/regression-probe-transcript-for-2026-09-17-after-the-probe-corrections.md|docs/obligations/0198-nothing-states-how-much-of-a-session-s-budget-the-standing-instructions-consume-before-work-starts.md|docs/obligations/0113-every-check-passes-a-document-that-is-still-the-scaffolder-s-placeholder.md|docs/process/decisions/0007-a-background-wait-caps-below-the-cache-lifetime-and-re-issues-itself.md|docs/obligations/0072-a-cache-of-check-results-does-not-make-a-run-proportional.md|docs/obligations/0096-whether-anything-is-ever-promoted-out-of-the-asserted-tier.md|docs/probe-results/status-probe-pilot-of-2026-09-29-campaign-tier-present-arm-sufficiency.md
9ca6f765-4ed6-4e32-b229-c41f0b48d1fe	silent	2026-09-28T12:44:21Z	2ecbf66e-2300-43c9-8c42-35118b086214.jsonl	2	sha256:dbf060d26eedd7a85d58077fc19bb3252c589b0e88e1855e9fe5c71516f8701f		docs/obligations/0011-nothing-has-been-promoted-out-of-the-synthesized-tier.md|docs/probes/a-session-names-the-status-a-settled-decision-carries-in-its-pull-request.md|docs/obligations/0212-ci-done-sh-reads-a-cancelled-run-of-another-branch-as-a-red-result-on-a-main-merge-commit.md|docs/obligations/0204-docs-decisions-0077-still-describes-hw-dr-0049-s-rewrite-as-pending-after-574-made-it.md|docs/interfaces/headwater-help.md|docs/decisions/0031-q31-whether-this-repository-becomes-public-and-when.md|docs/obligations/0130-the-publication-date-of-this-repository-is-unset-and-the-owner-alone-sets-it.md|docs/decisions/0096-harper-does-not-become-part-of-the-engine-now-and-q41-stands.md|docs/obligations/0096-whether-anything-is-ever-promoted-out-of-the-asserted-tier.md|docs/probes/an-agent-reaches-the-adjudication-from-the-document-that-lost-it.md
693d70a1-c679-4df2-90a9-d767566a6e6a	silent	2026-10-02T11:01:02Z	fceea6f0-d151-49fc-830a-7ed8d60e826c.jsonl	17	sha256:1328b1f67cd63950c893ba6aeec74756d5646ea5cfb9721f191e8100bf775de5		docs/probes/a-session-answers-from-the-register-without-opening-the-question-it-replaced.md|docs/decisions/0016-public-presence.md|docs/spec/13-open-obligations.md|docs/decisions/0078-a-recorded-terminal-demonstration-may-show-a-frozen-number-behind-a-recorded-on-date-marker.md|docs/spec/04-assurance-model.md|docs/obligations/0120-no-reader-takes-a-waiver-against-a-check-finding-so-one-arm-of-the-escape-partition-is-empty.md|docs/obligations/0208-four-small-test-and-wording-gaps-from-run-20260923-0733-filed-together.md|docs/obligations/0007-no-count-exists-of-adopters-who-stopped-at-the-license-terms.md|docs/obligations/0026-the-operational-shape-of-a-hosted-server-is-unstated.md|docs/obligations/0133-two-test-helpers-key-a-scratch-directory-on-the-pid-alone-and-the-race-springs-on-the-next-case-added.md
75e94898-e960-4573-9506-b7eba8aa0853	silent	2026-09-29T12:04:42Z	db997541-cc8a-4494-9253-f9fd896c0158.jsonl	1	sha256:5ff5f4f3355cfad501961d552c75f3cb70b61ffb5f221b7aecc35f0b5580f394		docs/process/obligations/0224-thirteen-run-tooling-gaps-from-run-20260928-1109-filed-together.md|docs/decisions/0031-q31-whether-this-repository-becomes-public-and-when.md|docs/obligations/0204-docs-decisions-0077-still-describes-hw-dr-0049-s-rewrite-as-pending-after-574-made-it.md|docs/obligations/0205-hw-obl-0002-s-sample-counts-and-voice-rs-s-own-census-predate-the-scent-role-fix-and-need-retaking.md|docs/obligations/0163-ten-decision-records-claim-a-q-number-the-decision-register-does-not-carry.md|docs/probe-results/campaign-pilot-of-2026-09-28-campaign-tier-present-arm-discovery.md|docs/probe-results/campaign-pilot-of-2026-09-28-campaign-tier-absent-arm-discovery.md|docs/probe-results/second-campaign-pilot-of-2026-09-28-campaign-tier-present-arm-discovery.md|docs/reviews/core-concepts-review-findings-2.md|docs/decisions/0038-q38-which-link-relation-a-rendered-page-carries-to-the-served-corpus-descriptor.md
2dedfde5-d43d-4d6b-bbed-dbbbd12a369b	silent	2026-09-22T11:21:23Z	dca36bda-ca72-42c2-8667-d8fc63948bde.jsonl	1	sha256:1256cfa762eadc8f571c108c7f09ca4916f24874a2b48f3ef33a7d39adecd4ed		docs/obligations/0072-a-cache-of-check-results-does-not-make-a-run-proportional.md|docs/evaluations/the-build-order-as-a-multi-agent-system.md|docs/decisions/0061-q61-how-a-recorded-terminal-demonstration-is-held-against-a-run.md|docs/process/decisions/0006-the-entrypoint-keeps-its-name-and-becomes-a-resumable-run.md|docs/reviews/core-concepts-review-findings-2.md|docs/obligations/0175-two-documents-take-one-sequence-on-a-sequence-declaring-shelf-and-no-rule-reads-it.md|docs/obligations/0181-an-unresolved-prose-link-reaches-a-run-as-a-graph-fact-and-no-rule-turns-it-into-a-finding.md|docs/spec/16-harness-support.md|docs/spec/06-engine-architecture.md|docs/interfaces/headwater-check.md
3ea33360-f36e-4041-bd98-0f9e6856a573	silent	2026-09-29T22:01:20Z	1338ac1e-5046-4dce-9ea3-0064ffdac44d.jsonl	1	sha256:b6a8022cbf205230b98313fdb715d9ea36a708e2b525e6aaf8344bbae6cd4d7e		docs/process/obligations/0224-thirteen-run-tooling-gaps-from-run-20260928-1109-filed-together.md|docs/decisions/0031-q31-whether-this-repository-becomes-public-and-when.md|docs/obligations/0204-docs-decisions-0077-still-describes-hw-dr-0049-s-rewrite-as-pending-after-574-made-it.md|docs/obligations/0205-hw-obl-0002-s-sample-counts-and-voice-rs-s-own-census-predate-the-scent-role-fix-and-need-retaking.md|docs/obligations/0163-ten-decision-records-claim-a-q-number-the-decision-register-does-not-carry.md|docs/how-to/diagnose-an-isolation-failure.md|docs/probe-results/campaign-pilot-of-2026-09-28-campaign-tier-present-arm-discovery.md|docs/decisions/0038-q38-which-link-relation-a-rendered-page-carries-to-the-served-corpus-descriptor.md|docs/reviews/core-concepts-review-findings-2.md|docs/how-to/mine-the-shadow-mode-routing-log.md
982d09aa-b885-42c6-b392-35f2baf0dee2	silent	2026-10-01T22:19:52Z	3f33c00e-e7c1-58c3-a5d7-1a3fac2f271f.jsonl	5	sha256:5193ecf97116c7a83d7ed6186e10a7bbfe402245588104b5d451a0f300efbff4		docs/decisions/0094-the-apt-repository-is-served-from-headwater-tools-and-signed-by-a-subkey-the-owner-s-offline-key-certifies.md|docs/how-to/rotate-or-revoke-the-apt-signing-subkey.md|docs/process/obligations/0210-no-fixture-holds-the-symlink-case-of-new-worktree-sh-and-a-bare-name-of-two-dots-leaves-a-branch-behind.md|docs/process/decisions/0014-the-boundary-against-a-fork-is-the-approval-of-outside-runs-and-a-person-reads-a-github-diff-before-approving-one.md|docs/interfaces/headwater-change.md|docs/process/decisions/0019-ci-runs-actions-from-the-actions-organization-only-and-carries-no-build-state-between-self-hosted-jobs.md|docs/obligations/0182-the-publish-crates-retry-loop-has-no-retry-ceiling.md|docs/decisions/0077-the-consumer-surface-is-what-an-adopter-receives-runs-and-must-have-installed-and-it-is-a-closed-and-declared-list.md|docs/explanations/how-a-headwater-release-reaches-an-adopter.md|docs/how-to/cut-a-release.md
6a492046-6437-4006-8213-6b0083ab1e79	silent	2026-09-24T04:11:30Z	57161408-dec9-4ef1-bab2-7289a3dcd248.jsonl	1	sha256:d9f9e3aac3129e58c5507ad0f7f69a7c92cfefb767a8d9c6be4a52789063b776		docs/obligations/0072-a-cache-of-check-results-does-not-make-a-run-proportional.md|docs/spec/17-orchestration-architecture.md|docs/process/decisions/0006-the-entrypoint-keeps-its-name-and-becomes-a-resumable-run.md|docs/obligations/0207-the-plan-usage-of-one-issue-is-known-only-as-the-average-of-its-run.md|docs/evaluations/the-build-order-as-a-multi-agent-system.md|docs/decisions/0061-q61-how-a-recorded-terminal-demonstration-is-held-against-a-run.md|docs/obligations/0028-a-run-cannot-report-the-corpus-tree-because-nothing-computes.md|docs/reviews/core-concepts-review-findings-2.md|docs/obligations/0181-an-unresolved-prose-link-reaches-a-run-as-a-graph-fact-and-no-rule-turns-it-into-a-finding.md|docs/evaluations/two-triggers-one-verdict-how-this-repository-s-ci-decides-where-a-job-runs-and-what-it-trusts.md
9043361b-3509-4262-8e8f-ee12c509ab83	silent	2026-09-25T06:59:21Z	861a7465-84b5-4b32-9982-e09f9f38010c.jsonl	20	sha256:1d3bc34c339c09a4d2af496f612beea2eef6c867968219917d23b20402e4a1f6		docs/obligations/0212-ci-done-sh-reads-a-cancelled-run-of-another-branch-as-a-red-result-on-a-main-merge-commit.md|docs/obligations/0011-nothing-has-been-promoted-out-of-the-synthesized-tier.md|docs/probe-runs/regression-probe-transcript-for-2026-09-17-after-the-probe-corrections.md|docs/obligations/0072-a-cache-of-check-results-does-not-make-a-run-proportional.md|docs/obligations/0207-the-plan-usage-of-one-issue-is-known-only-as-the-average-of-its-run.md|docs/process/decisions/0007-a-background-wait-caps-below-the-cache-lifetime-and-re-issues-itself.md|docs/obligations/0113-every-check-passes-a-document-that-is-still-the-scaffolder-s-placeholder.md|docs/decisions/0031-q31-whether-this-repository-becomes-public-and-when.md|docs/obligations/0096-whether-anything-is-ever-promoted-out-of-the-asserted-tier.md|docs/probe-results/regression-probe-transcript-for-2026-09-17-after-the-probe-corrections.md
cbef7b3f-a9a2-493e-8f2d-c60588859891	silent	2026-09-23T11:48:34Z	71d5f9d8-7f3a-452d-b756-571de17227e0.jsonl	4	sha256:b7cd55b8d8d40908efbfd79c086413cb4955072856cb83f45999ec1034fe202c		docs/decisions/0052-a-document-is-proposed-at-the-state-it-will-hold-and-the-merge-activates-it.md|docs/decisions/0021-terminological-succession-and-validity-under-merge.md|docs/process/decisions/0004-coordination-is-a-create-only-claim-and-authority-stays-on-the-tree.md|docs/obligations/0081-a-published-read-set-never-says-which-instances-must-run-again.md|docs/obligations/0135-repo-cleanup-names-one-cause-for-a-gone-upstream-and-this-repository-produced-a-second.md|docs/decisions/0034-q34-whether-acceptance-means-merged-to-main-and-what-an-agent-may-write-before-that.md|docs/decisions/0049-a-corpus-wide-fold-is-derived-and-never-stored.md|docs/decisions/0009-multi-repository-corpora.md|docs/evaluations/two-triggers-one-verdict-how-this-repository-s-ci-decides-where-a-job-runs-and-what-it-trusts.md|docs/obligations/0183-no-mechanism-holds-a-committed-binary-asset-against-a-run.md
763314df-ff85-4b7a-99d4-7aa377ceb4af	silent	2026-10-02T11:00:08Z	fceea6f0-d151-49fc-830a-7ed8d60e826c.jsonl	16	sha256:8676a742eb225d6ad11ac4656bb1a4bcedb1c642761fb3473155a5161833b4dc		docs/spec/00-vision-and-scope.md|docs/interfaces/headwater-show.md|docs/decisions/0038-q38-which-link-relation-a-rendered-page-carries-to-the-served-corpus-descriptor.md|docs/decisions/0047-how-the-two-halves-of-the-site-share-one-host.md|docs/obligations/0029-what-headwater-query-takes.md|docs/obligations/0215-a-bless-run-of-the-conformance-render-tests-races-two-tests-over-one-fixture-file.md|docs/obligations/0105-nothing-plays-the-hook-role-that-two-relations-name.md|docs/interfaces/headwater-query.md|docs/how-to/publish-your-corpus-as-a-site.md|docs/obligations/0073-the-prior-version-still-owes-the-key-edit-that-the-clock.md
a25e241b-6ea4-4f2c-821a-f0fc8d130ef4	silent	2026-09-30T23:32:45Z	5046c7ca-5d4f-4be0-8532-2a95ed278447.jsonl	4	sha256:55733981f5e5ea6cb2544135b9aff029987cd89b8875f9fdc7a15dd08d1d1dc7		docs/process/obligations/0207-the-plan-usage-of-one-issue-is-known-only-as-the-average-of-its-run.md|docs/obligations/0072-a-cache-of-check-results-does-not-make-a-run-proportional.md|docs/process/evaluations/the-build-order-as-a-multi-agent-system.md|docs/probe-runs/campaign-of-2026-09-28-campaign-tier-present-arm-sufficiency.md|docs/process/obligations/0220-no-disk-floor-is-stated-for-a-build-order-run-and-nothing-prunes-the-cargo-pool.md|docs/probe-runs/second-campaign-pilot-of-2026-09-28-campaign-tier-present-arm-sufficiency.md|docs/obligations/0198-nothing-states-how-much-of-a-session-s-budget-the-standing-instructions-consume-before-work-starts.md|docs/decisions/0070-the-matched-purposes-take-turns-at-a-route-budget-and-each-pointer-states-what-reached-it.md|docs/probe-runs/campaign-of-2026-09-28-campaign-tier-absent-arm-sufficiency.md|docs/process/decisions/0005-the-ledger-is-split-its-tabular-parts-are-jsonl-and-its-totals-are-derived.md
07b55d44-0619-46cd-a159-7a7e3b880b07	silent	2026-10-02T09:37:08Z	e76bf2d4-45d1-4be4-b7a5-a53f65aea484.jsonl	5	sha256:55277b7cb2a6fa889af851e2f2d294675773233cda80ed9117b504c916622180		docs/obligations/0230-comments-in-the-command-surface-crates-and-their-subsystem-spec-state-eight-stale-facts.md|docs/obligations/0133-two-test-helpers-key-a-scratch-directory-on-the-pid-alone-and-the-race-springs-on-the-next-case-added.md|docs/process/obligations/0225-eight-run-tooling-gaps-from-run-20260929-1205-filed-together.md|docs/process/obligations/0224-thirteen-run-tooling-gaps-from-run-20260928-1109-filed-together.md|docs/process/obligations/0220-no-disk-floor-is-stated-for-a-build-order-run-and-nothing-prunes-the-cargo-pool.md|docs/obligations/0138-the-rest-of-the-editorial-pass-with-cli-src-main-rs-at-the-head-of-the-distribution.md|docs/process/obligations/0203-three-small-run-tooling-gaps-from-run-20260922-1121-filed-together.md|docs/process/obligations/0213-ci-builds-no-mkdocs-site-so-a-generated-page-under-docs-is-never-checked-against-a-strict-build-before-merge.md|docs/reviews/core-concepts-review-prompt.md|docs/subsystems/command-surface.md
a027c89d-1053-4c6a-899f-46404dabd307	silent	2026-09-25T23:05:11Z	20e62f0f-96a4-40b0-883c-38bc4af507c9.jsonl	3	sha256:86432eff31c4ee97c8a0f2a5214d2865d87a43ce949509c2e7244889273f1505		docs/reviews/core-concepts-review-findings.md|docs/obligations/0129-spec-12-calls-two-phase-a-outcomes-structural-findings-and-the-engine-emits-none.md|docs/decisions/0041-q41-whether-vale-becomes-a-declared-regime-backend.md|docs/obligations/0019-whether-any-corpus-needs-a-second-export-profile.md|docs/obligations/0020-whether-a-solution-corpus-vendors-each-source-export.md|docs/obligations/0079-a-correctness-root-that-is-a-type-has-no-failing-fixture.md|docs/decisions/0024-q24-readability-and-what-a-sweep-can-be-asked-about.md|docs/obligations/0213-ci-builds-no-mkdocs-site-so-a-generated-page-under-docs-is-never-checked-against-a-strict-build-before-merge.md|docs/obligations/0001-the-promotion-fix-has-no-reading-of-the-assisted-fraction.md|docs/obligations/0016-a-cue-has-no-measured-effect-on-traversal-precision.md
258894be-385c-4229-8468-102fd7642d2d	silent	2026-10-02T02:19:11Z	3f33c00e-e7c1-58c3-a5d7-1a3fac2f271f.jsonl	6	sha256:fdea0dded460485a59c7aa39286674526c28914505f99eb3b7dee38c59dec22a		docs/decisions/0038-q38-which-link-relation-a-rendered-page-carries-to-the-served-corpus-descriptor.md|docs/process/obligations/0227-seven-run-tooling-gaps-from-run-20260929-2201-filed-together.md|docs/obligations/0193-admission-criterion-5-has-no-reading-for-an-entry-that-serves-neither-core-purpose.md|docs/probe-runs/regression-probe-transcript-for-2026-09-09.md|docs/interfaces/headwater-help.md|docs/probe-runs/status-probe-pilot-of-2026-09-29-campaign-tier-present-arm-sufficiency.md|docs/process/obligations/0225-eight-run-tooling-gaps-from-run-20260929-1205-filed-together.md|docs/process/obligations/0224-thirteen-run-tooling-gaps-from-run-20260928-1109-filed-together.md|docs/obligations/0169-the-coverage-report-lists-one-path-twice-so-the-self-assessment-page-publishes-two-unaccounted-files-where-one-exists.md|docs/evaluations/capability-bundle-address-inventory.md
6f175ad6-9e85-4c9d-bb25-95c0b1526825	silent	2026-09-28T02:42:16Z	b5554ef1-29fb-41ec-8ac7-4d043f9e3e0e.jsonl	52	sha256:2473861e63fb0d04e4640a3195ab3f185fb0f10c715c137aea8b9462c86bfb10		docs/obligations/0216-two-merge-hooks-of-this-repository-print-a-resolve-flag-that-the-verb-refuses.md|docs/evaluations/why-corpus-counts-are-derived-not-stored.md|docs/obligations/0157-the-capture-report-says-two-denominators-over-a-store-that-named-seventeen-taxonomies.md|docs/obligations/0105-nothing-plays-the-hook-role-that-two-relations-name.md|docs/decisions/0034-q34-whether-acceptance-means-merged-to-main-and-what-an-agent-may-write-before-that.md|docs/obligations/0164-the-regeneration-check-tests-byte-equality-before-the-marker-so-a-file-the-census-stopped-counting-as-generated-still-passes.md|docs/process/decisions/0017-ci-concurrency-is-per-ref-and-every-ref-but-main-cancels-a-superseded-run.md|docs/obligations/0175-two-documents-take-one-sequence-on-a-sequence-declaring-shelf-and-no-rule-reads-it.md|docs/evaluations/harper-spike-results.md|docs/obligations/0203-three-small-run-tooling-gaps-from-run-20260922-1121-filed-together.md
354a7581-8e87-4329-84de-38f9c3525fc5	silent	2026-09-23T07:32:58Z	e2a9988f-b810-4212-9221-6df09ed86845.jsonl	2	sha256:1256cfa762eadc8f571c108c7f09ca4916f24874a2b48f3ef33a7d39adecd4ed		docs/obligations/0072-a-cache-of-check-results-does-not-make-a-run-proportional.md|docs/evaluations/the-build-order-as-a-multi-agent-system.md|docs/decisions/0061-q61-how-a-recorded-terminal-demonstration-is-held-against-a-run.md|docs/process/decisions/0006-the-entrypoint-keeps-its-name-and-becomes-a-resumable-run.md|docs/spec/17-orchestration-architecture.md|docs/reviews/core-concepts-review-findings-2.md|docs/evaluations/two-triggers-one-verdict-how-this-repository-s-ci-decides-where-a-job-runs-and-what-it-trusts.md|docs/obligations/0175-two-documents-take-one-sequence-on-a-sequence-declaring-shelf-and-no-rule-reads-it.md|docs/obligations/0181-an-unresolved-prose-link-reaches-a-run-as-a-graph-fact-and-no-rule-turns-it-into-a-finding.md|docs/spec/16-harness-support.md
479a12c5-5407-4237-8441-3fde25e8fe08	silent	2026-09-27T22:33:11Z	b5554ef1-29fb-41ec-8ac7-4d043f9e3e0e.jsonl	28	sha256:85b9f56ae0893e57540cdd71f4d3a4dca5959aa7f3cc7659cf06cf0025f10a3c		docs/how-to/diagnose-an-isolation-failure.md|docs/reviews/core-concepts-review-findings.md|docs/obligations/0207-the-plan-usage-of-one-issue-is-known-only-as-the-average-of-its-run.md|docs/spec/13-open-obligations.md|docs/obligations/0131-the-cli-crate-wires-every-verb-and-carries-no-tests-so-two-wiring-defects-passed-a-green-suite.md|docs/how-to/cut-a-release.md|docs/spec/17-orchestration-architecture.md|docs/obligations/0203-three-small-run-tooling-gaps-from-run-20260922-1121-filed-together.md|docs/evaluations/schema-format-walkthrough.md|docs/obligations/0176-a-blessed-fixture-is-read-by-a-sibling-case-that-runs-while-the-write-truncates-it.md
d4d0b880-aed6-48fe-9123-6dd7693cbbeb	silent	2026-10-03T04:35:51Z	19b6d2bc-015d-4b01-a550-ff6f9bb9896e.jsonl	53	sha256:dbc6ab1d83a1c9ab29fd6198619c303c93a5e484041e4924b513a686fa1ecc45		docs/probe-results/regression-probe-transcript-for-2026-09-17-after-the-probe-corrections.md|docs/probe-results/regression-probe-transcript-for-2026-09-09.md|docs/probe-results/status-probe-pilot-of-2026-09-29-campaign-tier-present-arm-sufficiency.md|docs/probe-results/regression-probe-transcript-for-2026-09-11.md|docs/probe-results/regression-probe-transcript-for-2026-09-16.md|docs/probe-results/campaign-of-2026-09-28-documentation-tier-absent-arm-sufficiency.md|docs/decisions/0080-q66-the-corpus-dashboard-ships-free-and-self-hosted-with-tenant-isolation-stated-as-a-data-model-constraint-from-day-one.md|docs/probe-results/regression-probe-transcript-for-2026-09-17.md|docs/probe-results/campaign-of-2026-09-30-documentation-tier-absent-arm-sufficiency.md|docs/probe-results/campaign-of-2026-09-28-campaign-tier-present-arm-sufficiency.md
868407ff-6243-45a4-b072-0f7992b53a77	silent	2026-09-27T08:18:26Z	b5554ef1-29fb-41ec-8ac7-4d043f9e3e0e.jsonl	4	sha256:2567a7eb16a3bf26ad5b0f4f529ce7089f27566d11807607e866e79f19678985		docs/obligations/0212-ci-done-sh-reads-a-cancelled-run-of-another-branch-as-a-red-result-on-a-main-merge-commit.md|docs/obligations/0011-nothing-has-been-promoted-out-of-the-synthesized-tier.md|docs/probe-runs/regression-probe-transcript-for-2026-09-17-after-the-probe-corrections.md|docs/how-to/cut-a-release.md|docs/obligations/0072-a-cache-of-check-results-does-not-make-a-run-proportional.md|docs/obligations/0207-the-plan-usage-of-one-issue-is-known-only-as-the-average-of-its-run.md|docs/process/decisions/0007-a-background-wait-caps-below-the-cache-lifetime-and-re-issues-itself.md|docs/obligations/0113-every-check-passes-a-document-that-is-still-the-scaffolder-s-placeholder.md|docs/decisions/0031-q31-whether-this-repository-becomes-public-and-when.md|docs/obligations/0096-whether-anything-is-ever-promoted-out-of-the-asserted-tier.md
51debab0-c8c3-400d-9a3e-7b2193274250	silent	2026-09-24T09:05:40Z	de9c8ddd-41e4-45d1-90b3-8617e676498e.jsonl	1	sha256:b7277548f4b0bd45c0a63f1bb4a29d36a92d0db48dadbfb471ffdafc80fe368f		docs/evaluations/the-build-order-as-a-multi-agent-system.md|docs/obligations/0209-a-build-order-dispatch-passes-no-isolation-so-a-stage-can-inherit-the-parent-worktree-as-its-working-directory.md|docs/obligations/0072-a-cache-of-check-results-does-not-make-a-run-proportional.md|docs/obligations/0175-two-documents-take-one-sequence-on-a-sequence-declaring-shelf-and-no-rule-reads-it.md|docs/spec/17-orchestration-architecture.md|docs/process/decisions/0006-the-entrypoint-keeps-its-name-and-becomes-a-resumable-run.md|docs/obligations/0181-an-unresolved-prose-link-reaches-a-run-as-a-graph-fact-and-no-rule-turns-it-into-a-finding.md|docs/decisions/0061-q61-how-a-recorded-terminal-demonstration-is-held-against-a-run.md|docs/obligations/0157-the-capture-report-says-two-denominators-over-a-store-that-named-seventeen-taxonomies.md|docs/reviews/core-concepts-review-findings-2.md
257e2eeb-7362-4673-847f-b83e9eafed1b	silent	2026-10-02T10:26:36Z	fde7c9df-9da9-4b86-b9b2-56030ed9b21b.jsonl	1	sha256:a51b891b22908e1cf2ee2dd967810f13aa20f915480067fea9d2ac139115ff32		docs/process/obligations/0216-two-merge-hooks-of-this-repository-print-a-resolve-flag-that-the-verb-refuses.md|docs/process/decisions/0017-ci-concurrency-is-per-ref-and-every-ref-but-main-cancels-a-superseded-run.md|docs/obligations/0135-repo-cleanup-names-one-cause-for-a-gone-upstream-and-this-repository-produced-a-second.md|docs/interfaces/headwater-merge-driver.md|docs/decisions/0021-terminological-succession-and-validity-under-merge.md|docs/decisions/0052-a-document-is-proposed-at-the-state-it-will-hold-and-the-merge-activates-it.md|docs/evaluations/why-corpus-counts-are-derived-not-stored.md|docs/process/decisions/0023-a-build-order-parent-restarts-every-few-merges-drains-to-zero-first-and-resumes-from-the-handover-files-on-disk.md|docs/decisions/0049-a-corpus-wide-fold-is-derived-and-never-stored.md|docs/process/decisions/0004-coordination-is-a-create-only-claim-and-authority-stays-on-the-tree.md
347c80a5-8c12-4d3e-a715-a708e0771071	silent	2026-09-28T02:38:20Z	b5554ef1-29fb-41ec-8ac7-4d043f9e3e0e.jsonl	50	sha256:cbfdafaea571a39fdbcde5078a6d1de283f8b5bf0b0b79207766d7d71040f5c0		docs/obligations/0204-docs-decisions-0077-still-describes-hw-dr-0049-s-rewrite-as-pending-after-574-made-it.md|docs/interfaces/headwater-new.md|docs/how-to/diagnose-an-isolation-failure.md|docs/obligations/0216-two-merge-hooks-of-this-repository-print-a-resolve-flag-that-the-verb-refuses.md|docs/interfaces/headwater-completions.md|docs/interfaces/headwater-merge-driver.md|docs/obligations/0109-the-capture-cost-denominator-is-set-by-declaration-and-not-by-work.md|docs/obligations/0086-an-inline-quotation-reaches-every-lexical-rule-as-this-authors.md|docs/obligations/0217-the-site-review-marker-lives-in-the-common-directory-of-a-clone-so-one-worktree-s-unreviewed-merge-blocks-the-push-of-every-worktree.md|docs/reviews/core-concepts-review-prompt.md
e61f3386-619f-4ab3-a607-2852a40669cc	silent	2026-09-27T00:05:25Z	ee0f0553-b96b-4aa7-9071-7fab349c0c0c.jsonl	5	sha256:3df66c4ccc6c04a9decb71d59610971275b5b966aff04a9c34c8f5700360696b		docs/obligations/0204-docs-decisions-0077-still-describes-hw-dr-0049-s-rewrite-as-pending-after-574-made-it.md|docs/obligations/0193-admission-criterion-5-has-no-reading-for-an-entry-that-serves-neither-core-purpose.md|docs/decisions/0034-q34-whether-acceptance-means-merged-to-main-and-what-an-agent-may-write-before-that.md|docs/how-to/diagnose-an-isolation-failure.md|docs/obligations/0205-hw-obl-0002-s-sample-counts-and-voice-rs-s-own-census-predate-the-scent-role-fix-and-need-retaking.md|docs/tutorials/your-first-governed-corpus.md|docs/obligations/0120-no-reader-takes-a-waiver-against-a-check-finding-so-one-arm-of-the-escape-partition-is-empty.md|docs/obligations/0108-an-agent-writes-the-acceptance-stamp-of-every-document-in-this-corpus.md|docs/obligations/0211-two-hand-remedy-lines-for-hw-cargo-in-hw-run-policy-may-no-longer-earn-their-cost-on-every-dispatch.md|docs/decisions/0052-a-document-is-proposed-at-the-state-it-will-hold-and-the-merge-activates-it.md
c94bd4b9-bb5b-406e-8034-eb4f8c455711	silent	2026-09-27T23:25:25Z	b5554ef1-29fb-41ec-8ac7-4d043f9e3e0e.jsonl	36	sha256:6555d23993466a7aa70d150849ba820d7590a0d10cfc5306530d863667be64f8		docs/obligations/0132-survey-the-wiring-decisions-of-main-rs-verb-by-verb-and-cover-the-quiet-ones.md|docs/probe-runs/regression-probe-transcript-for-2026-09-16.md|docs/probe-runs/regression-probe-transcript-for-2026-09-11.md|docs/evaluations/a-probe-task-section-is-the-prompt-so-commentary-under-that-heading-is-prompt.md|docs/decisions/0021-terminological-succession-and-validity-under-merge.md|docs/probes/a-counted-tombstone-separates-a-withheld-answer-from-an-absent-answer.md|docs/decisions/0064-q64-whether-intent-time-routing-gains-an-offline-embedding-path-in-shadow-mode.md|docs/obligations/0111-the-capture-cost-surface-names-an-entry-point-and-never-the-caller.md|docs/how-to/diagnose-an-isolation-failure.md|docs/decisions/0009-multi-repository-corpora.md
e042ac1e-5b08-46b3-8abf-68670690514b	silent	2026-09-23T11:55:17Z	443003b8-7ba4-4f4c-875d-9f3402fc5c40.jsonl	5	sha256:f7a98d60e2f1a759e036e2188feb902660cc38eccd5e1245d09f2b46ce3c853d		docs/interfaces/headwater-change.md|docs/decisions/0050-q50-where-the-visual-register-of-the-hand-built-pages-lives.md|docs/obligations/0179-the-commit-gate-checks-prose-with-a-binary-it-never-compares-against-the-engine-sources.md|docs/interfaces/headwater-new.md|docs/obligations/0199-an-observation-snapshot-records-a-commit-and-nothing-reads-it-back.md|docs/decisions/0029-q29-whether-a-corpus-root-may-contain-code-and-what-an-interface-contract-may-reach.md|docs/decisions/0047-how-the-two-halves-of-the-site-share-one-host.md|docs/decisions/0039-q39-how-a-figure-reaches-a-hand-built-page.md|docs/obligations/0138-the-rest-of-the-editorial-pass-with-cli-src-main-rs-at-the-head-of-the-distribution.md|docs/interfaces/headwater-generate.md
ba025268-0f48-4e42-bffa-6e06e1bbf61b	silent	2026-10-02T07:13:34Z	1f8ffc5b-6498-4c89-ac19-72928092f21b.jsonl	1	sha256:b040a7ba3ffe70534f6d741d8d2337b2e440a3549d8d9f7265c7ffbb227c6b2f		docs/obligations/0201-no-coverage-or-mutation-measurement-has-ever-been-taken-over-the-engine-s-test-suite.md|docs/obligations/0131-the-cli-crate-wires-every-verb-and-carries-no-tests-so-two-wiring-defects-passed-a-green-suite.md|docs/obligations/0214-the-commit-gate-does-not-see-docs-taxonomies-readme-md-drift-from-its-vendored-copy.md|docs/obligations/0075-a-participation-expectation-needs-depth-one-and-edge.md|docs/obligations/0025-where-the-probe-kind-ships-is-an-unsettled-clustering-question.md|docs/obligations/0153-the-rewritten-sentence-splitter-has-no-dedicated-conformance-fixtures.md|docs/obligations/0178-the-every-instance-report-detail-reaches-four-test-files-and-no-caller-outside-them.md|docs/obligations/0215-a-bless-run-of-the-conformance-render-tests-races-two-tests-over-one-fixture-file.md|docs/obligations/0076-a-generated-check-reads-its-severity-from-the-taxonomy.md|docs/obligations/0042-a-declared-invalid-when-reaches-no-check-and-two-live.md
10ea6500-467c-4c82-9a6c-1f63e46e2353	silent	2026-09-23T10:22:42Z	963ee6be-692c-45b3-97af-61fcbf039c44.jsonl	1	sha256:8993e208fd414e2903fa7ccf1ed4c3878eedcf0fd425b78a9e75cbb438efe199		docs/spec/00-vision-and-scope.md|docs/decisions/0010-naming.md|docs/obligations/0029-what-headwater-query-takes.md|docs/interfaces/headwater-sweep.md|docs/interfaces/headwater-query.md|docs/how-to/wire-headwater-check-into-your-own-workflow.md|docs/obligations/0120-no-reader-takes-a-waiver-against-a-check-finding-so-one-arm-of-the-escape-partition-is-empty.md|docs/evaluations/shacl-worked-example.md|docs/evaluations/linkml-worked-example.md|docs/decisions/0038-q38-which-link-relation-a-rendered-page-carries-to-the-served-corpus-descriptor.md
cd63ce96-a7e0-4ad4-b06e-9698a4225d7f	silent	2026-10-03T04:33:37Z	19b6d2bc-015d-4b01-a550-ff6f9bb9896e.jsonl	51	sha256:0c218b001fd2b13214ba64386cf90561742f88f590217c2be68f93a560e203f6		docs/spec/06-engine-architecture.md|docs/obligations/0072-a-cache-of-check-results-does-not-make-a-run-proportional.md|docs/evaluations/language-choice.md|docs/evaluations/what-the-counterfactual-campaign-of-2026-09-30-measured-by-component.md|docs/process/decisions/0003-a-dispatch-pays-when-it-retires-more-parent-turns-than-it-costs.md|docs/obligations/0091-the-friction-signal-that-q4-narrowed-is-still-unread.md|docs/evaluations/the-pointer-probe-grades-a-session-against-the-router-s-own-first-pick-so-a-correct-session-that-declines-a-wrong-pointer-fails.md|docs/obligations/0198-nothing-states-how-much-of-a-session-s-budget-the-standing-instructions-consume-before-work-starts.md|docs/interfaces/headwater-route.md|docs/probes/a-session-follows-a-citation-from-one-record-to-the-next.md
d2209f48-3f9a-450a-ae96-9bb7dca4840f	silent	2026-10-02T12:24:20Z	19b6d2bc-015d-4b01-a550-ff6f9bb9896e.jsonl	1	sha256:60244ef07795362fec0677094c59dc576d31f818a82542e8e873ec5e9d30bfa7		docs/obligations/0204-docs-decisions-0077-still-describes-hw-dr-0049-s-rewrite-as-pending-after-574-made-it.md|docs/obligations/0229-the-counterfactual-campaign-evaluation-withholds-its-discharges-edge-until-a-person-promotes-it.md|docs/obligations/0230-comments-in-the-command-surface-crates-and-their-subsystem-spec-state-eight-stale-facts.md|docs/process/obligations/0224-thirteen-run-tooling-gaps-from-run-20260928-1109-filed-together.md|docs/process/obligations/0225-eight-run-tooling-gaps-from-run-20260929-1205-filed-together.md|docs/probe-results/campaign-of-2026-09-28-campaign-tier-present-arm-sufficiency.md|docs/probe-results/second-campaign-pilot-of-2026-09-28-campaign-tier-present-arm-sufficiency.md|docs/obligations/0205-hw-obl-0002-s-sample-counts-and-voice-rs-s-own-census-predate-the-scent-role-fix-and-need-retaking.md|docs/probe-results/campaign-of-2026-09-30-campaign-tier-present-arm-sufficiency.md|docs/probe-results/campaign-of-2026-09-30-campaign-tier-present-arm-discovery.md
9c1ed4ae-1e9a-4649-be38-3cec0134039e	silent	2026-10-03T01:44:24Z	19b6d2bc-015d-4b01-a550-ff6f9bb9896e.jsonl	30	sha256:0a3afac6c5ad574c01d076112d5beb4be463d846bd25b10f3a7cd560e480324c		docs/probe-runs/regression-probe-transcript-for-2026-09-17-after-the-probe-corrections.md|docs/spec/16-harness-support.md|docs/process/obligations/0209-a-build-order-dispatch-passes-no-isolation-so-a-stage-can-inherit-the-parent-worktree-as-its-working-directory.md|docs/obligations/0089-a-profile-names-its-rules-and-never-states-them.md|docs/process/obligations/0225-eight-run-tooling-gaps-from-run-20260929-1205-filed-together.md|docs/subsystems/authoring.md|docs/process/obligations/0224-thirteen-run-tooling-gaps-from-run-20260928-1109-filed-together.md|docs/probe-runs/regression-probe-transcript-for-2026-09-17.md|docs/process/obligations/0145-the-ci-job-named-advisory-carries-every-blocking-shell-suite-in-the-repository.md|docs/process/obligations/0212-ci-done-sh-reads-a-cancelled-run-of-another-branch-as-a-red-result-on-a-main-merge-commit.md
5986c1b4-9b7a-43fe-8b16-83b0f63c623f	silent	2026-09-27T09:23:44Z	b5554ef1-29fb-41ec-8ac7-4d043f9e3e0e.jsonl	7	sha256:2567a7eb16a3bf26ad5b0f4f529ce7089f27566d11807607e866e79f19678985		docs/obligations/0212-ci-done-sh-reads-a-cancelled-run-of-another-branch-as-a-red-result-on-a-main-merge-commit.md|docs/obligations/0011-nothing-has-been-promoted-out-of-the-synthesized-tier.md|docs/probe-runs/regression-probe-transcript-for-2026-09-17-after-the-probe-corrections.md|docs/how-to/cut-a-release.md|docs/obligations/0072-a-cache-of-check-results-does-not-make-a-run-proportional.md|docs/obligations/0207-the-plan-usage-of-one-issue-is-known-only-as-the-average-of-its-run.md|docs/process/decisions/0007-a-background-wait-caps-below-the-cache-lifetime-and-re-issues-itself.md|docs/obligations/0113-every-check-passes-a-document-that-is-still-the-scaffolder-s-placeholder.md|docs/decisions/0031-q31-whether-this-repository-becomes-public-and-when.md|docs/obligations/0096-whether-anything-is-ever-promoted-out-of-the-asserted-tier.md
72117e59-c86d-4681-aab7-2abc076a0fe5	silent	2026-10-02T09:57:33Z	e76bf2d4-45d1-4be4-b7a5-a53f65aea484.jsonl	8	sha256:bcc20cb930c4dacf91a7e3437c0e0105d47f9136282a19f860e32fd8716b67a2		docs/process/obligations/0212-ci-done-sh-reads-a-cancelled-run-of-another-branch-as-a-red-result-on-a-main-merge-commit.md|docs/obligations/0204-docs-decisions-0077-still-describes-hw-dr-0049-s-rewrite-as-pending-after-574-made-it.md|docs/process/decisions/0023-a-build-order-parent-restarts-every-few-merges-drains-to-zero-first-and-resumes-from-the-handover-files-on-disk.md|docs/process/decisions/0007-a-background-wait-caps-below-the-cache-lifetime-and-re-issues-itself.md|docs/probes/a-counted-tombstone-separates-a-withheld-answer-from-an-absent-answer.md|docs/obligations/0198-nothing-states-how-much-of-a-session-s-budget-the-standing-instructions-consume-before-work-starts.md|docs/probe-runs/regression-probe-transcript-for-2026-09-16.md|docs/probe-runs/regression-probe-transcript-for-2026-09-11.md|docs/decisions/0021-terminological-succession-and-validity-under-merge.md|docs/decisions/0041-q41-whether-vale-becomes-a-declared-regime-backend.md
2fe88d40-d903-4a5d-b8c8-58412665c984	silent	2026-09-24T00:45:39Z	e2a9988f-b810-4212-9221-6df09ed86845.jsonl	76	sha256:ce72d2b39f322061d7489ed07ce8ba972004eeb7242a62ef6df704543e066128		docs/obligations/0131-the-cli-crate-wires-every-verb-and-carries-no-tests-so-two-wiring-defects-passed-a-green-suite.md|docs/decisions/0052-a-document-is-proposed-at-the-state-it-will-hold-and-the-merge-activates-it.md|docs/obligations/0093-whether-a-harvesting-tier-owes-conformance-rules-of-its-own.md|docs/decisions/0034-q34-whether-acceptance-means-merged-to-main-and-what-an-agent-may-write-before-that.md|docs/interfaces/headwater-merge-driver.md|docs/obligations/0081-a-published-read-set-never-says-which-instances-must-run-again.md|docs/obligations/0020-whether-a-solution-corpus-vendors-each-source-export.md|docs/obligations/0163-ten-decision-records-claim-a-q-number-the-decision-register-does-not-carry.md|docs/obligations/0173-four-inline-gates-in-the-workflow-decide-an-exit-status-and-no-suite-provokes-one.md|docs/obligations/0135-repo-cleanup-names-one-cause-for-a-gone-upstream-and-this-repository-produced-a-second.md
d3664f66-a259-413c-92f9-71ea3a398304	silent	2026-10-02T10:51:05Z	fceea6f0-d151-49fc-830a-7ed8d60e826c.jsonl	14	sha256:2b58c3413b8b50937ebbb12385cbc88cbb662a0f604f4143730b7c59c9f07668		docs/obligations/0076-a-generated-check-reads-its-severity-from-the-taxonomy.md|docs/evaluations/external-evaluation-harnesses-and-benchmarks-for-the-probe-campaign.md|docs/requirements/0001-the-engine-reaches-no-network-at-check-time.md|docs/decisions/0019-inbound-integration-an-external-system-of-record.md|docs/probe-runs/status-probe-pilot-of-2026-09-29-campaign-tier-present-arm-sufficiency.md|docs/probes/the-pointer-this-corpus-offers-for-a-task-is-the-document-a-session-opens.md|docs/process/obligations/0225-eight-run-tooling-gaps-from-run-20260929-1205-filed-together.md|docs/obligations/0187-the-registered-deviation-edge-of-the-compliance-tradition-cannot-be-declared.md|docs/process/obligations/0203-three-small-run-tooling-gaps-from-run-20260922-1121-filed-together.md|docs/probes/a-session-answers-from-the-register-without-opening-the-question-it-replaced.md
44effdf1-7830-4504-aad2-e75907bd2caa	silent	2026-09-24T00:01:35Z	afc7b001-ab3d-520a-ac4a-e83f3ae7de9c.jsonl	2	sha256:c23fe35db7b2355f8dba437936602cb6260f91b4ddc9cc5e8cc3b5435ac0a874		docs/requirements/0001-the-engine-reaches-no-network-at-check-time.md|docs/acceptance-criteria/0001-no-source-file-of-the-engine-names-a-network-api-and-no-locked-dependency-provides-one.md|docs/probes/a-session-answers-from-the-register-without-opening-the-question-it-replaced.md|docs/spec/15-the-recorder-contract.md|docs/obligations/0030-the-provenance-block-belongs-to-the-engine-and-nothing-states.md|docs/probes/the-pointer-this-corpus-offers-for-a-task-is-the-document-a-session-opens.md|docs/obligations/0208-four-small-test-and-wording-gaps-from-run-20260923-0733-filed-together.md|docs/obligations/0069-a-suppressed-finding-leaves-its-obligation-verified-and-spec-4.md|docs/evaluations/inspect-evals-worked-example.md|docs/obligations/0100-the-size-of-a-committed-snapshot-with-full-requirement-text.md
cb86da6f-56d1-41bf-9180-f0ea018eea90	silent	2026-09-24T00:54:03Z	afc7b001-ab3d-520a-ac4a-e83f3ae7de9c.jsonl	10	sha256:4ab54be6377863679dbcd3254fe10b01a4a5e26e99148f233ada255cb55f97d8		docs/obligations/0072-a-cache-of-check-results-does-not-make-a-run-proportional.md|docs/obligations/0138-the-rest-of-the-editorial-pass-with-cli-src-main-rs-at-the-head-of-the-distribution.md|docs/interfaces/headwater-route.md|docs/spec/16-harness-support.md|docs/reviews/core-concepts-review-findings.md|docs/obligations/0136-seven-rustdoc-relative-links-in-comments-point-at-pages-the-doc-tree-does-not-have.md|docs/reviews/core-concepts-review-findings-2.md|docs/spec/06-engine-architecture.md|docs/obligations/0200-three-graded-regression-runs-are-owed-a-fresh-recording-against-a-moved-taxonomy-lock.md|docs/decisions/0021-terminological-succession-and-validity-under-merge.md
233bf340-f46a-4428-95b4-51e4af6d61c6	silent	2026-09-28T11:09:03Z	2ecbf66e-2300-43c9-8c42-35118b086214.jsonl	1	sha256:c0dbda48574e2704bf66f82edc9644c4225cabf3108a90a13062eacb77203a00		docs/evaluations/the-build-order-as-a-multi-agent-system.md|docs/obligations/0072-a-cache-of-check-results-does-not-make-a-run-proportional.md|docs/obligations/0220-no-disk-floor-is-stated-for-a-build-order-run-and-nothing-prunes-the-cargo-pool.md|docs/spec/17-orchestration-architecture.md|docs/obligations/0207-the-plan-usage-of-one-issue-is-known-only-as-the-average-of-its-run.md|docs/decisions/0061-q61-how-a-recorded-terminal-demonstration-is-held-against-a-run.md|docs/process/explanations/where-a-ci-job-runs.md|docs/reviews/core-concepts-review-findings-2.md|docs/process/decisions/0023-a-build-order-parent-restarts-every-few-merges-drains-to-zero-first-and-resumes-from-the-handover-files-on-disk.md|docs/reviews/the-sixty-four-restored-help-strings-checked-against-the-binary.md
48789962-e9fe-4468-93ff-071a877d6cc5	silent	2026-09-28T00:31:23Z	e67f450b-e458-4619-8931-cecfbe1fb28e.jsonl	1	sha256:9952df3bbd706fc5b982dbd13f45db913fb66f468d2a857d712bf1ec65298f43		docs/taxonomies/design-spec/doctrine.md|docs/evaluations/theoretical-foundations.md|docs/spec/02-taxonomy-model.md|docs/spec/09-decisions.md|docs/evaluations/adjacent-work.md|docs/reviews/core-concepts-review-findings.md|docs/decisions/0044-q44-whether-bundles-decompose-into-capabilities-and-assemblies-compose-practices.md|docs/spec/00-vision-and-scope.md|docs/evaluations/specifying-the-engine.md|docs/reviews/core-concepts-review-prompt.md
0cc7c086-9900-433c-991d-f0b7d84004d5	silent	2026-09-29T05:50:11Z	2ecbf66e-2300-43c9-8c42-35118b086214.jsonl	10	sha256:92e92cd4ab84a99df6666283ac1f496450bdde23f910033060762f407d237c57		docs/obligations/0011-nothing-has-been-promoted-out-of-the-synthesized-tier.md|docs/obligations/0212-ci-done-sh-reads-a-cancelled-run-of-another-branch-as-a-red-result-on-a-main-merge-commit.md|docs/obligations/0207-the-plan-usage-of-one-issue-is-known-only-as-the-average-of-its-run.md|docs/probe-results/campaign-of-2026-09-28-documentation-tier-absent-arm-sufficiency.md|docs/probe-results/campaign-pilot-of-2026-09-28-campaign-tier-present-arm-discovery.md|docs/probe-results/campaign-pilot-of-2026-09-28-documentation-tier-absent-arm-sufficiency.md|docs/probe-results/campaign-pilot-of-2026-09-28-campaign-tier-absent-arm-discovery.md|docs/obligations/0072-a-cache-of-check-results-does-not-make-a-run-proportional.md|docs/probe-results/second-campaign-pilot-of-2026-09-28-campaign-tier-present-arm-discovery.md|docs/probe-results/campaign-pilot-of-2026-09-28-campaign-tier-present-arm-sufficiency.md
26753c75-1cd5-4a06-9ff8-db434f221ab2	silent	2026-09-28T20:25:48Z	2ecbf66e-2300-43c9-8c42-35118b086214.jsonl	3	sha256:4677d50b929122012e73baac0069b0068a6d09147e4e6d7c85d83a89b88a5c2e		docs/obligations/0212-ci-done-sh-reads-a-cancelled-run-of-another-branch-as-a-red-result-on-a-main-merge-commit.md|docs/obligations/0011-nothing-has-been-promoted-out-of-the-synthesized-tier.md|docs/how-to/cut-a-release.md|docs/probe-runs/regression-probe-transcript-for-2026-09-17-after-the-probe-corrections.md|docs/obligations/0113-every-check-passes-a-document-that-is-still-the-scaffolder-s-placeholder.md|docs/process/decisions/0007-a-background-wait-caps-below-the-cache-lifetime-and-re-issues-itself.md|docs/obligations/0072-a-cache-of-check-results-does-not-make-a-run-proportional.md|docs/obligations/0204-docs-decisions-0077-still-describes-hw-dr-0049-s-rewrite-as-pending-after-574-made-it.md|docs/decisions/0097-a-figure-on-a-hand-built-page-is-measured-when-the-site-is-published-and-the-committed-page-carries-none.md|docs/obligations/0207-the-plan-usage-of-one-issue-is-known-only-as-the-average-of-its-run.md
b4fd1db1-b265-468b-9afe-70ee52e83c3c	silent	2026-09-26T13:34:35Z	ee0f0553-b96b-4aa7-9071-7fab349c0c0c.jsonl	2	sha256:ddfcf27ba50b7b2695faa35f9380557ab95aab43d867d5421de32f3c3670f322		docs/obligations/0069-a-suppressed-finding-leaves-its-obligation-verified-and-spec-4.md|docs/decisions/0063-every-required-facet-of-a-generated-document-is-derived-and-the-emitter-composes-the-summary.md|docs/obligations/0098-whether-a-withheld-anchor-needs-a-class-beside-its-count.md|docs/evaluations/language-choice.md|docs/obligations/0059-kind-resolution-declares-a-fourth-step-that-no-syntax-supports.md|docs/evaluations/the-pointer-probe-grades-a-session-against-the-router-s-own-first-pick-so-a-correct-session-that-declines-a-wrong-pointer-fails.md|docs/decisions/0041-q41-whether-vale-becomes-a-declared-regime-backend.md|docs/obligations/0061-an-anchor-resolver-normalizes-and-nothing-states-how.md|docs/obligations/0097-whether-the-four-modes-of-di-taxis-are-the-kind-set.md|docs/obligations/0054-the-templates-and-the-fixtures-of-the-first-library-entry.md
183ca890-7cce-49b9-8955-f2b66ef63bf4	silent	2026-09-27T12:41:57Z	b5554ef1-29fb-41ec-8ac7-4d043f9e3e0e.jsonl	17	sha256:0c1dbe4e0ae7e4e47601f40ab2a31442a4584c42d33e0dfac9241bf3833642d9		docs/process/decisions/0008-the-board-has-an-owner-of-its-structure-and-its-milestones-are-capped-versions.md|docs/reviews/core-concepts-review-findings.md|docs/evaluations/adjacent-work.md|docs/spec/06-engine-architecture.md|docs/obligations/0072-a-cache-of-check-results-does-not-make-a-run-proportional.md|docs/evaluations/schema-format-walkthrough.md|docs/evaluations/language-choice.md|docs/process/decisions/0003-a-dispatch-pays-when-it-retires-more-parent-turns-than-it-costs.md|docs/obligations/0221-subagents-read-skills-from-the-shared-checkout-and-a-worktree-isolated-integrator-cannot-fast-forward-it-after-a-merge.md|docs/obligations/0207-the-plan-usage-of-one-issue-is-known-only-as-the-average-of-its-run.md
8f97461d-b3f6-4400-9d3f-4c0d7d0cc66e	silent	2026-09-28T05:16:59Z	b5554ef1-29fb-41ec-8ac7-4d043f9e3e0e.jsonl	55	sha256:c80edaff123826651925c1fc997d8418d17d8ce3d5bf5b5e322a2755693f087f		docs/decisions/0034-q34-whether-acceptance-means-merged-to-main-and-what-an-agent-may-write-before-that.md|docs/obligations/0193-admission-criterion-5-has-no-reading-for-an-entry-that-serves-neither-core-purpose.md|docs/process/decisions/0020-merges-go-through-the-github-merge-queue-one-squash-commit-per-pull-request.md|docs/obligations/0047-the-scope-of-a-sub-document-identifier.md|docs/obligations/0049-the-meta-schema-closes-eight-value-sets-that-nothing-states.md|docs/tutorials/your-first-governed-corpus.md|docs/how-to/diagnose-an-isolation-failure.md|docs/decisions/0015-a-synthesized-content-tier.md|docs/obligations/0167-the-default-branch-requires-no-approving-review-which-is-the-condition-hw-dr-0034-named-as-reopening-it.md|docs/obligations/0081-a-published-read-set-never-says-which-instances-must-run-again.md
960f7b18-5eef-4075-81a3-ebf87d42f2a1	silent	2026-10-03T00:42:47Z	19b6d2bc-015d-4b01-a550-ff6f9bb9896e.jsonl	20	sha256:5878dff57e80ad38c10fa7cac6e909c2e694242ef097debcd8a38a2d9daa1455		docs/interfaces/headwater-help.md|docs/decisions/0061-q61-how-a-recorded-terminal-demonstration-is-held-against-a-run.md|docs/process/decisions/0011-crates-publish-in-one-fixed-order-that-a-test-holds-and-a-rerun-continues-where-the-last-run-stopped.md|docs/obligations/0191-an-unknown-discriminator-value-removes-a-document-from-every-check-and-no-gate-reports-it.md|docs/probes/a-session-names-the-status-a-settled-decision-carries-in-its-pull-request.md|docs/decisions/0052-a-document-is-proposed-at-the-state-it-will-hold-and-the-merge-activates-it.md|docs/verifications/0004-the-ingest-stubs-of-the-query-fixture-tree-prove-what-governs-a-path.md|docs/obligations/0113-every-check-passes-a-document-that-is-still-the-scaffolder-s-placeholder.md|docs/obligations/0226-six-corpus-gaps-from-run-20260929-1205-filed-together.md|docs/process/obligations/0227-seven-run-tooling-gaps-from-run-20260929-2201-filed-together.md
9f35561f-4378-442e-813a-1a9a1ae11973	silent	2026-09-27T02:48:42Z	ee0f0553-b96b-4aa7-9071-7fab349c0c0c.jsonl	7	sha256:e0a7f7ed5b51d572ac17c5313f61d00081c319be33522cf0573cfbaa4065efe5		docs/spec/17-orchestration-architecture.md|docs/obligations/0204-docs-decisions-0077-still-describes-hw-dr-0049-s-rewrite-as-pending-after-574-made-it.md|docs/decisions/0052-a-document-is-proposed-at-the-state-it-will-hold-and-the-merge-activates-it.md|docs/probes/an-agent-reaches-the-adjudication-from-the-document-that-lost-it.md|docs/obligations/0014-no-probe-tests-whether-an-agent-reaches-the-adjudication-from.md|docs/obligations/0212-ci-done-sh-reads-a-cancelled-run-of-another-branch-as-a-red-result-on-a-main-merge-commit.md|docs/decisions/0021-terminological-succession-and-validity-under-merge.md|docs/obligations/0087-fixable-has-two-readings-inside-one-engine.md|docs/interfaces/headwater-check.md|docs/evaluations/a-probe-task-section-is-the-prompt-so-commentary-under-that-heading-is-prompt.md
8ca3624f-24e0-47cc-8753-af36ae1d6948	silent	2026-09-28T06:36:57Z	94bce3bc-e351-4c4e-994b-4af053609952.jsonl	1	sha256:df45914efdd05e64763b5b24a1d9f5eca3e1c5869e4c649c0774df79020b2de1		docs/obligations/0207-the-plan-usage-of-one-issue-is-known-only-as-the-average-of-its-run.md|docs/reviews/core-concepts-review-findings-2.md|docs/reviews/core-concepts-review-findings.md|docs/decisions/0091-the-runner-image-of-the-engine-release-build-is-written-in-the-workflow-because-it-sets-the-glibc-floor.md|docs/probe-runs/regression-probe-transcript-for-2026-09-17-after-the-probe-corrections.md|docs/obligations/0220-no-disk-floor-is-stated-for-a-build-order-run-and-nothing-prunes-the-cargo-pool.md|docs/obligations/0072-a-cache-of-check-results-does-not-make-a-run-proportional.md|docs/obligations/0026-the-operational-shape-of-a-hosted-server-is-unstated.md|docs/evaluations/the-pointer-probe-grades-a-session-against-the-router-s-own-first-pick-so-a-correct-session-that-declines-a-wrong-pointer-fails.md|docs/evaluations/specifying-the-engine.md
a7e8d41e-bf7a-45d9-8859-3ddb18fe6819	silent	2026-10-02T02:24:34Z	3f33c00e-e7c1-58c3-a5d7-1a3fac2f271f.jsonl	7	sha256:88e580f8fe5780d5d2728d520c10d2c780478d20e9a9a66e2f088d0ca99c1a5d		docs/process/evaluations/one-clone-many-agents-how-this-repository-isolates-the-sessions-that-build-it.md|docs/obligations/0125-nine-documents-state-a-warrant-outside-the-closed-set-and-only-a-person-can-set-the-value.md|docs/how-to/diagnose-an-isolation-failure.md|docs/obligations/0069-a-suppressed-finding-leaves-its-obligation-verified-and-spec-4.md|docs/decisions/0015-a-synthesized-content-tier.md|docs/decisions/0054-the-upper-bound-of-a-reconcile-first-allocator-is-the-corpus-and-a-claim-store.md|docs/obligations/0050-a-relation-that-declares-no-cardinality-has-no-stated-default.md|docs/obligations/0121-three-conformance-rules-name-an-attestation-that-no-record-format-exists-for.md|docs/obligations/0143-a-specification-sentence-closes-a-set-with-a-count-the-source-exceeds-and-115-of-127-candidates-are-unchecked.md|docs/evaluations/schema-format-walkthrough.md
6b939fa6-42f8-4bcf-b120-cdf12707fafa	silent	2026-09-27T03:47:39Z	ee0f0553-b96b-4aa7-9071-7fab349c0c0c.jsonl	8	sha256:371ec032ee98af995a21c8725c0f1ecef8b38bde72d23985fb6669df722cb09c		docs/how-to/cut-a-release.md|docs/obligations/0205-hw-obl-0002-s-sample-counts-and-voice-rs-s-own-census-predate-the-scent-role-fix-and-need-retaking.md|docs/obligations/0152-ledger-render-in-adoption-rs-has-the-same-zero-count-defect-suppression-rs-had-before-pr-450-still-latent.md|docs/probe-runs/regression-probe-transcript-for-2026-09-17.md|docs/obligations/0001-the-promotion-fix-has-no-reading-of-the-assisted-fraction.md|docs/obligations/0072-a-cache-of-check-results-does-not-make-a-run-proportional.md|docs/spec/glossary.md|docs/decisions/0011-license-and-distribution-posture.md|docs/obligations/0204-docs-decisions-0077-still-describes-hw-dr-0049-s-rewrite-as-pending-after-574-made-it.md|docs/obligations/0068-the-promotion-record-has-three-members-and-no-unit-scale.md
e70c582d-db54-43b6-be08-74b5c6ed71f4	silent	2026-09-25T12:26:57Z	61af10ed-d5ef-46c3-933f-a1db3c8ebe01.jsonl	1	sha256:0c1cf7468c0cb52be1cb327e6971a99a2c6438eda24bfc500e0b4094ea594e47		docs/obligations/0009-the-shape-origin-finding-rate-is-already-zero.md|docs/obligations/0019-whether-any-corpus-needs-a-second-export-profile.md|docs/probe-runs/regression-probe-transcript-for-2026-09-17-after-the-probe-corrections.md|docs/evaluations/theoretical-foundations.md|docs/decisions/0078-a-recorded-terminal-demonstration-may-show-a-frozen-number-behind-a-recorded-on-date-marker.md|docs/obligations/0015-imported-edge-staleness-is-unmeasured-against-scaffolded-edges.md|docs/evaluations/schema-format-walkthrough.md|docs/evaluations/language-choice.md|docs/obligations/0102-two-documents-state-what-voids-a-verdict-and-they-do-not.md|docs/reviews/core-concepts-review-findings.md
8332c05e-0e43-485c-adca-d1e562f3c2cd	silent	2026-09-27T20:17:10Z	b5554ef1-29fb-41ec-8ac7-4d043f9e3e0e.jsonl	21	sha256:4677d50b929122012e73baac0069b0068a6d09147e4e6d7c85d83a89b88a5c2e		docs/obligations/0212-ci-done-sh-reads-a-cancelled-run-of-another-branch-as-a-red-result-on-a-main-merge-commit.md|docs/obligations/0011-nothing-has-been-promoted-out-of-the-synthesized-tier.md|docs/how-to/cut-a-release.md|docs/probe-runs/regression-probe-transcript-for-2026-09-17-after-the-probe-corrections.md|docs/obligations/0113-every-check-passes-a-document-that-is-still-the-scaffolder-s-placeholder.md|docs/process/decisions/0007-a-background-wait-caps-below-the-cache-lifetime-and-re-issues-itself.md|docs/obligations/0072-a-cache-of-check-results-does-not-make-a-run-proportional.md|docs/obligations/0204-docs-decisions-0077-still-describes-hw-dr-0049-s-rewrite-as-pending-after-574-made-it.md|docs/obligations/0207-the-plan-usage-of-one-issue-is-known-only-as-the-average-of-its-run.md|docs/probe-results/regression-probe-transcript-for-2026-09-17-after-the-probe-corrections.md
8b1a45da-d6b0-4789-ac52-56ab32a62512	silent	2026-09-27T22:31:45Z	b5554ef1-29fb-41ec-8ac7-4d043f9e3e0e.jsonl	27	sha256:be14a55ba781d2a40792147739763c7df4313e7b07df2870e3489b87614f438e		docs/obligations/0159-a-sentence-that-opens-with-a-hash-and-an-issue-number-is-folded-into-the-sentence-before-it.md|docs/evaluations/the-pointer-probe-grades-a-session-against-the-router-s-own-first-pick-so-a-correct-session-that-declines-a-wrong-pointer-fails.md|docs/obligations/0143-a-specification-sentence-closes-a-set-with-a-count-the-source-exceeds-and-115-of-127-candidates-are-unchecked.md|docs/reviews/the-sixty-four-restored-help-strings-checked-against-the-binary.md|docs/obligations/0138-the-rest-of-the-editorial-pass-with-cli-src-main-rs-at-the-head-of-the-distribution.md|docs/obligations/0201-no-coverage-or-mutation-measurement-has-ever-been-taken-over-the-engine-s-test-suite.md|docs/obligations/0108-an-agent-writes-the-acceptance-stamp-of-every-document-in-this-corpus.md|docs/obligations/0134-the-comment-prose-defines-by-contrast-979-times-in-179-000-words-and-no-mechanism-here-performs-an-editorial-pass.md|docs/obligations/0049-the-meta-schema-closes-eight-value-sets-that-nothing-states.md|docs/decisions/0092-the-citation-comment-of-spec-5-is-for-an-adopter-s-corpus-and-this-repository-does-not-practice-it-on-its-own-code.md
cfffb72e-6155-4c43-ae8b-f0fe632b118a	silent	2026-09-22T09:46:20Z	246fd5c4-b822-42e4-b1e6-56f4019f2568.jsonl	1	sha256:71e87e44f43073b955be3b5ffef53c7048db694781b304e89f7cb19b8f635611		docs/reviews/the-sixty-four-restored-help-strings-checked-against-the-binary.md|docs/decisions/0063-every-required-facet-of-a-generated-document-is-derived-and-the-emitter-composes-the-summary.md|docs/evaluations/adjacent-work.md|docs/spec/06-engine-architecture.md|docs/evaluations/language-choice.md|docs/evaluations/n8n-worked-example.md|docs/obligations/0193-admission-criterion-5-has-no-reading-for-an-entry-that-serves-neither-core-purpose.md|docs/probes/an-agent-reaches-the-adjudication-from-the-document-that-lost-it.md|docs/obligations/0093-whether-a-harvesting-tier-owes-conformance-rules-of-its-own.md|docs/obligations/0090-one-rule-carries-four-sub-rules-and-a-suppression.md
27a47a29-4e8c-44e9-b0aa-318b7947460b	silent	2026-09-23T07:32:20Z	e2a9988f-b810-4212-9221-6df09ed86845.jsonl	1	sha256:1256cfa762eadc8f571c108c7f09ca4916f24874a2b48f3ef33a7d39adecd4ed		docs/obligations/0072-a-cache-of-check-results-does-not-make-a-run-proportional.md|docs/evaluations/the-build-order-as-a-multi-agent-system.md|docs/decisions/0061-q61-how-a-recorded-terminal-demonstration-is-held-against-a-run.md|docs/process/decisions/0006-the-entrypoint-keeps-its-name-and-becomes-a-resumable-run.md|docs/spec/17-orchestration-architecture.md|docs/reviews/core-concepts-review-findings-2.md|docs/evaluations/two-triggers-one-verdict-how-this-repository-s-ci-decides-where-a-job-runs-and-what-it-trusts.md|docs/obligations/0175-two-documents-take-one-sequence-on-a-sequence-declaring-shelf-and-no-rule-reads-it.md|docs/obligations/0181-an-unresolved-prose-link-reaches-a-run-as-a-graph-fact-and-no-rule-turns-it-into-a-finding.md|docs/spec/16-harness-support.md
92160c80-b41a-4acb-98d8-222aab1c574c	silent	2026-10-02T08:03:07Z	1f8ffc5b-6498-4c89-ac19-72928092f21b.jsonl	8	sha256:c2541a0e4046a1c284eddbd873016929a968213ae3a1b8d25f47f1993e9cc75a		docs/interfaces/headwater-mcp.md|docs/process/obligations/0213-ci-builds-no-mkdocs-site-so-a-generated-page-under-docs-is-never-checked-against-a-strict-build-before-merge.md|docs/decisions/0102-an-editor-integration-starts-headwater-mcp-for-each-query-and-does-not-embed-the-library.md|docs/acceptance-criteria/0001-no-engine-source-outside-the-fetch-crate-names-a-network-api-and-no-crate-of-the-checking-loop-reaches-a-network-package.md|docs/decisions/0016-public-presence.md|docs/process/obligations/0203-three-small-run-tooling-gaps-from-run-20260922-1121-filed-together.md|docs/obligations/0115-a-pinned-digest-authenticates-the-pin-and-never-the-publisher.md|docs/requirements/0001-the-engine-reaches-no-network-at-check-time.md|docs/process/decisions/0016-ci-runner-is-an-opt-in-that-only-a-push-or-a-merge-group-reads-and-an-unset-value-falls-back-to-ubuntu-latest.md|docs/process/obligations/0231-five-run-tooling-gaps-from-run-20261001-1107-filed-together.md
2a76a868-50e7-4df8-976d-1d859562d69d	silent	2026-09-27T12:29:16Z	b5554ef1-29fb-41ec-8ac7-4d043f9e3e0e.jsonl	16	sha256:28c2f4114b404dffaf5dc5395c549427b0dd23ed1b8a26e9a9d33a6e68d4bc7f		docs/evaluations/schema-format-walkthrough.md|docs/reviews/core-concepts-review-findings.md|docs/how-to/diagnose-an-isolation-failure.md|docs/evaluations/inspect-evals-worked-example.md|docs/reviews/core-concepts-review-findings-2.md|docs/spec/08-design-departures.md|docs/decisions/0063-every-required-facet-of-a-generated-document-is-derived-and-the-emitter-composes-the-summary.md|docs/reviews/core-concepts-findings-assessment.md|docs/spec/13-open-obligations.md|docs/evaluations/the-three-discovery-misses-of-2026-09-16-have-three-different-mechanisms-and-only-one-is-routing-precision.md
922f0fc0-8d20-44bf-b991-eba6522a73fc	silent	2026-10-01T12:06:43Z	50652494-9d42-402c-89b8-27a43100f4bd.jsonl	2	sha256:553a2af62f254fa26a930d0eb4c1c2c18045e7d81a641339a33f1526a35e9784		docs/interfaces/headwater-completions.md|docs/decisions/0052-a-document-is-proposed-at-the-state-it-will-hold-and-the-merge-activates-it.md|docs/process/obligations/0207-the-plan-usage-of-one-issue-is-known-only-as-the-average-of-its-run.md|docs/obligations/0018-the-bundle-set-is-a-guess-about-how-adopters-cluster.md|docs/process/obligations/0212-ci-done-sh-reads-a-cancelled-run-of-another-branch-as-a-red-result-on-a-main-merge-commit.md|docs/spec/13-open-obligations.md|docs/obligations/0182-the-publish-crates-retry-loop-has-no-retry-ceiling.md|docs/decisions/0034-q34-whether-acceptance-means-merged-to-main-and-what-an-agent-may-write-before-that.md|docs/obligations/0008-an-adoption-payload-has-a-first-reading-and-no-elapsed-time.md|docs/process/decisions/0020-merges-go-through-the-github-merge-queue-one-squash-commit-per-pull-request.md
06321be0-9ffb-424a-b697-fcb84902ce5b	silent	2026-10-02T08:03:23Z	27932fca-1984-48f7-adfa-897fb3daf4cb.jsonl	9	sha256:389f6219ea277025835469d6c236c4d9becdcf9185a885ea50562b364b490504		docs/interfaces/headwater-mcp.md|docs/process/obligations/0213-ci-builds-no-mkdocs-site-so-a-generated-page-under-docs-is-never-checked-against-a-strict-build-before-merge.md|docs/decisions/0102-an-editor-integration-starts-headwater-mcp-for-each-query-and-does-not-embed-the-library.md|docs/acceptance-criteria/0001-no-engine-source-outside-the-fetch-crate-names-a-network-api-and-no-crate-of-the-checking-loop-reaches-a-network-package.md|docs/decisions/0016-public-presence.md|docs/process/obligations/0203-three-small-run-tooling-gaps-from-run-20260922-1121-filed-together.md|docs/obligations/0115-a-pinned-digest-authenticates-the-pin-and-never-the-publisher.md|docs/requirements/0001-the-engine-reaches-no-network-at-check-time.md|docs/process/decisions/0016-ci-runner-is-an-opt-in-that-only-a-push-or-a-merge-group-reads-and-an-unset-value-falls-back-to-ubuntu-latest.md|docs/process/obligations/0231-five-run-tooling-gaps-from-run-20261001-1107-filed-together.md
d98feed8-2032-4d52-a8e1-10e310c05849	silent	2026-09-28T10:17:45Z	94bce3bc-e351-4c4e-994b-4af053609952.jsonl	9	sha256:3132c0009e2e8cceab6308f7b1ae11011d1d22007acc1bc25645de084fe81267		docs/process/decisions/0017-ci-concurrency-is-per-ref-and-every-ref-but-main-cancels-a-superseded-run.md|docs/process/decisions/0020-merges-go-through-the-github-merge-queue-one-squash-commit-per-pull-request.md|docs/obligations/0216-two-merge-hooks-of-this-repository-print-a-resolve-flag-that-the-verb-refuses.md|docs/obligations/0212-ci-done-sh-reads-a-cancelled-run-of-another-branch-as-a-red-result-on-a-main-merge-commit.md|docs/evaluations/why-corpus-counts-are-derived-not-stored.md|docs/decisions/0052-a-document-is-proposed-at-the-state-it-will-hold-and-the-merge-activates-it.md|docs/obligations/0204-docs-decisions-0077-still-describes-hw-dr-0049-s-rewrite-as-pending-after-574-made-it.md|docs/obligations/0017-publishing-the-read-set-skips-a-re-run-on-two-of-the-eighteen.md|docs/how-to/diagnose-an-isolation-failure.md|docs/process/decisions/0023-a-build-order-parent-restarts-every-few-merges-drains-to-zero-first-and-resumes-from-the-handover-files-on-disk.md
cf7c7b5a-2d5d-4ada-8283-d2de396a895b	silent	2026-10-02T12:40:50Z	19b6d2bc-015d-4b01-a550-ff6f9bb9896e.jsonl	10	sha256:1eb98ba117fef7498a983ecfbdb2d1a3b1910fd875d301e801da12dbecf8b6a1		docs/obligations/0072-a-cache-of-check-results-does-not-make-a-run-proportional.md|docs/process/decisions/0017-ci-concurrency-is-per-ref-and-every-ref-but-main-cancels-a-superseded-run.md|docs/obligations/0157-the-capture-report-says-two-denominators-over-a-store-that-named-seventeen-taxonomies.md|docs/obligations/0103-the-front-matter-half-of-a-patch-has-no-writer.md|docs/reviews/core-concepts-review-findings.md|docs/probes/a-session-answers-from-the-register-without-opening-the-question-it-replaced.md|docs/obligations/0112-a-surface-cannot-move-the-assisted-fraction-of-a-run.md|docs/process/obligations/0212-ci-done-sh-reads-a-cancelled-run-of-another-branch-as-a-red-result-on-a-main-merge-commit.md|docs/process/decisions/0020-merges-go-through-the-github-merge-queue-one-squash-commit-per-pull-request.md|docs/obligations/0161-the-validation-block-of-mkdocs-yml-is-a-gate-this-repository-owns-and-no-fixture-drives.md
21d103ae-76b2-4acd-af44-449e1485cdea	silent	2026-09-29T01:52:10Z	12088695-1644-42f5-8684-1f69d1e3c5a4.jsonl	4	sha256:e7fb683b519b9ebfed3db0a03fd08eb612d308168321915abea025786fa4a998		docs/how-to/diagnose-an-isolation-failure.md|docs/obligations/0049-the-meta-schema-closes-eight-value-sets-that-nothing-states.md|docs/decisions/0063-every-required-facet-of-a-generated-document-is-derived-and-the-emitter-composes-the-summary.md|docs/obligations/0157-the-capture-report-says-two-denominators-over-a-store-that-named-seventeen-taxonomies.md|docs/obligations/0093-whether-a-harvesting-tier-owes-conformance-rules-of-its-own.md|docs/obligations/0216-two-merge-hooks-of-this-repository-print-a-resolve-flag-that-the-verb-refuses.md|docs/obligations/0143-a-specification-sentence-closes-a-set-with-a-count-the-source-exceeds-and-115-of-127-candidates-are-unchecked.md|docs/obligations/0098-whether-a-withheld-anchor-needs-a-class-beside-its-count.md|docs/decisions/0090-each-release-states-in-its-notes-the-release-digest-that-a-consumer-pins.md|docs/obligations/0092-how-a-probe-reaches-a-harvesting-tier-and-what-a-transcript.md
fee322d1-be51-4c8f-99ad-094fe7eae923	silent	2026-09-24T07:12:36Z	57161408-dec9-4ef1-bab2-7289a3dcd248.jsonl	48	sha256:1bcff026a3c7e523c59cb98a3e8eae8d051f19ea24b4c060e9c619ee72ec7e37		docs/obligations/0011-nothing-has-been-promoted-out-of-the-synthesized-tier.md|docs/obligations/0085-headwater-init-cannot-reach-a-package-that-is-not-already.md|docs/interfaces/headwater-help.md|docs/decisions/0031-q31-whether-this-repository-becomes-public-and-when.md|docs/obligations/0130-the-publication-date-of-this-repository-is-unset-and-the-owner-alone-sets-it.md|docs/obligations/0096-whether-anything-is-ever-promoted-out-of-the-asserted-tier.md|docs/probes/an-agent-reaches-the-adjudication-from-the-document-that-lost-it.md|docs/obligations/0144-the-cache-identity-test-reads-the-live-working-tree-so-an-edit-during-the-run-reports-the-correctness-root-as-violated.md|docs/decisions/0078-a-recorded-terminal-demonstration-may-show-a-frozen-number-behind-a-recorded-on-date-marker.md|docs/decisions/0030-q30-whether-what-an-obligation-waits-on-is-a-state-or-a-property-and-how-many-values-it-takes.md
49702949-98f3-4611-a859-a12c00881f13	silent	2026-09-22T21:45:54Z	da1f4143-c68e-4fed-9206-5622636376d5.jsonl	1	sha256:d61fc23eb5fbd2fbde2b6a07b2d002e680c5a4c96cdba36832cf59aade056bcd		docs/obligations/0101-whether-the-read-set-of-a-real-corpus-is-small-enough.md|docs/decisions/0031-q31-whether-this-repository-becomes-public-and-when.md|docs/obligations/0009-the-shape-origin-finding-rate-is-already-zero.md|docs/decisions/0080-q66-the-corpus-dashboard-ships-free-and-self-hosted-with-tenant-isolation-stated-as-a-data-model-constraint-from-day-one.md|docs/obligations/0112-a-surface-cannot-move-the-assisted-fraction-of-a-run.md|docs/obligations/0157-the-capture-report-says-two-denominators-over-a-store-that-named-seventeen-taxonomies.md|docs/process/decisions/0005-the-ledger-is-split-its-tabular-parts-are-jsonl-and-its-totals-are-derived.md|docs/probes/the-pointer-this-corpus-offers-for-a-task-is-the-document-a-session-opens.md|docs/evaluations/graph-export-and-federation.md|docs/decisions/0078-a-recorded-terminal-demonstration-may-show-a-frozen-number-behind-a-recorded-on-date-marker.md
74f802bf-1ea4-40cf-a52e-a33bd34ba92e	silent	2026-09-28T23:43:09Z	2ecbf66e-2300-43c9-8c42-35118b086214.jsonl	4	sha256:92e92cd4ab84a99df6666283ac1f496450bdde23f910033060762f407d237c57		docs/obligations/0011-nothing-has-been-promoted-out-of-the-synthesized-tier.md|docs/obligations/0212-ci-done-sh-reads-a-cancelled-run-of-another-branch-as-a-red-result-on-a-main-merge-commit.md|docs/obligations/0207-the-plan-usage-of-one-issue-is-known-only-as-the-average-of-its-run.md|docs/probe-results/campaign-of-2026-09-28-documentation-tier-absent-arm-sufficiency.md|docs/probe-results/campaign-pilot-of-2026-09-28-campaign-tier-present-arm-discovery.md|docs/probe-results/campaign-pilot-of-2026-09-28-documentation-tier-absent-arm-sufficiency.md|docs/probe-results/campaign-pilot-of-2026-09-28-campaign-tier-absent-arm-discovery.md|docs/obligations/0072-a-cache-of-check-results-does-not-make-a-run-proportional.md|docs/probe-results/second-campaign-pilot-of-2026-09-28-campaign-tier-present-arm-discovery.md|docs/probe-results/campaign-pilot-of-2026-09-28-campaign-tier-present-arm-sufficiency.md
4fac2886-577e-449f-9eb6-2683cb8e2ee5	silent	2026-09-27T23:33:04Z	b5554ef1-29fb-41ec-8ac7-4d043f9e3e0e.jsonl	38	sha256:6f44a3353e5e6400f0414ab52b9e6cdcc02fc367b21a950e7f55f10ea13e2ff6		docs/process/decisions/0007-a-background-wait-caps-below-the-cache-lifetime-and-re-issues-itself.md|docs/decisions/0061-q61-how-a-recorded-terminal-demonstration-is-held-against-a-run.md|docs/obligations/0021-emitters-3-through-6-have-no-named-consumer.md|docs/reviews/the-sixty-four-restored-help-strings-checked-against-the-binary.md|docs/obligations/0146-the-stop-hook-reads-its-re-entry-guard-with-an-interpreter-it-does-not-require-so-a-machine-with-no-python3-re-blocks-the-same-turn.md|docs/obligations/0028-a-run-cannot-report-the-corpus-tree-because-nothing-computes.md|docs/obligations/0182-the-publish-crates-retry-loop-has-no-retry-ceiling.md|docs/obligations/0212-ci-done-sh-reads-a-cancelled-run-of-another-branch-as-a-red-result-on-a-main-merge-commit.md|docs/obligations/0037-the-register-is-not-a-projection-of-the-lock-alone-so-generate.md|docs/decisions/0030-q30-whether-what-an-obligation-waits-on-is-a-state-or-a-property-and-how-many-values-it-takes.md
fdc2229e-887a-4b09-84e9-efe99ac2e569	silent	2026-10-02T03:02:26Z	3f33c00e-e7c1-58c3-a5d7-1a3fac2f271f.jsonl	9	sha256:d1aedb883513f69e1eb0e7cb51ab78b0f1dced0fcb0f9c0b0c61bd713d66f03a		docs/process/obligations/0217-the-site-review-marker-lives-in-the-common-directory-of-a-clone-so-one-worktree-s-unreviewed-merge-blocks-the-push-of-every-worktree.md|docs/decisions/0080-q66-the-corpus-dashboard-ships-free-and-self-hosted-with-tenant-isolation-stated-as-a-data-model-constraint-from-day-one.md|docs/how-to/cut-a-release.md|docs/interfaces/headwater-site.md|docs/decisions/0031-q31-whether-this-repository-becomes-public-and-when.md|docs/taxonomies/diataxis-site/doctrine.md|docs/interfaces/headwater-taxonomy.md|docs/obligations/0222-ten-rules-of-the-editions-ledger-have-one-recorded-corpus-so-a-rule-change-blessed-with-an-edit-to-that-corpus-passes.md|docs/decisions/0011-license-and-distribution-posture.md|docs/obligations/0096-whether-anything-is-ever-promoted-out-of-the-asserted-tier.md
6cec30c2-eb3c-4e06-98b3-268326f8d732	silent	2026-09-26T07:17:54Z	9e244fee-79d9-451d-915c-e1f4c8846a32.jsonl	1	sha256:782caa2af7cec853b916a41b016b446f677995b071d22c55e0f801b1db97f0b8		docs/obligations/0072-a-cache-of-check-results-does-not-make-a-run-proportional.md|docs/obligations/0209-a-build-order-dispatch-passes-no-isolation-so-a-stage-can-inherit-the-parent-worktree-as-its-working-directory.md|docs/evaluations/the-build-order-as-a-multi-agent-system.md|docs/process/decisions/0006-the-entrypoint-keeps-its-name-and-becomes-a-resumable-run.md|docs/reviews/core-concepts-review-findings-2.md|docs/spec/17-orchestration-architecture.md|docs/obligations/0175-two-documents-take-one-sequence-on-a-sequence-declaring-shelf-and-no-rule-reads-it.md|docs/decisions/0061-q61-how-a-recorded-terminal-demonstration-is-held-against-a-run.md|docs/spec/16-harness-support.md|docs/obligations/0207-the-plan-usage-of-one-issue-is-known-only-as-the-average-of-its-run.md
8df01837-06bf-4d52-98fc-70b5aae63d5e	silent	2026-09-27T20:20:30Z	b5554ef1-29fb-41ec-8ac7-4d043f9e3e0e.jsonl	22	sha256:95b8da8bea1970184268faeb7cd429a5314776bc65dc2d72120611270ab88bc7		docs/obligations/0112-a-surface-cannot-move-the-assisted-fraction-of-a-run.md|docs/reviews/core-concepts-review-findings.md|docs/how-to/diagnose-an-isolation-failure.md|docs/evaluations/the-build-order-as-a-multi-agent-system.md|docs/obligations/0101-whether-the-read-set-of-a-real-corpus-is-small-enough.md|docs/obligations/0157-the-capture-report-says-two-denominators-over-a-store-that-named-seventeen-taxonomies.md|docs/evaluations/capability-bundle-address-inventory.md|docs/obligations/0072-a-cache-of-check-results-does-not-make-a-run-proportional.md|docs/evaluations/language-spike-results.md|docs/spec/09-decisions.md
e0ba09be-0a5f-4f95-8817-8f462a70f8d1	silent	2026-10-02T12:17:34Z	fceea6f0-d151-49fc-830a-7ed8d60e826c.jsonl	26	sha256:b5de460f931dabf9d7c99a55227d40d10542d2b22e432cea20601a18527bc93a		docs/obligations/0041-no-declaration-expresses-a-rule-about-content-or-state-over.md|docs/probes/a-session-names-the-event-that-makes-a-document-accepted.md|docs/taxonomies/decision-record/doctrine.md|docs/probes/a-session-names-the-status-a-settled-decision-carries-in-its-pull-request.md|docs/taxonomies/evidence-and-obligation/doctrine.md|docs/decisions/0044-q44-whether-bundles-decompose-into-capabilities-and-assemblies-compose-practices.md|docs/spec/09-open-questions.md|docs/obligations/0167-the-default-branch-requires-no-approving-review-which-is-the-condition-hw-dr-0034-named-as-reopening-it.md|docs/decisions/0020-where-scent-lives.md|docs/decisions/0052-a-document-is-proposed-at-the-state-it-will-hold-and-the-merge-activates-it.md
0d9d1d6d-e1e2-4fc1-b9d9-ea65c8ae9a4f	disjoint	2026-09-29T21:47:19Z	db997541-cc8a-4494-9253-f9fd896c0158.jsonl	4	sha256:c93c033add67b8d5a85dcbbeda5e31908481ef35f86b2670ab9123fd02aebef2	docs/interfaces/headwater-merge-driver.md|docs/acceptance-criteria/0002-every-required-section-of-every-governed-document-has-a-heading.md|docs/how-to/keep-derived-files-from-conflicting-in-parallel-pull-requests.md|docs/process/obligations/0212-ci-done-sh-reads-a-cancelled-run-of-another-branch-as-a-red-result-on-a-main-merge-commit.md|docs/probes/the-pointer-this-corpus-offers-for-a-task-is-the-document-a-session-opens.md	docs/process/specs/orchestration-architecture.md|docs/obligations/0121-three-conformance-rules-name-an-attestation-that-no-record-format-exists-for.md|docs/process/evaluations/one-clone-many-agents-how-this-repository-isolates-the-sessions-that-build-it.md|docs/obligations/0216-two-merge-hooks-of-this-repository-print-a-resolve-flag-that-the-verb-refuses.md|docs/process/decisions/0020-merges-go-through-the-github-merge-queue-one-squash-commit-per-pull-request.md|docs/process/decisions/0017-ci-concurrency-is-per-ref-and-every-ref-but-main-cancels-a-superseded-run.md|docs/obligations/0069-a-suppressed-finding-leaves-its-obligation-verified-and-spec-4.md|docs/decisions/0063-every-required-facet-of-a-generated-document-is-derived-and-the-emitter-composes-the-summary.md|docs/how-to/diagnose-an-isolation-failure.md|docs/process/decisions/0022-the-verify-and-rework-loop-for-one-issue-runs-below-the-parent.md
e87aaf17-abac-4808-aa17-057349bbb37d	disjoint	2026-10-02T09:20:52Z	fceea6f0-d151-49fc-830a-7ed8d60e826c.jsonl	3	sha256:802289ce6086d08ae6a68853e63dfa6b98ecbfd4b83e48ae363c53a2755e4664	docs/process/evaluations/the-build-order-as-a-multi-agent-system.md|docs/process/obligations/0206-hw-run-policy-names-a-worktree-add-workaround-that-write-edit-refuses-under-this-harness.md|docs/interfaces/headwater-completions.md|docs/how-to/keep-derived-files-from-conflicting-in-parallel-pull-requests.md|docs/process/decisions/0023-a-build-order-parent-restarts-every-few-merges-drains-to-zero-first-and-resumes-from-the-handover-files-on-disk.md	docs/process/decisions/0005-the-ledger-is-split-its-tabular-parts-are-jsonl-and-its-totals-are-derived.md|docs/probe-runs/campaign-of-2026-09-28-documentation-tier-absent-arm-sufficiency.md|docs/probe-runs/campaign-of-2026-09-28-campaign-tier-present-arm-sufficiency.md|docs/probe-runs/campaign-pilot-of-2026-09-28-campaign-tier-absent-arm-discovery.md|docs/probe-runs/campaign-pilot-of-2026-09-28-campaign-tier-present-arm-discovery.md|docs/obligations/0080-changed-only-is-the-content-addressed-cache-under-another-name.md|docs/probe-runs/campaign-of-2026-09-28-campaign-tier-present-arm-navigability.md|docs/probe-runs/campaign-of-2026-09-28-campaign-tier-absent-arm-sufficiency.md|docs/probe-runs/campaign-pilot-of-2026-09-28-documentation-tier-absent-arm-sufficiency.md|docs/probe-runs/second-campaign-pilot-of-2026-09-28-campaign-tier-present-arm-discovery.md
35a10490-08f7-4717-98e7-f0097cdbf661	disjoint	2026-10-01T07:05:53Z	d1e0ca79-e9b2-4575-8d24-966f54e60eb2.jsonl	3	sha256:ee045abbb999221a3774d877006fea040bb3669368b54b8f49e942ec3b2561c3	docs/reviews/the-sixty-four-restored-help-strings-checked-against-the-binary.md|docs/obligations/0031-list-extension-in-an-add-only-overlay.md|docs/how-to/wire-headwater-check-into-your-own-workflow.md|docs/decisions/0075-the-vendor-verb-may-take-a-location-and-the-fetch-lives-only-in-a-crate-the-checking-loop-never-links.md|docs/evaluations/linkml-worked-example.md	docs/obligations/0176-a-blessed-fixture-is-read-by-a-sibling-case-that-runs-while-the-write-truncates-it.md|docs/decisions/0038-q38-which-link-relation-a-rendered-page-carries-to-the-served-corpus-descriptor.md|docs/process/obligations/0203-three-small-run-tooling-gaps-from-run-20260922-1121-filed-together.md|docs/process/obligations/0224-thirteen-run-tooling-gaps-from-run-20260928-1109-filed-together.md|docs/process/obligations/0225-eight-run-tooling-gaps-from-run-20260929-1205-filed-together.md|docs/obligations/0136-seven-rustdoc-relative-links-in-comments-point-at-pages-the-doc-tree-does-not-have.md|docs/obligations/0174-publishing-the-base-package-reports-51-references-that-resolve-nowhere-and-exits-0.md|docs/process/obligations/0216-two-merge-hooks-of-this-repository-print-a-resolve-flag-that-the-verb-refuses.md|docs/obligations/0215-a-bless-run-of-the-conformance-render-tests-races-two-tests-over-one-fixture-file.md|docs/obligations/0107-the-base-package-ships-a-kind-that-the-scaffolder-refuses-to-write.md
a08f5ce0-a20f-4ed1-a906-02b311a807d6	disjoint	2026-09-23T06:14:21Z	da1f4143-c68e-4fed-9206-5622636376d5.jsonl	3	sha256:4bc56b657f275494409ab29188459409621033b77481e55277351ebf0e879887	docs/requirements/0002-every-document-of-a-kind-that-requires-sections-carries-all-of-them.md	docs/spec/16-harness-support.md|docs/evaluations/capability-bundle-address-inventory.md|docs/probe-runs/regression-probe-transcript-for-2026-09-17-after-the-probe-corrections.md|docs/obligations/0115-a-pinned-digest-authenticates-the-pin-and-never-the-publisher.md|docs/obligations/0096-whether-anything-is-ever-promoted-out-of-the-asserted-tier.md|docs/obligations/0011-nothing-has-been-promoted-out-of-the-synthesized-tier.md|docs/decisions/0031-q31-whether-this-repository-becomes-public-and-when.md|docs/obligations/0001-the-promotion-fix-has-no-reading-of-the-assisted-fraction.md|docs/obligations/0019-whether-any-corpus-needs-a-second-export-profile.md|docs/decisions/0019-inbound-integration-an-external-system-of-record.md
1c7ae7b7-5859-4563-86b7-399671767584	disjoint	2026-10-02T08:43:19Z	fceea6f0-d151-49fc-830a-7ed8d60e826c.jsonl	1	sha256:9cdebb923397c2c8c9b41008f46ca1e9fa8ce3173a68877cf38f615bf71b293d	docs/how-to/relocate-a-shelf.md|docs/requirements/0002-every-document-of-a-kind-that-requires-sections-carries-all-of-them.md|docs/process/decisions/0009-a-release-gets-all-its-assets-in-one-create-call-and-a-person-deletes-it-to-run-again.md|docs/interfaces/headwater-completions.md|docs/obligations/0087-fixable-has-two-readings-inside-one-engine.md	docs/decisions/0067-the-vendored-package-root-moves-under-headwater-and-the-old-root-is-named-in-a-refusal.md|docs/obligations/0008-an-adoption-payload-has-a-first-reading-and-no-elapsed-time.md|docs/obligations/0184-nothing-states-why-the-vendored-package-root-is-visible-in-an-adopter-tree.md|docs/how-to/cut-a-release.md|docs/process/decisions/0017-ci-concurrency-is-per-ref-and-every-ref-but-main-cancels-a-superseded-run.md|docs/process/obligations/0220-no-disk-floor-is-stated-for-a-build-order-run-and-nothing-prunes-the-cargo-pool.md|docs/obligations/0161-the-validation-block-of-mkdocs-yml-is-a-gate-this-repository-owns-and-no-fixture-drives.md|docs/obligations/0031-list-extension-in-an-add-only-overlay.md|docs/process/obligations/0209-a-build-order-dispatch-passes-no-isolation-so-a-stage-can-inherit-the-parent-worktree-as-its-working-directory.md|docs/process/decisions/0006-the-entrypoint-keeps-its-name-and-becomes-a-resumable-run.md
6dbfc562-a3cf-4c68-8da8-826c7ece8bcb	disjoint	2026-09-26T23:25:30Z	ee0f0553-b96b-4aa7-9071-7fab349c0c0c.jsonl	3	sha256:911b09f05a20f9290680e208a0ad6b19c3cbb052358d388540e3a335163e3626	docs/interfaces/headwater-infer.md|docs/interfaces/headwater-capture.md|docs/interfaces/headwater-change.md|docs/interfaces/headwater-check.md|docs/interfaces/headwater-completions.md	docs/evaluations/linkml-worked-example.md|docs/spec/glossary.md|docs/obligations/0107-the-base-package-ships-a-kind-that-the-scaffolder-refuses-to-write.md|docs/obligations/0035-section-contracts-in-the-base.md|docs/obligations/0193-admission-criterion-5-has-no-reading-for-an-entry-that-serves-neither-core-purpose.md|docs/obligations/0044-a-generated-index-labels-a-document-with-its-identifier.md|docs/obligations/0018-the-bundle-set-is-a-guess-about-how-adopters-cluster.md|docs/requirements/0002-every-document-of-a-kind-that-requires-sections-carries-all-of-them.md|docs/evaluations/specifying-the-engine.md|docs/obligations/0185-whether-an-admitted-library-entry-may-require-a-bundle-that-admission-refuses.md
adb09914-b963-4b6f-9c78-1e0626a16897	disjoint	2026-09-29T11:26:13Z	2ecbf66e-2300-43c9-8c42-35118b086214.jsonl	22	sha256:a8cd7a0af652b028d86012513c5041926eff774294c63f81c21a631bd63df643	docs/how-to/rotate-or-revoke-the-apt-signing-subkey.md|docs/how-to/cut-a-release.md|docs/how-to/diagnose-an-isolation-failure.md|docs/how-to/keep-derived-files-from-conflicting-in-parallel-pull-requests.md|docs/how-to/mine-the-shadow-mode-routing-log.md	docs/obligations/0057-a-retrofit-cannot-recover-the-two-dates-or-the-acceptance.md|docs/probe-runs/second-campaign-pilot-of-2026-09-28-documentation-tier-absent-arm-sufficiency.md|docs/probe-runs/second-campaign-pilot-of-2026-09-28-campaign-tier-present-arm-sufficiency.md|docs/probe-runs/second-campaign-pilot-of-2026-09-28-campaign-tier-present-arm-discovery.md|docs/probe-runs/second-campaign-pilot-of-2026-09-28-campaign-tier-absent-arm-discovery.md|docs/probe-runs/second-campaign-pilot-of-2026-09-28-campaign-tier-absent-arm-sufficiency.md|docs/obligations/0182-the-publish-crates-retry-loop-has-no-retry-ceiling.md|docs/probe-runs/campaign-of-2026-09-28-campaign-tier-present-arm-navigability.md|docs/obligations/0041-no-declaration-expresses-a-rule-about-content-or-state-over.md|docs/obligations/0204-docs-decisions-0077-still-describes-hw-dr-0049-s-rewrite-as-pending-after-574-made-it.md
5118ad3d-d9d3-4246-a56a-6d88464002ad	disjoint	2026-09-30T23:43:58Z	5046c7ca-5d4f-4be0-8532-2a95ed278447.jsonl	6	sha256:893ba0c251a168ecd58682a890713497a4add2a7d3d288d971c0a345c04eaf7b	docs/probe-runs/campaign-of-2026-09-30-campaign-tier-absent-arm-discovery.md|docs/how-to/mine-the-shadow-mode-routing-log.md|docs/obligations/0062-a-relation-may-admit-a-document-and-an-anchor-and-no-rule.md|docs/process/specs/orchestration-architecture.md|docs/process/decisions/0003-a-dispatch-pays-when-it-retires-more-parent-turns-than-it-costs.md	docs/obligations/0013-no-probe-tests-whether-a-counted-tombstone-stops-a-confident.md|docs/obligations/0157-the-capture-report-says-two-denominators-over-a-store-that-named-seventeen-taxonomies.md|docs/obligations/0201-no-coverage-or-mutation-measurement-has-ever-been-taken-over-the-engine-s-test-suite.md|docs/obligations/0159-a-sentence-that-opens-with-a-hash-and-an-issue-number-is-folded-into-the-sentence-before-it.md|docs/obligations/0179-the-commit-gate-checks-prose-with-a-binary-it-never-compares-against-the-engine-sources.md|docs/process/evaluations/the-build-order-as-a-multi-agent-system.md|docs/obligations/0143-a-specification-sentence-closes-a-set-with-a-count-the-source-exceeds-and-115-of-127-candidates-are-unchecked.md|docs/obligations/0112-a-surface-cannot-move-the-assisted-fraction-of-a-run.md|docs/obligations/0175-two-documents-take-one-sequence-on-a-sequence-declaring-shelf-and-no-rule-reads-it.md|docs/reviews/the-sixty-four-restored-help-strings-checked-against-the-binary.md
f3a5ab25-3d0f-4bd6-b71b-cdaf03a691dd	disjoint	2026-09-30T09:34:35Z	1338ac1e-5046-4dce-9ea3-0064ffdac44d.jsonl	15	sha256:206db54f1278e7e75dba9791397332980e2cef3e6ed6fcaeb246f3923a4e07fb	docs/process/evaluations/the-build-order-as-a-multi-agent-system.md|docs/how-to/relocate-a-shelf.md|docs/process/obligations/0211-two-hand-remedy-lines-for-hw-cargo-in-hw-run-policy-may-no-longer-earn-their-cost-on-every-dispatch.md|docs/process/specs/orchestration-architecture.md|docs/acceptance-criteria/0001-no-engine-source-outside-the-fetch-crate-names-a-network-api-and-no-crate-of-the-checking-loop-reaches-a-network-package.md	docs/process/obligations/0220-no-disk-floor-is-stated-for-a-build-order-run-and-nothing-prunes-the-cargo-pool.md|docs/obligations/0201-no-coverage-or-mutation-measurement-has-ever-been-taken-over-the-engine-s-test-suite.md|docs/obligations/0069-a-suppressed-finding-leaves-its-obligation-verified-and-spec-4.md|docs/obligations/0017-publishing-the-read-set-skips-a-re-run-on-two-of-the-eighteen.md|docs/decisions/0015-a-synthesized-content-tier.md|docs/obligations/0179-the-commit-gate-checks-prose-with-a-binary-it-never-compares-against-the-engine-sources.md|docs/process/obligations/0224-thirteen-run-tooling-gaps-from-run-20260928-1109-filed-together.md|docs/obligations/0013-no-probe-tests-whether-a-counted-tombstone-stops-a-confident.md|docs/decisions/0041-q41-whether-vale-becomes-a-declared-regime-backend.md|docs/decisions/0063-every-required-facet-of-a-generated-document-is-derived-and-the-emitter-composes-the-summary.md
f771f090-f0a1-4b34-9821-a35a555162fe	disjoint	2026-10-02T11:29:31Z	fceea6f0-d151-49fc-830a-7ed8d60e826c.jsonl	21	sha256:511d1c2fef9aff3705795ea527a0f79e33886cbf8ea29588d07b6e8cd4e6c812	docs/obligations/0222-ten-rules-of-the-editions-ledger-have-one-recorded-corpus-so-a-rule-change-blessed-with-an-edit-to-that-corpus-passes.md|docs/probes/a-session-names-the-status-a-settled-decision-carries-in-its-pull-request.md|docs/process/obligations/0173-four-inline-gates-in-the-workflow-decide-an-exit-status-and-no-suite-provokes-one.md|docs/evaluations/relation-storage.md|docs/spec/13-open-obligations.md	docs/process/decisions/0007-a-background-wait-caps-below-the-cache-lifetime-and-re-issues-itself.md|docs/obligations/0114-a-control-that-names-a-sweep-marks-its-obligation-verified-with-nothing-run.md|docs/process/obligations/0212-ci-done-sh-reads-a-cancelled-run-of-another-branch-as-a-red-result-on-a-main-merge-commit.md|docs/obligations/0204-docs-decisions-0077-still-describes-hw-dr-0049-s-rewrite-as-pending-after-574-made-it.md|docs/process/decisions/0017-ci-concurrency-is-per-ref-and-every-ref-but-main-cancels-a-superseded-run.md|docs/process/evaluations/two-triggers-one-verdict-how-this-repository-s-ci-decides-where-a-job-runs-and-what-it-trusts.md|docs/process/decisions/0021-a-subagent-waits-in-the-foreground-because-a-background-wait-wakes-its-parent.md|docs/process/decisions/0009-a-release-gets-all-its-assets-in-one-create-call-and-a-person-deletes-it-to-run-again.md|docs/obligations/0146-the-stop-hook-reads-its-re-entry-guard-with-an-interpreter-it-does-not-require-so-a-machine-with-no-python3-re-blocks-the-same-turn.md|docs/obligations/0096-whether-anything-is-ever-promoted-out-of-the-asserted-tier.md
8187473d-cf74-4bae-bdae-7e0bb0185d46	disjoint	2026-09-24T00:28:56Z	afc7b001-ab3d-520a-ac4a-e83f3ae7de9c.jsonl	6	sha256:0f357b73093c19f13e3b085cf5503a83115b030c9fe4903605993e5c4780a6d7	docs/requirements/0002-every-document-of-a-kind-that-requires-sections-carries-all-of-them.md	docs/obligations/0167-the-default-branch-requires-no-approving-review-which-is-the-condition-hw-dr-0034-named-as-reopening-it.md|docs/obligations/0188-the-negative-compliance-edge-and-the-governance-precedence-clause-contradict.md|docs/obligations/0069-a-suppressed-finding-leaves-its-obligation-verified-and-spec-4.md|docs/obligations/0007-no-count-exists-of-adopters-who-stopped-at-the-license-terms.md|docs/obligations/0027-what-optional-holds-under-the-package-root.md|docs/obligations/0061-an-anchor-resolver-normalizes-and-nothing-states-how.md|docs/decisions/0034-q34-whether-acceptance-means-merged-to-main-and-what-an-agent-may-write-before-that.md|docs/obligations/0108-an-agent-writes-the-acceptance-stamp-of-every-document-in-this-corpus.md|docs/obligations/0185-whether-an-admitted-library-entry-may-require-a-bundle-that-admission-refuses.md|docs/evaluations/theoretical-foundations.md
4eaf3ef4-3d52-437a-8001-4b1857d40814	disjoint	2026-09-30T11:53:25Z	9b498bd1-c699-4fbb-8e9b-2ea80828ebe8.jsonl	21	sha256:1fe49be5c8893764162bb978a2fe7a9b6df2c083b4de4d4ffcbe722c2e911a0c	docs/how-to/relocate-a-shelf.md|docs/acceptance-criteria/0002-every-required-section-of-every-governed-document-has-a-heading.md|docs/interfaces/headwater-change.md|docs/evaluations/external-evaluation-harnesses-and-benchmarks-for-the-probe-campaign.md|docs/obligations/0112-a-surface-cannot-move-the-assisted-fraction-of-a-run.md	docs/how-to/diagnose-an-isolation-failure.md|docs/obligations/0096-whether-anything-is-ever-promoted-out-of-the-asserted-tier.md|docs/process/obligations/0207-the-plan-usage-of-one-issue-is-known-only-as-the-average-of-its-run.md|docs/process/decisions/0007-a-background-wait-caps-below-the-cache-lifetime-and-re-issues-itself.md|docs/decisions/0016-public-presence.md|docs/decisions/0080-q66-the-corpus-dashboard-ships-free-and-self-hosted-with-tenant-isolation-stated-as-a-data-model-constraint-from-day-one.md|docs/probe-runs/status-probe-pilot-of-2026-09-29-campaign-tier-absent-arm-sufficiency.md|docs/obligations/0161-the-validation-block-of-mkdocs-yml-is-a-gate-this-repository-owns-and-no-fixture-drives.md|docs/decisions/0078-a-recorded-terminal-demonstration-may-show-a-frozen-number-behind-a-recorded-on-date-marker.md|docs/probe-runs/status-probe-pilot-of-2026-09-29-campaign-tier-present-arm-sufficiency.md
1ed30891-37ca-47fb-ab17-e170606d974b	disjoint	2026-09-25T07:09:45Z	81c6f869-a196-4dd8-adfa-00c698961242.jsonl	1	sha256:2301d6ce3bb9590224154067f6bb584c74461cd479c967168d50cdbdebf8a44e	docs/probes/a-session-answers-from-the-register-without-opening-the-question-it-replaced.md|docs/obligations/0173-four-inline-gates-in-the-workflow-decide-an-exit-status-and-no-suite-provokes-one.md|docs/how-to/relocate-a-shelf.md|docs/decisions/0067-the-vendored-package-root-moves-under-headwater-and-the-old-root-is-named-in-a-refusal.md|docs/acceptance-criteria/0002-every-required-section-of-every-governed-document-has-a-heading.md	docs/interfaces/headwater-generate.md|docs/obligations/0210-no-fixture-holds-the-symlink-case-of-new-worktree-sh-and-a-bare-name-of-two-dots-leaves-a-branch-behind.md|docs/process/decisions/0004-coordination-is-a-create-only-claim-and-authority-stays-on-the-tree.md|docs/interfaces/headwater-new.md|docs/obligations/0209-a-build-order-dispatch-passes-no-isolation-so-a-stage-can-inherit-the-parent-worktree-as-its-working-directory.md|docs/obligations/0175-two-documents-take-one-sequence-on-a-sequence-declaring-shelf-and-no-rule-reads-it.md|docs/obligations/0206-hw-run-policy-names-a-worktree-add-workaround-that-write-edit-refuses-under-this-harness.md|docs/obligations/0135-repo-cleanup-names-one-cause-for-a-gone-upstream-and-this-repository-produced-a-second.md|docs/obligations/0136-seven-rustdoc-relative-links-in-comments-point-at-pages-the-doc-tree-does-not-have.md|docs/obligations/0216-two-merge-hooks-of-this-repository-print-a-resolve-flag-that-the-verb-refuses.md
28a3c2c3-0df4-4058-b795-cc687bfaf7e5	disjoint	2026-10-02T07:14:34Z	1f8ffc5b-6498-4c89-ac19-72928092f21b.jsonl	2	sha256:b04400710682bca03f1de96d3dec03932c0e7b198889fb072d639482c873f8f4	docs/probes/a-session-answers-from-the-register-without-opening-the-question-it-replaced.md|docs/process/obligations/0221-subagents-read-skills-from-the-shared-checkout-and-a-worktree-isolated-integrator-cannot-fast-forward-it-after-a-merge.md|docs/decisions/0100-a-counted-tombstone-lists-a-digest-of-each-withheld-identifier-and-a-sealed-one-lists-nothing.md|docs/acceptance-criteria/0001-no-engine-source-outside-the-fetch-crate-names-a-network-api-and-no-crate-of-the-checking-loop-reaches-a-network-package.md|docs/evaluations/external-evaluation-harnesses-and-benchmarks-for-the-probe-campaign.md	docs/process/obligations/0203-three-small-run-tooling-gaps-from-run-20260922-1121-filed-together.md|docs/process/obligations/0213-ci-builds-no-mkdocs-site-so-a-generated-page-under-docs-is-never-checked-against-a-strict-build-before-merge.md|docs/obligations/0136-seven-rustdoc-relative-links-in-comments-point-at-pages-the-doc-tree-does-not-have.md|docs/obligations/0141-an-identifier-scheme-names-no-prefix-so-an-rdf-projection-derives-a-document-iri-from-a-file-path.md|docs/obligations/0077-a-fragment-on-a-path-needs-a-grain-that-no-scope-supplies.md|docs/obligations/0148-the-help-assertion-never-asks-a-subcommand-and-no-rust-version-declares-the-floor-clap-now-sits-on.md|docs/obligations/0131-the-cli-crate-wires-every-verb-and-carries-no-tests-so-two-wiring-defects-passed-a-green-suite.md|docs/obligations/0133-two-test-helpers-key-a-scratch-directory-on-the-pid-alone-and-the-race-springs-on-the-next-case-added.md|docs/process/obligations/0227-seven-run-tooling-gaps-from-run-20260929-2201-filed-together.md|docs/evaluations/schema-format-walkthrough.md
ae82a0f9-ed12-4b71-b89a-dfb31ceeded6	disjoint	2026-10-02T11:19:39Z	fceea6f0-d151-49fc-830a-7ed8d60e826c.jsonl	19	sha256:9103ed0cfae709735d933eb19854da7d4d7ce8d9f01fe3d3f4576c9869ddb83f	docs/how-to/rotate-or-revoke-the-apt-signing-subkey.md|docs/decisions/0030-q30-whether-what-an-obligation-waits-on-is-a-state-or-a-property-and-how-many-values-it-takes.md|docs/interfaces/headwater-merge-driver.md|docs/obligations/0026-the-operational-shape-of-a-hosted-server-is-unstated.md|docs/requirements/0005-a-code-path-names-every-document-that-governs-it.md	docs/probe-runs/regression-probe-transcript-for-2026-09-17-after-the-probe-corrections.md|docs/probe-runs/regression-probe-transcript-for-2026-09-16.md|docs/probe-runs/regression-probe-transcript-for-2026-09-17.md|docs/probe-runs/regression-probe-transcript-for-2026-09-11.md|docs/obligations/0148-the-help-assertion-never-asks-a-subcommand-and-no-rust-version-declares-the-floor-clap-now-sits-on.md|docs/requirements/0001-the-engine-reaches-no-network-at-check-time.md|docs/how-to/diagnose-an-isolation-failure.md|docs/obligations/0204-docs-decisions-0077-still-describes-hw-dr-0049-s-rewrite-as-pending-after-574-made-it.md|docs/obligations/0144-the-cache-identity-test-reads-the-live-working-tree-so-an-edit-during-the-run-reports-the-correctness-root-as-violated.md|docs/probe-runs/campaign-pilot-of-2026-09-28-campaign-tier-absent-arm-discovery.md
d5f37f6c-eef2-4849-ab43-26f75de1c546	disjoint	2026-10-02T09:36:13Z	fac6bb14-4a05-40ad-9b02-4ad97ead51f7.jsonl	1	sha256:5e0ed41f6324553950933d9090d605c9dff2c15e1ba0ae0456c808c7175e9847	docs/evaluations/what-a-check-can-know.md|docs/obligations/0176-a-blessed-fixture-is-read-by-a-sibling-case-that-runs-while-the-write-truncates-it.md|docs/how-to/wire-headwater-check-into-your-own-workflow.md|docs/decisions/0029-q29-whether-a-corpus-root-may-contain-code-and-what-an-interface-contract-may-reach.md|docs/requirements/0001-the-engine-reaches-no-network-at-check-time.md	docs/process/obligations/0203-three-small-run-tooling-gaps-from-run-20260922-1121-filed-together.md|docs/how-to/rotate-or-revoke-the-apt-signing-subkey.md|docs/obligations/0174-publishing-the-base-package-reports-51-references-that-resolve-nowhere-and-exits-0.md|docs/decisions/0094-the-apt-repository-is-served-from-headwater-tools-and-signed-by-a-subkey-the-owner-s-offline-key-certifies.md|docs/decisions/0067-the-vendored-package-root-moves-under-headwater-and-the-old-root-is-named-in-a-refusal.md|docs/interfaces/headwater-show.md|docs/decisions/0038-q38-which-link-relation-a-rendered-page-carries-to-the-served-corpus-descriptor.md|docs/obligations/0107-the-base-package-ships-a-kind-that-the-scaffolder-refuses-to-write.md|docs/interfaces/headwater-change.md|docs/obligations/0136-seven-rustdoc-relative-links-in-comments-point-at-pages-the-doc-tree-does-not-have.md
f6f18d64-e7df-4948-9cd9-85c3289bb837	disjoint	2026-09-24T23:11:57Z	de9c8ddd-41e4-45d1-90b3-8617e676498e.jsonl	89	sha256:c91acf31e3b0c8289c41e4f4d8441ae1ea4abc2150b4d5ce44e96484884f50eb	docs/interfaces/headwater-json.md|docs/obligations/0177-the-value-rule-writes-adopter-on-every-self-audit-record-and-most-of-them-wait-on-a-build.md|docs/probes/a-session-records-an-unmeasured-claim-in-the-shape-this-corpus-checks.md|docs/how-to/diagnose-an-isolation-failure.md|docs/spec/00-vision-and-scope.md	docs/obligations/0066-a-finding-names-one-obligation-and-a-control-discharges-a-list.md|docs/interfaces/headwater-conformance.md|docs/obligations/0067-a-rule-that-reads-the-taxonomy-has-no-grain-in-spec-12s-list.md|docs/obligations/0121-three-conformance-rules-name-an-attestation-that-no-record-format-exists-for.md|docs/decisions/0069-a-paragraph-limit-counts-sentences-under-the-language-rule-and-never-words.md|docs/acceptance-criteria/0002-every-required-section-of-every-governed-document-has-a-heading.md|docs/interfaces/headwater-explain.md|docs/obligations/0190-a-voice-regime-carries-a-forbid-list-so-a-normative-keyword-rule-has-no-form.md|docs/obligations/0196-a-relation-writes-a-state-onto-a-kind-that-binds-no-lifecycle-regime-and-nothing-reads-that-pair.md|docs/obligations/0083-the-pair-grain-absorbs-a-second-violation-inside-one-cell.md
005294b8-4305-4b2b-b61f-a75906d1e585	disjoint	2026-09-27T04:50:55Z	e71207ac-88d7-481d-97f1-67d111b2fa22.jsonl	3	sha256:d77bc03a633f1c0904cbbb9b993224ac4843d3d8061e5edbc14600958775a14a	docs/decisions/0075-the-vendor-verb-may-take-a-location-and-the-fetch-lives-only-in-a-crate-the-checking-loop-never-links.md|docs/obligations/0204-docs-decisions-0077-still-describes-hw-dr-0049-s-rewrite-as-pending-after-574-made-it.md|docs/acceptance-criteria/0002-every-required-section-of-every-governed-document-has-a-heading.md|docs/interfaces/headwater-sweep.md|docs/evaluations/two-triggers-one-verdict-how-this-repository-s-ci-decides-where-a-job-runs-and-what-it-trusts.md	docs/obligations/0011-nothing-has-been-promoted-out-of-the-synthesized-tier.md|docs/how-to/relocate-a-shelf.md|docs/how-to/cut-a-release.md|docs/obligations/0077-a-fragment-on-a-path-needs-a-grain-that-no-scope-supplies.md|docs/decisions/0019-inbound-integration-an-external-system-of-record.md|docs/obligations/0008-an-adoption-payload-has-a-first-reading-and-no-elapsed-time.md|docs/obligations/0144-the-cache-identity-test-reads-the-live-working-tree-so-an-edit-during-the-run-reports-the-correctness-root-as-violated.md|docs/obligations/0096-whether-anything-is-ever-promoted-out-of-the-asserted-tier.md|docs/obligations/0085-headwater-init-cannot-reach-a-package-that-is-not-already.md|docs/evaluations/the-three-discovery-misses-of-2026-09-16-have-three-different-mechanisms-and-only-one-is-routing-precision.md
01b5e6ec-50e9-41e0-bbe4-12e49198725c	disjoint	2026-10-02T07:54:28Z	27932fca-1984-48f7-adfa-897fb3daf4cb.jsonl	6	sha256:3a4a9b83e1de4e7314428deab22b869d5aac8e9dcffbdcf09fe4a2c01b45f381	docs/decisions/0096-harper-does-not-become-part-of-the-engine-now-and-q41-stands.md|docs/process/explanations/where-a-ci-job-runs.md|docs/acceptance-criteria/0002-every-required-section-of-every-governed-document-has-a-heading.md|docs/evaluations/harper-spike-results.md|docs/how-to/diagnose-an-isolation-failure.md	docs/obligations/0135-repo-cleanup-names-one-cause-for-a-gone-upstream-and-this-repository-produced-a-second.md|docs/obligations/0179-the-commit-gate-checks-prose-with-a-binary-it-never-compares-against-the-engine-sources.md|docs/process/decisions/0022-the-verify-and-rework-loop-for-one-issue-runs-below-the-parent.md|docs/obligations/0073-the-prior-version-still-owes-the-key-edit-that-the-clock.md|docs/obligations/0199-an-observation-snapshot-records-a-commit-and-nothing-reads-it-back.md|docs/decisions/0034-q34-whether-acceptance-means-merged-to-main-and-what-an-agent-may-write-before-that.md|docs/decisions/0049-a-corpus-wide-fold-is-derived-and-never-stored.md|docs/process/decisions/0004-coordination-is-a-create-only-claim-and-authority-stays-on-the-tree.md|docs/process/obligations/0210-no-fixture-holds-the-symlink-case-of-new-worktree-sh-and-a-bare-name-of-two-dots-leaves-a-branch-behind.md|docs/process/decisions/0014-the-boundary-against-a-fork-is-the-approval-of-outside-runs-and-a-person-reads-a-github-diff-before-approving-one.md
8ae90dcc-7505-4bc4-a42f-7e09a2176a43	disjoint	2026-09-28T02:27:27Z	b5554ef1-29fb-41ec-8ac7-4d043f9e3e0e.jsonl	47	sha256:5a1c067ff1a1f4304c362308609d24a9191868c3e08f544664eb69d84dd73319	docs/decisions/0024-q24-readability-and-what-a-sweep-can-be-asked-about.md|docs/requirements/0002-every-document-of-a-kind-that-requires-sections-carries-all-of-them.md|docs/how-to/mine-the-shadow-mode-routing-log.md|docs/spec/00-vision-and-scope.md|docs/evaluations/two-triggers-one-verdict-how-this-repository-s-ci-decides-where-a-job-runs-and-what-it-trusts.md	docs/how-to/cut-a-release.md|docs/decisions/0031-q31-whether-this-repository-becomes-public-and-when.md|docs/decisions/0090-each-release-states-in-its-notes-the-release-digest-that-a-consumer-pins.md|docs/obligations/0115-a-pinned-digest-authenticates-the-pin-and-never-the-publisher.md|docs/obligations/0085-headwater-init-cannot-reach-a-package-that-is-not-already.md|docs/obligations/0122-nothing-holds-the-conformance-rule-set-of-a-package-a-consumer-takes-from-source.md|docs/obligations/0203-three-small-run-tooling-gaps-from-run-20260922-1121-filed-together.md|docs/obligations/0008-an-adoption-payload-has-a-first-reading-and-no-elapsed-time.md|docs/decisions/0067-the-vendored-package-root-moves-under-headwater-and-the-old-root-is-named-in-a-refusal.md|docs/process/decisions/0009-a-release-gets-all-its-assets-in-one-create-call-and-a-person-deletes-it-to-run-again.md
d8187a87-01a3-44fd-8b19-468ecc7f76a7	disjoint	2026-09-23T10:56:12Z	17e0059c-e8da-4725-a517-94839f975190.jsonl	1	sha256:580c588a2f23b2bd0f622306142618b89a5bac52237e1fbef2932dc41ea3fc50	docs/spec/08-design-departures.md|docs/evaluations/what-a-check-can-know.md|docs/obligations/0206-hw-run-policy-names-a-worktree-add-workaround-that-write-edit-refuses-under-this-harness.md|docs/decisions/0031-q31-whether-this-repository-becomes-public-and-when.md|docs/interfaces/headwater-json.md	docs/reviews/core-concepts-review-findings-2.md|docs/evaluations/two-triggers-one-verdict-how-this-repository-s-ci-decides-where-a-job-runs-and-what-it-trusts.md|docs/process/decisions/0006-the-entrypoint-keeps-its-name-and-becomes-a-resumable-run.md|docs/spec/16-harness-support.md|docs/obligations/0181-an-unresolved-prose-link-reaches-a-run-as-a-graph-fact-and-no-rule-turns-it-into-a-finding.md|docs/obligations/0001-the-promotion-fix-has-no-reading-of-the-assisted-fraction.md|docs/obligations/0072-a-cache-of-check-results-does-not-make-a-run-proportional.md|docs/decisions/0061-q61-how-a-recorded-terminal-demonstration-is-held-against-a-run.md|docs/process/decisions/0005-the-ledger-is-split-its-tabular-parts-are-jsonl-and-its-totals-are-derived.md|docs/obligations/0121-three-conformance-rules-name-an-attestation-that-no-record-format-exists-for.md
d8d709c0-267b-4a3d-8e57-9ec2a70490bb	disjoint	2026-09-25T08:24:15Z	861a7465-84b5-4b32-9982-e09f9f38010c.jsonl	31	sha256:87e1ffd1882b405500455bccb751616f325d47c0fa46dd119a0ce10654212c99	docs/obligations/0144-the-cache-identity-test-reads-the-live-working-tree-so-an-edit-during-the-run-reports-the-correctness-root-as-violated.md|docs/decisions/0075-the-vendor-verb-may-take-a-location-and-the-fetch-lives-only-in-a-crate-the-checking-loop-never-links.md|docs/obligations/0102-two-documents-state-what-voids-a-verdict-and-they-do-not.md	docs/decisions/0034-q34-whether-acceptance-means-merged-to-main-and-what-an-agent-may-write-before-that.md|docs/obligations/0047-the-scope-of-a-sub-document-identifier.md|docs/decisions/0043-q43-whether-a-refusal-under-json-is-a-json-document.md|docs/obligations/0033-a-required-declaration-that-an-overlay-may-supply.md|docs/obligations/0041-no-declaration-expresses-a-rule-about-content-or-state-over.md|docs/obligations/0134-the-comment-prose-defines-by-contrast-979-times-in-179-000-words-and-no-mechanism-here-performs-an-editorial-pass.md|docs/obligations/0185-whether-an-admitted-library-entry-may-require-a-bundle-that-admission-refuses.md|docs/obligations/0167-the-default-branch-requires-no-approving-review-which-is-the-condition-hw-dr-0034-named-as-reopening-it.md|docs/obligations/0035-section-contracts-in-the-base.md|docs/obligations/0011-nothing-has-been-promoted-out-of-the-synthesized-tier.md
db203fd4-7ae0-4e85-aff2-efc89a5eac83	disjoint	2026-09-27T22:28:08Z	b5554ef1-29fb-41ec-8ac7-4d043f9e3e0e.jsonl	26	sha256:d33f3bc37a75349bddb6ab3d3a99f2f85e45e48749727d88686af37df07c5045	docs/decisions/0057-a-shelf-layout-is-the-second-half-of-what-the-identifier-claim-store-covers.md|docs/spec/17-orchestration-architecture.md|docs/probes/an-agent-reaches-the-adjudication-from-the-document-that-lost-it.md|docs/acceptance-criteria/0002-every-required-section-of-every-governed-document-has-a-heading.md|docs/obligations/0218-the-opening-sentence-of-the-self-found-list-in-spec-13-counts-forty-nine-items-in-ranges-that-do-not-match-the-list.md	docs/obligations/0201-no-coverage-or-mutation-measurement-has-ever-been-taken-over-the-engine-s-test-suite.md|docs/evaluations/language-choice.md|docs/reviews/the-sixty-four-restored-help-strings-checked-against-the-binary.md|docs/obligations/0100-the-size-of-a-committed-snapshot-with-full-requirement-text.md|docs/evaluations/default-taxonomy-first-run.md|docs/decisions/0063-every-required-facet-of-a-generated-document-is-derived-and-the-emitter-composes-the-summary.md|docs/evaluations/n8n-worked-example.md|docs/evaluations/theoretical-foundations.md|docs/taxonomies/diataxis-site/doctrine.md|docs/evaluations/adjacent-work.md
86fcf472-55b6-4490-84ed-057da8a0c493	disjoint	2026-10-02T03:32:52Z	50652494-9d42-402c-89b8-27a43100f4bd.jsonl	27	sha256:044cae3a66f066e7a94f9ce9bea5da4dcecf4f95a61cf0c74081f17753cd6255	docs/how-to/relocate-a-shelf.md|docs/probes/what-a-session-writes-points-back-at-the-ruling-it-rests-on.md|docs/interfaces/headwater-change.md|docs/obligations/0149-the-write-time-hook-still-picks-pointer-lines-out-of-prose-by-their-em-dash.md|docs/how-to/wire-headwater-check-into-your-own-workflow.md	docs/reviews/core-concepts-review-findings.md|docs/subsystems/queries-and-explain.md|docs/spec/06-engine-architecture.md|docs/evaluations/schema-format-walkthrough.md|docs/evaluations/language-choice.md|docs/obligations/0030-the-provenance-block-belongs-to-the-engine-and-nothing-states.md|docs/subsystems/projections-and-export.md|docs/subsystems/checks-and-cache.md|docs/decisions/0098-an-engine-subsystem-is-described-by-a-technical-design-spec-on-a-shelf-of-its-own-and-its-behavior-stays-where-it-is-already-written.md|docs/evaluations/n8n-worked-example.md
d027032e-a81e-48af-9cc1-a1fd1c0e2ee2	disjoint	2026-10-02T12:48:33Z	19b6d2bc-015d-4b01-a550-ff6f9bb9896e.jsonl	16	sha256:7a778b02a12746a5efb2479a8e33496e54dd0bcaf9858b0476ddbe01d29b8f37	docs/obligations/0183-no-mechanism-holds-a-committed-binary-asset-against-a-run.md|docs/evaluations/warrant-and-adjudication.md|docs/how-to/rotate-or-revoke-the-apt-signing-subkey.md|docs/decisions/0030-q30-whether-what-an-obligation-waits-on-is-a-state-or-a-property-and-how-many-values-it-takes.md|docs/acceptance-criteria/0002-every-required-section-of-every-governed-document-has-a-heading.md	docs/obligations/0069-a-suppressed-finding-leaves-its-obligation-verified-and-spec-4.md|docs/decisions/0015-a-synthesized-content-tier.md|docs/obligations/0204-docs-decisions-0077-still-describes-hw-dr-0049-s-rewrite-as-pending-after-574-made-it.md|docs/obligations/0188-the-negative-compliance-edge-and-the-governance-precedence-clause-contradict.md|docs/obligations/0126-every-asserted-document-carries-the-freshness-date-that-spec-3-says-it-cannot.md|docs/obligations/0185-whether-an-admitted-library-entry-may-require-a-bundle-that-admission-refuses.md|docs/obligations/0125-nine-documents-state-a-warrant-outside-the-closed-set-and-only-a-person-can-set-the-value.md|docs/obligations/0108-an-agent-writes-the-acceptance-stamp-of-every-document-in-this-corpus.md|docs/obligations/0083-the-pair-grain-absorbs-a-second-violation-inside-one-cell.md|docs/obligations/0036-identity-below-the-grain-of-a-document.md
9507809b-d31f-4584-aea9-565705d4a9cd	disjoint	2026-10-02T12:43:20Z	19b6d2bc-015d-4b01-a550-ff6f9bb9896e.jsonl	13	sha256:258251b4ea3fb7fc83af2c07275e06e80a34c004fdc015b950039ac348a15bda	docs/how-to/mine-the-shadow-mode-routing-log.md|docs/decisions/0070-the-matched-purposes-take-turns-at-a-route-budget-and-each-pointer-states-what-reached-it.md|docs/process/evaluations/the-build-order-as-a-multi-agent-system.md|docs/spec/00-vision-and-scope.md|docs/obligations/0077-a-fragment-on-a-path-needs-a-grain-that-no-scope-supplies.md	docs/obligations/0111-the-capture-cost-surface-names-an-entry-point-and-never-the-caller.md|docs/process/decisions/0021-a-subagent-waits-in-the-foreground-because-a-background-wait-wakes-its-parent.md|docs/process/decisions/0007-a-background-wait-caps-below-the-cache-lifetime-and-re-issues-itself.md|docs/evaluations/the-pointer-probe-grades-a-session-against-the-router-s-own-first-pick-so-a-correct-session-that-declines-a-wrong-pointer-fails.md|docs/process/decisions/0016-ci-runner-is-an-opt-in-that-only-a-push-or-a-merge-group-reads-and-an-unset-value-falls-back-to-ubuntu-latest.md|docs/obligations/0198-nothing-states-how-much-of-a-session-s-budget-the-standing-instructions-consume-before-work-starts.md|docs/process/obligations/0212-ci-done-sh-reads-a-cancelled-run-of-another-branch-as-a-red-result-on-a-main-merge-commit.md|docs/probe-runs/campaign-of-2026-09-30-campaign-tier-absent-arm-discovery.md|docs/probe-runs/regression-probe-transcript-for-2026-09-17.md|docs/obligations/0159-a-sentence-that-opens-with-a-hash-and-an-issue-number-is-folded-into-the-sentence-before-it.md
4c6f1466-bd3a-4cfe-85c8-21c2aca1a55e	disjoint	2026-10-01T21:59:51Z	3f33c00e-e7c1-58c3-a5d7-1a3fac2f271f.jsonl	4	sha256:44e40e03b7d281fd35ebb34b709f2fbb906085193891d9ea1f627d4ce939aa7a	docs/interfaces/headwater-infer.md|docs/process/evaluations/one-clone-many-agents-how-this-repository-isolates-the-sessions-that-build-it.md|docs/how-to/mine-the-shadow-mode-routing-log.md|docs/decisions/0100-a-counted-tombstone-lists-a-digest-of-each-withheld-identifier-and-a-sealed-one-lists-nothing.md|docs/spec/00-vision-and-scope.md	docs/obligations/0061-an-anchor-resolver-normalizes-and-nothing-states-how.md|docs/spec/08-design-departures.md|docs/obligations/0088-correcting-an-identifier-is-mechanical-and-it-is-not-local.md|docs/obligations/0137-a-british-spelling-reaches-a-serialized-grain-string-so-the-rename-is-a-corpus-change-and-a-derived-bytes-change-at-once.md|docs/decisions/0021-terminological-succession-and-validity-under-merge.md|docs/obligations/0102-two-documents-state-what-voids-a-verdict-and-they-do-not.md|docs/probes/a-session-records-an-unmeasured-claim-in-the-shape-this-corpus-checks.md|docs/evaluations/what-a-check-can-know.md|docs/how-to/wire-headwater-check-into-your-own-workflow.md|docs/probe-results/tombstone-probe-pilot-of-2026-09-29-campaign-tier-absent-arm-sufficiency.md
5c03abc7-2081-4b54-aa14-900113b1def7	disjoint	2026-10-02T10:03:36Z	1f8ffc5b-6498-4c89-ac19-72928092f21b.jsonl	21	sha256:7617f53adfd82e7e79ade9ab3c3caab21d8def3a36e930d0fe5ed1a0c141f978	docs/how-to/diagnose-an-isolation-failure.md|docs/probes/what-a-session-writes-points-back-at-the-ruling-it-rests-on.md|docs/spec/glossary.md|docs/acceptance-criteria/0003-check-reports-a-document-path-written-as-a-relation-target-once-in-every-spelling-and-through-a-symlink.md|docs/process/decisions/0001-orchestration-prose-has-one-owner-per-sentence.md	docs/obligations/0097-whether-the-four-modes-of-di-taxis-are-the-kind-set.md|docs/process/obligations/0227-seven-run-tooling-gaps-from-run-20260929-2201-filed-together.md|docs/obligations/0131-the-cli-crate-wires-every-verb-and-carries-no-tests-so-two-wiring-defects-passed-a-green-suite.md|docs/process/obligations/0203-three-small-run-tooling-gaps-from-run-20260922-1121-filed-together.md|docs/evaluations/schema-format-walkthrough.md|docs/reviews/core-concepts-findings-assessment.md|docs/process/decisions/0017-ci-concurrency-is-per-ref-and-every-ref-but-main-cancels-a-superseded-run.md|docs/process/obligations/0212-ci-done-sh-reads-a-cancelled-run-of-another-branch-as-a-red-result-on-a-main-merge-commit.md|docs/evaluations/capability-bundle-address-inventory.md|docs/process/obligations/0211-two-hand-remedy-lines-for-hw-cargo-in-hw-run-policy-may-no-longer-earn-their-cost-on-every-dispatch.md
ac66cc2b-33ec-4732-861a-5cff26074b26	disjoint	2026-10-03T02:44:57Z	19b6d2bc-015d-4b01-a550-ff6f9bb9896e.jsonl	38	sha256:37f6364cb1dae89638a2c9ff00e4df0e8dcfc65fc57703f63badad751dd9828a	docs/probes/the-authoring-skill-reaches-an-agent-that-is-about-to-write-a-governed-document.md|docs/how-to/mine-the-shadow-mode-routing-log.md|docs/requirements/0003-a-relation-target-written-as-the-path-of-a-document-is-reported-and-never-bound-as-an-anchor-onto-that-file.md|docs/interfaces/headwater-change.md|docs/obligations/0030-the-provenance-block-belongs-to-the-engine-and-nothing-states.md	docs/obligations/0204-docs-decisions-0077-still-describes-hw-dr-0049-s-rewrite-as-pending-after-574-made-it.md|docs/obligations/0096-whether-anything-is-ever-promoted-out-of-the-asserted-tier.md|docs/how-to/cut-a-release.md|docs/how-to/diagnose-an-isolation-failure.md|docs/obligations/0011-one-document-has-been-promoted-out-of-the-synthesized-tier-and-no-rate-says-whether-the-tier-drains.md|docs/obligations/0098-whether-a-withheld-anchor-needs-a-class-beside-its-count.md|docs/process/decisions/0020-merges-go-through-the-github-merge-queue-one-squash-commit-per-pull-request.md|docs/obligations/0130-the-publication-date-of-this-repository-is-unset-and-the-owner-alone-sets-it.md|docs/decisions/0031-q31-whether-this-repository-becomes-public-and-when.md|docs/process/decisions/0007-a-background-wait-caps-below-the-cache-lifetime-and-re-issues-itself.md
279bbef2-6f32-44a1-afef-3bebcea86a3a	disjoint	2026-10-02T04:24:26Z	50652494-9d42-402c-89b8-27a43100f4bd.jsonl	33	sha256:5b4c7befdb1b11ab3e74959430523a69ca63898d2298c161e366e69313b340c2	docs/interfaces/headwater-json.md|docs/obligations/0144-the-cache-identity-test-reads-the-live-working-tree-so-an-edit-during-the-run-reports-the-correctness-root-as-violated.md|docs/decisions/0030-q30-whether-what-an-obligation-waits-on-is-a-state-or-a-property-and-how-many-values-it-takes.md|docs/requirements/0005-a-code-path-names-every-document-that-governs-it.md|docs/process/explanations/where-a-ci-job-runs.md	docs/obligations/0204-docs-decisions-0077-still-describes-hw-dr-0049-s-rewrite-as-pending-after-574-made-it.md|docs/obligations/0108-an-agent-writes-the-acceptance-stamp-of-every-document-in-this-corpus.md|docs/obligations/0205-hw-obl-0002-s-sample-counts-and-voice-rs-s-own-census-predate-the-scent-role-fix-and-need-retaking.md|docs/obligations/0096-whether-anything-is-ever-promoted-out-of-the-asserted-tier.md|docs/evaluations/the-serving-boundary.md|docs/obligations/0159-a-sentence-that-opens-with-a-hash-and-an-issue-number-is-folded-into-the-sentence-before-it.md|docs/decisions/0096-harper-does-not-become-part-of-the-engine-now-and-q41-stands.md|docs/obligations/0011-one-document-has-been-promoted-out-of-the-synthesized-tier-and-no-rate-says-whether-the-tier-drains.md|docs/evaluations/theoretical-foundations.md|docs/obligations/0009-the-shape-origin-finding-rate-is-already-zero.md
faec63e5-2de1-443a-8563-d47fb0408c0b	disjoint	2026-09-25T08:56:05Z	95744deb-e0e4-4baf-ac7e-0308d70349eb.jsonl	1	sha256:3f864460ceba8fa8818b661ad68b691380ea0d3ac2f571433545186d64985118	docs/interfaces/headwater-sweep.md|docs/obligations/0187-the-registered-deviation-edge-of-the-compliance-tradition-cannot-be-declared.md|docs/evaluations/what-a-check-can-know.md|docs/how-to/relocate-a-shelf.md|docs/interfaces/headwater-mcp.md	docs/acceptance-criteria/0001-no-source-file-of-the-engine-names-a-network-api-and-no-locked-dependency-provides-one.md|docs/requirements/0001-the-engine-reaches-no-network-at-check-time.md|docs/decisions/0031-q31-whether-this-repository-becomes-public-and-when.md|docs/obligations/0096-whether-anything-is-ever-promoted-out-of-the-asserted-tier.md|docs/decisions/0078-a-recorded-terminal-demonstration-may-show-a-frozen-number-behind-a-recorded-on-date-marker.md|docs/decisions/0016-public-presence.md|docs/obligations/0011-nothing-has-been-promoted-out-of-the-synthesized-tier.md|docs/obligations/0019-whether-any-corpus-needs-a-second-export-profile.md|docs/decisions/0019-inbound-integration-an-external-system-of-record.md|docs/probe-runs/regression-probe-transcript-for-2026-09-17-after-the-probe-corrections.md
71fd328a-9673-4b4f-9d93-d617841a33c9	disjoint	2026-10-03T02:54:55Z	19b6d2bc-015d-4b01-a550-ff6f9bb9896e.jsonl	43	sha256:183f18ba8d9be92a8aa7fd2e43477a6a23fd01536badc36b7cd0c63f2c1bd0db	docs/subsystems/checks-and-cache.md|docs/process/obligations/0177-the-value-rule-writes-adopter-on-every-self-audit-record-and-most-of-them-wait-on-a-build.md|docs/probes/a-session-records-which-obligation-an-evaluation-discharged.md|docs/how-to/diagnose-an-isolation-failure.md|docs/interfaces/headwater-change.md	docs/obligations/0066-a-finding-names-one-obligation-and-a-control-discharges-a-list.md|docs/acceptance-criteria/0003-check-reports-a-document-path-written-as-a-relation-target-once-in-every-spelling-and-through-a-symlink.md|docs/interfaces/headwater-conformance.md|docs/obligations/0067-a-rule-that-reads-the-taxonomy-has-no-grain-in-spec-12s-list.md|docs/obligations/0121-three-conformance-rules-name-an-attestation-that-no-record-format-exists-for.md|docs/decisions/0069-a-paragraph-limit-counts-sentences-under-the-language-rule-and-never-words.md|docs/acceptance-criteria/0002-every-required-section-of-every-governed-document-has-a-heading.md|docs/interfaces/headwater-explain.md|docs/obligations/0190-a-voice-regime-carries-a-forbid-list-so-a-normative-keyword-rule-has-no-form.md|docs/obligations/0196-a-relation-writes-a-state-onto-a-kind-that-binds-no-lifecycle-regime-and-nothing-reads-that-pair.md
296853d7-663d-4c2f-bc18-78e4da4ad491	disjoint	2026-10-03T04:21:44Z	19b6d2bc-015d-4b01-a550-ff6f9bb9896e.jsonl	47	sha256:fb2714612882cb9ed654349bae47272f1b63ce0fc04150d5b72516f0b125ebf3	docs/obligations/0070-one-of-the-four-warrant-values-has-no-instance-in-this-corpus.md|docs/probe-runs/status-probe-pilot-of-2026-09-29-campaign-tier-absent-arm-sufficiency.md|docs/how-to/diagnose-an-isolation-failure.md|docs/decisions/0073-a-verification-is-a-kind-and-its-identity-is-minted-rather-than-found-in-the-code-that-cites-it.md|docs/acceptance-criteria/0004-each-list-anchor-in-the-native-export-carries-its-sorted-members-and-a-single-pattern-carries-none.md	docs/evaluations/external-evaluation-harnesses-and-benchmarks-for-the-probe-campaign.md|docs/obligations/0201-no-coverage-or-mutation-measurement-has-ever-been-taken-over-the-engine-s-test-suite.md|docs/probe-runs/status-probe-pilot-of-2026-09-29-campaign-tier-present-arm-sufficiency.md|docs/process/obligations/0224-thirteen-run-tooling-gaps-from-run-20260928-1109-filed-together.md|docs/probe-runs/campaign-of-2026-09-28-campaign-tier-present-arm-sufficiency.md|docs/probe-runs/campaign-of-2026-09-28-campaign-tier-present-arm-navigability.md|docs/process/obligations/0225-eight-run-tooling-gaps-from-run-20260929-1205-filed-together.md|docs/probe-runs/tombstone-probe-pilot-of-2026-09-29-campaign-tier-present-arm-sufficiency.md|docs/obligations/0075-a-participation-expectation-needs-depth-one-and-edge.md|docs/evaluations/a-probe-task-section-is-the-prompt-so-commentary-under-that-heading-is-prompt.md
9af484e0-2232-4085-8e13-fbd5c610940b	disjoint	2026-09-22T11:48:10Z	01bf3871-4522-5b76-9739-7d82fb2a6a6a.jsonl	3	sha256:41034fbd4bc5fa3dd7e0b89416141267409b8e3951142066a33fb08f42c0ac58	docs/requirements/0002-every-document-of-a-kind-that-requires-sections-carries-all-of-them.md|docs/how-to/relocate-a-shelf.md|docs/spec/glossary.md|docs/reviews/core-concepts-findings-assessment.md|docs/decisions/0073-a-verification-is-a-kind-and-its-identity-is-minted-rather-than-found-in-the-code-that-cites-it.md	docs/decisions/0029-q29-whether-a-corpus-root-may-contain-code-and-what-an-interface-contract-may-reach.md|docs/obligations/0077-a-fragment-on-a-path-needs-a-grain-that-no-scope-supplies.md|docs/obligations/0070-one-of-the-four-warrant-values-has-no-instance-in-this-corpus.md|docs/obligations/0129-spec-12-calls-two-phase-a-outcomes-structural-findings-and-the-engine-emits-none.md|docs/interfaces/headwater-new.md|docs/obligations/0022-whether-the-transcription-projection-ships-at-all.md|docs/decisions/0037-q37-which-parts-of-the-site-are-hand-built-and-which-are-a-projection-of-this-corpus.md|docs/obligations/0054-the-templates-and-the-fixtures-of-the-first-library-entry.md|docs/obligations/0194-the-base-ships-one-voice-regime-and-a-prospective-document-has-none.md|docs/evaluations/n8n-worked-example.md
25a7227e-818a-4998-a56f-586ed30edd1d	disjoint	2026-09-30T09:09:39Z	1338ac1e-5046-4dce-9ea3-0064ffdac44d.jsonl	12	sha256:1d3368bde38ed6e7328d8bf07cc68a39fee1f8811406044efe9a8b0e255a9a81	docs/requirements/0002-every-document-of-a-kind-that-requires-sections-carries-all-of-them.md|docs/spec/01-conceptual-model.md|docs/evaluations/the-pointer-probe-grades-a-session-against-the-router-s-own-first-pick-so-a-correct-session-that-declines-a-wrong-pointer-fails.md|docs/how-to/relocate-a-shelf.md|docs/explanations/how-a-headwater-release-reaches-an-adopter.md	docs/reviews/core-concepts-review-findings.md|docs/evaluations/specifying-the-engine.md|docs/obligations/0030-the-provenance-block-belongs-to-the-engine-and-nothing-states.md|docs/obligations/0052-a-document-has-no-identifier-and-every-relation-target-must.md|docs/decisions/0098-an-engine-subsystem-is-described-by-a-technical-design-spec-on-a-shelf-of-its-own-and-its-behavior-stays-where-it-is-already-written.md|docs/decisions/0044-q44-whether-bundles-decompose-into-capabilities-and-assemblies-compose-practices.md|docs/evaluations/schema-format-walkthrough.md|docs/obligations/0102-two-documents-state-what-voids-a-verdict-and-they-do-not.md|docs/obligations/0187-the-registered-deviation-edge-of-the-compliance-tradition-cannot-be-declared.md|docs/obligations/0162-spec-7-prints-a-package-version-that-no-check-compares-with-the-recipe.md
a4ef2998-08b3-46ac-a4c7-04add1cebae9	disjoint	2026-09-23T09:52:09Z	84279983-664a-4790-85bb-ba4ae5bce75f.jsonl	8	sha256:b2537346c5438dbce21a5d2539b15d98f55c36e264e55b6dd2d24b1b5fc0bc83	docs/acceptance-criteria/0001-no-source-file-of-the-engine-names-a-network-api-and-no-locked-dependency-provides-one.md|docs/decisions/0059-a-transform-over-a-harness-session-log-is-an-observed-transcript-when-the-log-arrives-by-a-channel-the-model-cannot-write-to.md|docs/spec/00-vision-and-scope.md|docs/obligations/0087-fixable-has-two-readings-inside-one-engine.md|docs/how-to/diagnose-an-isolation-failure.md	docs/obligations/0011-nothing-has-been-promoted-out-of-the-synthesized-tier.md|docs/decisions/0080-q66-the-corpus-dashboard-ships-free-and-self-hosted-with-tenant-isolation-stated-as-a-data-model-constraint-from-day-one.md|docs/obligations/0006-route-latency-at-a-harvesting-tier-is-unmeasured.md|docs/process/decisions/0007-a-background-wait-caps-below-the-cache-lifetime-and-re-issues-itself.md|docs/decisions/0031-q31-whether-this-repository-becomes-public-and-when.md|docs/obligations/0096-whether-anything-is-ever-promoted-out-of-the-asserted-tier.md|docs/obligations/0177-the-value-rule-writes-adopter-on-every-self-audit-record-and-most-of-them-wait-on-a-build.md|docs/obligations/0198-nothing-states-how-much-of-a-session-s-budget-the-standing-instructions-consume-before-work-starts.md|docs/obligations/0026-the-operational-shape-of-a-hosted-server-is-unstated.md|docs/obligations/0080-changed-only-is-the-content-addressed-cache-under-another-name.md
b96c5e64-6f42-4816-b396-ba3b7308b8af	disjoint	2026-09-29T21:45:36Z	db997541-cc8a-4494-9253-f9fd896c0158.jsonl	3	sha256:f4e61af9c1303c1171dc6c82061d44b8b75309ce2a6df01ca1076746cc37a18b	docs/interfaces/headwater-completions.md|docs/how-to/mine-the-shadow-mode-routing-log.md|docs/requirements/0001-the-engine-reaches-no-network-at-check-time.md|docs/spec/05-ai-integration.md|docs/how-to/cut-a-release.md	docs/decisions/0096-harper-does-not-become-part-of-the-engine-now-and-q41-stands.md|docs/obligations/0076-a-generated-check-reads-its-severity-from-the-taxonomy.md|docs/how-to/diagnose-an-isolation-failure.md|docs/obligations/0088-correcting-an-identifier-is-mechanical-and-it-is-not-local.md|docs/evaluations/the-three-discovery-misses-of-2026-09-16-have-three-different-mechanisms-and-only-one-is-routing-precision.md|docs/obligations/0069-a-suppressed-finding-leaves-its-obligation-verified-and-spec-4.md|docs/process/obligations/0203-three-small-run-tooling-gaps-from-run-20260922-1121-filed-together.md|docs/obligations/0144-the-cache-identity-test-reads-the-live-working-tree-so-an-edit-during-the-run-reports-the-correctness-root-as-violated.md|docs/obligations/0143-a-specification-sentence-closes-a-set-with-a-count-the-source-exceeds-and-115-of-127-candidates-are-unchecked.md|docs/obligations/0134-the-comment-prose-defines-by-contrast-979-times-in-179-000-words-and-no-mechanism-here-performs-an-editorial-pass.md
4fe9cbe2-d061-4814-951f-18eaa7d31c1f	disjoint	2026-10-01T08:58:19Z	5046c7ca-5d4f-4be0-8532-2a95ed278447.jsonl	18	sha256:f231c3c56c7d6ed5d1179b1ceeb61796f8fa6a87c5f228c9f7e62bddd0b44ad8	docs/obligations/0149-the-write-time-hook-still-picks-pointer-lines-out-of-prose-by-their-em-dash.md|docs/obligations/0151-the-glossary-s-package-entry-omits-conformance-and-still-lists-plugins-which-367-dropped.md|docs/obligations/0164-the-regeneration-check-tests-byte-equality-before-the-marker-so-a-file-the-census-stopped-counting-as-generated-still-passes.md|docs/obligations/0036-identity-below-the-grain-of-a-document.md|docs/obligations/0072-a-cache-of-check-results-does-not-make-a-run-proportional.md	docs/obligations/0204-docs-decisions-0077-still-describes-hw-dr-0049-s-rewrite-as-pending-after-574-made-it.md|docs/obligations/0096-whether-anything-is-ever-promoted-out-of-the-asserted-tier.md|docs/how-to/diagnose-an-isolation-failure.md|docs/probe-runs/status-probe-pilot-of-2026-09-29-campaign-tier-present-arm-sufficiency.md|docs/obligations/0205-hw-obl-0002-s-sample-counts-and-voice-rs-s-own-census-predate-the-scent-role-fix-and-need-retaking.md|docs/decisions/0094-the-apt-repository-is-served-from-headwater-tools-and-signed-by-a-subkey-the-owner-s-offline-key-certifies.md|docs/obligations/0131-the-cli-crate-wires-every-verb-and-carries-no-tests-so-two-wiring-defects-passed-a-green-suite.md|docs/probe-runs/status-probe-pilot-of-2026-09-29-campaign-tier-absent-arm-sufficiency.md|docs/obligations/0049-the-meta-schema-closes-eight-value-sets-that-nothing-states.md|docs/obligations/0200-three-graded-regression-runs-are-owed-a-fresh-recording-against-a-moved-taxonomy-lock.md
429bb28a-673b-48d9-838c-6809e0cab984	disjoint	2026-09-23T09:53:02Z	84279983-664a-4790-85bb-ba4ae5bce75f.jsonl	9	sha256:017490173ab0e7552a911dc11d5b82b4ddacce91a9bd6715973bd3c7a9696cd8	docs/obligations/0081-a-published-read-set-never-says-which-instances-must-run-again.md|docs/decisions/0034-q34-whether-acceptance-means-merged-to-main-and-what-an-agent-may-write-before-that.md|docs/spec/00-vision-and-scope.md|docs/spec/13-open-obligations.md|docs/process/decisions/0002-adjudication-is-a-separate-stage-and-refusal-is-licensed.md	docs/decisions/0041-q41-whether-vale-becomes-a-declared-regime-backend.md|docs/evaluations/warrant-and-adjudication.md|docs/obligations/0204-docs-decisions-0077-still-describes-hw-dr-0049-s-rewrite-as-pending-after-574-made-it.md|docs/probes/an-agent-reaches-the-adjudication-from-the-document-that-lost-it.md|docs/obligations/0074-a-check-version-is-raised-by-hand-and-nothing-catches-a-stale.md|docs/obligations/0042-a-declared-invalid-when-reaches-no-check-and-two-live.md|docs/obligations/0099-whether-an-adjudication-is-ever-partial.md|docs/evaluations/two-triggers-one-verdict-how-this-repository-s-ci-decides-where-a-job-runs-and-what-it-trusts.md|docs/decisions/0026-q26-whether-terminality-belongs-to-a-state-or-to-a-state-and-a-regime.md|docs/evaluations/relation-storage.md
d133569b-86e0-4fdc-9939-2756b4551e63	disjoint	2026-10-01T04:56:27Z	5046c7ca-5d4f-4be0-8532-2a95ed278447.jsonl	17	sha256:ca0ad1d175f1adb68aacd7916756dc5cbc7af7824ac5c67d20d6e7f305795981	docs/probe-runs/campaign-of-2026-09-30-campaign-tier-absent-arm-discovery.md|docs/process/evaluations/two-triggers-one-verdict-how-this-repository-s-ci-decides-where-a-job-runs-and-what-it-trusts.md|docs/evaluations/theoretical-foundations.md|docs/probes/a-session-names-the-status-a-settled-decision-carries-in-its-pull-request.md|docs/reviews/core-concepts-independent-review.md	docs/process/obligations/0220-no-disk-floor-is-stated-for-a-build-order-run-and-nothing-prunes-the-cargo-pool.md|docs/spec/06-engine-architecture.md|docs/obligations/0198-nothing-states-how-much-of-a-session-s-budget-the-standing-instructions-consume-before-work-starts.md|docs/reviews/core-concepts-review-findings.md|docs/obligations/0112-a-surface-cannot-move-the-assisted-fraction-of-a-run.md|docs/obligations/0157-the-capture-report-says-two-denominators-over-a-store-that-named-seventeen-taxonomies.md|docs/process/explanations/where-a-ci-job-runs.md|docs/obligations/0072-a-cache-of-check-results-does-not-make-a-run-proportional.md|docs/decisions/0063-every-required-facet-of-a-generated-document-is-derived-and-the-emitter-composes-the-summary.md|docs/decisions/0061-q61-how-a-recorded-terminal-demonstration-is-held-against-a-run.md
67bb9972-a0a8-4ecb-b9be-c2610b172baa	disjoint	2026-10-03T02:51:15Z	19b6d2bc-015d-4b01-a550-ff6f9bb9896e.jsonl	41	sha256:2e2b15e08eca1f4de5239eb39b7fca5df55e8c84185b906d8cc3e6dad84e15fd	docs/interfaces/headwater-json.md|docs/obligations/0129-spec-12-calls-two-phase-a-outcomes-structural-findings-and-the-engine-emits-none.md|docs/probes/a-session-follows-a-citation-from-one-record-to-the-next.md|docs/how-to/rotate-or-revoke-the-apt-signing-subkey.md|docs/process/specs/orchestration-architecture.md	docs/obligations/0159-a-sentence-that-opens-with-a-hash-and-an-issue-number-is-folded-into-the-sentence-before-it.md|docs/decisions/0087-no-paragraph-limit-joins-the-language-rule-because-most-paragraphs-past-six-sentences-hold-one-topic.md|docs/obligations/0218-the-opening-sentence-of-the-self-found-list-in-spec-13-counts-forty-nine-items-in-ranges-that-do-not-match-the-list.md|docs/obligations/0179-the-commit-gate-checks-prose-with-a-binary-it-never-compares-against-the-engine-sources.md|docs/decisions/0015-a-synthesized-content-tier.md|docs/obligations/0029-what-headwater-query-takes.md|docs/decisions/0069-a-paragraph-limit-counts-sentences-under-the-language-rule-and-never-words.md|docs/decisions/0063-every-required-facet-of-a-generated-document-is-derived-and-the-emitter-composes-the-summary.md|docs/obligations/0143-a-specification-sentence-closes-a-set-with-a-count-the-source-exceeds-and-115-of-127-candidates-are-unchecked.md|docs/obligations/0014-no-probe-tests-whether-an-agent-reaches-the-adjudication-from.md
2a83dbe5-44b1-4704-afa9-2f83468dade1	disjoint	2026-09-23T09:20:22Z	84279983-664a-4790-85bb-ba4ae5bce75f.jsonl	4	sha256:577372b92bebc0e78d66399789d1f307f65dcd283f928b12d25fb666b4c7d32b	docs/obligations/0173-four-inline-gates-in-the-workflow-decide-an-exit-status-and-no-suite-provokes-one.md|docs/probe-runs/regression-probe-transcript-for-2026-09-17-after-the-probe-corrections.md|docs/how-to/diagnose-an-isolation-failure.md|docs/process/decisions/0007-a-background-wait-caps-below-the-cache-lifetime-and-re-issues-itself.md|docs/requirements/0001-the-engine-reaches-no-network-at-check-time.md	docs/decisions/0044-q44-whether-bundles-decompose-into-capabilities-and-assemblies-compose-practices.md|docs/evaluations/specifying-the-engine.md|docs/evaluations/adjacent-work.md|docs/obligations/0051-downstream-delivery-of-a-standards-corpus.md|docs/evaluations/schema-format-walkthrough.md|docs/obligations/0147-the-skills-fixture-suite-passes-on-an-empty-input-set-and-always-fails-in-a-clone-that-has-not-built-the-engine.md|docs/obligations/0198-nothing-states-how-much-of-a-session-s-budget-the-standing-instructions-consume-before-work-starts.md|docs/spec/08-design-departures.md|docs/reviews/core-concepts-review-findings.md|docs/decisions/0050-q50-where-the-visual-register-of-the-hand-built-pages-lives.md
0ca92e4c-f2ed-4b81-98cd-162a5452e0fb	disjoint	2026-10-01T03:23:01Z	247277a8-0d27-461c-b1c9-a198c9e75b3f.jsonl	4	sha256:7554d411d88fdc020aa86ca40cf0bad1d86ee928bdbb3e1749fa4b10a8fcd9e7	docs/evaluations/external-evaluation-harnesses-and-benchmarks-for-the-probe-campaign.md|docs/how-to/relocate-a-shelf.md|docs/process/explanations/where-a-ci-job-runs.md|docs/process/obligations/0209-a-build-order-dispatch-passes-no-isolation-so-a-stage-can-inherit-the-parent-worktree-as-its-working-directory.md|docs/process/evaluations/two-triggers-one-verdict-how-this-repository-s-ci-decides-where-a-job-runs-and-what-it-trusts.md	docs/decisions/0047-how-the-two-halves-of-the-site-share-one-host.md|docs/process/decisions/0022-the-verify-and-rework-loop-for-one-issue-runs-below-the-parent.md|docs/process/decisions/0010-each-release-workflow-compares-the-tag-with-the-version-its-artifact-states-and-refuses-an-empty-reading.md|docs/process/decisions/0013-self-hosted-eligibility-in-ci-is-decided-by-the-event-alone-and-a-push-to-any-branch-is-eligible.md|docs/obligations/0223-no-run-measures-whether-the-documents-under-docs-change-what-an-agent-builds.md|docs/process/obligations/0210-no-fixture-holds-the-symlink-case-of-new-worktree-sh-and-a-bare-name-of-two-dots-leaves-a-branch-behind.md|docs/process/decisions/0020-merges-go-through-the-github-merge-queue-one-squash-commit-per-pull-request.md|docs/process/decisions/0014-the-boundary-against-a-fork-is-the-approval-of-outside-runs-and-a-person-reads-a-github-diff-before-approving-one.md|docs/process/decisions/0012-the-release-workflows-are-separate-from-ci-one-tag-value-serves-both-entry-points-and-fixtures-read-them-statically.md|docs/process/obligations/0211-two-hand-remedy-lines-for-hw-cargo-in-hw-run-policy-may-no-longer-earn-their-cost-on-every-dispatch.md
fc418271-a106-4642-bb15-171d8047914c	disjoint	2026-09-22T01:34:47Z	ce1ce350-e760-5531-83da-3828c3cea74a.jsonl	3	sha256:d7fecf92ea5753090cc92bec8339473e13b0dc28b8ddceb8dcd2e8b8c3605f36	docs/requirements/0002-every-document-of-a-kind-that-requires-sections-carries-all-of-them.md|docs/interfaces/headwater-derived.md|docs/probe-runs/regression-probe-transcript-for-2026-09-17.md|docs/how-to/mine-the-shadow-mode-routing-log.md|docs/decisions/0073-a-verification-is-a-kind-and-its-identity-is-minted-rather-than-found-in-the-code-that-cites-it.md	docs/spec/07-distribution-and-federation.md|docs/spec/08-design-departures.md|docs/spec/02-taxonomy-model.md|docs/obligations/0103-the-front-matter-half-of-a-patch-has-no-writer.md|docs/evaluations/theoretical-foundations.md|docs/interfaces/headwater-explain.md|docs/interfaces/headwater-route.md|docs/interfaces/headwater-capture.md|docs/evaluations/graph-export-and-federation.md|docs/decisions/0040-q40-whether-extends-bundle-requires-and-an-overlay-s-taxonomy-key-are-a-mechanism-or-a-label.md
bb16702d-028d-4619-b056-17ef1745c6fd	disjoint	2026-10-03T00:44:08Z	19b6d2bc-015d-4b01-a550-ff6f9bb9896e.jsonl	21	sha256:192a2fd67c14a4983bad58ec7a39410970b99ad607e2cd4bd3cd07d26ce6298a	docs/evaluations/why-corpus-counts-are-derived-not-stored.md|docs/obligations/0175-two-documents-take-one-sequence-on-a-sequence-declaring-shelf-and-no-rule-reads-it.md|docs/interfaces/headwater-show.md|docs/decisions/0092-the-citation-comment-of-spec-5-is-for-an-adopter-s-corpus-and-this-repository-does-not-practice-it-on-its-own-code.md|docs/acceptance-criteria/0001-no-engine-source-outside-the-fetch-crate-names-a-network-api-and-no-crate-of-the-checking-loop-reaches-a-network-package.md	docs/decisions/0052-a-document-is-proposed-at-the-state-it-will-hold-and-the-merge-activates-it.md|docs/process/obligations/0216-two-merge-hooks-of-this-repository-print-a-resolve-flag-that-the-verb-refuses.md|docs/process/decisions/0017-ci-concurrency-is-per-ref-and-every-ref-but-main-cancels-a-superseded-run.md|docs/decisions/0021-terminological-succession-and-validity-under-merge.md|docs/obligations/0204-docs-decisions-0077-still-describes-hw-dr-0049-s-rewrite-as-pending-after-574-made-it.md|docs/process/decisions/0004-coordination-is-a-create-only-claim-and-authority-stays-on-the-tree.md|docs/decisions/0034-q34-whether-acceptance-means-merged-to-main-and-what-an-agent-may-write-before-that.md|docs/interfaces/headwater-merge-driver.md|docs/obligations/0081-a-published-read-set-never-says-which-instances-must-run-again.md|docs/spec/13-open-obligations.md
e1858bba-0a9d-418f-b700-084bf9dd3e79	disjoint	2026-09-28T01:56:56Z	e67f450b-e458-4619-8931-cecfbe1fb28e.jsonl	4	sha256:ac87bf13794d0fd48e29716507519a4d69652fc4ff8f3e6e8c6eaa8b2cc09e5a	docs/evaluations/one-clone-many-agents-how-this-repository-isolates-the-sessions-that-build-it.md|docs/how-to/cut-a-release.md|docs/decisions/0033-q33-whether-the-command-line-is-derived-and-who-a-flag-belongs-to.md|docs/obligations/0110-the-loss-census-carries-a-finding-by-substring-so-an-index-of-rules-and-paths-passes-it.md|docs/spec/glossary.md	docs/obligations/0086-an-inline-quotation-reaches-every-lexical-rule-as-this-authors.md|docs/acceptance-criteria/0002-every-required-section-of-every-governed-document-has-a-heading.md|docs/obligations/0083-the-pair-grain-absorbs-a-second-violation-inside-one-cell.md|docs/obligations/0134-the-comment-prose-defines-by-contrast-979-times-in-179-000-words-and-no-mechanism-here-performs-an-editorial-pass.md|docs/obligations/0195-a-requirement-has-no-identity-so-a-descoped-requirement-has-no-form.md|docs/obligations/0167-the-default-branch-requires-no-approving-review-which-is-the-condition-hw-dr-0034-named-as-reopening-it.md|docs/obligations/0074-a-check-version-is-raised-by-hand-and-nothing-catches-a-stale.md|docs/decisions/0087-no-paragraph-limit-joins-the-language-rule-because-most-paragraphs-past-six-sentences-hold-one-topic.md|docs/obligations/0108-an-agent-writes-the-acceptance-stamp-of-every-document-in-this-corpus.md|docs/obligations/0170-the-blank-facet-value-rule-reaches-no-obligation-so-the-report-names-none.md
b2a1cf53-7c00-4a47-9de1-ce3dcc5b56b9	disjoint	2026-09-29T11:32:05Z	2ecbf66e-2300-43c9-8c42-35118b086214.jsonl	23	sha256:4093d28f38768cffe8a7f86ec25a31b99f3985d0c8ea0217392885302390023d	docs/how-to/mine-the-shadow-mode-routing-log.md|docs/spec/01-conceptual-model.md|docs/evaluations/the-measurement-layer.md|docs/obligations/0216-two-merge-hooks-of-this-repository-print-a-resolve-flag-that-the-verb-refuses.md|docs/decisions/0052-a-document-is-proposed-at-the-state-it-will-hold-and-the-merge-activates-it.md	docs/process/decisions/0017-ci-concurrency-is-per-ref-and-every-ref-but-main-cancels-a-superseded-run.md|docs/obligations/0097-whether-the-four-modes-of-di-taxis-are-the-kind-set.md|docs/obligations/0130-the-publication-date-of-this-repository-is-unset-and-the-owner-alone-sets-it.md|docs/spec/17-orchestration-architecture.md|docs/probe-results/campaign-of-2026-09-28-documentation-tier-absent-arm-sufficiency.md|docs/probe-results/campaign-of-2026-09-28-campaign-tier-present-arm-navigability.md|docs/obligations/0205-hw-obl-0002-s-sample-counts-and-voice-rs-s-own-census-predate-the-scent-role-fix-and-need-retaking.md|docs/obligations/0008-an-adoption-payload-has-a-first-reading-and-no-elapsed-time.md|docs/probe-results/campaign-of-2026-09-28-campaign-tier-present-arm-sufficiency.md|docs/probe-results/campaign-of-2026-09-28-campaign-tier-absent-arm-navigability.md
1f8c1568-4aab-45ee-aeca-dd23a0989173	disjoint	2026-10-02T10:40:58Z	fceea6f0-d151-49fc-830a-7ed8d60e826c.jsonl	6	sha256:d7644a4316bd8c898a955532c5454e881a6cb2fdd8719c8db9fa8aa4f4ce8300	docs/verifications/0001-the-section-heading-rule-has-no-case-table-and-a-golden-fixture-report-is-what-proves-it-runs.md|docs/obligations/0120-no-reader-takes-a-waiver-against-a-check-finding-so-one-arm-of-the-escape-partition-is-empty.md|docs/how-to/wire-headwater-check-into-your-own-workflow.md|docs/decisions/0097-a-figure-on-a-hand-built-page-is-measured-when-the-site-is-published-and-the-committed-page-carries-none.md|docs/requirements/0001-the-engine-reaches-no-network-at-check-time.md	docs/obligations/0042-a-declared-invalid-when-reaches-no-check-and-two-live.md|docs/obligations/0050-a-relation-that-declares-no-cardinality-has-no-stated-default.md|docs/obligations/0075-a-participation-expectation-needs-depth-one-and-edge.md|docs/how-to/diagnose-an-isolation-failure.md|docs/process/obligations/0203-three-small-run-tooling-gaps-from-run-20260922-1121-filed-together.md|docs/obligations/0218-the-opening-sentence-of-the-self-found-list-in-spec-13-counts-forty-nine-items-in-ranges-that-do-not-match-the-list.md|docs/obligations/0187-the-registered-deviation-edge-of-the-compliance-tradition-cannot-be-declared.md|docs/obligations/0086-an-inline-quotation-reaches-every-lexical-rule-as-this-authors.md|docs/obligations/0164-the-regeneration-check-tests-byte-equality-before-the-marker-so-a-file-the-census-stopped-counting-as-generated-still-passes.md|docs/obligations/0170-the-blank-facet-value-rule-reaches-no-obligation-so-the-report-names-none.md
b44312f2-3934-4a12-a823-930ef54143ac	disjoint	2026-09-25T09:56:16Z	861a7465-84b5-4b32-9982-e09f9f38010c.jsonl	44	sha256:46bcca9ee70553dbc1bfcaa34ebc9e4cf319ca5d4e983c88a5874fdb0bce99a6	docs/how-to/mine-the-shadow-mode-routing-log.md|docs/interfaces/headwater-merge-driver.md|docs/probes/a-session-records-an-unmeasured-claim-in-the-shape-this-corpus-checks.md|docs/decisions/0034-q34-whether-acceptance-means-merged-to-main-and-what-an-agent-may-write-before-that.md|docs/obligations/0207-the-plan-usage-of-one-issue-is-known-only-as-the-average-of-its-run.md	docs/evaluations/schema-format-walkthrough.md|docs/obligations/0204-docs-decisions-0077-still-describes-hw-dr-0049-s-rewrite-as-pending-after-574-made-it.md|docs/obligations/0203-three-small-run-tooling-gaps-from-run-20260922-1121-filed-together.md|docs/obligations/0161-the-validation-block-of-mkdocs-yml-is-a-gate-this-repository-owns-and-no-fixture-drives.md|docs/probes/an-agent-reaches-the-adjudication-from-the-document-that-lost-it.md|docs/obligations/0019-whether-any-corpus-needs-a-second-export-profile.md|docs/reviews/core-concepts-review-findings.md|docs/obligations/0211-two-hand-remedy-lines-for-hw-cargo-in-hw-run-policy-may-no-longer-earn-their-cost-on-every-dispatch.md|docs/probe-runs/regression-probe-transcript-for-2026-09-11.md|docs/obligations/0176-a-blessed-fixture-is-read-by-a-sibling-case-that-runs-while-the-write-truncates-it.md
13dc3601-c7ec-4688-b6d0-478796c04e7c	disjoint	2026-10-02T09:31:35Z	1f8ffc5b-6498-4c89-ac19-72928092f21b.jsonl	18	sha256:d9213d0dd9d9e9b3983aadc9cebb2fa3f05b4b720b9722256c5d08734371b8f4	docs/decisions/0095-q67-one-library-entry-may-address-the-keys-of-an-entry-it-names-in-requires-and-confluence-holds-over-the-dependency-order.md|docs/obligations/0158-clap-owns-the-help-flag-so-h-help-reads-print-help-on-all-32-verb-pages.md|docs/acceptance-criteria/0004-each-list-anchor-in-the-native-export-carries-its-sorted-members-and-a-single-pattern-carries-none.md|docs/spec/15-the-recorder-contract.md|docs/probe-runs/campaign-pilot-of-2026-09-28-campaign-tier-absent-arm-sufficiency.md	docs/reviews/core-concepts-review-findings.md|docs/obligations/0008-an-adoption-payload-has-a-first-reading-and-no-elapsed-time.md|docs/obligations/0097-whether-the-four-modes-of-di-taxis-are-the-kind-set.md|docs/evaluations/schema-format-walkthrough.md|docs/obligations/0102-two-documents-state-what-voids-a-verdict-and-they-do-not.md|docs/decisions/0011-license-and-distribution-posture.md|docs/decisions/0041-q41-whether-vale-becomes-a-declared-regime-backend.md|docs/decisions/0044-q44-whether-bundles-decompose-into-capabilities-and-assemblies-compose-practices.md|docs/process/obligations/0211-two-hand-remedy-lines-for-hw-cargo-in-hw-run-policy-may-no-longer-earn-their-cost-on-every-dispatch.md|docs/obligations/0096-whether-anything-is-ever-promoted-out-of-the-asserted-tier.md
52233e1e-29e1-461b-9b29-57f32df1cd72	disjoint	2026-10-02T10:44:42Z	fceea6f0-d151-49fc-830a-7ed8d60e826c.jsonl	9	sha256:2e82dce3eb00e7dbad33816009f3b80d584b8c01aebff58457c817425600c769	docs/decisions/0055-a-hook-reads-a-wire-format-through-the-engine-and-not-through-an-interpreter.md|docs/acceptance-criteria/0001-no-engine-source-outside-the-fetch-crate-names-a-network-api-and-no-crate-of-the-checking-loop-reaches-a-network-package.md|docs/interfaces/headwater-init.md|docs/obligations/0087-fixable-has-two-readings-inside-one-engine.md|docs/how-to/diagnose-an-isolation-failure.md	docs/process/obligations/0203-three-small-run-tooling-gaps-from-run-20260922-1121-filed-together.md|docs/spec/13-open-obligations.md|docs/obligations/0132-survey-the-wiring-decisions-of-main-rs-verb-by-verb-and-cover-the-quiet-ones.md|docs/process/obligations/0224-thirteen-run-tooling-gaps-from-run-20260928-1109-filed-together.md|docs/process/obligations/0227-seven-run-tooling-gaps-from-run-20260929-2201-filed-together.md|docs/process/obligations/0225-eight-run-tooling-gaps-from-run-20260929-1205-filed-together.md|docs/decisions/0007-scope-of-the-mcp-surface.md|docs/process/decisions/0008-the-board-has-an-owner-of-its-structure-and-its-milestones-are-capped-versions.md|docs/decisions/0085-a-live-document-that-rests-on-a-draft-one-is-reported-over-every-relation-because-a-draft-leaves-no-record-to-cite.md|docs/obligations/0136-seven-rustdoc-relative-links-in-comments-point-at-pages-the-doc-tree-does-not-have.md
f1e5eb7c-fdf0-49ab-bd73-6726838c650f	disjoint	2026-09-23T07:12:15Z	443003b8-7ba4-4f4c-875d-9f3402fc5c40.jsonl	3	sha256:959f8d9ba448bf39255083f99064085e3b3f0d5581b3876da7bb4cf492f8e5ef	docs/requirements/0001-the-engine-reaches-no-network-at-check-time.md|docs/spec/00-vision-and-scope.md|docs/how-to/diagnose-an-isolation-failure.md|docs/process/decisions/0007-a-background-wait-caps-below-the-cache-lifetime-and-re-issues-itself.md|docs/obligations/0112-a-surface-cannot-move-the-assisted-fraction-of-a-run.md	docs/obligations/0198-nothing-states-how-much-of-a-session-s-budget-the-standing-instructions-consume-before-work-starts.md|docs/spec/13-open-obligations.md|docs/interfaces/headwater-route.md|docs/probes/the-pointer-this-corpus-offers-for-a-task-is-the-document-a-session-opens.md|docs/probes/a-session-records-an-unmeasured-claim-in-the-shape-this-corpus-checks.md|docs/obligations/0182-the-publish-crates-retry-loop-has-no-retry-ceiling.md|docs/obligations/0008-an-adoption-payload-has-a-first-reading-and-no-elapsed-time.md|docs/obligations/0145-the-ci-job-named-advisory-carries-every-blocking-shell-suite-in-the-repository.md|docs/process/decisions/0004-coordination-is-a-create-only-claim-and-authority-stays-on-the-tree.md|docs/decisions/0070-the-matched-purposes-take-turns-at-a-route-budget-and-each-pointer-states-what-reached-it.md
ef3076ca-8ab7-4285-a6e7-2b124e6bd5bc	disjoint	2026-09-27T04:26:41Z	5ae8aa55-c9a2-4b69-b1e5-5af6554f1f69.jsonl	2	sha256:f2c0ef001047651e4422c85b726b0071ae43f0b5dcf5fcc19d396fbdb5aacd30	docs/evaluations/the-build-order-as-a-multi-agent-system.md|docs/obligations/0070-one-of-the-four-warrant-values-has-no-instance-in-this-corpus.md|docs/reviews/ste-editorial-pass-findings.md|docs/obligations/0089-a-profile-names-its-rules-and-never-states-them.md|docs/evaluations/why-corpus-counts-are-derived-not-stored.md	docs/obligations/0135-repo-cleanup-names-one-cause-for-a-gone-upstream-and-this-repository-produced-a-second.md|docs/obligations/0167-the-default-branch-requires-no-approving-review-which-is-the-condition-hw-dr-0034-named-as-reopening-it.md|docs/obligations/0175-two-documents-take-one-sequence-on-a-sequence-declaring-shelf-and-no-rule-reads-it.md|docs/interfaces/headwater-merge-driver.md|docs/probe-runs/regression-probe-transcript-for-2026-09-16.md|docs/obligations/0150-a-current-decision-declares-no-required-edge-to-the-document-it-settled-so-22-of-23-reach-no-specification-at-all.md|docs/decisions/0054-the-upper-bound-of-a-reconcile-first-allocator-is-the-corpus-and-a-claim-store.md|docs/decisions/0009-multi-repository-corpora.md|docs/obligations/0161-the-validation-block-of-mkdocs-yml-is-a-gate-this-repository-owns-and-no-fixture-drives.md|docs/obligations/0210-no-fixture-holds-the-symlink-case-of-new-worktree-sh-and-a-bare-name-of-two-dots-leaves-a-branch-behind.md
4e9180bc-7a9c-4413-aeda-e050a5f861f4	disjoint	2026-09-23T09:02:09Z	84279983-664a-4790-85bb-ba4ae5bce75f.jsonl	3	sha256:4dcf5a8546377bd5527dff83045135c538e56553a9bcd2d823bdc63cdf891dd5	docs/obligations/0127-a-deletion-is-invisible-where-the-version-that-stood-there-does-not-parse.md|docs/decisions/0034-q34-whether-acceptance-means-merged-to-main-and-what-an-agent-may-write-before-that.md|docs/spec/00-vision-and-scope.md|docs/spec/13-open-obligations.md|docs/process/decisions/0002-adjudication-is-a-separate-stage-and-refusal-is-licensed.md	docs/evaluations/warrant-and-adjudication.md|docs/decisions/0020-where-scent-lives.md|docs/obligations/0099-whether-an-adjudication-is-ever-partial.md|docs/obligations/0042-a-declared-invalid-when-reaches-no-check-and-two-live.md|docs/evaluations/relation-storage.md|docs/evaluations/two-triggers-one-verdict-how-this-repository-s-ci-decides-where-a-job-runs-and-what-it-trusts.md|docs/obligations/0081-a-published-read-set-never-says-which-instances-must-run-again.md|docs/decisions/0026-q26-whether-terminality-belongs-to-a-state-or-to-a-state-and-a-regime.md|docs/process/decisions/0004-coordination-is-a-create-only-claim-and-authority-stays-on-the-tree.md|docs/obligations/0150-a-current-decision-declares-no-required-edge-to-the-document-it-settled-so-22-of-23-reach-no-specification-at-all.md
1edbe49c-f15b-4e7d-be4d-e96186e5aadd	disjoint	2026-09-28T09:12:42Z	94bce3bc-e351-4c4e-994b-4af053609952.jsonl	7	sha256:00f2ce3b346e5cba830e424afd2cd355c1242446abc0317f43e1704cbbd51850	docs/decisions/0060-the-engine-s-version-stays-one-number-and-a-build-s-exact-commit-is-a-separate-unwired-fact.md|docs/obligations/0026-the-operational-shape-of-a-hosted-server-is-unstated.md|docs/acceptance-criteria/0002-every-required-section-of-every-governed-document-has-a-heading.md|docs/spec/12-check-layer.md|docs/how-to/diagnose-an-isolation-failure.md	docs/obligations/0205-hw-obl-0002-s-sample-counts-and-voice-rs-s-own-census-predate-the-scent-role-fix-and-need-retaking.md|docs/obligations/0130-the-publication-date-of-this-repository-is-unset-and-the-owner-alone-sets-it.md|docs/evaluations/the-build-order-as-a-multi-agent-system.md|docs/decisions/0031-q31-whether-this-repository-becomes-public-and-when.md|docs/obligations/0204-docs-decisions-0077-still-describes-hw-dr-0049-s-rewrite-as-pending-after-574-made-it.md|docs/obligations/0057-a-retrofit-cannot-recover-the-two-dates-or-the-acceptance.md|docs/obligations/0182-the-publish-crates-retry-loop-has-no-retry-ceiling.md|docs/probe-runs/regression-probe-transcript-for-2026-09-11.md|docs/obligations/0207-the-plan-usage-of-one-issue-is-known-only-as-the-average-of-its-run.md|docs/spec/17-orchestration-architecture.md
8c0a8760-cad9-4306-bd72-f0984077fc70	disjoint	2026-09-22T11:04:35Z	0110b570-fdb7-4562-b3ee-2d5c60185d7c.jsonl	2	sha256:c1dd3864c12d7388603e0e07077a22206024ed111efc235eddba75230f2b49ed	docs/reviews/the-sixty-four-restored-help-strings-checked-against-the-binary.md|docs/how-to/mine-the-shadow-mode-routing-log.md|docs/obligations/0183-no-mechanism-holds-a-committed-binary-asset-against-a-run.md|docs/spec/08-design-departures.md|docs/decisions/0072-the-binary-is-the-only-interface-an-adopter-must-run-and-every-integration-point-outside-it-is-declared.md	docs/interfaces/headwater-probe.md|docs/obligations/0164-the-regeneration-check-tests-byte-equality-before-the-marker-so-a-file-the-census-stopped-counting-as-generated-still-passes.md|docs/obligations/0187-the-registered-deviation-edge-of-the-compliance-tradition-cannot-be-declared.md|docs/decisions/0060-the-engine-s-version-stays-one-number-and-a-build-s-exact-commit-is-a-separate-unwired-fact.md|docs/obligations/0178-the-every-instance-report-detail-reaches-four-test-files-and-no-caller-outside-them.md|docs/obligations/0042-a-declared-invalid-when-reaches-no-check-and-two-live.md|docs/obligations/0061-an-anchor-resolver-normalizes-and-nothing-states-how.md|docs/obligations/0131-the-cli-crate-wires-every-verb-and-carries-no-tests-so-two-wiring-defects-passed-a-green-suite.md|docs/obligations/0075-a-participation-expectation-needs-depth-one-and-edge.md|docs/obligations/0133-two-test-helpers-key-a-scratch-directory-on-the-pid-alone-and-the-race-springs-on-the-next-case-added.md
8d3cb90f-5454-427e-9763-5ca7e05ead11	disjoint	2026-09-23T09:32:08Z	84279983-664a-4790-85bb-ba4ae5bce75f.jsonl	7	sha256:598793f63b16617370b0fd9d5efbefff2fdbcc8e109641b51b92403f3af3743a	docs/spec/09-open-questions.md|docs/interfaces/headwater-derived.md|docs/obligations/0164-the-regeneration-check-tests-byte-equality-before-the-marker-so-a-file-the-census-stopped-counting-as-generated-still-passes.md|docs/acceptance-criteria/0001-no-source-file-of-the-engine-names-a-network-api-and-no-locked-dependency-provides-one.md|docs/decisions/0073-a-verification-is-a-kind-and-its-identity-is-minted-rather-than-found-in-the-code-that-cites-it.md	docs/interfaces/headwater-new.md|docs/obligations/0104-a-governs-edge-reaches-the-path-it-names-and-nothing.md|docs/decisions/0050-q50-where-the-visual-register-of-the-hand-built-pages-lives.md|docs/obligations/0045-what-shelf-expands-to-in-a-projection-output.md|docs/obligations/0138-the-rest-of-the-editorial-pass-with-cli-src-main-rs-at-the-head-of-the-distribution.md|docs/decisions/0039-q39-how-a-figure-reaches-a-hand-built-page.md|docs/obligations/0105-nothing-plays-the-hook-role-that-two-relations-name.md|docs/spec/15-the-recorder-contract.md|docs/decisions/0081-the-hand-authored-decision-register-indexes-a-subset-of-the-shelf-and-stops-asserting-it-supersedes-the-complete-one.md|docs/decisions/0033-q33-whether-the-command-line-is-derived-and-who-a-flag-belongs-to.md
b4200128-b6ca-4b4e-baa4-c3dca3f0e9c1	disjoint	2026-10-02T03:13:29Z	3f33c00e-e7c1-58c3-a5d7-1a3fac2f271f.jsonl	10	sha256:84fc17fe6d4430a04b70e1d87e64cbad25b1202921303086b88f27a92b425a2f	docs/evaluations/external-evaluation-harnesses-and-benchmarks-for-the-probe-campaign.md|docs/how-to/relocate-a-shelf.md|docs/interfaces/headwater-export.md|docs/obligations/0030-the-provenance-block-belongs-to-the-engine-and-nothing-states.md|docs/probe-results/regression-probe-transcript-for-2026-09-17-after-the-probe-corrections.md	docs/decisions/0097-a-figure-on-a-hand-built-page-is-measured-when-the-site-is-published-and-the-committed-page-carries-none.md|docs/decisions/0031-q31-whether-this-repository-becomes-public-and-when.md|docs/how-to/cut-a-release.md|docs/process/obligations/0227-seven-run-tooling-gaps-from-run-20260929-2201-filed-together.md|docs/interfaces/headwater-infer.md|docs/decisions/0009-multi-repository-corpora.md|docs/obligations/0008-an-adoption-payload-has-a-first-reading-and-no-elapsed-time.md|docs/obligations/0223-no-run-measures-whether-the-documents-under-docs-change-what-an-agent-builds.md|docs/obligations/0115-a-pinned-digest-authenticates-the-pin-and-never-the-publisher.md|docs/obligations/0019-whether-any-corpus-needs-a-second-export-profile.md
d04cc669-d72f-4b82-a192-23a0d4973112	disjoint	2026-09-30T11:38:08Z	1338ac1e-5046-4dce-9ea3-0064ffdac44d.jsonl	23	sha256:188dadbd5006391ebd947526ad832f2139a43c69c2e001a99a38fccd5ab134e7	docs/process/evaluations/one-clone-many-agents-how-this-repository-isolates-the-sessions-that-build-it.md|docs/decisions/0055-a-hook-reads-a-wire-format-through-the-engine-and-not-through-an-interpreter.md|docs/obligations/0184-nothing-states-why-the-vendored-package-root-is-visible-in-an-adopter-tree.md|docs/interfaces/headwater-taxonomy.md|docs/requirements/0002-every-document-of-a-kind-that-requires-sections-carries-all-of-them.md	docs/obligations/0110-the-loss-census-carries-a-finding-by-substring-so-an-index-of-rules-and-paths-passes-it.md|docs/obligations/0095-whether-the-rdf-emitter-carries-owl-inverseof.md|docs/obligations/0069-a-suppressed-finding-leaves-its-obligation-verified-and-spec-4.md|docs/obligations/0199-an-observation-snapshot-records-a-commit-and-nothing-reads-it-back.md|docs/obligations/0143-a-specification-sentence-closes-a-set-with-a-count-the-source-exceeds-and-115-of-127-candidates-are-unchecked.md|docs/decisions/0032-q32-which-test-the-self-audit-label-states.md|docs/evaluations/a-probe-task-section-is-the-prompt-so-commentary-under-that-heading-is-prompt.md|docs/reviews/core-concepts-findings-assessment.md|docs/obligations/0007-no-count-exists-of-adopters-who-stopped-at-the-license-terms.md|docs/obligations/0108-an-agent-writes-the-acceptance-stamp-of-every-document-in-this-corpus.md
956916dc-fc85-4358-b63f-a6d1552d0577	disjoint	2026-09-29T10:53:14Z	2ecbf66e-2300-43c9-8c42-35118b086214.jsonl	21	sha256:ce3f5e6e39536361338b9a11d90039fe06a5a59ebf4cfccb211d1dfa4add7702	docs/evaluations/language-spike-results.md|docs/how-to/wire-headwater-check-into-your-own-workflow.md|docs/interfaces/headwater-check.md|docs/obligations/0076-a-generated-check-reads-its-severity-from-the-taxonomy.md|docs/verifications/0001-the-section-heading-rule-has-no-case-table-and-a-golden-fixture-report-is-what-proves-it-runs.md	docs/reviews/core-concepts-review-findings.md|docs/evaluations/the-pointer-probe-grades-a-session-against-the-router-s-own-first-pick-so-a-correct-session-that-declines-a-wrong-pointer-fails.md|docs/obligations/0144-the-cache-identity-test-reads-the-live-working-tree-so-an-edit-during-the-run-reports-the-correctness-root-as-violated.md|docs/decisions/0041-q41-whether-vale-becomes-a-declared-regime-backend.md|docs/obligations/0204-docs-decisions-0077-still-describes-hw-dr-0049-s-rewrite-as-pending-after-574-made-it.md|docs/obligations/0136-seven-rustdoc-relative-links-in-comments-point-at-pages-the-doc-tree-does-not-have.md|docs/obligations/0020-whether-a-solution-corpus-vendors-each-source-export.md|docs/evaluations/harper-spike-results.md|docs/obligations/0102-two-documents-state-what-voids-a-verdict-and-they-do-not.md|docs/obligations/0069-a-suppressed-finding-leaves-its-obligation-verified-and-spec-4.md
d2f2e4be-1d55-421e-b5eb-e10485a8dca1	disjoint	2026-10-02T07:19:10Z	1f8ffc5b-6498-4c89-ac19-72928092f21b.jsonl	3	sha256:ae78d9b982e022fd9980904bebce452387682da2d1e19d015a7712f576cbadaf	docs/process/explanations/where-a-ci-job-runs.md|docs/obligations/0144-the-cache-identity-test-reads-the-live-working-tree-so-an-edit-during-the-run-reports-the-correctness-root-as-violated.md|docs/probe-runs/campaign-of-2026-09-30-campaign-tier-absent-arm-discovery.md|docs/how-to/keep-derived-files-from-conflicting-in-parallel-pull-requests.md|docs/interfaces/headwater-mcp.md	docs/acceptance-criteria/0001-no-engine-source-outside-the-fetch-crate-names-a-network-api-and-no-crate-of-the-checking-loop-reaches-a-network-package.md|docs/process/decisions/0019-ci-runs-actions-from-the-actions-organization-only-and-carries-no-build-state-between-self-hosted-jobs.md|docs/obligations/0026-the-operational-shape-of-a-hosted-server-is-unstated.md|docs/obligations/0133-two-test-helpers-key-a-scratch-directory-on-the-pid-alone-and-the-race-springs-on-the-next-case-added.md|docs/process/obligations/0206-hw-run-policy-names-a-worktree-add-workaround-that-write-edit-refuses-under-this-harness.md|docs/decisions/0001-implementation-language.md|docs/process/evaluations/two-triggers-one-verdict-how-this-repository-s-ci-decides-where-a-job-runs-and-what-it-trusts.md|docs/process/decisions/0008-the-board-has-an-owner-of-its-structure-and-its-milestones-are-capped-versions.md|docs/decisions/0102-an-editor-integration-starts-headwater-mcp-for-each-query-and-does-not-embed-the-library.md|docs/requirements/0001-the-engine-reaches-no-network-at-check-time.md
d8844170-3d6d-44d8-9f1a-f1c84dc012b4	disjoint	2026-09-28T08:07:51Z	94bce3bc-e351-4c4e-994b-4af053609952.jsonl	5	sha256:00f2ce3b346e5cba830e424afd2cd355c1242446abc0317f43e1704cbbd51850	docs/decisions/0060-the-engine-s-version-stays-one-number-and-a-build-s-exact-commit-is-a-separate-unwired-fact.md|docs/obligations/0026-the-operational-shape-of-a-hosted-server-is-unstated.md|docs/acceptance-criteria/0002-every-required-section-of-every-governed-document-has-a-heading.md|docs/spec/12-check-layer.md|docs/how-to/diagnose-an-isolation-failure.md	docs/obligations/0205-hw-obl-0002-s-sample-counts-and-voice-rs-s-own-census-predate-the-scent-role-fix-and-need-retaking.md|docs/obligations/0130-the-publication-date-of-this-repository-is-unset-and-the-owner-alone-sets-it.md|docs/evaluations/the-build-order-as-a-multi-agent-system.md|docs/decisions/0031-q31-whether-this-repository-becomes-public-and-when.md|docs/obligations/0204-docs-decisions-0077-still-describes-hw-dr-0049-s-rewrite-as-pending-after-574-made-it.md|docs/obligations/0057-a-retrofit-cannot-recover-the-two-dates-or-the-acceptance.md|docs/obligations/0182-the-publish-crates-retry-loop-has-no-retry-ceiling.md|docs/probe-runs/regression-probe-transcript-for-2026-09-11.md|docs/obligations/0207-the-plan-usage-of-one-issue-is-known-only-as-the-average-of-its-run.md|docs/spec/17-orchestration-architecture.md
4abca0ca-d947-47d1-8cbc-b95f2fa067c2	disjoint	2026-10-03T01:23:51Z	19b6d2bc-015d-4b01-a550-ff6f9bb9896e.jsonl	22	sha256:4b4a1638c43f29eddf6eac28f684a1e83a6842ee78143ad2e495ffa61f2cfc9d	docs/probe-results/regression-probe-transcript-for-2026-09-17-after-the-probe-corrections.md|docs/process/obligations/0207-the-plan-usage-of-one-issue-is-known-only-as-the-average-of-its-run.md|docs/how-to/mine-the-shadow-mode-routing-log.md|docs/spec/02-taxonomy-model.md|docs/evaluations/warrant-and-adjudication.md	docs/process/obligations/0216-two-merge-hooks-of-this-repository-print-a-resolve-flag-that-the-verb-refuses.md|docs/decisions/0052-a-document-is-proposed-at-the-state-it-will-hold-and-the-merge-activates-it.md|docs/decisions/0034-q34-whether-acceptance-means-merged-to-main-and-what-an-agent-may-write-before-that.md|docs/process/decisions/0017-ci-concurrency-is-per-ref-and-every-ref-but-main-cancels-a-superseded-run.md|docs/spec/13-open-obligations.md|docs/decisions/0021-terminological-succession-and-validity-under-merge.md|docs/obligations/0097-whether-the-four-modes-of-di-taxis-are-the-kind-set.md|docs/reviews/core-concepts-review-findings.md|docs/process/decisions/0020-merges-go-through-the-github-merge-queue-one-squash-commit-per-pull-request.md|docs/probes/a-session-names-the-status-a-settled-decision-carries-in-its-pull-request.md
917ffd11-b4c4-48a0-9c7b-85efdc2bd45a	disjoint	2026-09-24T07:40:24Z	57161408-dec9-4ef1-bab2-7289a3dcd248.jsonl	51	sha256:c411ae5c09a70db9717b37c5b3ea42126eb2c3ccb003e7e1d238ba276e26ecf9	docs/decisions/0077-the-consumer-surface-is-what-an-adopter-receives-runs-and-must-have-installed-and-it-is-a-closed-and-declared-list.md|docs/evaluations/specifying-the-engine.md|docs/how-to/diagnose-an-isolation-failure.md|docs/interfaces/headwater-sweep.md|docs/obligations/0132-survey-the-wiring-decisions-of-main-rs-verb-by-verb-and-cover-the-quiet-ones.md	docs/obligations/0205-hw-obl-0002-s-sample-counts-and-voice-rs-s-own-census-predate-the-scent-role-fix-and-need-retaking.md|docs/obligations/0108-an-agent-writes-the-acceptance-stamp-of-every-document-in-this-corpus.md|docs/decisions/0024-q24-readability-and-what-a-sweep-can-be-asked-about.md|docs/obligations/0185-whether-an-admitted-library-entry-may-require-a-bundle-that-admission-refuses.md|docs/obligations/0188-the-negative-compliance-edge-and-the-governance-precedence-clause-contradict.md|docs/obligations/0039-a-participation-expectation-names-one-target-kind.md|docs/obligations/0069-a-suppressed-finding-leaves-its-obligation-verified-and-spec-4.md|docs/probes/a-session-records-an-unmeasured-claim-in-the-shape-this-corpus-checks.md|docs/obligations/0187-the-registered-deviation-edge-of-the-compliance-tradition-cannot-be-declared.md|docs/probes/what-a-session-writes-points-back-at-the-ruling-it-rests-on.md
7c3c2c97-e209-49b8-ac45-fa0bc590ca6d	disjoint	2026-09-30T13:35:39Z	5046c7ca-5d4f-4be0-8532-2a95ed278447.jsonl	2	sha256:532b3c55ac7187e3cf01a3930d76b4c0a7354cdd6eb9983e086a2d413fdf407d	docs/how-to/relocate-a-shelf.md|docs/how-to/rotate-or-revoke-the-apt-signing-subkey.md	docs/verifications/0001-the-section-heading-rule-has-no-case-table-and-a-golden-fixture-report-is-what-proves-it-runs.md|docs/obligations/0044-a-generated-index-labels-a-document-with-its-identifier.md|docs/interfaces/headwater-neighbors.md|docs/probe-runs/regression-probe-transcript-for-2026-09-17-after-the-probe-corrections.md|docs/decisions/0036-q36-which-of-mkdocs-docusaurus-or-astro-this-corpus-emits-navigation-for-and-why.md|docs/decisions/0059-a-transform-over-a-harness-session-log-is-an-observed-transcript-when-the-log-arrives-by-a-channel-the-model-cannot-write-to.md|docs/obligations/0030-the-provenance-block-belongs-to-the-engine-and-nothing-states.md|docs/evaluations/theoretical-foundations.md|docs/probe-runs/regression-probe-transcript-for-2026-09-11.md|docs/obligations/0192-assumptions-that-a-library-entry-takes-where-the-specification-does-not-speak.md
2efcc159-dca6-4d05-a058-b0af24708eb2	disjoint	2026-09-25T09:37:05Z	18ae258b-c56a-4949-83fa-f47e28900768.jsonl	1	sha256:f677163cef95879aedafa3ffa1d9c8d1fd9f50edc905a028db2f933cb89aa0c5	docs/decisions/0046-migrating-from-version-carries-a-semver-and-a-release-digest-kept-as-separate-fields.md|docs/process/decisions/0002-adjudication-is-a-separate-stage-and-refusal-is-licensed.md|docs/decisions/0048-the-served-sitemap-is-derived-from-the-served-directory.md|docs/process/decisions/0004-coordination-is-a-create-only-claim-and-authority-stays-on-the-tree.md|docs/decisions/0080-q66-the-corpus-dashboard-ships-free-and-self-hosted-with-tenant-isolation-stated-as-a-data-model-constraint-from-day-one.md	docs/requirements/0001-the-engine-reaches-no-network-at-check-time.md|docs/acceptance-criteria/0001-no-source-file-of-the-engine-names-a-network-api-and-no-locked-dependency-provides-one.md|docs/obligations/0019-whether-any-corpus-needs-a-second-export-profile.md|docs/obligations/0077-a-fragment-on-a-path-needs-a-grain-that-no-scope-supplies.md|docs/obligations/0096-whether-anything-is-ever-promoted-out-of-the-asserted-tier.md|docs/decisions/0019-inbound-integration-an-external-system-of-record.md|docs/obligations/0211-two-hand-remedy-lines-for-hw-cargo-in-hw-run-policy-may-no-longer-earn-their-cost-on-every-dispatch.md|docs/obligations/0165-a-rendered-page-gate-greps-for-a-string-it-requires-and-states-no-denominator-so-an-empty-build-passes-it.md|docs/decisions/0025-q25-where-the-namespace-goes-in-an-identifier-and-who-declares-it.md|docs/decisions/0047-how-the-two-halves-of-the-site-share-one-host.md
2bd543e8-7824-4c6d-a80b-c3f4e086a776	disjoint	2026-10-02T03:20:49Z	50652494-9d42-402c-89b8-27a43100f4bd.jsonl	26	sha256:395b61421c970d3cef3516b7dfbf8023c8b784ffb0d4e4af5c2bedc92b41fb68	docs/subsystems/authoring.md|docs/obligations/0228-the-subsystem-specs-claim-evidence-their-targets-do-not-carry-and-two-rules-of-the-shelf-live-only-in-a-test.md|docs/evaluations/governs-edges-what-an-anchor-reaches-what-covers-it-when-it-ages-and-where-a-session-meets-it.md|docs/how-to/mine-the-shadow-mode-routing-log.md|docs/acceptance-criteria/0002-every-required-section-of-every-governed-document-has-a-heading.md	docs/obligations/0126-every-asserted-document-carries-the-freshness-date-that-spec-3-says-it-cannot.md|docs/obligations/0038-a-corpus-that-never-runs-generate-check-has-no-test.md|docs/decisions/0073-a-verification-is-a-kind-and-its-identity-is-minted-rather-than-found-in-the-code-that-cites-it.md|docs/obligations/0030-the-provenance-block-belongs-to-the-engine-and-nothing-states.md|docs/obligations/0069-a-suppressed-finding-leaves-its-obligation-verified-and-spec-4.md|docs/obligations/0075-a-participation-expectation-needs-depth-one-and-edge.md|docs/obligations/0144-the-cache-identity-test-reads-the-live-working-tree-so-an-edit-during-the-run-reports-the-correctness-root-as-violated.md|docs/obligations/0052-a-document-has-no-identifier-and-every-relation-target-must.md|docs/obligations/0215-a-bless-run-of-the-conformance-render-tests-races-two-tests-over-one-fixture-file.md|docs/decisions/0034-q34-whether-acceptance-means-merged-to-main-and-what-an-agent-may-write-before-that.md
4626b769-c921-4189-945d-4d287ed5791e	disjoint	2026-10-02T10:06:59Z	fceea6f0-d151-49fc-830a-7ed8d60e826c.jsonl	4	sha256:0a02249b4b3354b9218bcf94326a9d932e2f2aa14284aaadb4c2781d166822c0	docs/how-to/publish-your-corpus-as-a-site.md|docs/evaluations/governs-edges-what-an-anchor-reaches-what-covers-it-when-it-ages-and-where-a-session-meets-it.md|docs/process/obligations/0207-the-plan-usage-of-one-issue-is-known-only-as-the-average-of-its-run.md|docs/decisions/0083-governs-and-traces-to-are-created-by-an-agent-because-a-session-proposes-the-line-and-a-person-types-it.md|docs/acceptance-criteria/0003-check-reports-a-document-path-written-as-a-relation-target-once-in-every-spelling-and-through-a-symlink.md	docs/interfaces/headwater-show.md|docs/process/obligations/0203-three-small-run-tooling-gaps-from-run-20260922-1121-filed-together.md|docs/process/obligations/0225-eight-run-tooling-gaps-from-run-20260929-1205-filed-together.md|docs/interfaces/headwater-sweep.md|docs/decisions/0038-q38-which-link-relation-a-rendered-page-carries-to-the-served-corpus-descriptor.md|docs/obligations/0176-a-blessed-fixture-is-read-by-a-sibling-case-that-runs-while-the-write-truncates-it.md|docs/obligations/0029-what-headwater-query-takes.md|docs/process/obligations/0220-no-disk-floor-is-stated-for-a-build-order-run-and-nothing-prunes-the-cargo-pool.md|docs/interfaces/headwater-check.md|docs/process/obligations/0224-thirteen-run-tooling-gaps-from-run-20260928-1109-filed-together.md
88d5f4e6-7bb2-43bd-8461-39d27f641790	disjoint	2026-09-29T10:40:48Z	2ecbf66e-2300-43c9-8c42-35118b086214.jsonl	18	sha256:6aaee9f893071ffc533ce0b4589320054131bc00a577bd507d8eee224915dcb2	docs/probe-runs/campaign-of-2026-09-28-campaign-tier-absent-arm-navigability.md|docs/how-to/relocate-a-shelf.md|docs/spec/15-the-recorder-contract.md|docs/obligations/0113-every-check-passes-a-document-that-is-still-the-scaffolder-s-placeholder.md|docs/evaluations/a-probe-task-section-is-the-prompt-so-commentary-under-that-heading-is-prompt.md	docs/obligations/0072-a-cache-of-check-results-does-not-make-a-run-proportional.md|docs/probe-runs/regression-probe-transcript-for-2026-09-17-after-the-probe-corrections.md|docs/obligations/0204-docs-decisions-0077-still-describes-hw-dr-0049-s-rewrite-as-pending-after-574-made-it.md|docs/obligations/0112-a-surface-cannot-move-the-assisted-fraction-of-a-run.md|docs/obligations/0152-ledger-render-in-adoption-rs-has-the-same-zero-count-defect-suppression-rs-had-before-pr-450-still-latent.md|docs/how-to/cut-a-release.md|docs/process/decisions/0011-crates-publish-in-one-fixed-order-that-a-test-holds-and-a-rerun-continues-where-the-last-run-stopped.md|docs/obligations/0011-nothing-has-been-promoted-out-of-the-synthesized-tier.md|docs/obligations/0076-a-generated-check-reads-its-severity-from-the-taxonomy.md|docs/evaluations/the-pointer-probe-grades-a-session-against-the-router-s-own-first-pick-so-a-correct-session-that-declines-a-wrong-pointer-fails.md
4cbf4b06-56b3-455f-9abe-b7b73f648056	disjoint	2026-10-02T09:26:49Z	e76bf2d4-45d1-4be4-b7a5-a53f65aea484.jsonl	4	sha256:97cca372d15fc1fba93e81cd5fce8776852e97382acf69cff50c32d4e57d3444	docs/requirements/0003-a-relation-target-written-as-the-path-of-a-document-is-reported-and-never-bound-as-an-anchor-onto-that-file.md|docs/process/obligations/0206-hw-run-policy-names-a-worktree-add-workaround-that-write-edit-refuses-under-this-harness.md|docs/probes/what-a-session-writes-points-back-at-the-ruling-it-rests-on.md|docs/how-to/diagnose-an-isolation-failure.md|docs/process/explanations/where-a-ci-job-runs.md	docs/obligations/0230-comments-in-the-command-surface-crates-and-their-subsystem-spec-state-eight-stale-facts.md|docs/process/obligations/0209-a-build-order-dispatch-passes-no-isolation-so-a-stage-can-inherit-the-parent-worktree-as-its-working-directory.md|docs/decisions/0024-q24-readability-and-what-a-sweep-can-be-asked-about.md|docs/probe-runs/status-probe-pilot-of-2026-09-29-campaign-tier-absent-arm-sufficiency.md|docs/probe-runs/campaign-of-2026-09-30-campaign-tier-present-arm-sufficiency.md|docs/probe-runs/tombstone-probe-pilot-of-2026-09-29-campaign-tier-present-arm-sufficiency.md|docs/probe-runs/status-probe-pilot-of-2026-09-29-campaign-tier-present-arm-sufficiency.md|docs/probe-runs/second-campaign-pilot-of-2026-09-28-campaign-tier-present-arm-sufficiency.md|docs/probe-runs/campaign-of-2026-09-30-campaign-tier-absent-arm-sufficiency.md|docs/probe-runs/campaign-of-2026-09-28-campaign-tier-present-arm-sufficiency.md
0539e865-a5e6-4ce1-8f06-fbf08b330bfe	disjoint	2026-09-27T06:46:58Z	b5554ef1-29fb-41ec-8ac7-4d043f9e3e0e.jsonl	2	sha256:9e91e8e34638ab96172d4dfe406bcfb6d18f3bc9b20c2e5f4784a3cce0f5869f	docs/decisions/0030-q30-whether-what-an-obligation-waits-on-is-a-state-or-a-property-and-how-many-values-it-takes.md|docs/obligations/0027-what-optional-holds-under-the-package-root.md|docs/acceptance-criteria/0002-every-required-section-of-every-governed-document-has-a-heading.md|docs/spec/00-vision-and-scope.md|docs/verifications/0001-the-section-heading-rule-has-no-case-table-and-a-golden-fixture-report-is-what-proves-it-runs.md	docs/obligations/0072-a-cache-of-check-results-does-not-make-a-run-proportional.md|docs/spec/06-engine-architecture.md|docs/evaluations/language-choice.md|docs/reviews/core-concepts-review-findings.md|docs/evaluations/shacl-worked-example.md|docs/obligations/0220-no-disk-floor-is-stated-for-a-build-order-run-and-nothing-prunes-the-cargo-pool.md|docs/obligations/0028-a-run-cannot-report-the-corpus-tree-because-nothing-computes.md|docs/evaluations/the-build-order-as-a-multi-agent-system.md|docs/obligations/0101-whether-the-read-set-of-a-real-corpus-is-small-enough.md|docs/evaluations/adjacent-work.md
f41c2176-c387-4391-b8be-e8b8d2a6d44b	disjoint	2026-10-03T02:36:20Z	19b6d2bc-015d-4b01-a550-ff6f9bb9896e.jsonl	35	sha256:31803c49ad0f73ddfc533728515ed3d0116ac74cd66035b836a6bcf752d054ce	docs/process/obligations/0177-the-value-rule-writes-adopter-on-every-self-audit-record-and-most-of-them-wait-on-a-build.md|docs/spec/16-harness-support.md|docs/probe-runs/campaign-of-2026-09-30-campaign-tier-absent-arm-discovery.md|docs/how-to/relocate-a-shelf.md|docs/requirements/0005-a-code-path-names-every-document-that-governs-it.md	docs/obligations/0159-a-sentence-that-opens-with-a-hash-and-an-issue-number-is-folded-into-the-sentence-before-it.md|docs/obligations/0130-the-publication-date-of-this-repository-is-unset-and-the-owner-alone-sets-it.md|docs/obligations/0013-no-probe-tests-whether-a-counted-tombstone-stops-a-confident.md|docs/obligations/0110-the-loss-census-carries-a-finding-by-substring-so-an-index-of-rules-and-paths-passes-it.md|docs/decisions/0100-a-counted-tombstone-lists-a-digest-of-each-withheld-identifier-and-a-sealed-one-lists-nothing.md|docs/obligations/0074-a-check-version-is-raised-by-hand-and-nothing-catches-a-stale.md|docs/decisions/0031-q31-whether-this-repository-becomes-public-and-when.md|docs/evaluations/shacl-worked-example.md|docs/obligations/0073-the-prior-version-still-owes-the-key-edit-that-the-clock.md|docs/obligations/0183-no-mechanism-holds-a-committed-binary-asset-against-a-run.md
d1b5c2ba-389c-4635-8dff-133cb6196ecc	disjoint	2026-09-28T01:50:21Z	e67f450b-e458-4619-8931-cecfbe1fb28e.jsonl	3	sha256:f829f74fb1ce8b226771f6b3a53cb8f3a1c5374c23b65659ac0941c92976095e	docs/spec/17-orchestration-architecture.md|docs/how-to/wire-headwater-check-into-your-own-workflow.md|docs/acceptance-criteria/0002-every-required-section-of-every-governed-document-has-a-heading.md|docs/verifications/0001-the-section-heading-rule-has-no-case-table-and-a-golden-fixture-report-is-what-proves-it-runs.md|docs/decisions/0076-a-probe-budget-prices-a-run-identity-fixed-before-the-run-and-a-committed-transcript-and-a-sweep-has-neither.md	docs/interfaces/headwater-probe.md|docs/decisions/0008-probe-cost-and-cadence.md|docs/evaluations/the-measurement-layer.md|docs/probe-results/regression-probe-transcript-for-2026-09-17-after-the-probe-corrections.md|docs/obligations/0025-where-the-probe-kind-ships-is-an-unsettled-clustering-question.md|docs/obligations/0005-a-closed-set-expectation-has-no-reproducibility-reading-under.md|docs/probe-results/regression-probe-transcript-for-2026-09-09.md|docs/probe-results/regression-probe-transcript-for-2026-09-17.md|docs/probe-results/regression-probe-transcript-for-2026-09-11.md|docs/probe-results/regression-probe-transcript-for-2026-09-16.md
ae638209-5d21-4af7-94fd-8ad08a6551b4	disjoint	2026-10-03T04:30:05Z	19b6d2bc-015d-4b01-a550-ff6f9bb9896e.jsonl	50	sha256:dcf998a760a04415f9ad20f316eba5b8f35b6fa2b90d7cac15fa7eb4ffff6d0f	docs/probes/the-pointer-this-corpus-offers-for-a-task-is-the-document-a-session-opens.md|docs/how-to/diagnose-an-isolation-failure.md|docs/process/decisions/0020-merges-go-through-the-github-merge-queue-one-squash-commit-per-pull-request.md|docs/obligations/0198-nothing-states-how-much-of-a-session-s-budget-the-standing-instructions-consume-before-work-starts.md|docs/spec/05-ai-integration.md	docs/how-to/keep-derived-files-from-conflicting-in-parallel-pull-requests.md|docs/decisions/0039-q39-how-a-figure-reaches-a-hand-built-page.md|docs/spec/15-the-recorder-contract.md|docs/process/obligations/0217-the-site-review-marker-lives-in-the-common-directory-of-a-clone-so-one-worktree-s-unreviewed-merge-blocks-the-push-of-every-worktree.md|docs/probes/a-session-says-how-a-governs-line-reaches-a-document.md|docs/obligations/0204-docs-decisions-0077-still-describes-hw-dr-0049-s-rewrite-as-pending-after-574-made-it.md|docs/process/explanations/where-a-ci-job-runs.md|docs/process/obligations/0225-eight-run-tooling-gaps-from-run-20260929-1205-filed-together.md|docs/how-to/mine-the-shadow-mode-routing-log.md|docs/interfaces/headwater-new.md
c4ce281b-433f-41b6-af6f-b827a7240c76	disjoint	2026-09-30T10:46:33Z	1338ac1e-5046-4dce-9ea3-0064ffdac44d.jsonl	18	sha256:b5f6648da954c0a31afd8bd28067b453d577a81fd29ef9e2e65584379f90a83b	docs/evaluations/inspect-evals-worked-example.md|docs/how-to/diagnose-an-isolation-failure.md|docs/interfaces/headwater-derived.md|docs/obligations/0222-ten-rules-of-the-editions-ledger-have-one-recorded-corpus-so-a-rule-change-blessed-with-an-edit-to-that-corpus-passes.md|docs/probes/a-session-records-an-unmeasured-claim-in-the-shape-this-corpus-checks.md	docs/decisions/0096-harper-does-not-become-part-of-the-engine-now-and-q41-stands.md|docs/obligations/0201-no-coverage-or-mutation-measurement-has-ever-been-taken-over-the-engine-s-test-suite.md|docs/obligations/0205-hw-obl-0002-s-sample-counts-and-voice-rs-s-own-census-predate-the-scent-role-fix-and-need-retaking.md|docs/evaluations/warrant-and-adjudication.md|docs/evaluations/theoretical-foundations.md|docs/obligations/0105-nothing-plays-the-hook-role-that-two-relations-name.md|docs/obligations/0183-no-mechanism-holds-a-committed-binary-asset-against-a-run.md|docs/decisions/0063-every-required-facet-of-a-generated-document-is-derived-and-the-emitter-composes-the-summary.md|docs/evaluations/language-choice.md|docs/evaluations/specifying-the-engine.md
37e1ee22-a1c3-4788-9e17-728acaff9922	disjoint	2026-09-30T11:09:50Z	9b498bd1-c699-4fbb-8e9b-2ea80828ebe8.jsonl	17	sha256:0a9ac7842651890031293f2949cb88f79dcb428b451fc0ed8b0671671ba06705	docs/requirements/0002-every-document-of-a-kind-that-requires-sections-carries-all-of-them.md	docs/obligations/0034-two-rules-of-taxonomy-validate-name-a-declaration.md|docs/obligations/0094-where-a-commercial-tier-could-sit-and-how-thin-the-trademark.md|docs/obligations/0134-the-comment-prose-defines-by-contrast-979-times-in-179-000-words-and-no-mechanism-here-performs-an-editorial-pass.md|docs/decisions/0095-q67-one-library-entry-may-address-the-keys-of-an-entry-it-names-in-requires-and-confluence-holds-over-the-dependency-order.md|docs/obligations/0016-a-cue-has-no-measured-effect-on-traversal-precision.md|docs/spec/08-design-departures.md|docs/evaluations/the-pointer-probe-grades-a-session-against-the-router-s-own-first-pick-so-a-correct-session-that-declines-a-wrong-pointer-fails.md|docs/obligations/0140-a-check-can-meet-the-failing-fixture-bar-with-a-fixture-that-cannot-distinguish-the-rule-from-its-neighbour.md|docs/probe-runs/second-campaign-pilot-of-2026-09-28-campaign-tier-present-arm-sufficiency.md|docs/decisions/0020-where-scent-lives.md
5d7d00f3-ad76-4ff0-8b20-a1e78e530a68	disjoint	2026-09-22T06:15:36Z	d12518e0-18ef-53d4-8439-353a9cbe1ad5.jsonl	1	sha256:98d43ed952d8c2b5cc263ad408b276bd156cb1be5d3e1d3326040f82e0e170c3	docs/reviews/core-concepts-review-findings-2.md|docs/how-to/mine-the-shadow-mode-routing-log.md|docs/decisions/0050-q50-where-the-visual-register-of-the-hand-built-pages-lives.md|docs/obligations/0072-a-cache-of-check-results-does-not-make-a-run-proportional.md|docs/spec/15-the-recorder-contract.md	docs/decisions/0078-a-recorded-terminal-demonstration-may-show-a-frozen-number-behind-a-recorded-on-date-marker.md|docs/obligations/0082-the-lock-is-half-generated-and-half-authored-and-nothing.md|docs/obligations/0115-a-pinned-digest-authenticates-the-pin-and-never-the-publisher.md|docs/decisions/0031-q31-whether-this-repository-becomes-public-and-when.md|docs/how-to/diagnose-an-isolation-failure.md|docs/obligations/0076-a-generated-check-reads-its-severity-from-the-taxonomy.md|docs/obligations/0133-two-test-helpers-key-a-scratch-directory-on-the-pid-alone-and-the-race-springs-on-the-next-case-added.md|docs/obligations/0167-the-default-branch-requires-no-approving-review-which-is-the-condition-hw-dr-0034-named-as-reopening-it.md|docs/obligations/0110-the-loss-census-carries-a-finding-by-substring-so-an-index-of-rules-and-paths-passes-it.md|docs/obligations/0169-the-coverage-report-lists-one-path-twice-so-the-self-assessment-page-publishes-two-unaccounted-files-where-one-exists.md
e5ad98e5-dd4f-492f-a82f-68a5239d7a75	disjoint	2026-10-02T07:55:21Z	27932fca-1984-48f7-adfa-897fb3daf4cb.jsonl	7	sha256:2fb2d6f308814e87a97e78a0ba740bcd706e89281fde1fdb848ff56bca042b92	docs/process/explanations/where-a-ci-job-runs.md|docs/obligations/0104-a-governs-edge-reaches-the-path-it-names-and-nothing.md|docs/obligations/0229-the-counterfactual-campaign-evaluation-withholds-its-discharges-edge-until-a-person-promotes-it.md|docs/obligations/0116-no-anchor-resolver-reads-a-committed-snapshot-so-every-imported-edge-lands-unresolved.md|docs/obligations/0196-a-relation-writes-a-state-onto-a-kind-that-binds-no-lifecycle-regime-and-nothing-reads-that-pair.md	docs/interfaces/headwater-merge-driver.md|docs/obligations/0135-repo-cleanup-names-one-cause-for-a-gone-upstream-and-this-repository-produced-a-second.md|docs/process/decisions/0014-the-boundary-against-a-fork-is-the-approval-of-outside-runs-and-a-person-reads-a-github-diff-before-approving-one.md|docs/process/decisions/0017-ci-concurrency-is-per-ref-and-every-ref-but-main-cancels-a-superseded-run.md|docs/process/obligations/0217-the-site-review-marker-lives-in-the-common-directory-of-a-clone-so-one-worktree-s-unreviewed-merge-blocks-the-push-of-every-worktree.md|docs/process/decisions/0004-coordination-is-a-create-only-claim-and-authority-stays-on-the-tree.md|docs/decisions/0009-multi-repository-corpora.md|docs/how-to/rotate-or-revoke-the-apt-signing-subkey.md|docs/decisions/0072-the-binary-is-the-only-interface-an-adopter-must-run-and-every-integration-point-outside-it-is-declared.md|docs/obligations/0199-an-observation-snapshot-records-a-commit-and-nothing-reads-it-back.md
32a40f45-cf85-4cc7-a0ef-f7fc442da2e2	disjoint	2026-09-22T21:47:00Z	da1f4143-c68e-4fed-9206-5622636376d5.jsonl	2	sha256:8b91f22881ab620ec6a2b8c8e489f991f9fed033ab034797dea181feb58a51b7	docs/evaluations/the-measurement-layer.md|docs/how-to/mine-the-shadow-mode-routing-log.md|docs/interfaces/headwater-sweep.md|docs/obligations/0140-a-check-can-meet-the-failing-fixture-bar-with-a-fixture-that-cannot-distinguish-the-rule-from-its-neighbour.md|docs/probes/the-pointer-this-corpus-offers-for-a-task-is-the-document-a-session-opens.md	docs/interfaces/headwater-capture.md|docs/obligations/0122-nothing-holds-the-conformance-rule-set-of-a-package-a-consumer-takes-from-source.md|docs/obligations/0198-nothing-states-how-much-of-a-session-s-budget-the-standing-instructions-consume-before-work-starts.md|docs/obligations/0040-composition-between-two-library-entries-has-no-add-only-form.md|docs/decisions/0031-q31-whether-this-repository-becomes-public-and-when.md|docs/obligations/0120-no-reader-takes-a-waiver-against-a-check-finding-so-one-arm-of-the-escape-partition-is-empty.md|docs/acceptance-criteria/0001-no-source-file-of-the-engine-names-a-network-api-and-no-locked-dependency-provides-one.md|docs/obligations/0093-whether-a-harvesting-tier-owes-conformance-rules-of-its-own.md|docs/obligations/0169-the-coverage-report-lists-one-path-twice-so-the-self-assessment-page-publishes-two-unaccounted-files-where-one-exists.md|docs/process/decisions/0005-the-ledger-is-split-its-tabular-parts-are-jsonl-and-its-totals-are-derived.md
5e7aa005-8c6f-4678-9591-2218f737eab2	disjoint	2026-09-22T11:45:58Z	01bf3871-4522-5b76-9739-7d82fb2a6a6a.jsonl	2	sha256:483764a2bfd0a2f6b3b5e35fc1a7b9f844d6fd790a25aaf0893d3a5f9711172e	docs/probes/a-cold-agent-reaches-the-governing-document-through-the-corpus-descriptor.md|docs/tutorials/your-first-governed-corpus.md|docs/spec/03-authoring-and-lifecycle.md|docs/obligations/0149-the-write-time-hook-still-picks-pointer-lines-out-of-prose-by-their-em-dash.md|docs/evaluations/theoretical-foundations.md	docs/decisions/0044-q44-whether-bundles-decompose-into-capabilities-and-assemblies-compose-practices.md|docs/decisions/0028-q28-whether-an-evaluation-is-governed-prose.md|docs/obligations/0192-assumptions-that-a-library-entry-takes-where-the-specification-does-not-speak.md|docs/obligations/0041-no-declaration-expresses-a-rule-about-content-or-state-over.md|docs/spec/08-design-departures.md|docs/obligations/0036-identity-below-the-grain-of-a-document.md|docs/reviews/core-concepts-findings-assessment.md|docs/evaluations/specifying-the-engine.md|docs/spec/09-decisions.md|docs/obligations/0051-downstream-delivery-of-a-standards-corpus.md
bb19def4-1bdc-455e-915e-606ee8fc6f13	disjoint	2026-09-30T11:43:17Z	9b498bd1-c699-4fbb-8e9b-2ea80828ebe8.jsonl	19	sha256:acdcee45b645986094704a4ff127afc5d39a13db4d6ffb55c8b67af2c9e320e8	docs/process/decisions/0022-the-verify-and-rework-loop-for-one-issue-runs-below-the-parent.md|docs/explanations/how-a-headwater-release-reaches-an-adopter.md|docs/obligations/0104-a-governs-edge-reaches-the-path-it-names-and-nothing.md|docs/acceptance-criteria/0002-every-required-section-of-every-governed-document-has-a-heading.md|docs/decisions/0025-q25-where-the-namespace-goes-in-an-identifier-and-who-declares-it.md	docs/obligations/0204-docs-decisions-0077-still-describes-hw-dr-0049-s-rewrite-as-pending-after-574-made-it.md|docs/how-to/diagnose-an-isolation-failure.md|docs/reviews/core-concepts-review-prompt.md|docs/obligations/0088-correcting-an-identifier-is-mechanical-and-it-is-not-local.md|docs/obligations/0131-the-cli-crate-wires-every-verb-and-carries-no-tests-so-two-wiring-defects-passed-a-green-suite.md|docs/decisions/0096-harper-does-not-become-part-of-the-engine-now-and-q41-stands.md|docs/spec/08-design-departures.md|docs/reviews/core-concepts-findings-assessment.md|docs/obligations/0144-the-cache-identity-test-reads-the-live-working-tree-so-an-edit-during-the-run-reports-the-correctness-root-as-violated.md|docs/probe-runs/regression-probe-transcript-for-2026-09-17-after-the-probe-corrections.md
f51820f2-7d95-432e-b45d-6abcd07985ee	disjoint	2026-10-02T12:39:01Z	19b6d2bc-015d-4b01-a550-ff6f9bb9896e.jsonl	8	sha256:90f0f62f6aa32dc045ed64d95400703cbd0fa416acf1ad105b715c7afc7f8fb2	docs/how-to/rotate-or-revoke-the-apt-signing-subkey.md|docs/obligations/0161-the-validation-block-of-mkdocs-yml-is-a-gate-this-repository-owns-and-no-fixture-drives.md|docs/verifications/0001-the-section-heading-rule-has-no-case-table-and-a-golden-fixture-report-is-what-proves-it-runs.md|docs/decisions/0030-q30-whether-what-an-obligation-waits-on-is-a-state-or-a-property-and-how-many-values-it-takes.md|docs/acceptance-criteria/0005-the-governing-documents-of-a-path-are-the-same-for-every-spelling-of-it-and-a-path-no-anchor-matches-has-none.md	docs/process/decisions/0020-merges-go-through-the-github-merge-queue-one-squash-commit-per-pull-request.md|docs/process/obligations/0207-the-plan-usage-of-one-issue-is-known-only-as-the-average-of-its-run.md|docs/decisions/0096-harper-does-not-become-part-of-the-engine-now-and-q41-stands.md|docs/process/obligations/0227-seven-run-tooling-gaps-from-run-20260929-2201-filed-together.md|docs/probe-runs/status-probe-pilot-of-2026-09-29-campaign-tier-present-arm-sufficiency.md|docs/probe-runs/campaign-of-2026-09-30-documentation-tier-absent-arm-sufficiency.md|docs/probe-runs/campaign-of-2026-09-30-campaign-tier-present-arm-navigability.md|docs/probe-runs/campaign-of-2026-09-28-documentation-tier-absent-arm-sufficiency.md|docs/obligations/0198-nothing-states-how-much-of-a-session-s-budget-the-standing-instructions-consume-before-work-starts.md|docs/probe-runs/second-campaign-pilot-of-2026-09-28-documentation-tier-absent-arm-sufficiency.md
6df0ebae-db81-4cca-8924-63dc1797024f	disjoint	2026-09-29T11:46:33Z	2ecbf66e-2300-43c9-8c42-35118b086214.jsonl	24	sha256:a8cd7a0af652b028d86012513c5041926eff774294c63f81c21a631bd63df643	docs/how-to/rotate-or-revoke-the-apt-signing-subkey.md|docs/how-to/cut-a-release.md|docs/how-to/diagnose-an-isolation-failure.md|docs/how-to/keep-derived-files-from-conflicting-in-parallel-pull-requests.md|docs/how-to/mine-the-shadow-mode-routing-log.md	docs/obligations/0057-a-retrofit-cannot-recover-the-two-dates-or-the-acceptance.md|docs/probe-runs/second-campaign-pilot-of-2026-09-28-documentation-tier-absent-arm-sufficiency.md|docs/probe-runs/second-campaign-pilot-of-2026-09-28-campaign-tier-present-arm-sufficiency.md|docs/probe-runs/second-campaign-pilot-of-2026-09-28-campaign-tier-present-arm-discovery.md|docs/probe-runs/second-campaign-pilot-of-2026-09-28-campaign-tier-absent-arm-discovery.md|docs/probe-runs/second-campaign-pilot-of-2026-09-28-campaign-tier-absent-arm-sufficiency.md|docs/obligations/0182-the-publish-crates-retry-loop-has-no-retry-ceiling.md|docs/probe-runs/campaign-of-2026-09-28-campaign-tier-present-arm-navigability.md|docs/obligations/0041-no-declaration-expresses-a-rule-about-content-or-state-over.md|docs/obligations/0204-docs-decisions-0077-still-describes-hw-dr-0049-s-rewrite-as-pending-after-574-made-it.md
2ed2b5c9-3d4d-4088-83ee-53915f764835	disjoint	2026-09-25T00:07:49Z	dd55d9b6-a2d0-4a60-ab56-2cff43ad587b.jsonl	1	sha256:f82f6849f7243a094c9b5ad7f4a1abb48f621b3bcd52ff4edb3e6d1928f2a240	docs/how-to/relocate-a-shelf.md|docs/interfaces/headwater-derived.md|docs/obligations/0206-hw-run-policy-names-a-worktree-add-workaround-that-write-edit-refuses-under-this-harness.md|docs/reviews/core-concepts-review-findings.md|docs/how-to/wire-headwater-check-into-your-own-workflow.md	docs/obligations/0205-hw-obl-0002-s-sample-counts-and-voice-rs-s-own-census-predate-the-scent-role-fix-and-need-retaking.md|docs/reviews/the-sixty-four-restored-help-strings-checked-against-the-binary.md|docs/obligations/0072-a-cache-of-check-results-does-not-make-a-run-proportional.md|docs/probe-runs/regression-probe-transcript-for-2026-09-17.md|docs/probe-runs/regression-probe-transcript-for-2026-09-17-after-the-probe-corrections.md|docs/obligations/0013-no-probe-tests-whether-a-counted-tombstone-stops-a-confident.md|docs/obligations/0181-an-unresolved-prose-link-reaches-a-run-as-a-graph-fact-and-no-rule-turns-it-into-a-finding.md|docs/probe-runs/regression-probe-transcript-for-2026-09-11.md|docs/obligations/0057-a-retrofit-cannot-recover-the-two-dates-or-the-acceptance.md|docs/obligations/0143-a-specification-sentence-closes-a-set-with-a-count-the-source-exceeds-and-115-of-127-candidates-are-unchecked.md
084074fc-544e-4f2f-a400-e4d09118d8c9	disjoint	2026-10-01T13:37:18Z	50652494-9d42-402c-89b8-27a43100f4bd.jsonl	5	sha256:a3726322e7204cc8620b3e12def7b9d10aa3c16de4f3235f3b06a5e70b62b8ee	docs/how-to/publish-your-corpus-as-a-site.md|docs/process/explanations/where-a-ci-job-runs.md|docs/process/evaluations/two-triggers-one-verdict-how-this-repository-s-ci-decides-where-a-job-runs-and-what-it-trusts.md|docs/requirements/0001-the-engine-reaches-no-network-at-check-time.md|docs/obligations/0139-an-identifier-scheme-glues-three-parts-into-one-string-so-nothing-can-decide-that-two-schemes-are-disjoint.md	docs/process/decisions/0019-ci-runs-actions-from-the-actions-organization-only-and-carries-no-build-state-between-self-hosted-jobs.md|docs/process/obligations/0210-no-fixture-holds-the-symlink-case-of-new-worktree-sh-and-a-bare-name-of-two-dots-leaves-a-branch-behind.md|docs/process/decisions/0014-the-boundary-against-a-fork-is-the-approval-of-outside-runs-and-a-person-reads-a-github-diff-before-approving-one.md|docs/process/obligations/0206-hw-run-policy-names-a-worktree-add-workaround-that-write-edit-refuses-under-this-harness.md|docs/obligations/0182-the-publish-crates-retry-loop-has-no-retry-ceiling.md|docs/process/decisions/0013-self-hosted-eligibility-in-ci-is-decided-by-the-event-alone-and-a-push-to-any-branch-is-eligible.md|docs/how-to/cut-a-release.md|docs/decisions/0091-the-runner-image-of-the-engine-release-build-is-written-in-the-workflow-because-it-sets-the-glibc-floor.md|docs/obligations/0135-repo-cleanup-names-one-cause-for-a-gone-upstream-and-this-repository-produced-a-second.md|docs/process/decisions/0010-each-release-workflow-compares-the-tag-with-the-version-its-artifact-states-and-refuses-an-empty-reading.md
aa0f65b3-b1d9-4058-a360-c6700bea5b95	disjoint	2026-10-02T08:38:09Z	1f8ffc5b-6498-4c89-ac19-72928092f21b.jsonl	15	sha256:19180ae7acb3a6999dfbb9467e666ef81268be93de9874a0dfdfe5581ce5c28d	docs/process/obligations/0207-the-plan-usage-of-one-issue-is-known-only-as-the-average-of-its-run.md|docs/acceptance-criteria/0003-check-reports-a-document-path-written-as-a-relation-target-once-in-every-spelling-and-through-a-symlink.md|docs/probe-runs/regression-probe-transcript-for-2026-09-17-after-the-probe-corrections.md|docs/process/explanations/where-a-ci-job-runs.md|docs/how-to/cut-a-release.md	docs/decisions/0088-an-engine-release-and-a-taxonomy-release-have-disjoint-tag-namespaces-and-are-cut-independently.md|docs/decisions/0077-the-consumer-surface-is-what-an-adopter-receives-runs-and-must-have-installed-and-it-is-a-closed-and-declared-list.md|docs/explanations/how-a-headwater-release-reaches-an-adopter.md|docs/decisions/0090-each-release-states-in-its-notes-the-release-digest-that-a-consumer-pins.md|docs/obligations/0214-the-commit-gate-does-not-see-docs-taxonomies-readme-md-drift-from-its-vendored-copy.md|docs/obligations/0019-whether-any-corpus-needs-a-second-export-profile.md|docs/decisions/0089-a-taxonomy-release-publishes-the-source-at-the-tagged-commit-and-never-ships-the-vendored-copy.md|docs/process/decisions/0009-a-release-gets-all-its-assets-in-one-create-call-and-a-person-deletes-it-to-run-again.md|docs/obligations/0018-the-bundle-set-is-a-guess-about-how-adopters-cluster.md|docs/obligations/0020-whether-a-solution-corpus-vendors-each-source-export.md
d967a03a-bac1-4969-a3bb-30bb3db321bf	disjoint	2026-09-22T09:14:25Z	49cb7309-f3d4-4d6f-ba35-215f46bc9c4b.jsonl	1	sha256:7b1efccc634f9d6032fda27239c64744e342f0f89244a2e788252301f0f1c2df	docs/how-to/relocate-a-shelf.md|docs/requirements/0002-every-document-of-a-kind-that-requires-sections-carries-all-of-them.md|docs/interfaces/headwater-json.md|docs/evaluations/one-clone-many-agents-how-this-repository-isolates-the-sessions-that-build-it.md|docs/obligations/0018-the-bundle-set-is-a-guess-about-how-adopters-cluster.md	docs/obligations/0073-the-prior-version-still-owes-the-key-edit-that-the-clock.md|docs/process/decisions/0007-a-background-wait-caps-below-the-cache-lifetime-and-re-issues-itself.md|docs/obligations/0117-a-cached-verdict-about-an-anchor-survives-the-change-that-falsifies-it.md|docs/obligations/0080-changed-only-is-the-content-addressed-cache-under-another-name.md|docs/interfaces/headwater-probe.md|docs/obligations/0076-a-generated-check-reads-its-severity-from-the-taxonomy.md|docs/obligations/0100-the-size-of-a-committed-snapshot-with-full-requirement-text.md|docs/interfaces/headwater-route.md|docs/decisions/0080-q66-the-corpus-dashboard-ships-free-and-self-hosted-with-tenant-isolation-stated-as-a-data-model-constraint-from-day-one.md|docs/process/decisions/0005-the-ledger-is-split-its-tabular-parts-are-jsonl-and-its-totals-are-derived.md
24d8a4ae-eaa0-4b8e-89e5-50e78a097cdb	disjoint	2026-10-02T14:19:55Z	19b6d2bc-015d-4b01-a550-ff6f9bb9896e.jsonl	18	sha256:a77e0656be3520243056c598b0e837cfc03aecb323d92ae0dace0e506c85659f	docs/spec/15-the-recorder-contract.md|docs/probes/a-session-names-the-event-that-makes-a-document-accepted.md|docs/process/obligations/0206-hw-run-policy-names-a-worktree-add-workaround-that-write-edit-refuses-under-this-harness.md|docs/how-to/mine-the-shadow-mode-routing-log.md|docs/decisions/0095-q67-one-library-entry-may-address-the-keys-of-an-entry-it-names-in-requires-and-confluence-holds-over-the-dependency-order.md	docs/obligations/0080-changed-only-is-the-content-addressed-cache-under-another-name.md|docs/obligations/0144-the-cache-identity-test-reads-the-live-working-tree-so-an-edit-during-the-run-reports-the-correctness-root-as-violated.md|docs/process/obligations/0203-three-small-run-tooling-gaps-from-run-20260922-1121-filed-together.md|docs/how-to/diagnose-an-isolation-failure.md|docs/process/decisions/0019-ci-runs-actions-from-the-actions-organization-only-and-carries-no-build-state-between-self-hosted-jobs.md|docs/obligations/0200-three-graded-regression-runs-are-owed-a-fresh-recording-against-a-moved-taxonomy-lock.md|docs/process/decisions/0007-a-background-wait-caps-below-the-cache-lifetime-and-re-issues-itself.md|docs/obligations/0073-the-prior-version-still-owes-the-key-edit-that-the-clock.md|docs/obligations/0117-a-cached-verdict-about-an-anchor-survives-the-change-that-falsifies-it.md|docs/obligations/0074-a-check-version-is-raised-by-hand-and-nothing-catches-a-stale.md
b3d838d8-ff63-456e-a620-ba946c4aa50c	disjoint	2026-10-03T03:30:45Z	c336e276-367d-4fb5-80ec-c9d3e38e3db2.jsonl	3	sha256:4af0892f191ae6a77c2379a50a50afb088969a8c543a5b558676527c1fa6a484	docs/spec/08-design-departures.md|docs/obligations/0077-a-fragment-on-a-path-needs-a-grain-that-no-scope-supplies.md|docs/how-to/diagnose-an-isolation-failure.md|docs/acceptance-criteria/0001-no-engine-source-outside-the-fetch-crate-names-a-network-api-and-no-crate-of-the-checking-loop-reaches-a-network-package.md|docs/probe-runs/regression-probe-transcript-for-2026-09-17-after-the-probe-corrections.md	docs/evaluations/harper-spike-results.md|docs/decisions/0023-the-engine-lint-floor.md|docs/reviews/core-concepts-review-findings.md|docs/process/obligations/0207-the-plan-usage-of-one-issue-is-known-only-as-the-average-of-its-run.md|docs/obligations/0162-spec-7-prints-a-package-version-that-no-check-compares-with-the-recipe.md|docs/evaluations/specifying-the-engine.md|docs/subsystems/projections-and-export.md|docs/acceptance-criteria/0004-each-list-anchor-in-the-native-export-carries-its-sorted-members-and-a-single-pattern-carries-none.md|docs/obligations/0030-the-provenance-block-belongs-to-the-engine-and-nothing-states.md|docs/process/obligations/0211-two-hand-remedy-lines-for-hw-cargo-in-hw-run-policy-may-no-longer-earn-their-cost-on-every-dispatch.md
3c25d8ed-ab07-4e3a-b099-0e32b5f4ea93	disjoint	2026-09-24T07:42:42Z	57161408-dec9-4ef1-bab2-7289a3dcd248.jsonl	52	sha256:a6c2f86b96b1f7bc4e2fecff82b8fcb140cba5d728e148519de28f8ea8907b3f	docs/acceptance-criteria/0002-every-required-section-of-every-governed-document-has-a-heading.md|docs/decisions/0058-a-blank-facet-value-is-a-rule-of-its-own-and-it-reads-every-string-facet.md|docs/interfaces/headwater-sweep.md|docs/obligations/0196-a-relation-writes-a-state-onto-a-kind-that-binds-no-lifecycle-regime-and-nothing-reads-that-pair.md|docs/requirements/0002-every-document-of-a-kind-that-requires-sections-carries-all-of-them.md	docs/obligations/0108-an-agent-writes-the-acceptance-stamp-of-every-document-in-this-corpus.md|docs/obligations/0122-nothing-holds-the-conformance-rule-set-of-a-package-a-consumer-takes-from-source.md|docs/obligations/0069-a-suppressed-finding-leaves-its-obligation-verified-and-spec-4.md|docs/obligations/0206-hw-run-policy-names-a-worktree-add-workaround-that-write-edit-refuses-under-this-harness.md|docs/decisions/0016-public-presence.md|docs/obligations/0185-whether-an-admitted-library-entry-may-require-a-bundle-that-admission-refuses.md|docs/obligations/0007-no-count-exists-of-adopters-who-stopped-at-the-license-terms.md|docs/obligations/0167-the-default-branch-requires-no-approving-review-which-is-the-condition-hw-dr-0034-named-as-reopening-it.md|docs/obligations/0082-the-lock-is-half-generated-and-half-authored-and-nothing.md|docs/obligations/0134-the-comment-prose-defines-by-contrast-979-times-in-179-000-words-and-no-mechanism-here-performs-an-editorial-pass.md
4169f617-a0d6-4ccc-9e5f-dff2d82d90bb	disjoint	2026-09-24T00:26:39Z	e2a9988f-b810-4212-9221-6df09ed86845.jsonl	75	sha256:de94e290295870f3cb8d9e543562927922ac659638c75ceb7ce489045ea7ccda	docs/evaluations/two-triggers-one-verdict-how-this-repository-s-ci-decides-where-a-job-runs-and-what-it-trusts.md|docs/how-to/mine-the-shadow-mode-routing-log.md|docs/obligations/0206-hw-run-policy-names-a-worktree-add-workaround-that-write-edit-refuses-under-this-harness.md|docs/interfaces/headwater-generate.md|docs/process/decisions/0006-the-entrypoint-keeps-its-name-and-becomes-a-resumable-run.md	docs/how-to/diagnose-an-isolation-failure.md|docs/obligations/0144-the-cache-identity-test-reads-the-live-working-tree-so-an-edit-during-the-run-reports-the-correctness-root-as-violated.md|docs/obligations/0143-a-specification-sentence-closes-a-set-with-a-count-the-source-exceeds-and-115-of-127-candidates-are-unchecked.md|docs/obligations/0176-a-blessed-fixture-is-read-by-a-sibling-case-that-runs-while-the-write-truncates-it.md|docs/obligations/0200-three-graded-regression-runs-are-owed-a-fresh-recording-against-a-moved-taxonomy-lock.md|docs/obligations/0131-the-cli-crate-wires-every-verb-and-carries-no-tests-so-two-wiring-defects-passed-a-green-suite.md|docs/probe-runs/regression-probe-transcript-for-2026-09-17-after-the-probe-corrections.md|docs/reviews/core-concepts-review-findings-2.md|docs/obligations/0175-two-documents-take-one-sequence-on-a-sequence-declaring-shelf-and-no-rule-reads-it.md|docs/obligations/0074-a-check-version-is-raised-by-hand-and-nothing-catches-a-stale.md
a27dd270-96c2-4870-99e6-11e54c4dba5d	disjoint	2026-10-03T03:47:22Z	43936178-4bdc-4bb0-8bbe-17b82bfa67e2.jsonl	1	sha256:13c278972a7a146488c408285e860ed989f732176ce107af3d576d255061ca63	docs/how-to/rotate-or-revoke-the-apt-signing-subkey.md|docs/decisions/0076-a-probe-budget-prices-a-run-identity-fixed-before-the-run-and-a-committed-transcript-and-a-sweep-has-neither.md|docs/interfaces/headwater-gate.md|docs/acceptance-criteria/0003-check-reports-a-document-path-written-as-a-relation-target-once-in-every-spelling-and-through-a-symlink.md|docs/evaluations/external-evaluation-harnesses-and-benchmarks-for-the-probe-campaign.md	docs/interfaces/headwater-query.md|docs/decisions/0038-q38-which-link-relation-a-rendered-page-carries-to-the-served-corpus-descriptor.md|docs/interfaces/headwater-show.md|docs/obligations/0029-what-headwater-query-takes.md|docs/obligations/0120-no-reader-takes-a-waiver-against-a-check-finding-so-one-arm-of-the-escape-partition-is-empty.md|docs/decisions/0010-naming.md|docs/decisions/0012-migration-path-for-an-existing-corpus.md|docs/evaluations/linkml-worked-example.md|docs/decisions/0090-each-release-states-in-its-notes-the-release-digest-that-a-consumer-pins.md|docs/spec/00-vision-and-scope.md
255722d1-78ce-4cdc-81a2-fe36cae102f3	disjoint	2026-09-28T07:34:28Z	94bce3bc-e351-4c4e-994b-4af053609952.jsonl	4	sha256:00f2ce3b346e5cba830e424afd2cd355c1242446abc0317f43e1704cbbd51850	docs/decisions/0060-the-engine-s-version-stays-one-number-and-a-build-s-exact-commit-is-a-separate-unwired-fact.md|docs/obligations/0026-the-operational-shape-of-a-hosted-server-is-unstated.md|docs/acceptance-criteria/0002-every-required-section-of-every-governed-document-has-a-heading.md|docs/spec/12-check-layer.md|docs/how-to/diagnose-an-isolation-failure.md	docs/obligations/0205-hw-obl-0002-s-sample-counts-and-voice-rs-s-own-census-predate-the-scent-role-fix-and-need-retaking.md|docs/obligations/0130-the-publication-date-of-this-repository-is-unset-and-the-owner-alone-sets-it.md|docs/evaluations/the-build-order-as-a-multi-agent-system.md|docs/decisions/0031-q31-whether-this-repository-becomes-public-and-when.md|docs/obligations/0204-docs-decisions-0077-still-describes-hw-dr-0049-s-rewrite-as-pending-after-574-made-it.md|docs/obligations/0057-a-retrofit-cannot-recover-the-two-dates-or-the-acceptance.md|docs/obligations/0182-the-publish-crates-retry-loop-has-no-retry-ceiling.md|docs/probe-runs/regression-probe-transcript-for-2026-09-11.md|docs/obligations/0207-the-plan-usage-of-one-issue-is-known-only-as-the-average-of-its-run.md|docs/spec/17-orchestration-architecture.md
84a32b99-86c8-46c1-b2d9-62bf501215cc	disjoint	2026-10-02T12:33:02Z	19b6d2bc-015d-4b01-a550-ff6f9bb9896e.jsonl	4	sha256:c6232a261cf514bf67fa84a9d7ca52b0a7676d717d0eecaeea749e86cf7247b8	docs/process/evaluations/two-triggers-one-verdict-how-this-repository-s-ci-decides-where-a-job-runs-and-what-it-trusts.md|docs/obligations/0200-three-graded-regression-runs-are-owed-a-fresh-recording-against-a-moved-taxonomy-lock.md|docs/decisions/0076-a-probe-budget-prices-a-run-identity-fixed-before-the-run-and-a-committed-transcript-and-a-sweep-has-neither.md|docs/evaluations/inspect-evals-worked-example.md|docs/process/obligations/0220-no-disk-floor-is-stated-for-a-build-order-run-and-nothing-prunes-the-cargo-pool.md	docs/process/obligations/0207-the-plan-usage-of-one-issue-is-known-only-as-the-average-of-its-run.md|docs/reviews/core-concepts-review-findings-2.md|docs/how-to/diagnose-an-isolation-failure.md|docs/obligations/0178-the-every-instance-report-detail-reaches-four-test-files-and-no-caller-outside-them.md|docs/subsystems/measurement.md|docs/reviews/the-sixty-four-restored-help-strings-checked-against-the-binary.md|docs/obligations/0072-a-cache-of-check-results-does-not-make-a-run-proportional.md|docs/decisions/0078-a-recorded-terminal-demonstration-may-show-a-frozen-number-behind-a-recorded-on-date-marker.md|docs/obligations/0175-two-documents-take-one-sequence-on-a-sequence-declaring-shelf-and-no-rule-reads-it.md|docs/obligations/0183-no-mechanism-holds-a-committed-binary-asset-against-a-run.md
40155ad5-cccf-41aa-9f54-19f07a8c3392	disjoint	2026-10-01T21:46:26Z	3f33c00e-e7c1-58c3-a5d7-1a3fac2f271f.jsonl	2	sha256:61a68b37b9a8a55fd128596c6582d230f2e5c4a0b8a52e97d9a69a2c1a6e100b	docs/probe-results/regression-probe-transcript-for-2026-09-17-after-the-probe-corrections.md|docs/how-to/mine-the-shadow-mode-routing-log.md|docs/obligations/0112-a-surface-cannot-move-the-assisted-fraction-of-a-run.md|docs/spec/00-vision-and-scope.md|docs/decisions/0051-q51-what-licenses-a-term-into-the-public-glossary-and-what-licenses-a-sixteenth.md	docs/evaluations/external-evaluation-harnesses-and-benchmarks-for-the-probe-campaign.md|docs/evaluations/schema-format-walkthrough.md|docs/process/obligations/0225-eight-run-tooling-gaps-from-run-20260929-1205-filed-together.md|docs/process/obligations/0224-thirteen-run-tooling-gaps-from-run-20260928-1109-filed-together.md|docs/process/obligations/0227-seven-run-tooling-gaps-from-run-20260929-2201-filed-together.md|docs/obligations/0076-a-generated-check-reads-its-severity-from-the-taxonomy.md|docs/interfaces/headwater-capture.md|docs/spec/08-design-departures.md|docs/obligations/0214-the-commit-gate-does-not-see-docs-taxonomies-readme-md-drift-from-its-vendored-copy.md|docs/spec/15-the-recorder-contract.md
13fdb148-2c6d-4c57-a680-8824cf75cfc0	disjoint	2026-10-02T12:19:49Z	fceea6f0-d151-49fc-830a-7ed8d60e826c.jsonl	27	sha256:4905bc1abcfa6c0a7e184176c1e4badfc68f35c4e43f85fb18dc59dde07541ba	docs/requirements/0003-a-relation-target-written-as-the-path-of-a-document-is-reported-and-never-bound-as-an-anchor-onto-that-file.md|docs/spec/15-the-recorder-contract.md|docs/how-to/publish-your-corpus-as-a-site.md|docs/evaluations/governs-edges-what-an-anchor-reaches-what-covers-it-when-it-ages-and-where-a-session-meets-it.md|docs/process/obligations/0202-a-bare-none-footprint-is-claimed-as-a-literal-path-so-two-disjoint-issues-collide.md	docs/evaluations/capability-bundle-address-inventory.md|docs/subsystems/projections-and-export.md|docs/process/specs/orchestration-architecture.md|docs/process/decisions/0011-crates-publish-in-one-fixed-order-that-a-test-holds-and-a-rerun-continues-where-the-last-run-stopped.md|docs/subsystems/authoring.md|docs/process/obligations/0211-two-hand-remedy-lines-for-hw-cargo-in-hw-run-policy-may-no-longer-earn-their-cost-on-every-dispatch.md|docs/process/decisions/0006-the-entrypoint-keeps-its-name-and-becomes-a-resumable-run.md|docs/process/obligations/0220-no-disk-floor-is-stated-for-a-build-order-run-and-nothing-prunes-the-cargo-pool.md|docs/obligations/0189-a-base-shelf-path-is-closed-to-every-later-entry-over-the-same-ground.md|docs/process/obligations/0227-seven-run-tooling-gaps-from-run-20260929-2201-filed-together.md
5da8561c-01a3-4888-a16d-1c4558b2d78c	disjoint	2026-10-02T12:38:43Z	19b6d2bc-015d-4b01-a550-ff6f9bb9896e.jsonl	7	sha256:058fefd64db2c4b17d77f6ef32ce232c735397833dad088a6a9e06b008c3605a	docs/probe-results/regression-probe-transcript-for-2026-09-17-after-the-probe-corrections.md|docs/how-to/mine-the-shadow-mode-routing-log.md|docs/spec/00-vision-and-scope.md|docs/process/obligations/0221-subagents-read-skills-from-the-shared-checkout-and-a-worktree-isolated-integrator-cannot-fast-forward-it-after-a-merge.md|docs/probe-runs/regression-probe-transcript-for-2026-09-11.md	docs/process/decisions/0008-the-board-has-an-owner-of-its-structure-and-its-milestones-are-capped-versions.md|docs/obligations/0130-the-publication-date-of-this-repository-is-unset-and-the-owner-alone-sets-it.md|docs/decisions/0078-a-recorded-terminal-demonstration-may-show-a-frozen-number-behind-a-recorded-on-date-marker.md|docs/obligations/0094-where-a-commercial-tier-could-sit-and-how-thin-the-trademark.md|docs/obligations/0004-working-tree-write-tools-have-no-measured-effect.md|docs/evaluations/the-pointer-probe-grades-a-session-against-the-router-s-own-first-pick-so-a-correct-session-that-declines-a-wrong-pointer-fails.md|docs/obligations/0008-an-adoption-payload-has-a-first-reading-and-no-elapsed-time.md|docs/evaluations/default-taxonomy-first-run.md|docs/obligations/0020-whether-a-solution-corpus-vendors-each-source-export.md|docs/decisions/0031-q31-whether-this-repository-becomes-public-and-when.md
20677a4c-68ee-4aec-a2ec-fe7653994f40	disjoint	2026-09-29T21:59:12Z	66671d63-1697-42f4-b83a-18743e39af32.jsonl	2	sha256:f72c24c1eb52dcd10ae6bf8f34bfae7dbd03c9d9cad7d5b8eb7719caf50aa5f8	docs/probe-results/regression-probe-transcript-for-2026-09-17-after-the-probe-corrections.md|docs/how-to/relocate-a-shelf.md|docs/obligations/0175-two-documents-take-one-sequence-on-a-sequence-declaring-shelf-and-no-rule-reads-it.md|docs/interfaces/headwater-infer.md|docs/process/decisions/0012-the-release-workflows-are-separate-from-ci-one-tag-value-serves-both-entry-points-and-fixtures-read-them-statically.md	docs/process/decisions/0004-coordination-is-a-create-only-claim-and-authority-stays-on-the-tree.md|docs/process/decisions/0008-the-board-has-an-owner-of-its-structure-and-its-milestones-are-capped-versions.md|docs/probe-runs/regression-probe-transcript-for-2026-09-16.md|docs/obligations/0210-no-fixture-holds-the-symlink-case-of-new-worktree-sh-and-a-bare-name-of-two-dots-leaves-a-branch-behind.md|docs/process/obligations/0221-subagents-read-skills-from-the-shared-checkout-and-a-worktree-isolated-integrator-cannot-fast-forward-it-after-a-merge.md|docs/spec/13-open-obligations.md|docs/probe-runs/regression-probe-transcript-for-2026-09-11.md|docs/obligations/0144-the-cache-identity-test-reads-the-live-working-tree-so-an-edit-during-the-run-reports-the-correctness-root-as-violated.md|docs/process/obligations/0209-a-build-order-dispatch-passes-no-isolation-so-a-stage-can-inherit-the-parent-worktree-as-its-working-directory.md|docs/process/decisions/0017-ci-concurrency-is-per-ref-and-every-ref-but-main-cancels-a-superseded-run.md
ddf71980-5ed6-4356-bd08-7634f65a6cda	disjoint	2026-10-02T10:20:07Z	e76bf2d4-45d1-4be4-b7a5-a53f65aea484.jsonl	14	sha256:28d90647a93113179d94d28fc944ad0c34df48bec96f2ed374bb5b0ec68e3d67	docs/how-to/rotate-or-revoke-the-apt-signing-subkey.md|docs/interfaces/headwater-capture.md|docs/how-to/cut-a-release.md|docs/process/specs/orchestration-architecture.md|docs/how-to/diagnose-an-isolation-failure.md	docs/obligations/0130-the-publication-date-of-this-repository-is-unset-and-the-owner-alone-sets-it.md|docs/obligations/0057-a-retrofit-cannot-recover-the-two-dates-or-the-acceptance.md|docs/decisions/0031-q31-whether-this-repository-becomes-public-and-when.md|docs/probe-runs/regression-probe-transcript-for-2026-09-11.md|docs/probe-runs/campaign-of-2026-09-28-campaign-tier-present-arm-navigability.md|docs/probe-runs/second-campaign-pilot-of-2026-09-28-campaign-tier-present-arm-discovery.md|docs/probe-runs/campaign-pilot-of-2026-09-28-campaign-tier-present-arm-discovery.md|docs/probe-runs/status-probe-pilot-of-2026-09-29-campaign-tier-present-arm-sufficiency.md|docs/probe-runs/second-campaign-pilot-of-2026-09-28-campaign-tier-absent-arm-discovery.md|docs/probe-runs/second-campaign-pilot-of-2026-09-28-campaign-tier-present-arm-sufficiency.md
559b57f4-9cc3-4947-9cb0-e6442e949d35	disjoint	2026-09-28T10:30:23Z	94bce3bc-e351-4c4e-994b-4af053609952.jsonl	10	sha256:ababc7a86a73a4ed9c509869326e7ec2310db2cb1780c10f12faa5b0dcf22a57	docs/spec/17-orchestration-architecture.md|docs/obligations/0207-the-plan-usage-of-one-issue-is-known-only-as-the-average-of-its-run.md|docs/decisions/0060-the-engine-s-version-stays-one-number-and-a-build-s-exact-commit-is-a-separate-unwired-fact.md|docs/requirements/0002-every-document-of-a-kind-that-requires-sections-carries-all-of-them.md|docs/interfaces/headwater-json.md	docs/obligations/0073-the-prior-version-still-owes-the-key-edit-that-the-clock.md|docs/obligations/0211-two-hand-remedy-lines-for-hw-cargo-in-hw-run-policy-may-no-longer-earn-their-cost-on-every-dispatch.md|docs/obligations/0201-no-coverage-or-mutation-measurement-has-ever-been-taken-over-the-engine-s-test-suite.md|docs/decisions/0047-how-the-two-halves-of-the-site-share-one-host.md|docs/decisions/0011-license-and-distribution-posture.md|docs/decisions/0079-criterion-5-admits-naming-or-extending-a-core-serving-kind-and-a-facet-only-entry-ships-no-templates-directory-under-criterion-2.md|docs/how-to/keep-derived-files-from-conflicting-in-parallel-pull-requests.md|docs/obligations/0161-the-validation-block-of-mkdocs-yml-is-a-gate-this-repository-owns-and-no-fixture-drives.md|docs/how-to/cut-a-release.md|docs/decisions/0003-how-much-of-the-default-taxonomy-ships-in-the-box.md
0f0a4d44-4f13-4519-88ff-c622434dfe39	disjoint	2026-09-28T05:24:54Z	2982dfd0-b125-4422-9acb-54038ad116ec.jsonl	2	sha256:34a5dcf5e7f3695150d9417a8cc1a4f66bebb467a79f904401eff59dd0dbf011	docs/obligations/0207-the-plan-usage-of-one-issue-is-known-only-as-the-average-of-its-run.md|docs/decisions/0034-q34-whether-acceptance-means-merged-to-main-and-what-an-agent-may-write-before-that.md|docs/process/explanations/where-a-ci-job-runs.md|docs/acceptance-criteria/0001-no-engine-source-outside-the-fetch-crate-names-a-network-api-and-no-crate-of-the-checking-loop-reaches-a-network-package.md|docs/evaluations/external-evaluation-harnesses-and-benchmarks-for-the-probe-campaign.md	docs/obligations/0211-two-hand-remedy-lines-for-hw-cargo-in-hw-run-policy-may-no-longer-earn-their-cost-on-every-dispatch.md|docs/obligations/0161-the-validation-block-of-mkdocs-yml-is-a-gate-this-repository-owns-and-no-fixture-drives.md|docs/process/decisions/0006-the-entrypoint-keeps-its-name-and-becomes-a-resumable-run.md|docs/process/decisions/0023-a-build-order-parent-restarts-every-few-merges-drains-to-zero-first-and-resumes-from-the-handover-files-on-disk.md|docs/spec/17-orchestration-architecture.md|docs/decisions/0098-an-engine-subsystem-is-described-by-a-technical-design-spec-on-a-shelf-of-its-own-and-its-behavior-stays-where-it-is-already-written.md|docs/obligations/0203-three-small-run-tooling-gaps-from-run-20260922-1121-filed-together.md|docs/obligations/0035-section-contracts-in-the-base.md|docs/obligations/0107-the-base-package-ships-a-kind-that-the-scaffolder-refuses-to-write.md|docs/obligations/0189-a-base-shelf-path-is-closed-to-every-later-entry-over-the-same-ground.md
d7275df9-c569-419d-addb-18597ff4fd0b	disjoint	2026-10-02T03:06:03Z	50652494-9d42-402c-89b8-27a43100f4bd.jsonl	25	sha256:ea528d200f8cf8aa24b75a62cf61801391676285578f79bb66a623f3e36e820c	docs/probes/a-session-names-the-event-that-makes-a-document-accepted.md|docs/obligations/0062-a-relation-may-admit-a-document-and-an-anchor-and-no-rule.md|docs/how-to/relocate-a-shelf.md|docs/requirements/0002-every-document-of-a-kind-that-requires-sections-carries-all-of-them.md|docs/subsystems/parse-and-census.md	docs/taxonomies/brd-prd/doctrine.md|docs/decisions/0044-q44-whether-bundles-decompose-into-capabilities-and-assemblies-compose-practices.md|docs/process/decisions/0024-a-document-that-moves-to-a-process-shelf-keeps-its-identifier.md|docs/evaluations/specifying-the-engine.md|docs/decisions/0035-q35-whether-one-requirement-kind-holds-an-imported-requirement-and-an-authored-one.md|docs/taxonomies/design-spec/doctrine.md|docs/evaluations/adjacent-work.md|docs/taxonomies/evidence-and-obligation/doctrine.md|docs/spec/08-design-departures.md|docs/obligations/0051-downstream-delivery-of-a-standards-corpus.md
9c74281d-33f2-4db2-ad20-9f2645b48bb5	disjoint	2026-09-30T03:04:17Z	1338ac1e-5046-4dce-9ea3-0064ffdac44d.jsonl	2	sha256:6bd98ba330d2741ecc2364e3744cb76208a5f2ecc391c2b5ca10d8ed99bf581b	docs/decisions/0076-a-probe-budget-prices-a-run-identity-fixed-before-the-run-and-a-committed-transcript-and-a-sweep-has-neither.md|docs/acceptance-criteria/0002-every-required-section-of-every-governed-document-has-a-heading.md|docs/taxonomies/diataxis/doctrine.md|docs/process/decisions/0001-orchestration-prose-has-one-owner-per-sentence.md|docs/spec/09-open-questions.md	docs/obligations/0143-a-specification-sentence-closes-a-set-with-a-count-the-source-exceeds-and-115-of-127-candidates-are-unchecked.md|docs/obligations/0201-no-coverage-or-mutation-measurement-has-ever-been-taken-over-the-engine-s-test-suite.md|docs/probe-runs/regression-probe-transcript-for-2026-09-11.md|docs/obligations/0179-the-commit-gate-checks-prose-with-a-binary-it-never-compares-against-the-engine-sources.md|docs/decisions/0096-harper-does-not-become-part-of-the-engine-now-and-q41-stands.md|docs/obligations/0057-a-retrofit-cannot-recover-the-two-dates-or-the-acceptance.md|docs/decisions/0063-every-required-facet-of-a-generated-document-is-derived-and-the-emitter-composes-the-summary.md|docs/obligations/0058-no-relation-records-that-one-argument-settled-several.md|docs/obligations/0159-a-sentence-that-opens-with-a-hash-and-an-issue-number-is-folded-into-the-sentence-before-it.md|docs/obligations/0013-no-probe-tests-whether-a-counted-tombstone-stops-a-confident.md
5ad9d2fc-2976-4311-9051-2c023b680f31	disjoint	2026-09-27T04:54:06Z	e71207ac-88d7-481d-97f1-67d111b2fa22.jsonl	4	sha256:2f9d7e80f4b451b32471edf4b0b2197fb1a5956a3376bfc08e56ae6b0150c14b	docs/evaluations/capability-bundle-address-inventory.md|docs/how-to/mine-the-shadow-mode-routing-log.md|docs/obligations/0092-how-a-probe-reaches-a-harvesting-tier-and-what-a-transcript.md|docs/spec/00-vision-and-scope.md|docs/decisions/0033-q33-whether-the-command-line-is-derived-and-who-a-flag-belongs-to.md	docs/obligations/0057-a-retrofit-cannot-recover-the-two-dates-or-the-acceptance.md|docs/evaluations/graph-export-and-federation.md|docs/decisions/0031-q31-whether-this-repository-becomes-public-and-when.md|docs/interfaces/headwater-gate.md|docs/interfaces/headwater-infer.md|docs/obligations/0019-whether-any-corpus-needs-a-second-export-profile.md|docs/evaluations/first-contact.md|docs/decisions/0009-multi-repository-corpora.md|docs/evaluations/inspect-evals-worked-example.md|docs/spec/07-distribution-and-federation.md
abff39b4-9102-4a55-8605-2a87f57ec3be	disjoint	2026-10-03T04:29:16Z	19b6d2bc-015d-4b01-a550-ff6f9bb9896e.jsonl	49	sha256:25e993e15ac50eb82f62f60e37f5b72a9f65d265683d92ea8e268b6220a3845c	docs/requirements/0003-a-relation-target-written-as-the-path-of-a-document-is-reported-and-never-bound-as-an-anchor-onto-that-file.md|docs/how-to/diagnose-an-isolation-failure.md|docs/process/explanations/where-a-ci-job-runs.md|docs/evaluations/external-evaluation-harnesses-and-benchmarks-for-the-probe-campaign.md|docs/process/obligations/0207-the-plan-usage-of-one-issue-is-known-only-as-the-average-of-its-run.md	docs/probe-runs/campaign-of-2026-09-28-campaign-tier-absent-arm-navigability.md|docs/probe-runs/campaign-of-2026-09-28-campaign-tier-present-arm-sufficiency.md|docs/probe-results/campaign-of-2026-09-28-campaign-tier-absent-arm-sufficiency.md|docs/probe-results/campaign-of-2026-09-28-campaign-tier-absent-arm-navigability.md|docs/probe-results/campaign-of-2026-09-30-campaign-tier-absent-arm-sufficiency.md|docs/obligations/0229-the-counterfactual-campaign-evaluation-withholds-its-discharges-edge-until-a-person-promotes-it.md|docs/probe-results/campaign-of-2026-09-28-campaign-tier-present-arm-sufficiency.md|docs/probe-results/campaign-of-2026-09-30-campaign-tier-absent-arm-discovery.md|docs/probe-results/campaign-of-2026-09-30-campaign-tier-absent-arm-navigability.md|docs/probe-results/second-campaign-pilot-of-2026-09-28-campaign-tier-absent-arm-navigability.md
57a5a8c1-4bc4-4499-9838-3de28ed9cced	disjoint	2026-09-24T00:05:16Z	afc7b001-ab3d-520a-ac4a-e83f3ae7de9c.jsonl	3	sha256:9d18e18555899acfcec53471671e049fc1873e08d235be192628ed7b4a76ebf1	docs/evaluations/what-a-check-can-know.md|docs/interfaces/headwater-check.md|docs/obligations/0027-what-optional-holds-under-the-package-root.md|docs/verifications/0001-the-section-heading-rule-has-no-case-table-and-a-golden-fixture-report-is-what-proves-it-runs.md|docs/spec/00-vision-and-scope.md	docs/obligations/0012-the-human-half-of-the-public-presence-claim-has-no-instrument.md|docs/evaluations/the-pointer-probe-grades-a-session-against-the-router-s-own-first-pick-so-a-correct-session-that-declines-a-wrong-pointer-fails.md|docs/obligations/0026-the-operational-shape-of-a-hosted-server-is-unstated.md|docs/evaluations/a-probe-task-section-is-the-prompt-so-commentary-under-that-heading-is-prompt.md|docs/decisions/0075-the-vendor-verb-may-take-a-location-and-the-fetch-lives-only-in-a-crate-the-checking-loop-never-links.md|docs/decisions/0042-q42-what-one-screen-means-for-the-first-help-screen.md|docs/decisions/0036-q36-which-of-mkdocs-docusaurus-or-astro-this-corpus-emits-navigation-for-and-why.md|docs/interfaces/headwater-json.md|docs/obligations/0208-four-small-test-and-wording-gaps-from-run-20260923-0733-filed-together.md|docs/evaluations/linkml-worked-example.md
20232533-3181-42cd-a0b8-9ace23b6e12f	disjoint	2026-09-27T13:14:04Z	b5554ef1-29fb-41ec-8ac7-4d043f9e3e0e.jsonl	19	sha256:52db54cad2b9d2726cec9b85d7642db87f9c62c4f81f0c1f31f8f8a1105b6773	docs/spec/00-vision-and-scope.md|docs/probe-runs/regression-probe-transcript-for-2026-09-17-after-the-probe-corrections.md|docs/how-to/relocate-a-shelf.md|docs/decisions/0075-the-vendor-verb-may-take-a-location-and-the-fetch-lives-only-in-a-crate-the-checking-loop-never-links.md|docs/obligations/0207-the-plan-usage-of-one-issue-is-known-only-as-the-average-of-its-run.md	docs/decisions/0082-the-resolved-taxonomy-is-drawn-by-a-verb-that-prints-mermaid-and-writes-no-file.md|docs/obligations/0211-two-hand-remedy-lines-for-hw-cargo-in-hw-run-policy-may-no-longer-earn-their-cost-on-every-dispatch.md|docs/evaluations/linkml-worked-example.md|docs/decisions/0038-q38-which-link-relation-a-rendered-page-carries-to-the-served-corpus-descriptor.md|docs/obligations/0203-three-small-run-tooling-gaps-from-run-20260922-1121-filed-together.md|docs/obligations/0107-the-base-package-ships-a-kind-that-the-scaffolder-refuses-to-write.md|docs/obligations/0161-the-validation-block-of-mkdocs-yml-is-a-gate-this-repository-owns-and-no-fixture-drives.md|docs/obligations/0216-two-merge-hooks-of-this-repository-print-a-resolve-flag-that-the-verb-refuses.md|docs/how-to/cut-a-release.md|docs/evaluations/schema-format-walkthrough.md
9d2d4bbe-fe87-4135-bdbd-90fc8f3cc38e	disjoint	2026-10-02T08:58:33Z	fceea6f0-d151-49fc-830a-7ed8d60e826c.jsonl	2	sha256:252ce468aa7a917f39776b7d0cfdc96b3d171a15f10c3eca82f69e5f598fb636	docs/how-to/keep-derived-files-from-conflicting-in-parallel-pull-requests.md|docs/probe-runs/regression-probe-transcript-for-2026-09-16.md|docs/decisions/0032-q32-which-test-the-self-audit-label-states.md|docs/requirements/0003-a-relation-target-written-as-the-path-of-a-document-is-reported-and-never-bound-as-an-anchor-onto-that-file.md|docs/interfaces/headwater-generate.md	docs/spec/00-vision-and-scope.md|docs/decisions/0047-how-the-two-halves-of-the-site-share-one-host.md|docs/how-to/wire-headwater-check-into-your-own-workflow.md|docs/how-to/publish-your-corpus-as-a-site.md|docs/interfaces/headwater-show.md|docs/how-to/rotate-or-revoke-the-apt-signing-subkey.md|docs/interfaces/headwater-change.md|docs/process/obligations/0220-no-disk-floor-is-stated-for-a-build-order-run-and-nothing-prunes-the-cargo-pool.md|docs/evaluations/linkml-worked-example.md|docs/decisions/0077-the-consumer-surface-is-what-an-adopter-receives-runs-and-must-have-installed-and-it-is-a-closed-and-declared-list.md
f0d94479-88ea-4567-a634-006cea99e28d	disjoint	2026-10-02T10:16:10Z	e76bf2d4-45d1-4be4-b7a5-a53f65aea484.jsonl	13	sha256:1a842bd94b6226c9393284c10f8839d33f8ea369ccf9ccc3c74be31e04909995	docs/decisions/0096-harper-does-not-become-part-of-the-engine-now-and-q41-stands.md|docs/explanations/how-a-headwater-release-reaches-an-adopter.md|docs/obligations/0077-a-fragment-on-a-path-needs-a-grain-that-no-scope-supplies.md|docs/requirements/0005-a-code-path-names-every-document-that-governs-it.md|docs/process/decisions/0003-a-dispatch-pays-when-it-retires-more-parent-turns-than-it-costs.md	docs/obligations/0096-whether-anything-is-ever-promoted-out-of-the-asserted-tier.md|docs/obligations/0204-docs-decisions-0077-still-describes-hw-dr-0049-s-rewrite-as-pending-after-574-made-it.md|docs/obligations/0108-an-agent-writes-the-acceptance-stamp-of-every-document-in-this-corpus.md|docs/obligations/0086-an-inline-quotation-reaches-every-lexical-rule-as-this-authors.md|docs/obligations/0083-the-pair-grain-absorbs-a-second-violation-inside-one-cell.md|docs/obligations/0007-no-count-exists-of-adopters-who-stopped-at-the-license-terms.md|docs/obligations/0134-the-comment-prose-defines-by-contrast-979-times-in-179-000-words-and-no-mechanism-here-performs-an-editorial-pass.md|docs/probe-runs/campaign-of-2026-09-30-campaign-tier-absent-arm-discovery.md|docs/probe-runs/campaign-of-2026-09-30-campaign-tier-present-arm-discovery.md|docs/obligations/0143-a-specification-sentence-closes-a-set-with-a-count-the-source-exceeds-and-115-of-127-candidates-are-unchecked.md
92792b16-67f8-40a6-8f17-d445df771596	disjoint	2026-10-03T02:48:35Z	19b6d2bc-015d-4b01-a550-ff6f9bb9896e.jsonl	39	sha256:8bd744b94c7f6c27618609e16b7ad697ea0cbbdd8857a25923c04a1c810926cd	docs/how-to/cut-a-release.md|docs/interfaces/headwater-check.md|docs/process/evaluations/the-build-order-as-a-multi-agent-system.md|docs/process/obligations/0207-the-plan-usage-of-one-issue-is-known-only-as-the-average-of-its-run.md|docs/requirements/0004-the-graph-export-carries-the-member-patterns-of-a-list-anchor.md	docs/process/obligations/0221-subagents-read-skills-from-the-shared-checkout-and-a-worktree-isolated-integrator-cannot-fast-forward-it-after-a-merge.md|docs/process/decisions/0022-the-verify-and-rework-loop-for-one-issue-runs-below-the-parent.md|docs/process/obligations/0209-a-build-order-dispatch-passes-no-isolation-so-a-stage-can-inherit-the-parent-worktree-as-its-working-directory.md|docs/obligations/0223-no-run-measures-whether-the-documents-under-docs-change-what-an-agent-builds.md|docs/process/decisions/0008-the-board-has-an-owner-of-its-structure-and-its-milestones-are-capped-versions.md|docs/process/evaluations/one-clone-many-agents-how-this-repository-isolates-the-sessions-that-build-it.md|docs/process/obligations/0225-eight-run-tooling-gaps-from-run-20260929-1205-filed-together.md|docs/process/obligations/0224-thirteen-run-tooling-gaps-from-run-20260928-1109-filed-together.md|docs/decisions/0083-governs-and-traces-to-are-created-by-an-agent-because-a-session-proposes-the-line-and-a-person-types-it.md|docs/process/decisions/0006-the-entrypoint-keeps-its-name-and-becomes-a-resumable-run.md
598ab39b-c0e2-4590-8ce0-1ba1a88d74d2	disjoint	2026-09-30T23:50:07Z	5046c7ca-5d4f-4be0-8532-2a95ed278447.jsonl	9	sha256:f1280f6afebf9be4d5e24eef3e0c2b98cdccb6ad94b7ab8205557cdd08fabde6	docs/process/explanations/where-a-ci-job-runs.md|docs/how-to/keep-derived-files-from-conflicting-in-parallel-pull-requests.md|docs/obligations/0218-the-opening-sentence-of-the-self-found-list-in-spec-13-counts-forty-nine-items-in-ranges-that-do-not-match-the-list.md|docs/evaluations/what-a-check-can-know.md|docs/decisions/0096-harper-does-not-become-part-of-the-engine-now-and-q41-stands.md	docs/obligations/0121-three-conformance-rules-name-an-attestation-that-no-record-format-exists-for.md|docs/process/evaluations/one-clone-many-agents-how-this-repository-isolates-the-sessions-that-build-it.md|docs/spec/16-harness-support.md|docs/obligations/0112-a-surface-cannot-move-the-assisted-fraction-of-a-run.md|docs/process/specs/orchestration-architecture.md|docs/decisions/0015-a-synthesized-content-tier.md|docs/probe-runs/second-campaign-pilot-of-2026-09-28-campaign-tier-present-arm-sufficiency.md|docs/obligations/0109-the-capture-cost-denominator-is-set-by-declaration-and-not-by-work.md|docs/obligations/0157-the-capture-report-says-two-denominators-over-a-store-that-named-seventeen-taxonomies.md|docs/decisions/0007-scope-of-the-mcp-surface.md
2c7ec14a-c1f1-429b-af16-8d59b8190fb4	disjoint	2026-10-03T02:06:12Z	19b6d2bc-015d-4b01-a550-ff6f9bb9896e.jsonl	34	sha256:3f1930cf6ed90dad48dd255dc6f6860ebec2494980944cd2d71781925a08b89f	docs/process/obligations/0207-the-plan-usage-of-one-issue-is-known-only-as-the-average-of-its-run.md|docs/decisions/0055-a-hook-reads-a-wire-format-through-the-engine-and-not-through-an-interpreter.md|docs/requirements/0002-every-document-of-a-kind-that-requires-sections-carries-all-of-them.md|docs/interfaces/headwater-completions.md|docs/probe-runs/regression-probe-transcript-for-2026-09-17-after-the-probe-corrections.md	docs/interfaces/headwater-sweep.md|docs/probe-runs/campaign-of-2026-09-30-campaign-tier-present-arm-sufficiency.md|docs/interfaces/headwater-check.md|docs/interfaces/headwater-query.md|docs/probe-runs/campaign-of-2026-09-30-documentation-tier-absent-arm-sufficiency.md|docs/probe-runs/campaign-of-2026-09-30-campaign-tier-absent-arm-sufficiency.md|docs/obligations/0093-whether-a-harvesting-tier-owes-conformance-rules-of-its-own.md|docs/spec/00-vision-and-scope.md|docs/probe-runs/campaign-of-2026-09-30-campaign-tier-present-arm-navigability.md|docs/obligations/0107-the-base-package-ships-a-kind-that-the-scaffolder-refuses-to-write.md
cc127a85-e1a9-4e7f-be7c-51d35b82ca00	disjoint	2026-09-23T23:54:14Z	e2a9988f-b810-4212-9221-6df09ed86845.jsonl	71	sha256:8b17a18a92d561d3ad53bf6bf7c1bc53d0fcd8ecbfb1dbe1c72fae5e58e7b9fe	docs/probes/a-session-answers-from-the-register-without-opening-the-question-it-replaced.md|docs/how-to/diagnose-an-isolation-failure.md|docs/decisions/0049-a-corpus-wide-fold-is-derived-and-never-stored.md|docs/spec/12-check-layer.md|docs/obligations/0135-repo-cleanup-names-one-cause-for-a-gone-upstream-and-this-repository-produced-a-second.md	docs/decisions/0052-a-document-is-proposed-at-the-state-it-will-hold-and-the-merge-activates-it.md|docs/process/decisions/0004-coordination-is-a-create-only-claim-and-authority-stays-on-the-tree.md|docs/obligations/0161-the-validation-block-of-mkdocs-yml-is-a-gate-this-repository-owns-and-no-fixture-drives.md|docs/obligations/0114-a-control-that-names-a-sweep-marks-its-obligation-verified-with-nothing-run.md|docs/obligations/0076-a-generated-check-reads-its-severity-from-the-taxonomy.md|docs/obligations/0017-publishing-the-read-set-skips-a-re-run-on-two-of-the-eighteen.md|docs/decisions/0021-terminological-succession-and-validity-under-merge.md|docs/interfaces/headwater-merge-driver.md|docs/obligations/0001-the-promotion-fix-has-no-reading-of-the-assisted-fraction.md|docs/obligations/0133-two-test-helpers-key-a-scratch-directory-on-the-pid-alone-and-the-race-springs-on-the-next-case-added.md
8706b1d8-2ae3-4f47-ba3e-adee6e4b4ded	disjoint	2026-09-28T01:20:44Z	b5554ef1-29fb-41ec-8ac7-4d043f9e3e0e.jsonl	44	sha256:33c370f12f817496b341e80381bf9ffd9a3c4dad7495c2ba4afe1163f0038744	docs/probe-runs/regression-probe-transcript-for-2026-09-17-after-the-probe-corrections.md|docs/spec/17-orchestration-architecture.md|docs/obligations/0017-publishing-the-read-set-skips-a-re-run-on-two-of-the-eighteen.md|docs/evaluations/the-build-order-as-a-multi-agent-system.md|docs/interfaces/headwater-neighbors.md	docs/obligations/0086-an-inline-quotation-reaches-every-lexical-rule-as-this-authors.md|docs/decisions/0038-q38-which-link-relation-a-rendered-page-carries-to-the-served-corpus-descriptor.md|docs/obligations/0131-the-cli-crate-wires-every-verb-and-carries-no-tests-so-two-wiring-defects-passed-a-green-suite.md|docs/how-to/diagnose-an-isolation-failure.md|docs/obligations/0182-the-publish-crates-retry-loop-has-no-retry-ceiling.md|docs/how-to/cut-a-release.md|docs/obligations/0203-three-small-run-tooling-gaps-from-run-20260922-1121-filed-together.md|docs/obligations/0217-the-site-review-marker-lives-in-the-common-directory-of-a-clone-so-one-worktree-s-unreviewed-merge-blocks-the-push-of-every-worktree.md|docs/obligations/0136-seven-rustdoc-relative-links-in-comments-point-at-pages-the-doc-tree-does-not-have.md|docs/obligations/0082-the-lock-is-half-generated-and-half-authored-and-nothing.md
1bad8db6-9a9c-44ca-9d0b-4b1769a758e3	disjoint	2026-10-03T02:02:17Z	19b6d2bc-015d-4b01-a550-ff6f9bb9896e.jsonl	33	sha256:f1c6bdb907a67a6bdb26471c3565aaaa275edb36ad1fa0444cc095ceec5d69b6	docs/probes/a-session-names-the-status-a-settled-decision-carries-in-its-pull-request.md|docs/how-to/diagnose-an-isolation-failure.md|docs/acceptance-criteria/0005-the-governing-documents-of-a-path-are-the-same-for-every-spelling-of-it-and-a-path-no-anchor-matches-has-none.md|docs/obligations/0198-nothing-states-how-much-of-a-session-s-budget-the-standing-instructions-consume-before-work-starts.md|docs/spec/05-ai-integration.md	docs/probe-runs/campaign-of-2026-09-28-campaign-tier-present-arm-sufficiency.md|docs/probe-runs/campaign-of-2026-09-28-campaign-tier-absent-arm-sufficiency.md|docs/probe-runs/campaign-of-2026-09-30-campaign-tier-present-arm-sufficiency.md|docs/probe-runs/campaign-of-2026-09-30-campaign-tier-absent-arm-sufficiency.md|docs/probe-runs/campaign-of-2026-09-28-documentation-tier-absent-arm-sufficiency.md|docs/process/obligations/0207-the-plan-usage-of-one-issue-is-known-only-as-the-average-of-its-run.md|docs/probe-runs/campaign-of-2026-09-28-campaign-tier-present-arm-navigability.md|docs/obligations/0229-the-counterfactual-campaign-evaluation-withholds-its-discharges-edge-until-a-person-promotes-it.md|docs/probe-runs/campaign-of-2026-09-30-campaign-tier-present-arm-discovery.md|docs/probe-runs/second-campaign-pilot-of-2026-09-28-campaign-tier-present-arm-sufficiency.md
63f38ad1-8634-4782-a470-2f7fc8ea2e95	disjoint	2026-09-30T08:18:55Z	1338ac1e-5046-4dce-9ea3-0064ffdac44d.jsonl	10	sha256:c02eb3cbbab6848fab8cf3f4883f53499ab6766e89942e185294102bfb9053de	docs/evaluations/external-evaluation-harnesses-and-benchmarks-for-the-probe-campaign.md|docs/how-to/relocate-a-shelf.md|docs/interfaces/headwater-sweep.md|docs/process/obligations/0203-three-small-run-tooling-gaps-from-run-20260922-1121-filed-together.md|docs/probes/the-pointer-this-corpus-offers-for-a-task-is-the-document-a-session-opens.md	docs/obligations/0072-a-cache-of-check-results-does-not-make-a-run-proportional.md|docs/obligations/0001-the-promotion-fix-has-no-reading-of-the-assisted-fraction.md|docs/obligations/0161-the-validation-block-of-mkdocs-yml-is-a-gate-this-repository-owns-and-no-fixture-drives.md|docs/process/decisions/0017-ci-concurrency-is-per-ref-and-every-ref-but-main-cancels-a-superseded-run.md|docs/evaluations/shacl-worked-example.md|docs/reviews/core-concepts-review-findings.md|docs/obligations/0017-publishing-the-read-set-skips-a-re-run-on-two-of-the-eighteen.md|docs/obligations/0157-the-capture-report-says-two-denominators-over-a-store-that-named-seventeen-taxonomies.md|docs/obligations/0215-a-bless-run-of-the-conformance-render-tests-races-two-tests-over-one-fixture-file.md|docs/obligations/0020-whether-a-solution-corpus-vendors-each-source-export.md
dcf1853e-a231-4cbe-9bf9-800b1f9654b3	disjoint	2026-10-02T03:49:57Z	50652494-9d42-402c-89b8-27a43100f4bd.jsonl	28	sha256:5ba2c7ae2f3f237139eb9ab485a627cdd2d750943fa01f59f88fff85da4d30b8	docs/how-to/relocate-a-shelf.md|docs/process/decisions/0009-a-release-gets-all-its-assets-in-one-create-call-and-a-person-deletes-it-to-run-again.md|docs/acceptance-criteria/0003-check-reports-a-document-path-written-as-a-relation-target-once-in-every-spelling-and-through-a-symlink.md|docs/interfaces/headwater-import.md|docs/evaluations/harper-spike-results.md	docs/obligations/0223-no-run-measures-whether-the-documents-under-docs-change-what-an-agent-builds.md|docs/spec/07-distribution-and-federation.md|docs/obligations/0214-the-commit-gate-does-not-see-docs-taxonomies-readme-md-drift-from-its-vendored-copy.md|docs/interfaces/headwater-new.md|docs/decisions/0089-a-taxonomy-release-publishes-the-source-at-the-tagged-commit-and-never-ships-the-vendored-copy.md|docs/explanations/how-a-headwater-release-reaches-an-adopter.md|docs/interfaces/headwater-infer.md|docs/process/obligations/0221-subagents-read-skills-from-the-shared-checkout-and-a-worktree-isolated-integrator-cannot-fast-forward-it-after-a-merge.md|docs/interfaces/headwater-explain.md|docs/obligations/0085-headwater-init-cannot-reach-a-package-that-is-not-already.md
c29df666-be7c-4f7a-adb0-c2476758ee68	disjoint	2026-10-02T04:30:59Z	27932fca-1984-48f7-adfa-897fb3daf4cb.jsonl	3	sha256:1092bdb3a3b625279faf8761dc0aa954475df454cf979297178b39d540377e75	docs/evaluations/specifying-the-engine.md|docs/how-to/rotate-or-revoke-the-apt-signing-subkey.md|docs/spec/16-harness-support.md|docs/obligations/0027-what-optional-holds-under-the-package-root.md|docs/verifications/0001-the-section-heading-rule-has-no-case-table-and-a-golden-fixture-report-is-what-proves-it-runs.md	docs/spec/15-the-recorder-contract.md|docs/probe-runs/campaign-pilot-of-2026-09-28-documentation-tier-absent-arm-sufficiency.md|docs/probe-runs/regression-probe-transcript-for-2026-09-11.md|docs/probes/the-pointer-this-corpus-offers-for-a-task-is-the-document-a-session-opens.md|docs/probe-runs/campaign-pilot-of-2026-09-28-campaign-tier-present-arm-navigability.md|docs/probe-runs/campaign-pilot-of-2026-09-28-campaign-tier-present-arm-discovery.md|docs/probe-runs/second-campaign-pilot-of-2026-09-28-campaign-tier-present-arm-navigability.md|docs/probe-runs/campaign-pilot-of-2026-09-28-campaign-tier-absent-arm-navigability.md|docs/probe-runs/campaign-pilot-of-2026-09-28-campaign-tier-absent-arm-discovery.md|docs/probe-runs/second-campaign-pilot-of-2026-09-28-campaign-tier-absent-arm-navigability.md
aa9c8a6f-ad36-425a-b9fb-df17f3294c35	disjoint	2026-09-28T06:50:09Z	94bce3bc-e351-4c4e-994b-4af053609952.jsonl	2	sha256:615e20ab3dcb7f38be09a33fd2883f101fe1f185f00241ac245868e4afca89a4	docs/decisions/0030-q30-whether-what-an-obligation-waits-on-is-a-state-or-a-property-and-how-many-values-it-takes.md|docs/obligations/0026-the-operational-shape-of-a-hosted-server-is-unstated.md|docs/acceptance-criteria/0002-every-required-section-of-every-governed-document-has-a-heading.md|docs/how-to/diagnose-an-isolation-failure.md|docs/spec/12-check-layer.md	docs/evaluations/the-build-order-as-a-multi-agent-system.md|docs/obligations/0207-the-plan-usage-of-one-issue-is-known-only-as-the-average-of-its-run.md|docs/decisions/0031-q31-whether-this-repository-becomes-public-and-when.md|docs/spec/17-orchestration-architecture.md|docs/obligations/0220-no-disk-floor-is-stated-for-a-build-order-run-and-nothing-prunes-the-cargo-pool.md|docs/obligations/0182-the-publish-crates-retry-loop-has-no-retry-ceiling.md|docs/obligations/0205-hw-obl-0002-s-sample-counts-and-voice-rs-s-own-census-predate-the-scent-role-fix-and-need-retaking.md|docs/obligations/0130-the-publication-date-of-this-repository-is-unset-and-the-owner-alone-sets-it.md|docs/decisions/0011-license-and-distribution-posture.md|docs/process/decisions/0011-crates-publish-in-one-fixed-order-that-a-test-holds-and-a-rerun-continues-where-the-last-run-stopped.md
ad5c73fb-4116-45a1-b213-9b884145cd23	disjoint	2026-09-27T23:17:15Z	b5554ef1-29fb-41ec-8ac7-4d043f9e3e0e.jsonl	33	sha256:874c80caa55ed5b060a67ed63f5ce1d14a9ae65a426948df32c9ab5309476ce6	docs/evaluations/the-build-order-as-a-multi-agent-system.md|docs/how-to/relocate-a-shelf.md|docs/spec/15-the-recorder-contract.md|docs/obligations/0073-the-prior-version-still-owes-the-key-edit-that-the-clock.md|docs/probes/the-authoring-skill-reaches-an-agent-that-is-about-to-write-a-governed-document.md	docs/spec/glossary.md|docs/spec/12-check-layer.md|docs/decisions/0068-the-front-matter-key-that-carries-a-minted-identifier-is-id.md|docs/obligations/0044-a-generated-index-labels-a-document-with-its-identifier.md|docs/obligations/0048-a-mapping-key-holds-a-dot-and-no-address-reaches.md|docs/interfaces/headwater-explain.md|docs/decisions/0040-q40-whether-extends-bundle-requires-and-an-overlay-s-taxonomy-key-are-a-mechanism-or-a-label.md|docs/interfaces/headwater-json.md|docs/obligations/0067-a-rule-that-reads-the-taxonomy-has-no-grain-in-spec-12s-list.md|docs/obligations/0115-a-pinned-digest-authenticates-the-pin-and-never-the-publisher.md
dcc9fc6a-69db-4276-bc5c-624de55e06a2	disjoint	2026-10-02T08:30:59Z	1f8ffc5b-6498-4c89-ac19-72928092f21b.jsonl	13	sha256:12be6079d22c758385283b26722ebd6c1c7a97b5b3e7edc430b37ad219acff86	docs/decisions/0084-a-language-rule-reaches-front-door-prose-outside-the-corpus-root-and-no-other-rule-does.md|docs/obligations/0175-two-documents-take-one-sequence-on-a-sequence-declaring-shelf-and-no-rule-reads-it.md|docs/requirements/0002-every-document-of-a-kind-that-requires-sections-carries-all-of-them.md|docs/spec/glossary.md|docs/reviews/core-concepts-findings-assessment.md	docs/decisions/0031-q31-whether-this-repository-becomes-public-and-when.md|docs/obligations/0082-the-lock-is-half-generated-and-half-authored-and-nothing.md|docs/obligations/0201-no-coverage-or-mutation-measurement-has-ever-been-taken-over-the-engine-s-test-suite.md|docs/obligations/0205-hw-obl-0002-s-sample-counts-and-voice-rs-s-own-census-predate-the-scent-role-fix-and-need-retaking.md|docs/evaluations/first-contact.md|docs/decisions/0073-a-verification-is-a-kind-and-its-identity-is-minted-rather-than-found-in-the-code-that-cites-it.md|docs/process/obligations/0227-seven-run-tooling-gaps-from-run-20260929-2201-filed-together.md|docs/obligations/0188-the-negative-compliance-edge-and-the-governance-precedence-clause-contradict.md|docs/decisions/0096-harper-does-not-become-part-of-the-engine-now-and-q41-stands.md|docs/obligations/0097-whether-the-four-modes-of-di-taxis-are-the-kind-set.md
ea780d90-a719-47cc-b963-cf1f4346e6e5	disjoint	2026-09-21T23:30:05Z	ce1ce350-e760-5531-83da-3828c3cea74a.jsonl	1	sha256:1de00c6754cc1903bdf99f5f81b93bc841fe5ea95ed182e1b2c4b3a6ed42491e	docs/requirements/0002-every-document-of-a-kind-that-requires-sections-carries-all-of-them.md|docs/how-to/mine-the-shadow-mode-routing-log.md|docs/decisions/0055-a-hook-reads-a-wire-format-through-the-engine-and-not-through-an-interpreter.md|docs/probes/the-authoring-skill-reaches-an-agent-that-is-about-to-write-a-governed-document.md|docs/spec/05-ai-integration.md	docs/spec/07-distribution-and-federation.md|docs/spec/00-vision-and-scope.md|docs/evaluations/linkml-worked-example.md|docs/interfaces/headwater-init.md|docs/spec/08-design-departures.md|docs/decisions/0002-schema-format.md|docs/interfaces/headwater-route.md|docs/obligations/0071-a-corpus-scoped-check-makes-the-coverage-rule-unreachable.md|docs/spec/09-open-questions.md|docs/interfaces/headwater-explain.md
c2254a5a-3473-4685-864e-3603fb189dd8	disjoint	2026-09-26T13:20:40Z	9e244fee-79d9-451d-915c-e1f4c8846a32.jsonl	4	sha256:bed6ecef74245036051f97cadf0a98dc8b331bf75e5ab7c30eaac64a6a0e8587	docs/evaluations/a-probe-task-section-is-the-prompt-so-commentary-under-that-heading-is-prompt.md|docs/how-to/mine-the-shadow-mode-routing-log.md|docs/obligations/0206-hw-run-policy-names-a-worktree-add-workaround-that-write-edit-refuses-under-this-harness.md|docs/spec/glossary.md|docs/process/decisions/0007-a-background-wait-caps-below-the-cache-lifetime-and-re-issues-itself.md	docs/obligations/0207-the-plan-usage-of-one-issue-is-known-only-as-the-average-of-its-run.md|docs/reviews/core-concepts-review-findings-2.md|docs/obligations/0212-ci-done-sh-reads-a-cancelled-run-of-another-branch-as-a-red-result-on-a-main-merge-commit.md|docs/process/decisions/0006-the-entrypoint-keeps-its-name-and-becomes-a-resumable-run.md|docs/spec/17-orchestration-architecture.md|docs/obligations/0072-a-cache-of-check-results-does-not-make-a-run-proportional.md|docs/reviews/the-sixty-four-restored-help-strings-checked-against-the-binary.md|docs/reviews/core-concepts-review-findings.md|docs/decisions/0061-q61-how-a-recorded-terminal-demonstration-is-held-against-a-run.md|docs/obligations/0173-four-inline-gates-in-the-workflow-decide-an-exit-status-and-no-suite-provokes-one.md
bb6317e2-d0d6-4be3-b33f-00ca1cf3a5a2	disjoint	2026-10-02T04:10:41Z	50652494-9d42-402c-89b8-27a43100f4bd.jsonl	31	sha256:5bf6ebefa9c9bef65d5212a598c3920472528193c6415bd82d910f722f81a7f9	docs/process/explanations/where-a-ci-job-runs.md|docs/obligations/0144-the-cache-identity-test-reads-the-live-working-tree-so-an-edit-during-the-run-reports-the-correctness-root-as-violated.md|docs/interfaces/headwater-merge-driver.md|docs/process/obligations/0212-ci-done-sh-reads-a-cancelled-run-of-another-branch-as-a-red-result-on-a-main-merge-commit.md|docs/subsystems/taxonomy-resolution.md	docs/decisions/0052-a-document-is-proposed-at-the-state-it-will-hold-and-the-merge-activates-it.md|docs/obligations/0204-docs-decisions-0077-still-describes-hw-dr-0049-s-rewrite-as-pending-after-574-made-it.md|docs/decisions/0021-terminological-succession-and-validity-under-merge.md|docs/process/obligations/0216-two-merge-hooks-of-this-repository-print-a-resolve-flag-that-the-verb-refuses.md|docs/process/decisions/0017-ci-concurrency-is-per-ref-and-every-ref-but-main-cancels-a-superseded-run.md|docs/probes/an-agent-reaches-the-adjudication-from-the-document-that-lost-it.md|docs/decisions/0034-q34-whether-acceptance-means-merged-to-main-and-what-an-agent-may-write-before-that.md|docs/decisions/0063-every-required-facet-of-a-generated-document-is-derived-and-the-emitter-composes-the-summary.md|docs/obligations/0081-a-published-read-set-never-says-which-instances-must-run-again.md|docs/decisions/0096-harper-does-not-become-part-of-the-engine-now-and-q41-stands.md
320d3750-c1a5-4ff9-84e4-bbc60c826815	disjoint	2026-10-01T21:49:27Z	3f33c00e-e7c1-58c3-a5d7-1a3fac2f271f.jsonl	3	sha256:abf97b3e345ef604785b8d5506554428d58e199736ce81bb06a097f248a1e50a	docs/process/evaluations/one-clone-many-agents-how-this-repository-isolates-the-sessions-that-build-it.md|docs/how-to/publish-your-corpus-as-a-site.md|docs/obligations/0108-an-agent-writes-the-acceptance-stamp-of-every-document-in-this-corpus.md|docs/interfaces/headwater-gate.md|docs/process/decisions/0023-a-build-order-parent-restarts-every-few-merges-drains-to-zero-first-and-resumes-from-the-handover-files-on-disk.md	docs/process/obligations/0225-eight-run-tooling-gaps-from-run-20260929-1205-filed-together.md|docs/process/obligations/0224-thirteen-run-tooling-gaps-from-run-20260928-1109-filed-together.md|docs/process/obligations/0227-seven-run-tooling-gaps-from-run-20260929-2201-filed-together.md|docs/obligations/0071-a-corpus-scoped-check-makes-the-coverage-rule-unreachable.md|docs/interfaces/headwater-capture.md|docs/process/obligations/0207-the-plan-usage-of-one-issue-is-known-only-as-the-average-of-its-run.md|docs/process/decisions/0022-the-verify-and-rework-loop-for-one-issue-runs-below-the-parent.md|docs/subsystems/projections-and-export.md|docs/obligations/0169-the-coverage-report-lists-one-path-twice-so-the-self-assessment-page-publishes-two-unaccounted-files-where-one-exists.md|docs/how-to/keep-derived-files-from-conflicting-in-parallel-pull-requests.md
36724724-36f8-4cee-8fed-dfb996cd974b	disjoint	2026-09-27T10:57:23Z	b5554ef1-29fb-41ec-8ac7-4d043f9e3e0e.jsonl	11	sha256:fe8b118b9f9e367a62d28acd186d39e7ec4d11ea2f4eec69a1401da06bd59563	docs/interfaces/headwater-merge-driver.md|docs/interfaces/headwater-derived.md|docs/interfaces/headwater-show.md	docs/obligations/0216-two-merge-hooks-of-this-repository-print-a-resolve-flag-that-the-verb-refuses.md|docs/process/decisions/0017-ci-concurrency-is-per-ref-and-every-ref-but-main-cancels-a-superseded-run.md|docs/decisions/0052-a-document-is-proposed-at-the-state-it-will-hold-and-the-merge-activates-it.md|docs/decisions/0021-terminological-succession-and-validity-under-merge.md|docs/obligations/0081-a-published-read-set-never-says-which-instances-must-run-again.md|docs/obligations/0221-subagents-read-skills-from-the-shared-checkout-and-a-worktree-isolated-integrator-cannot-fast-forward-it-after-a-merge.md|docs/obligations/0217-the-site-review-marker-lives-in-the-common-directory-of-a-clone-so-one-worktree-s-unreviewed-merge-blocks-the-push-of-every-worktree.md|docs/obligations/0017-publishing-the-read-set-skips-a-re-run-on-two-of-the-eighteen.md|docs/process/decisions/0004-coordination-is-a-create-only-claim-and-authority-stays-on-the-tree.md|docs/obligations/0212-ci-done-sh-reads-a-cancelled-run-of-another-branch-as-a-red-result-on-a-main-merge-commit.md
cbf3250a-c0dd-458b-8aab-6f3bc16f6a88	disjoint	2026-09-22T11:05:27Z	246fd5c4-b822-42e4-b1e6-56f4019f2568.jsonl	9	sha256:81e00ced41d87f4b984775cd3adab526d96056d6b2e02ff8614486ee99ecdb33	docs/reviews/core-concepts-review-prompt.md|docs/how-to/mine-the-shadow-mode-routing-log.md|docs/interfaces/headwater-gate.md|docs/obligations/0160-the-generated-half-of-the-site-loads-highlight-js-from-a-third-party-with-no-subresource-integrity.md|docs/reviews/core-concepts-review-findings-2.md	docs/obligations/0115-a-pinned-digest-authenticates-the-pin-and-never-the-publisher.md|docs/spec/13-open-obligations.md|docs/how-to/diagnose-an-isolation-failure.md|docs/obligations/0087-fixable-has-two-readings-inside-one-engine.md|docs/obligations/0085-headwater-init-cannot-reach-a-package-that-is-not-already.md|docs/interfaces/headwater-infer.md|docs/decisions/0078-a-recorded-terminal-demonstration-may-show-a-frozen-number-behind-a-recorded-on-date-marker.md|docs/obligations/0107-the-base-package-ships-a-kind-that-the-scaffolder-refuses-to-write.md|docs/evaluations/adjacent-work.md|docs/interfaces/headwater-init.md
e5561197-df9b-44b5-9bf5-ab655f026aaa	disjoint	2026-10-02T09:17:01Z	1f8ffc5b-6498-4c89-ac19-72928092f21b.jsonl	17	sha256:d2dbfa71d6c4eacf52406fad25bb8b81adf5eb6532974ae46bee02464ae3715c	docs/evaluations/n8n-worked-example.md|docs/how-to/rotate-or-revoke-the-apt-signing-subkey.md|docs/obligations/0187-the-registered-deviation-edge-of-the-compliance-tradition-cannot-be-declared.md|docs/process/explanations/where-a-ci-job-runs.md|docs/acceptance-criteria/0003-check-reports-a-document-path-written-as-a-relation-target-once-in-every-spelling-and-through-a-symlink.md	docs/explanations/how-a-headwater-release-reaches-an-adopter.md|docs/requirements/0005-a-code-path-names-every-document-that-governs-it.md|docs/decisions/0074-a-code-path-anchor-is-a-pattern-over-the-tree-and-it-binds-when-the-pattern-matches-at-least-one-entry.md|docs/obligations/0097-whether-the-four-modes-of-di-taxis-are-the-kind-set.md|docs/obligations/0174-publishing-the-base-package-reports-51-references-that-resolve-nowhere-and-exits-0.md|docs/process/obligations/0203-three-small-run-tooling-gaps-from-run-20260922-1121-filed-together.md|docs/decisions/0029-q29-whether-a-corpus-root-may-contain-code-and-what-an-interface-contract-may-reach.md|docs/decisions/0096-harper-does-not-become-part-of-the-engine-now-and-q41-stands.md|docs/obligations/0226-six-corpus-gaps-from-run-20260929-1205-filed-together.md|docs/obligations/0077-a-fragment-on-a-path-needs-a-grain-that-no-scope-supplies.md
129e193b-287d-4320-b643-c17aa3158ac5	disjoint	2026-09-22T01:31:33Z	ce1ce350-e760-5531-83da-3828c3cea74a.jsonl	2	sha256:51a4b0a13d4ea2de73d5cd76671d1fe2ffa4ae18ff9e4b124cc7d812306f30f8	docs/interfaces/headwater-completions.md|docs/obligations/0149-the-write-time-hook-still-picks-pointer-lines-out-of-prose-by-their-em-dash.md|docs/reviews/the-sixty-four-restored-help-strings-checked-against-the-binary.md|docs/how-to/mine-the-shadow-mode-routing-log.md|docs/requirements/0002-every-document-of-a-kind-that-requires-sections-carries-all-of-them.md	docs/reviews/core-concepts-review-findings.md|docs/reviews/core-concepts-review-prompt.md|docs/interfaces/headwater-init.md|docs/interfaces/headwater-route.md|docs/evaluations/first-contact.md|docs/spec/07-distribution-and-federation.md|docs/spec/03-authoring-and-lifecycle.md|docs/reviews/core-concepts-findings-assessment.md|docs/reviews/core-concepts-independent-review.md|docs/obligations/0103-the-front-matter-half-of-a-patch-has-no-writer.md
728d8d0d-9dff-47f5-b998-0e10c6c34e50	disjoint	2026-10-01T04:42:01Z	247277a8-0d27-461c-b1c9-a198c9e75b3f.jsonl	6	sha256:23ba45220efa17393f8ee6cfeabe44bac60927e54db175c33f2af15807757fdc	docs/acceptance-criteria/0002-every-required-section-of-every-governed-document-has-a-heading.md|docs/interfaces/headwater-change.md|docs/evaluations/external-evaluation-harnesses-and-benchmarks-for-the-probe-campaign.md|docs/how-to/relocate-a-shelf.md|docs/decisions/0073-a-verification-is-a-kind-and-its-identity-is-minted-rather-than-found-in-the-code-that-cites-it.md	docs/decisions/0077-the-consumer-surface-is-what-an-adopter-receives-runs-and-must-have-installed-and-it-is-a-closed-and-declared-list.md|docs/how-to/cut-a-release.md|docs/decisions/0091-the-runner-image-of-the-engine-release-build-is-written-in-the-workflow-because-it-sets-the-glibc-floor.md|docs/evaluations/default-taxonomy-first-run.md|docs/explanations/how-a-headwater-release-reaches-an-adopter.md|docs/decisions/0094-the-apt-repository-is-served-from-headwater-tools-and-signed-by-a-subkey-the-owner-s-offline-key-certifies.md|docs/obligations/0161-the-validation-block-of-mkdocs-yml-is-a-gate-this-repository-owns-and-no-fixture-drives.md|docs/obligations/0176-a-blessed-fixture-is-read-by-a-sibling-case-that-runs-while-the-write-truncates-it.md|docs/decisions/0089-a-taxonomy-release-publishes-the-source-at-the-tagged-commit-and-never-ships-the-vendored-copy.md|docs/process/decisions/0014-the-boundary-against-a-fork-is-the-approval-of-outside-runs-and-a-person-reads-a-github-diff-before-approving-one.md
d3108470-c1f7-4592-96e4-78b1893b4229	disjoint	2026-10-02T02:49:51Z	50652494-9d42-402c-89b8-27a43100f4bd.jsonl	24	sha256:9eccebc0574c2b9c3441413d6eb3b3fd6a20cb488efb546ead9c1ae1e1441eae	docs/how-to/relocate-a-shelf.md|docs/obligations/0159-a-sentence-that-opens-with-a-hash-and-an-issue-number-is-folded-into-the-sentence-before-it.md|docs/decisions/0092-the-citation-comment-of-spec-5-is-for-an-adopter-s-corpus-and-this-repository-does-not-practice-it-on-its-own-code.md|docs/requirements/0002-every-document-of-a-kind-that-requires-sections-carries-all-of-them.md|docs/interfaces/headwater-sweep.md	docs/process/obligations/0225-eight-run-tooling-gaps-from-run-20260929-1205-filed-together.md|docs/process/obligations/0224-thirteen-run-tooling-gaps-from-run-20260928-1109-filed-together.md|docs/decisions/0088-an-engine-release-and-a-taxonomy-release-have-disjoint-tag-namespaces-and-are-cut-independently.md|docs/decisions/0090-each-release-states-in-its-notes-the-release-digest-that-a-consumer-pins.md|docs/obligations/0183-no-mechanism-holds-a-committed-binary-asset-against-a-run.md|docs/process/obligations/0216-two-merge-hooks-of-this-repository-print-a-resolve-flag-that-the-verb-refuses.md|docs/decisions/0060-the-engine-s-version-stays-one-number-and-a-build-s-exact-commit-is-a-separate-unwired-fact.md|docs/explanations/how-a-headwater-release-reaches-an-adopter.md|docs/process/obligations/0203-three-small-run-tooling-gaps-from-run-20260922-1121-filed-together.md|docs/process/obligations/0227-seven-run-tooling-gaps-from-run-20260929-2201-filed-together.md
90f5856e-8e79-473b-8d91-1f409200cb9e	disjoint	2026-10-01T12:10:45Z	50652494-9d42-402c-89b8-27a43100f4bd.jsonl	3	sha256:8d299d760da047ff765d62b5587531bcff1445eb73a64ae0c9361826b47873cd	docs/interfaces/headwater-json.md|docs/process/obligations/0147-the-skills-fixture-suite-passes-on-an-empty-input-set-and-always-fails-in-a-clone-that-has-not-built-the-engine.md|docs/probes/what-a-session-writes-points-back-at-the-ruling-it-rests-on.md|docs/how-to/relocate-a-shelf.md|docs/spec/glossary.md	docs/requirements/0001-the-engine-reaches-no-network-at-check-time.md|docs/obligations/0075-a-participation-expectation-needs-depth-one-and-edge.md|docs/process/obligations/0221-subagents-read-skills-from-the-shared-checkout-and-a-worktree-isolated-integrator-cannot-fast-forward-it-after-a-merge.md|docs/interfaces/headwater-probe.md|docs/process/obligations/0225-eight-run-tooling-gaps-from-run-20260929-1205-filed-together.md|docs/probe-runs/regression-probe-transcript-for-2026-09-17-after-the-probe-corrections.md|docs/process/obligations/0224-thirteen-run-tooling-gaps-from-run-20260928-1109-filed-together.md|docs/obligations/0021-emitters-3-through-6-have-no-named-consumer.md|docs/interfaces/headwater-check.md|docs/decisions/0005-voice-checking-depth.md
9d473520-1725-40ee-a7c7-0a44bd928dd1	disjoint	2026-09-30T12:10:25Z	9b498bd1-c699-4fbb-8e9b-2ea80828ebe8.jsonl	22	sha256:b0642b9eb4b8bd93916b3ed71ba1fae459f4312884b7fe392730e8cf0d50cc41	docs/interfaces/headwater-infer.md|docs/interfaces/headwater-show.md	docs/obligations/0134-the-comment-prose-defines-by-contrast-979-times-in-179-000-words-and-no-mechanism-here-performs-an-editorial-pass.md|docs/probe-runs/second-campaign-pilot-of-2026-09-28-campaign-tier-present-arm-sufficiency.md|docs/obligations/0205-hw-obl-0002-s-sample-counts-and-voice-rs-s-own-census-predate-the-scent-role-fix-and-need-retaking.md|docs/reviews/core-concepts-review-prompt.md|docs/probe-runs/regression-probe-transcript-for-2026-09-17-after-the-probe-corrections.md|docs/obligations/0075-a-participation-expectation-needs-depth-one-and-edge.md|docs/evaluations/first-contact.md|docs/process/decisions/0011-crates-publish-in-one-fixed-order-that-a-test-holds-and-a-rerun-continues-where-the-last-run-stopped.md|docs/probe-runs/second-campaign-pilot-of-2026-09-28-campaign-tier-present-arm-discovery.md|docs/decisions/0081-the-hand-authored-decision-register-indexes-a-subset-of-the-shelf-and-stops-asserting-it-supersedes-the-complete-one.md
992d90e4-97df-4978-8153-7c5dd5ede4cc	disjoint	2026-10-03T00:19:55Z	19b6d2bc-015d-4b01-a550-ff6f9bb9896e.jsonl	19	sha256:901b6075fbdbdad630d7f6d259add9cddbf5db1ef6eceb69adbbd5d2389f3fe3	docs/obligations/0030-the-provenance-block-belongs-to-the-engine-and-nothing-states.md|docs/spec/00-vision-and-scope.md|docs/acceptance-criteria/0005-the-governing-documents-of-a-path-are-the-same-for-every-spelling-of-it-and-a-path-no-anchor-matches-has-none.md|docs/probes/a-session-answers-from-the-register-without-opening-the-question-it-replaced.md|docs/how-to/rotate-or-revoke-the-apt-signing-subkey.md	docs/process/decisions/0019-ci-runs-actions-from-the-actions-organization-only-and-carries-no-build-state-between-self-hosted-jobs.md|docs/obligations/0144-the-cache-identity-test-reads-the-live-working-tree-so-an-edit-during-the-run-reports-the-correctness-root-as-violated.md|docs/process/obligations/0203-three-small-run-tooling-gaps-from-run-20260922-1121-filed-together.md|docs/obligations/0176-a-blessed-fixture-is-read-by-a-sibling-case-that-runs-while-the-write-truncates-it.md|docs/obligations/0080-changed-only-is-the-content-addressed-cache-under-another-name.md|docs/obligations/0178-the-every-instance-report-detail-reaches-four-test-files-and-no-caller-outside-them.md|docs/process/decisions/0007-a-background-wait-caps-below-the-cache-lifetime-and-re-issues-itself.md|docs/obligations/0032-a-remove-that-orphans-a-name-is-refused-and-the-message-names.md|docs/decisions/0100-a-counted-tombstone-lists-a-digest-of-each-withheld-identifier-and-a-sealed-one-lists-nothing.md|docs/obligations/0117-a-cached-verdict-about-an-anchor-survives-the-change-that-falsifies-it.md
5111695a-830e-4e0f-81fa-abb093a18888	disjoint	2026-09-26T10:00:40Z	7e04ba66-98b2-4c0b-81af-ec8bae77be52.jsonl	6	sha256:4783e6b0af52e20e7cf018910c8e61179ceb9b9dbd7a656b327ffd9b8d0fc382	docs/interfaces/headwater-capture.md|docs/interfaces/headwater-change.md|docs/interfaces/headwater-check.md|docs/interfaces/headwater-completions.md|docs/interfaces/headwater-conformance.md	docs/obligations/0212-ci-done-sh-reads-a-cancelled-run-of-another-branch-as-a-red-result-on-a-main-merge-commit.md|docs/obligations/0216-two-merge-hooks-of-this-repository-print-a-resolve-flag-that-the-verb-refuses.md|docs/interfaces/headwater-merge-driver.md|docs/spec/17-orchestration-architecture.md|docs/decisions/0049-a-corpus-wide-fold-is-derived-and-never-stored.md|docs/how-to/diagnose-an-isolation-failure.md|docs/decisions/0009-multi-repository-corpora.md|docs/evaluations/why-corpus-counts-are-derived-not-stored.md|docs/process/decisions/0006-the-entrypoint-keeps-its-name-and-becomes-a-resumable-run.md|docs/obligations/0207-the-plan-usage-of-one-issue-is-known-only-as-the-average-of-its-run.md
c08eb4bf-c6d1-4047-b60b-cadee417855c	disjoint	2026-09-30T23:45:35Z	5046c7ca-5d4f-4be0-8532-2a95ed278447.jsonl	8	sha256:e4433891b6df9db583ce2a006b7dc776bbbc7a911b0d572ac225162672ede4a0	docs/interfaces/headwater-check.md|docs/how-to/rotate-or-revoke-the-apt-signing-subkey.md|docs/spec/00-vision-and-scope.md|docs/how-to/mine-the-shadow-mode-routing-log.md|docs/process/explanations/where-a-ci-job-runs.md	docs/spec/06-engine-architecture.md|docs/interfaces/headwater-route.md|docs/obligations/0198-nothing-states-how-much-of-a-session-s-budget-the-standing-instructions-consume-before-work-starts.md|docs/evaluations/what-the-counterfactual-campaign-of-2026-09-30-measured-by-component.md|docs/interfaces/headwater-probe.md|docs/evaluations/language-choice.md|docs/evaluations/the-measurement-layer.md|docs/decisions/0061-q61-how-a-recorded-terminal-demonstration-is-held-against-a-run.md|docs/obligations/0006-route-latency-at-a-harvesting-tier-is-unmeasured.md|docs/obligations/0072-a-cache-of-check-results-does-not-make-a-run-proportional.md
a5e21e81-8564-4358-af4e-307464d3fb58	disjoint	2026-09-27T11:23:56Z	b5554ef1-29fb-41ec-8ac7-4d043f9e3e0e.jsonl	14	sha256:86e8de1b610e42ff82088389594348b89488311c7179d0976bbccd67bb7b91c0	docs/evaluations/two-triggers-one-verdict-how-this-repository-s-ci-decides-where-a-job-runs-and-what-it-trusts.md|docs/how-to/relocate-a-shelf.md|docs/decisions/0052-a-document-is-proposed-at-the-state-it-will-hold-and-the-merge-activates-it.md|docs/interfaces/headwater-change.md|docs/obligations/0204-docs-decisions-0077-still-describes-hw-dr-0049-s-rewrite-as-pending-after-574-made-it.md	docs/obligations/0216-two-merge-hooks-of-this-repository-print-a-resolve-flag-that-the-verb-refuses.md|docs/process/decisions/0017-ci-concurrency-is-per-ref-and-every-ref-but-main-cancels-a-superseded-run.md|docs/how-to/diagnose-an-isolation-failure.md|docs/obligations/0135-repo-cleanup-names-one-cause-for-a-gone-upstream-and-this-repository-produced-a-second.md|docs/spec/17-orchestration-architecture.md|docs/obligations/0130-the-publication-date-of-this-repository-is-unset-and-the-owner-alone-sets-it.md|docs/decisions/0041-q41-whether-vale-becomes-a-declared-regime-backend.md|docs/obligations/0199-an-observation-snapshot-records-a-commit-and-nothing-reads-it-back.md|docs/obligations/0073-the-prior-version-still-owes-the-key-edit-that-the-clock.md|docs/obligations/0017-publishing-the-read-set-skips-a-re-run-on-two-of-the-eighteen.md
1ecace24-33d0-4814-a5ed-4a09b4a21208	disjoint	2026-09-30T11:14:07Z	9b498bd1-c699-4fbb-8e9b-2ea80828ebe8.jsonl	18	sha256:3c0aea0bea926a699020745d2dc74bf9d9565430d28e47fa89294cf58d987467	docs/interfaces/headwater-change.md|docs/how-to/keep-derived-files-from-conflicting-in-parallel-pull-requests.md|docs/obligations/0017-publishing-the-read-set-skips-a-re-run-on-two-of-the-eighteen.md|docs/acceptance-criteria/0001-no-engine-source-outside-the-fetch-crate-names-a-network-api-and-no-crate-of-the-checking-loop-reaches-a-network-package.md|docs/process/explanations/where-a-ci-job-runs.md	docs/process/obligations/0207-the-plan-usage-of-one-issue-is-known-only-as-the-average-of-its-run.md|docs/how-to/diagnose-an-isolation-failure.md|docs/process/specs/orchestration-architecture.md|docs/process/obligations/0145-the-ci-job-named-advisory-carries-every-blocking-shell-suite-in-the-repository.md|docs/process/decisions/0020-merges-go-through-the-github-merge-queue-one-squash-commit-per-pull-request.md|docs/obligations/0161-the-validation-block-of-mkdocs-yml-is-a-gate-this-repository-owns-and-no-fixture-drives.md|docs/obligations/0021-emitters-3-through-6-have-no-named-consumer.md|docs/obligations/0173-four-inline-gates-in-the-workflow-decide-an-exit-status-and-no-suite-provokes-one.md|docs/process/evaluations/one-clone-many-agents-how-this-repository-isolates-the-sessions-that-build-it.md|docs/obligations/0092-how-a-probe-reaches-a-harvesting-tier-and-what-a-transcript.md
73a9c168-1b85-4631-8b94-c71d33630c54	disjoint	2026-09-30T09:30:03Z	1338ac1e-5046-4dce-9ea3-0064ffdac44d.jsonl	13	sha256:1e5e67b61a972c8b814e680dc4e108cd23d62049803955613ba90437c2938757	docs/how-to/keep-derived-files-from-conflicting-in-parallel-pull-requests.md|docs/spec/15-the-recorder-contract.md|docs/process/evaluations/two-triggers-one-verdict-how-this-repository-s-ci-decides-where-a-job-runs-and-what-it-trusts.md|docs/process/obligations/0211-two-hand-remedy-lines-for-hw-cargo-in-hw-run-policy-may-no-longer-earn-their-cost-on-every-dispatch.md|docs/process/decisions/0007-a-background-wait-caps-below-the-cache-lifetime-and-re-issues-itself.md	docs/process/obligations/0207-the-plan-usage-of-one-issue-is-known-only-as-the-average-of-its-run.md|docs/process/evaluations/the-build-order-as-a-multi-agent-system.md|docs/obligations/0057-a-retrofit-cannot-recover-the-two-dates-or-the-acceptance.md|docs/decisions/0031-q31-whether-this-repository-becomes-public-and-when.md|docs/process/obligations/0220-no-disk-floor-is-stated-for-a-build-order-run-and-nothing-prunes-the-cargo-pool.md|docs/probe-runs/regression-probe-transcript-for-2026-09-11.md|docs/probe-runs/campaign-of-2026-09-28-campaign-tier-present-arm-sufficiency.md|docs/obligations/0182-the-publish-crates-retry-loop-has-no-retry-ceiling.md|docs/process/specs/orchestration-architecture.md|docs/probe-runs/campaign-of-2026-09-28-campaign-tier-absent-arm-sufficiency.md
73d8793e-e181-40cb-ad02-6f25f76183cd	disjoint	2026-10-03T02:10:30Z	daec6d89-3012-45ce-9f8d-d4c6824c1830.jsonl	2	sha256:913384f8ae783a2d4aeb0535c6bd723790272e7c366b369edf7e407ab382b43a	docs/how-to/diagnose-an-isolation-failure.md|docs/evaluations/why-corpus-counts-are-derived-not-stored.md|docs/interfaces/headwater-derived.md|docs/process/obligations/0173-four-inline-gates-in-the-workflow-decide-an-exit-status-and-no-suite-provokes-one.md|docs/tutorials/your-first-governed-corpus.md	docs/obligations/0194-the-base-ships-one-voice-regime-and-a-prospective-document-has-none.md|docs/obligations/0070-one-of-the-four-warrant-values-has-no-instance-in-this-corpus.md|docs/decisions/0084-a-language-rule-reaches-front-door-prose-outside-the-corpus-root-and-no-other-rule-does.md|docs/obligations/0186-a-facet-only-entry-has-no-kind-and-the-entry-anatomy-asks-for-two-things-that-presume-one.md|docs/decisions/0004-relation-storage.md|docs/decisions/0029-q29-whether-a-corpus-root-may-contain-code-and-what-an-interface-contract-may-reach.md|docs/decisions/0037-q37-which-parts-of-the-site-are-hand-built-and-which-are-a-projection-of-this-corpus.md|docs/decisions/0014-discovery-surface.md|docs/decisions/0065-a-relation-declares-lifecycle-sensitive-for-itself-and-a-core-requirement-demands-it-of-a-family.md|docs/probe-results/campaign-pilot-of-2026-09-28-campaign-tier-present-arm-navigability.md
5b459d10-c106-48e9-b916-40b909c279ec	disjoint	2026-10-02T09:58:52Z	e76bf2d4-45d1-4be4-b7a5-a53f65aea484.jsonl	9	sha256:f97f81a6ed4a7ff2c64dfcb17665dbd4679c050a5e85dd2a69434205e8fa8d2c	docs/probe-results/regression-probe-transcript-for-2026-09-09.md|docs/how-to/publish-your-corpus-as-a-site.md|docs/interfaces/headwater-json.md|docs/obligations/0189-a-base-shelf-path-is-closed-to-every-later-entry-over-the-same-ground.md|docs/probes/a-cold-agent-reaches-the-governing-document-through-the-corpus-descriptor.md	docs/obligations/0011-one-document-has-been-promoted-out-of-the-synthesized-tier-and-no-rate-says-whether-the-tier-drains.md|docs/probe-runs/regression-probe-transcript-for-2026-09-17-after-the-probe-corrections.md|docs/process/decisions/0017-ci-concurrency-is-per-ref-and-every-ref-but-main-cancels-a-superseded-run.md|docs/process/decisions/0020-merges-go-through-the-github-merge-queue-one-squash-commit-per-pull-request.md|docs/decisions/0052-a-document-is-proposed-at-the-state-it-will-hold-and-the-merge-activates-it.md|docs/obligations/0017-publishing-the-read-set-skips-a-re-run-on-two-of-the-eighteen.md|docs/process/decisions/0007-a-background-wait-caps-below-the-cache-lifetime-and-re-issues-itself.md|docs/obligations/0146-the-stop-hook-reads-its-re-entry-guard-with-an-interpreter-it-does-not-require-so-a-machine-with-no-python3-re-blocks-the-same-turn.md|docs/obligations/0204-docs-decisions-0077-still-describes-hw-dr-0049-s-rewrite-as-pending-after-574-made-it.md|docs/obligations/0072-a-cache-of-check-results-does-not-make-a-run-proportional.md
d7370ab8-f847-4c5f-9d92-6b85c7ca33ef	disjoint	2026-10-02T08:31:59Z	1f8ffc5b-6498-4c89-ac19-72928092f21b.jsonl	14	sha256:bd372335ba52c5c50440ebe1b5f4a5b46b8f9e12aa265f0e38298d66610b7906	docs/acceptance-criteria/0005-the-governing-documents-of-a-path-are-the-same-for-every-spelling-of-it-and-a-path-no-anchor-matches-has-none.md|docs/tutorials/your-first-governed-corpus.md|docs/decisions/0092-the-citation-comment-of-spec-5-is-for-an-adopter-s-corpus-and-this-repository-does-not-practice-it-on-its-own-code.md|docs/subsystems/queries-and-explain.md|docs/obligations/0117-a-cached-verdict-about-an-anchor-survives-the-change-that-falsifies-it.md	docs/decisions/0090-each-release-states-in-its-notes-the-release-digest-that-a-consumer-pins.md|docs/spec/00-vision-and-scope.md|docs/decisions/0038-q38-which-link-relation-a-rendered-page-carries-to-the-served-corpus-descriptor.md|docs/decisions/0094-the-apt-repository-is-served-from-headwater-tools-and-signed-by-a-subkey-the-owner-s-offline-key-certifies.md|docs/obligations/0029-what-headwater-query-takes.md|docs/how-to/wire-headwater-check-into-your-own-workflow.md|docs/how-to/rotate-or-revoke-the-apt-signing-subkey.md|docs/interfaces/headwater-show.md|docs/decisions/0102-an-editor-integration-starts-headwater-mcp-for-each-query-and-does-not-embed-the-library.md|docs/evaluations/linkml-worked-example.md
35f78bb0-038e-4262-a8c8-387c3c064903	disjoint	2026-10-02T07:37:55Z	1f8ffc5b-6498-4c89-ac19-72928092f21b.jsonl	5	sha256:ba613ec0e082ccd8d6cbcf634268330520d12b0591b8fefd470dace01cd6bfe7	docs/probes/a-cold-agent-reaches-the-governing-document-through-the-corpus-descriptor.md|docs/how-to/wire-headwater-check-into-your-own-workflow.md|docs/subsystems/parse-and-census.md|docs/obligations/0161-the-validation-block-of-mkdocs-yml-is-a-gate-this-repository-owns-and-no-fixture-drives.md|docs/evaluations/n8n-worked-example.md	docs/obligations/0113-every-check-passes-a-document-that-is-still-the-scaffolder-s-placeholder.md|docs/how-to/diagnose-an-isolation-failure.md|docs/obligations/0196-a-relation-writes-a-state-onto-a-kind-that-binds-no-lifecycle-regime-and-nothing-reads-that-pair.md|docs/obligations/0143-a-specification-sentence-closes-a-set-with-a-count-the-source-exceeds-and-115-of-127-candidates-are-unchecked.md|docs/obligations/0083-the-pair-grain-absorbs-a-second-violation-inside-one-cell.md|docs/evaluations/a-probe-task-section-is-the-prompt-so-commentary-under-that-heading-is-prompt.md|docs/obligations/0086-an-inline-quotation-reaches-every-lexical-rule-as-this-authors.md|docs/obligations/0096-whether-anything-is-ever-promoted-out-of-the-asserted-tier.md|docs/evaluations/governs-edges-what-an-anchor-reaches-what-covers-it-when-it-ages-and-where-a-session-meets-it.md|docs/process/obligations/0145-the-ci-job-named-advisory-carries-every-blocking-shell-suite-in-the-repository.md
a42899af-51bd-4244-92e2-3af9cb05071f	disjoint	2026-09-27T05:12:39Z	e71207ac-88d7-481d-97f1-67d111b2fa22.jsonl	7	sha256:62a31ab2277c860391f86abfa73a2c14bce010c13b0a535bd454fa5e051781b1	docs/evaluations/the-build-order-as-a-multi-agent-system.md|docs/spec/17-orchestration-architecture.md|docs/obligations/0017-publishing-the-read-set-skips-a-re-run-on-two-of-the-eighteen.md|docs/probe-runs/regression-probe-transcript-for-2026-09-17-after-the-probe-corrections.md|docs/interfaces/headwater-neighbors.md	docs/obligations/0203-three-small-run-tooling-gaps-from-run-20260922-1121-filed-together.md|docs/obligations/0207-the-plan-usage-of-one-issue-is-known-only-as-the-average-of-its-run.md|docs/obligations/0176-a-blessed-fixture-is-read-by-a-sibling-case-that-runs-while-the-write-truncates-it.md|docs/obligations/0127-a-deletion-is-invisible-where-the-version-that-stood-there-does-not-parse.md|docs/how-to/diagnose-an-isolation-failure.md|docs/reviews/core-concepts-review-findings-2.md|docs/how-to/cut-a-release.md|docs/obligations/0136-seven-rustdoc-relative-links-in-comments-point-at-pages-the-doc-tree-does-not-have.md|docs/obligations/0200-three-graded-regression-runs-are-owed-a-fresh-recording-against-a-moved-taxonomy-lock.md|docs/obligations/0032-a-remove-that-orphans-a-name-is-refused-and-the-message-names.md
3841ff9a-a873-4975-8153-6d041f4af8f4	disjoint	2026-09-24T00:07:25Z	afc7b001-ab3d-520a-ac4a-e83f3ae7de9c.jsonl	4	sha256:3afb95bbe78cff42292791a5cbc6c3d7ac6ac6b455657be4347de0891b0b82ba	docs/decisions/0025-q25-where-the-namespace-goes-in-an-identifier-and-who-declares-it.md|docs/interfaces/headwater-change.md|docs/obligations/0104-a-governs-edge-reaches-the-path-it-names-and-nothing.md|docs/acceptance-criteria/0002-every-required-section-of-every-governed-document-has-a-heading.md|docs/process/decisions/0003-a-dispatch-pays-when-it-retires-more-parent-turns-than-it-costs.md	docs/reviews/core-concepts-review-findings-2.md|docs/probe-runs/regression-probe-transcript-for-2026-09-17.md|docs/evaluations/default-taxonomy-first-run.md|docs/obligations/0111-the-capture-cost-surface-names-an-entry-point-and-never-the-caller.md|docs/interfaces/headwater-init.md|docs/evaluations/the-pointer-probe-grades-a-session-against-the-router-s-own-first-pick-so-a-correct-session-that-declines-a-wrong-pointer-fails.md|docs/obligations/0021-emitters-3-through-6-have-no-named-consumer.md|docs/process/decisions/0006-the-entrypoint-keeps-its-name-and-becomes-a-resumable-run.md|docs/evaluations/schema-format-walkthrough.md|docs/reviews/core-concepts-independent-review.md
51fc8a45-12f2-429d-9916-5902bc4f8ec3	disjoint	2026-09-23T08:28:28Z	e2a9988f-b810-4212-9221-6df09ed86845.jsonl	12	sha256:4a5f1f52c2703285e261d8e87a2c988de822d1c46b45afdd6942c43b75eaea95	docs/reviews/core-concepts-independent-review.md|docs/interfaces/headwater-new.md|docs/obligations/0202-a-bare-none-footprint-is-claimed-as-a-literal-path-so-two-disjoint-issues-collide.md|docs/reviews/core-concepts-findings-assessment.md|docs/spec/05-ai-integration.md	docs/how-to/diagnose-an-isolation-failure.md|docs/obligations/0203-three-small-run-tooling-gaps-from-run-20260922-1121-filed-together.md|docs/reviews/core-concepts-review-findings.md|docs/obligations/0085-headwater-init-cannot-reach-a-package-that-is-not-already.md|docs/obligations/0200-three-graded-regression-runs-are-owed-a-fresh-recording-against-a-moved-taxonomy-lock.md|docs/obligations/0131-the-cli-crate-wires-every-verb-and-carries-no-tests-so-two-wiring-defects-passed-a-green-suite.md|docs/obligations/0176-a-blessed-fixture-is-read-by-a-sibling-case-that-runs-while-the-write-truncates-it.md|docs/evaluations/schema-format-walkthrough.md|docs/obligations/0133-two-test-helpers-key-a-scratch-directory-on-the-pid-alone-and-the-race-springs-on-the-next-case-added.md|docs/obligations/0088-correcting-an-identifier-is-mechanical-and-it-is-not-local.md
2e00adb4-8818-4bc7-98a1-e51ef2f6b2b0	disjoint	2026-09-30T10:53:22Z	1338ac1e-5046-4dce-9ea3-0064ffdac44d.jsonl	19	sha256:43e3abb141d5b0bbb47e915fde6555b4b5e9f74e8d02a2f60d0b433692172c94	docs/how-to/diagnose-an-isolation-failure.md|docs/obligations/0161-the-validation-block-of-mkdocs-yml-is-a-gate-this-repository-owns-and-no-fixture-drives.md|docs/probe-runs/campaign-of-2026-09-28-campaign-tier-absent-arm-navigability.md|docs/process/decisions/0006-the-entrypoint-keeps-its-name-and-becomes-a-resumable-run.md|docs/interfaces/headwater-derived.md	docs/probe-results/second-campaign-pilot-of-2026-09-28-campaign-tier-present-arm-sufficiency.md|docs/probe-results/campaign-pilot-of-2026-09-28-campaign-tier-present-arm-discovery.md|docs/probe-results/campaign-pilot-of-2026-09-28-campaign-tier-present-arm-sufficiency.md|docs/probe-results/campaign-pilot-of-2026-09-28-campaign-tier-absent-arm-discovery.md|docs/probe-results/second-campaign-pilot-of-2026-09-28-campaign-tier-absent-arm-sufficiency.md|docs/probe-results/campaign-pilot-of-2026-09-28-campaign-tier-absent-arm-sufficiency.md|docs/probe-results/campaign-pilot-of-2026-09-28-campaign-tier-present-arm-navigability.md|docs/probe-results/second-campaign-pilot-of-2026-09-28-campaign-tier-present-arm-navigability.md|docs/probe-results/campaign-of-2026-09-28-campaign-tier-present-arm-sufficiency.md|docs/probe-results/second-campaign-pilot-of-2026-09-28-campaign-tier-present-arm-discovery.md
532a1119-bf37-42ed-9878-2c77c5b86af8	disjoint	2026-09-25T09:42:23Z	18ae258b-c56a-4949-83fa-f47e28900768.jsonl	2	sha256:cb50f1611160bdf83c4c02b3576365ca8ff5dd7964b099efbcad2a523368cb27	docs/spec/08-design-departures.md|docs/obligations/0173-four-inline-gates-in-the-workflow-decide-an-exit-status-and-no-suite-provokes-one.md|docs/decisions/0030-q30-whether-what-an-obligation-waits-on-is-a-state-or-a-property-and-how-many-values-it-takes.md|docs/acceptance-criteria/0002-every-required-section-of-every-governed-document-has-a-heading.md|docs/probe-runs/regression-probe-transcript-for-2026-09-17.md	docs/obligations/0077-a-fragment-on-a-path-needs-a-grain-that-no-scope-supplies.md|docs/obligations/0203-three-small-run-tooling-gaps-from-run-20260922-1121-filed-together.md|docs/decisions/0016-public-presence.md|docs/decisions/0019-inbound-integration-an-external-system-of-record.md|docs/reviews/the-sixty-four-restored-help-strings-checked-against-the-binary.md|docs/decisions/0038-q38-which-link-relation-a-rendered-page-carries-to-the-served-corpus-descriptor.md|docs/requirements/0001-the-engine-reaches-no-network-at-check-time.md|docs/evaluations/the-three-discovery-misses-of-2026-09-16-have-three-different-mechanisms-and-only-one-is-routing-precision.md|docs/obligations/0159-a-sentence-that-opens-with-a-hash-and-an-issue-number-is-folded-into-the-sentence-before-it.md|docs/obligations/0176-a-blessed-fixture-is-read-by-a-sibling-case-that-runs-while-the-write-truncates-it.md
4d1a84fd-cb2d-438a-9895-528f956c94e0	disjoint	2026-10-02T08:55:56Z	1f8ffc5b-6498-4c89-ac19-72928092f21b.jsonl	16	sha256:41857091a7b4493f9c624a08c88ffa764ecc811b89c4e419cc31535b4209efd7	docs/acceptance-criteria/0003-check-reports-a-document-path-written-as-a-relation-target-once-in-every-spelling-and-through-a-symlink.md|docs/obligations/0087-fixable-has-two-readings-inside-one-engine.md|docs/how-to/keep-derived-files-from-conflicting-in-parallel-pull-requests.md|docs/interfaces/headwater-show.md|docs/decisions/0029-q29-whether-a-corpus-root-may-contain-code-and-what-an-interface-contract-may-reach.md	docs/subsystems/taxonomy-resolution.md|docs/interfaces/headwater-taxonomy.md|docs/decisions/0088-an-engine-release-and-a-taxonomy-release-have-disjoint-tag-namespaces-and-are-cut-independently.md|docs/how-to/cut-a-release.md|docs/obligations/0214-the-commit-gate-does-not-see-docs-taxonomies-readme-md-drift-from-its-vendored-copy.md|docs/interfaces/headwater-infer.md|docs/interfaces/headwater-generate.md|docs/subsystems/taxonomy-distribution-and-audit.md|docs/decisions/0089-a-taxonomy-release-publishes-the-source-at-the-tagged-commit-and-never-ships-the-vendored-copy.md|docs/obligations/0034-two-rules-of-taxonomy-validate-name-a-declaration.md
f0a95d20-081c-4c17-9651-9227d314f2da	disjoint	2026-09-23T23:56:08Z	e2a9988f-b810-4212-9221-6df09ed86845.jsonl	72	sha256:2aafa1e4bdc4c30ae8f5fdad02a90bf350843f784d2787bfb160b50b50deced2	docs/probes/the-pointer-this-corpus-offers-for-a-task-is-the-document-a-session-opens.md|docs/how-to/relocate-a-shelf.md|docs/requirements/0002-every-document-of-a-kind-that-requires-sections-carries-all-of-them.md|docs/obligations/0159-a-sentence-that-opens-with-a-hash-and-an-issue-number-is-folded-into-the-sentence-before-it.md|docs/spec/15-the-recorder-contract.md	docs/decisions/0078-a-recorded-terminal-demonstration-may-show-a-frozen-number-behind-a-recorded-on-date-marker.md|docs/obligations/0176-a-blessed-fixture-is-read-by-a-sibling-case-that-runs-while-the-write-truncates-it.md|docs/obligations/0180-a-renderer-s-color-mode-is-wired-at-a-call-site-that-no-type-forbids-from-being-wrong.md|docs/obligations/0201-no-coverage-or-mutation-measurement-has-ever-been-taken-over-the-engine-s-test-suite.md|docs/obligations/0204-docs-decisions-0077-still-describes-hw-dr-0049-s-rewrite-as-pending-after-574-made-it.md|docs/obligations/0183-no-mechanism-holds-a-committed-binary-asset-against-a-run.md|docs/obligations/0130-the-publication-date-of-this-repository-is-unset-and-the-owner-alone-sets-it.md|docs/obligations/0107-the-base-package-ships-a-kind-that-the-scaffolder-refuses-to-write.md|docs/how-to/diagnose-an-isolation-failure.md|docs/obligations/0163-ten-decision-records-claim-a-q-number-the-decision-register-does-not-carry.md
315932ba-0c5d-4815-9e01-c394df6c0d7b	disjoint	2026-10-03T02:55:32Z	daec6d89-3012-45ce-9f8d-d4c6824c1830.jsonl	8	sha256:209ac86eff3669122f5747047ddf50b8c01d33a8250de466da245942fc8f2d14	docs/process/specs/orchestration-architecture.md|docs/acceptance-criteria/0002-every-required-section-of-every-governed-document-has-a-heading.md|docs/decisions/0055-a-hook-reads-a-wire-format-through-the-engine-and-not-through-an-interpreter.md|docs/how-to/rotate-or-revoke-the-apt-signing-subkey.md|docs/obligations/0087-fixable-has-two-readings-inside-one-engine.md	docs/process/obligations/0209-a-build-order-dispatch-passes-no-isolation-so-a-stage-can-inherit-the-parent-worktree-as-its-working-directory.md|docs/decisions/0040-q40-whether-extends-bundle-requires-and-an-overlay-s-taxonomy-key-are-a-mechanism-or-a-label.md|docs/verifications/0003-a-fixture-tree-of-three-list-anchors-proves-that-the-export-carries-list-members.md|docs/obligations/0193-admission-criterion-5-has-no-reading-for-an-entry-that-serves-neither-core-purpose.md|docs/process/obligations/0221-subagents-read-skills-from-the-shared-checkout-and-a-worktree-isolated-integrator-cannot-fast-forward-it-after-a-merge.md|docs/process/obligations/0211-two-hand-remedy-lines-for-hw-cargo-in-hw-run-policy-may-no-longer-earn-their-cost-on-every-dispatch.md|docs/evaluations/shacl-worked-example.md|docs/process/decisions/0005-the-ledger-is-split-its-tabular-parts-are-jsonl-and-its-totals-are-derived.md|docs/evaluations/capability-bundle-address-inventory.md|docs/process/decisions/0022-the-verify-and-rework-loop-for-one-issue-runs-below-the-parent.md
37cf6ca1-6f50-4fbe-ad28-34743dd51df6	disjoint	2026-10-01T06:49:17Z	d1e0ca79-e9b2-4575-8d24-966f54e60eb2.jsonl	1	sha256:ffd0f22c19cfc5b33e8fb647790a17653f2064ff233b0d8dea1f4e42109d01b3	docs/how-to/relocate-a-shelf.md|docs/evaluations/the-measurement-layer.md|docs/process/specs/orchestration-architecture.md|docs/obligations/0099-whether-an-adjudication-is-ever-partial.md|docs/how-to/rotate-or-revoke-the-apt-signing-subkey.md	docs/decisions/0097-a-figure-on-a-hand-built-page-is-measured-when-the-site-is-published-and-the-committed-page-carries-none.md|docs/process/decisions/0017-ci-concurrency-is-per-ref-and-every-ref-but-main-cancels-a-superseded-run.md|docs/decisions/0050-q50-where-the-visual-register-of-the-hand-built-pages-lives.md|docs/obligations/0217-the-site-review-marker-lives-in-the-common-directory-of-a-clone-so-one-worktree-s-unreviewed-merge-blocks-the-push-of-every-worktree.md|docs/obligations/0160-the-generated-half-of-the-site-loads-highlight-js-from-a-third-party-with-no-subresource-integrity.md|docs/process/decisions/0020-merges-go-through-the-github-merge-queue-one-squash-commit-per-pull-request.md|docs/process/obligations/0212-ci-done-sh-reads-a-cancelled-run-of-another-branch-as-a-red-result-on-a-main-merge-commit.md|docs/process/obligations/0213-ci-builds-no-mkdocs-site-so-a-generated-page-under-docs-is-never-checked-against-a-strict-build-before-merge.md|docs/obligations/0223-no-run-measures-whether-the-documents-under-docs-change-what-an-agent-builds.md|docs/obligations/0127-a-deletion-is-invisible-where-the-version-that-stood-there-does-not-parse.md
649aa3f4-93ee-4b79-aae6-5476584e95b7	disjoint	2026-09-28T09:46:22Z	94bce3bc-e351-4c4e-994b-4af053609952.jsonl	8	sha256:496914f97821caf094a3af722e921d0dfe44b8c5ba3e5410b4408cae0dfd1a30	docs/how-to/relocate-a-shelf.md|docs/obligations/0206-hw-run-policy-names-a-worktree-add-workaround-that-write-edit-refuses-under-this-harness.md|docs/process/explanations/where-a-ci-job-runs.md|docs/evaluations/two-triggers-one-verdict-how-this-repository-s-ci-decides-where-a-job-runs-and-what-it-trusts.md|docs/process/decisions/0007-a-background-wait-caps-below-the-cache-lifetime-and-re-issues-itself.md	docs/obligations/0182-the-publish-crates-retry-loop-has-no-retry-ceiling.md|docs/process/decisions/0020-merges-go-through-the-github-merge-queue-one-squash-commit-per-pull-request.md|docs/obligations/0008-an-adoption-payload-has-a-first-reading-and-no-elapsed-time.md|docs/obligations/0203-three-small-run-tooling-gaps-from-run-20260922-1121-filed-together.md|docs/decisions/0072-the-binary-is-the-only-interface-an-adopter-must-run-and-every-integration-point-outside-it-is-declared.md|docs/process/decisions/0005-the-ledger-is-split-its-tabular-parts-are-jsonl-and-its-totals-are-derived.md|docs/probe-runs/regression-probe-transcript-for-2026-09-17-after-the-probe-corrections.md|docs/probe-runs/regression-probe-transcript-for-2026-09-16.md|docs/obligations/0072-a-cache-of-check-results-does-not-make-a-run-proportional.md|docs/decisions/0006-where-the-corpus-graph-lives-at-rest.md
6bda3f76-b260-4387-a0b0-19bc9d81695b	disjoint	2026-09-25T12:34:36Z	61af10ed-d5ef-46c3-933f-a1db3c8ebe01.jsonl	3	sha256:cdc57af9666e26e657d324e26bdf2fd2eba3a079f65f65f607e78d0c97354762	docs/reviews/core-concepts-review-prompt.md	docs/probe-runs/regression-probe-transcript-for-2026-09-16.md|docs/decisions/0021-terminological-succession-and-validity-under-merge.md|docs/obligations/0204-docs-decisions-0077-still-describes-hw-dr-0049-s-rewrite-as-pending-after-574-made-it.md|docs/how-to/diagnose-an-isolation-failure.md|docs/obligations/0073-the-prior-version-still-owes-the-key-edit-that-the-clock.md|docs/probe-runs/regression-probe-transcript-for-2026-09-11.md|docs/obligations/0032-a-remove-that-orphans-a-name-is-refused-and-the-message-names.md|docs/obligations/0216-two-merge-hooks-of-this-repository-print-a-resolve-flag-that-the-verb-refuses.md|docs/probe-runs/regression-probe-transcript-for-2026-09-17-after-the-probe-corrections.md|docs/obligations/0144-the-cache-identity-test-reads-the-live-working-tree-so-an-edit-during-the-run-reports-the-correctness-root-as-violated.md
ee684701-3050-4225-98db-1fcb07a5eeb3	disjoint	2026-09-30T08:21:23Z	1338ac1e-5046-4dce-9ea3-0064ffdac44d.jsonl	11	sha256:df09ed392c80b3b7b2ff1f4f9af2b47bd60544ebd6e68a120d3f93d606716ca2	docs/acceptance-criteria/0002-every-required-section-of-every-governed-document-has-a-heading.md|docs/process/decisions/0007-a-background-wait-caps-below-the-cache-lifetime-and-re-issues-itself.md|docs/spec/00-vision-and-scope.md|docs/obligations/0106-a-shelf-layout-names-a-file-at-birth-and-no-rule-reads-it.md|docs/requirements/0001-the-engine-reaches-no-network-at-check-time.md	docs/probe-runs/regression-probe-transcript-for-2026-09-11.md|docs/obligations/0204-docs-decisions-0077-still-describes-hw-dr-0049-s-rewrite-as-pending-after-574-made-it.md|docs/obligations/0057-a-retrofit-cannot-recover-the-two-dates-or-the-acceptance.md|docs/obligations/0201-no-coverage-or-mutation-measurement-has-ever-been-taken-over-the-engine-s-test-suite.md|docs/probe-runs/regression-probe-transcript-for-2026-09-16.md|docs/probes/an-agent-reaches-the-adjudication-from-the-document-that-lost-it.md|docs/probe-runs/campaign-of-2026-09-28-campaign-tier-present-arm-sufficiency.md|docs/decisions/0041-q41-whether-vale-becomes-a-declared-regime-backend.md|docs/probe-runs/campaign-of-2026-09-28-campaign-tier-absent-arm-sufficiency.md|docs/probe-runs/regression-probe-transcript-for-2026-09-17-after-the-probe-corrections.md
fdc872ea-1d0d-48b8-b20d-dcd7492c05c5	disjoint	2026-09-22T10:58:18Z	246fd5c4-b822-42e4-b1e6-56f4019f2568.jsonl	5	sha256:a18555e2f5af9d165bf2f5979744cddfe53139f3ceeae6ff83a54108504c2f3d	docs/interfaces/headwater-completions.md|docs/spec/05-ai-integration.md|docs/interfaces/headwater-derived.md|docs/spec/00-vision-and-scope.md|docs/interfaces/headwater-change.md	docs/obligations/0183-no-mechanism-holds-a-committed-binary-asset-against-a-run.md|docs/probe-runs/regression-probe-transcript-for-2026-09-11.md|docs/interfaces/headwater-sweep.md|docs/decisions/0031-q31-whether-this-repository-becomes-public-and-when.md|docs/obligations/0125-nine-documents-state-a-warrant-the-closed-set-does-not-hold-and-no-check-reads-one.md|docs/probe-runs/regression-probe-transcript-for-2026-09-16.md|docs/obligations/0141-an-identifier-scheme-names-no-prefix-so-an-rdf-projection-derives-a-document-iri-from-a-file-path.md|docs/obligations/0159-a-sentence-that-opens-with-a-hash-and-an-issue-number-is-folded-into-the-sentence-before-it.md|docs/obligations/0075-a-participation-expectation-needs-depth-one-and-edge.md|docs/obligations/0093-whether-a-harvesting-tier-owes-conformance-rules-of-its-own.md
1c07bbf0-d071-49fb-9385-b28587ba3886	disjoint	2026-10-02T04:06:01Z	50652494-9d42-402c-89b8-27a43100f4bd.jsonl	30	sha256:aee872101304101e1d88797913ade8f170a99405bb6fc2603e53e06a038adceb	docs/probe-results/campaign-of-2026-09-28-documentation-tier-absent-arm-sufficiency.md|docs/how-to/mine-the-shadow-mode-routing-log.md|docs/spec/00-vision-and-scope.md|docs/process/obligations/0207-the-plan-usage-of-one-issue-is-known-only-as-the-average-of-its-run.md|docs/evaluations/external-evaluation-harnesses-and-benchmarks-for-the-probe-campaign.md	docs/obligations/0223-no-run-measures-whether-the-documents-under-docs-change-what-an-agent-builds.md|docs/process/obligations/0224-thirteen-run-tooling-gaps-from-run-20260928-1109-filed-together.md|docs/process/obligations/0225-eight-run-tooling-gaps-from-run-20260929-1205-filed-together.md|docs/process/decisions/0006-the-entrypoint-keeps-its-name-and-becomes-a-resumable-run.md|docs/process/decisions/0022-the-verify-and-rework-loop-for-one-issue-runs-below-the-parent.md|docs/decisions/0083-governs-and-traces-to-are-created-by-an-agent-because-a-session-proposes-the-line-and-a-person-types-it.md|docs/process/obligations/0209-a-build-order-dispatch-passes-no-isolation-so-a-stage-can-inherit-the-parent-worktree-as-its-working-directory.md|docs/decisions/0060-the-engine-s-version-stays-one-number-and-a-build-s-exact-commit-is-a-separate-unwired-fact.md|docs/obligations/0035-section-contracts-in-the-base.md|docs/process/obligations/0211-two-hand-remedy-lines-for-hw-cargo-in-hw-run-policy-may-no-longer-earn-their-cost-on-every-dispatch.md
531c8a4d-06dc-4024-b794-3f92d66e5186	disjoint	2026-10-02T10:52:29Z	fceea6f0-d151-49fc-830a-7ed8d60e826c.jsonl	15	sha256:b0ef597b65dcc343a6c95ea112ce6d1bf7fd096c1bdfa1eb58f28eed21da24af	docs/verifications/0001-the-section-heading-rule-has-no-case-table-and-a-golden-fixture-report-is-what-proves-it-runs.md|docs/how-to/wire-headwater-check-into-your-own-workflow.md|docs/interfaces/headwater-check.md|docs/obligations/0178-the-every-instance-report-detail-reaches-four-test-files-and-no-caller-outside-them.md|docs/evaluations/what-a-check-can-know.md	docs/process/obligations/0227-seven-run-tooling-gaps-from-run-20260929-2201-filed-together.md|docs/evaluations/n8n-worked-example.md|docs/process/evaluations/one-clone-many-agents-how-this-repository-isolates-the-sessions-that-build-it.md|docs/probe-runs/regression-probe-transcript-for-2026-09-17-after-the-probe-corrections.md|docs/obligations/0074-a-check-version-is-raised-by-hand-and-nothing-catches-a-stale.md|docs/process/obligations/0225-eight-run-tooling-gaps-from-run-20260929-1205-filed-together.md|docs/evaluations/first-contact.md|docs/obligations/0070-one-of-the-four-warrant-values-has-no-instance-in-this-corpus.md|docs/process/obligations/0224-thirteen-run-tooling-gaps-from-run-20260928-1109-filed-together.md|docs/process/obligations/0231-five-run-tooling-gaps-from-run-20261001-1107-filed-together.md
b424a0cc-ac54-4dbe-a3e5-9838655666ee	disjoint	2026-09-27T22:53:24Z	b5554ef1-29fb-41ec-8ac7-4d043f9e3e0e.jsonl	32	sha256:feb8908d37889bd90b597c3b026add6671e96863fcf6c41dec3969c7dca96704	docs/evaluations/the-measurement-layer.md|docs/how-to/diagnose-an-isolation-failure.md|docs/process/decisions/0003-a-dispatch-pays-when-it-retires-more-parent-turns-than-it-costs.md|docs/interfaces/headwater-merge-driver.md|docs/obligations/0222-ten-rules-of-the-editions-ledger-have-one-recorded-corpus-so-a-rule-change-blessed-with-an-edit-to-that-corpus-passes.md	docs/obligations/0216-two-merge-hooks-of-this-repository-print-a-resolve-flag-that-the-verb-refuses.md|docs/process/decisions/0017-ci-concurrency-is-per-ref-and-every-ref-but-main-cancels-a-superseded-run.md|docs/decisions/0052-a-document-is-proposed-at-the-state-it-will-hold-and-the-merge-activates-it.md|docs/process/decisions/0020-merges-go-through-the-github-merge-queue-one-squash-commit-per-pull-request.md|docs/obligations/0017-publishing-the-read-set-skips-a-re-run-on-two-of-the-eighteen.md|docs/obligations/0217-the-site-review-marker-lives-in-the-common-directory-of-a-clone-so-one-worktree-s-unreviewed-merge-blocks-the-push-of-every-worktree.md|docs/decisions/0049-a-corpus-wide-fold-is-derived-and-never-stored.md|docs/evaluations/why-corpus-counts-are-derived-not-stored.md|docs/obligations/0212-ci-done-sh-reads-a-cancelled-run-of-another-branch-as-a-red-result-on-a-main-merge-commit.md|docs/obligations/0081-a-published-read-set-never-says-which-instances-must-run-again.md
775fcf74-9dd9-4f9d-8ca0-ce7bf48f2590	disjoint	2026-09-22T10:59:35Z	246fd5c4-b822-42e4-b1e6-56f4019f2568.jsonl	6	sha256:ddb94a1b84639a0bfef42621f0ee87c949f95f1b01704e9c0e6d81fc17ce22a4	docs/decisions/0076-a-probe-budget-prices-a-run-identity-fixed-before-the-run-and-a-committed-transcript-and-a-sweep-has-neither.md|docs/decisions/0036-q36-which-of-mkdocs-docusaurus-or-astro-this-corpus-emits-navigation-for-and-why.md	docs/obligations/0102-two-documents-state-what-voids-a-verdict-and-they-do-not.md|docs/obligations/0074-a-check-version-is-raised-by-hand-and-nothing-catches-a-stale.md|docs/decisions/0039-q39-how-a-figure-reaches-a-hand-built-page.md|docs/reviews/core-concepts-findings-assessment.md|docs/obligations/0131-the-cli-crate-wires-every-verb-and-carries-no-tests-so-two-wiring-defects-passed-a-green-suite.md|docs/obligations/0132-survey-the-wiring-decisions-of-main-rs-verb-by-verb-and-cover-the-quiet-ones.md|docs/probe-runs/regression-probe-transcript-for-2026-09-17-after-the-probe-corrections.md|docs/obligations/0010-the-corpus-descriptor-exists-and-no-probe-has-run-against.md|docs/evaluations/why-corpus-counts-are-derived-not-stored.md|docs/obligations/0200-three-graded-regression-runs-are-owed-a-fresh-recording-against-a-moved-taxonomy-lock.md
ec8b1c06-3900-4d8c-9a8e-e1af2a8659d0	disjoint	2026-10-01T21:45:25Z	3f33c00e-e7c1-58c3-a5d7-1a3fac2f271f.jsonl	1	sha256:1658d7e32c246534decc3880e0ea45bf5a8534a7fd9b85213beca7dbee774419	docs/spec/04-assurance-model.md|docs/obligations/0155-probe-s-fourteen-refusals-have-no-coverage-test-and-three-of-them-are-named-by-no-test-at-all.md|docs/how-to/mine-the-shadow-mode-routing-log.md|docs/acceptance-criteria/0001-no-engine-source-outside-the-fetch-crate-names-a-network-api-and-no-crate-of-the-checking-loop-reaches-a-network-package.md|docs/evaluations/relation-storage.md	docs/obligations/0079-a-correctness-root-that-is-a-type-has-no-failing-fixture.md|docs/evaluations/specifying-the-engine.md|docs/interfaces/headwater-derived.md|docs/process/obligations/0207-the-plan-usage-of-one-issue-is-known-only-as-the-average-of-its-run.md|docs/process/evaluations/the-build-order-as-a-multi-agent-system.md|docs/decisions/0006-where-the-corpus-graph-lives-at-rest.md|docs/obligations/0102-two-documents-state-what-voids-a-verdict-and-they-do-not.md|docs/decisions/0060-the-engine-s-version-stays-one-number-and-a-build-s-exact-commit-is-a-separate-unwired-fact.md|docs/obligations/0075-a-participation-expectation-needs-depth-one-and-edge.md|docs/reviews/core-concepts-review-findings.md
48ad9769-ae68-48f8-939c-ebc9364d54d5	disjoint	2026-09-27T20:23:40Z	b5554ef1-29fb-41ec-8ac7-4d043f9e3e0e.jsonl	23	sha256:3e27d0694d7a75ebe5d7eaf5ac664ffb23981352962d97cc6f9c5824b79d2aba	docs/how-to/wire-headwater-check-into-your-own-workflow.md|docs/tutorials/your-first-governed-corpus.md	docs/reviews/the-sixty-four-restored-help-strings-checked-against-the-binary.md|docs/obligations/0125-nine-documents-state-a-warrant-the-closed-set-does-not-hold-and-no-check-reads-one.md|docs/obligations/0157-the-capture-report-says-two-denominators-over-a-store-that-named-seventeen-taxonomies.md|docs/obligations/0119-an-audit-reading-carries-no-declared-bar-so-a-distribution-cannot-become-a-finding.md|docs/obligations/0163-ten-decision-records-claim-a-q-number-the-decision-register-does-not-carry.md|docs/obligations/0169-the-coverage-report-lists-one-path-twice-so-the-self-assessment-page-publishes-two-unaccounted-files-where-one-exists.md|docs/obligations/0110-the-loss-census-carries-a-finding-by-substring-so-an-index-of-rules-and-paths-passes-it.md|docs/process/decisions/0002-adjudication-is-a-separate-stage-and-refusal-is-licensed.md|docs/obligations/0013-no-probe-tests-whether-a-counted-tombstone-stops-a-confident.md|docs/obligations/0143-a-specification-sentence-closes-a-set-with-a-count-the-source-exceeds-and-115-of-127-candidates-are-unchecked.md
fa61b58f-97a1-4c04-9b8e-c140d8f5b97d	disjoint	2026-10-02T12:47:27Z	19b6d2bc-015d-4b01-a550-ff6f9bb9896e.jsonl	15	sha256:6fdb077dde150f1f485ff3d3e48ae7619568e68ec862c614a30a7c0133dc3df3	docs/how-to/relocate-a-shelf.md|docs/interfaces/headwater-check.md|docs/evaluations/governs-edges-what-an-anchor-reaches-what-covers-it-when-it-ages-and-where-a-session-meets-it.md|docs/obligations/0087-fixable-has-two-readings-inside-one-engine.md|docs/how-to/rotate-or-revoke-the-apt-signing-subkey.md	docs/obligations/0069-a-suppressed-finding-leaves-its-obligation-verified-and-spec-4.md|docs/obligations/0125-nine-documents-state-a-warrant-outside-the-closed-set-and-only-a-person-can-set-the-value.md|docs/obligations/0196-a-relation-writes-a-state-onto-a-kind-that-binds-no-lifecycle-regime-and-nothing-reads-that-pair.md|docs/decisions/0030-q30-whether-what-an-obligation-waits-on-is-a-state-or-a-property-and-how-many-values-it-takes.md|docs/interfaces/headwater-conformance.md|docs/obligations/0093-whether-a-harvesting-tier-owes-conformance-rules-of-its-own.md|docs/probes/an-agent-reaches-the-adjudication-from-the-document-that-lost-it.md|docs/decisions/0044-q44-whether-bundles-decompose-into-capabilities-and-assemblies-compose-practices.md|docs/tutorials/your-first-governed-corpus.md|docs/spec/13-open-obligations.md
33c59ae4-50cf-432d-8f24-901d5dc96346	disjoint	2026-10-02T09:53:31Z	1f8ffc5b-6498-4c89-ac19-72928092f21b.jsonl	19	sha256:69b5a7d6b1112d095e81028c76a123bede1532fb0f3435b2f5abae5f75a0af73	docs/process/evaluations/two-triggers-one-verdict-how-this-repository-s-ci-decides-where-a-job-runs-and-what-it-trusts.md|docs/how-to/relocate-a-shelf.md|docs/acceptance-criteria/0003-check-reports-a-document-path-written-as-a-relation-target-once-in-every-spelling-and-through-a-symlink.md|docs/decisions/0096-harper-does-not-become-part-of-the-engine-now-and-q41-stands.md|docs/spec/15-the-recorder-contract.md	docs/obligations/0069-a-suppressed-finding-leaves-its-obligation-verified-and-spec-4.md|docs/obligations/0008-an-adoption-payload-has-a-first-reading-and-no-elapsed-time.md|docs/obligations/0170-the-blank-facet-value-rule-reaches-no-obligation-so-the-report-names-none.md|docs/obligations/0179-the-commit-gate-checks-prose-with-a-binary-it-never-compares-against-the-engine-sources.md|docs/obligations/0199-an-observation-snapshot-records-a-commit-and-nothing-reads-it-back.md|docs/reviews/core-concepts-review-findings.md|docs/obligations/0102-two-documents-state-what-voids-a-verdict-and-they-do-not.md|docs/process/decisions/0008-the-board-has-an-owner-of-its-structure-and-its-milestones-are-capped-versions.md|docs/process/obligations/0211-two-hand-remedy-lines-for-hw-cargo-in-hw-run-policy-may-no-longer-earn-their-cost-on-every-dispatch.md|docs/obligations/0087-fixable-has-two-readings-inside-one-engine.md
fe93d5f7-b0af-4f93-90fd-a24718379482	disjoint	2026-09-27T12:46:01Z	b5554ef1-29fb-41ec-8ac7-4d043f9e3e0e.jsonl	18	sha256:17c95a17c06bee928a8e3ffce6c124333aa30bf737c674b709068505f1c425b8	docs/requirements/0002-every-document-of-a-kind-that-requires-sections-carries-all-of-them.md|docs/interfaces/headwater-change.md|docs/probes/what-a-session-writes-points-back-at-the-ruling-it-rests-on.md|docs/how-to/diagnose-an-isolation-failure.md|docs/decisions/0092-the-citation-comment-of-spec-5-is-for-an-adopter-s-corpus-and-this-repository-does-not-practice-it-on-its-own-code.md	docs/obligations/0136-seven-rustdoc-relative-links-in-comments-point-at-pages-the-doc-tree-does-not-have.md|docs/obligations/0148-the-help-assertion-never-asks-a-subcommand-and-no-rust-version-declares-the-floor-clap-now-sits-on.md|docs/obligations/0213-ci-builds-no-mkdocs-site-so-a-generated-page-under-docs-is-never-checked-against-a-strict-build-before-merge.md|docs/obligations/0089-a-profile-names-its-rules-and-never-states-them.md|docs/decisions/0001-implementation-language.md|docs/decisions/0023-the-engine-lint-floor.md|docs/obligations/0176-a-blessed-fixture-is-read-by-a-sibling-case-that-runs-while-the-write-truncates-it.md|docs/obligations/0211-two-hand-remedy-lines-for-hw-cargo-in-hw-run-policy-may-no-longer-earn-their-cost-on-every-dispatch.md|docs/obligations/0107-the-base-package-ships-a-kind-that-the-scaffolder-refuses-to-write.md|docs/obligations/0203-three-small-run-tooling-gaps-from-run-20260922-1121-filed-together.md
ea422580-770b-4405-9a65-6ab217883619	disjoint	2026-09-30T03:16:50Z	1338ac1e-5046-4dce-9ea3-0064ffdac44d.jsonl	6	sha256:be2e69de92a1fe60bd54eb11c9762557a61c4c42f507efa4424266174e88a1e7	docs/obligations/0037-the-register-is-not-a-projection-of-the-lock-alone-so-generate.md|docs/decisions/0074-a-code-path-anchor-is-a-pattern-over-the-tree-and-it-binds-when-the-pattern-matches-at-least-one-entry.md|docs/process/explanations/where-a-ci-job-runs.md|docs/process/obligations/0202-a-bare-none-footprint-is-claimed-as-a-literal-path-so-two-disjoint-issues-collide.md|docs/process/decisions/0003-a-dispatch-pays-when-it-retires-more-parent-turns-than-it-costs.md	docs/decisions/0031-q31-whether-this-repository-becomes-public-and-when.md|docs/obligations/0130-the-publication-date-of-this-repository-is-unset-and-the-owner-alone-sets-it.md|docs/process/evaluations/the-build-order-as-a-multi-agent-system.md|docs/process/obligations/0207-the-plan-usage-of-one-issue-is-known-only-as-the-average-of-its-run.md|docs/probe-runs/campaign-of-2026-09-28-campaign-tier-present-arm-sufficiency.md|docs/obligations/0182-the-publish-crates-retry-loop-has-no-retry-ceiling.md|docs/obligations/0073-the-prior-version-still-owes-the-key-edit-that-the-clock.md|docs/probe-runs/regression-probe-transcript-for-2026-09-11.md|docs/obligations/0198-nothing-states-how-much-of-a-session-s-budget-the-standing-instructions-consume-before-work-starts.md|docs/decisions/0078-a-recorded-terminal-demonstration-may-show-a-frozen-number-behind-a-recorded-on-date-marker.md
f321d342-d8fc-4471-8b5c-9d2c8d637ded	disjoint	2026-10-01T02:17:39Z	247277a8-0d27-461c-b1c9-a198c9e75b3f.jsonl	1	sha256:056b21aa8121b3a8d7a85b22f7088cee1ceb1295c9eeac5d5380ada0ca392470	docs/obligations/0141-an-identifier-scheme-names-no-prefix-so-an-rdf-projection-derives-a-document-iri-from-a-file-path.md|docs/process/explanations/where-a-ci-job-runs.md|docs/probe-runs/regression-probe-transcript-for-2026-09-17-after-the-probe-corrections.md|docs/how-to/keep-derived-files-from-conflicting-in-parallel-pull-requests.md|docs/decisions/0039-q39-how-a-figure-reaches-a-hand-built-page.md	docs/evaluations/default-taxonomy-first-run.md|docs/decisions/0002-schema-format.md|docs/obligations/0184-nothing-states-why-the-vendored-package-root-is-visible-in-an-adopter-tree.md|docs/process/decisions/0011-crates-publish-in-one-fixed-order-that-a-test-holds-and-a-rerun-continues-where-the-last-run-stopped.md|docs/obligations/0161-the-validation-block-of-mkdocs-yml-is-a-gate-this-repository-owns-and-no-fixture-drives.md|docs/decisions/0038-q38-which-link-relation-a-rendered-page-carries-to-the-served-corpus-descriptor.md|docs/obligations/0045-what-shelf-expands-to-in-a-projection-output.md|docs/decisions/0067-the-vendored-package-root-moves-under-headwater-and-the-old-root-is-named-in-a-refusal.md|docs/obligations/0018-the-bundle-set-is-a-guess-about-how-adopters-cluster.md|docs/obligations/0026-the-operational-shape-of-a-hosted-server-is-unstated.md
0d075cb3-645f-409c-8ec8-4c2490d51fa5	disjoint	2026-09-28T02:18:05Z	b5554ef1-29fb-41ec-8ac7-4d043f9e3e0e.jsonl	46	sha256:884820c11d5b62707f3a7ee093741082f83de0d4a75cbeefaed147b934482e58	docs/how-to/cut-a-release.md|docs/how-to/diagnose-an-isolation-failure.md|docs/how-to/mine-the-shadow-mode-routing-log.md|docs/how-to/relocate-a-shelf.md|docs/how-to/wire-headwater-check-into-your-own-workflow.md	docs/reviews/the-sixty-four-restored-help-strings-checked-against-the-binary.md|docs/decisions/0031-q31-whether-this-repository-becomes-public-and-when.md|docs/obligations/0169-the-coverage-report-lists-one-path-twice-so-the-self-assessment-page-publishes-two-unaccounted-files-where-one-exists.md|docs/process/decisions/0002-adjudication-is-a-separate-stage-and-refusal-is-licensed.md|docs/evaluations/inspect-evals-worked-example.md|docs/decisions/0015-a-synthesized-content-tier.md|docs/obligations/0125-nine-documents-state-a-warrant-the-closed-set-does-not-hold-and-no-check-reads-one.md|docs/obligations/0163-ten-decision-records-claim-a-q-number-the-decision-register-does-not-carry.md|docs/obligations/0138-the-rest-of-the-editorial-pass-with-cli-src-main-rs-at-the-head-of-the-distribution.md|docs/process/decisions/0020-merges-go-through-the-github-merge-queue-one-squash-commit-per-pull-request.md
776c244c-e15a-45d1-ae7b-223a4a8c8601	disjoint	2026-10-03T01:56:55Z	19b6d2bc-015d-4b01-a550-ff6f9bb9896e.jsonl	32	sha256:1ce8cf077a6427031c2a521d3446468f6039ffe87343e5793a96246e2ba8203b	docs/process/decisions/0005-the-ledger-is-split-its-tabular-parts-are-jsonl-and-its-totals-are-derived.md|docs/obligations/0049-the-meta-schema-closes-eight-value-sets-that-nothing-states.md|docs/requirements/0003-a-relation-target-written-as-the-path-of-a-document-is-reported-and-never-bound-as-an-anchor-onto-that-file.md|docs/interfaces/headwater-gate.md|docs/decisions/0035-q35-whether-one-requirement-kind-holds-an-imported-requirement-and-an-authored-one.md	docs/obligations/0204-docs-decisions-0077-still-describes-hw-dr-0049-s-rewrite-as-pending-after-574-made-it.md|docs/obligations/0229-the-counterfactual-campaign-evaluation-withholds-its-discharges-edge-until-a-person-promotes-it.md|docs/decisions/0030-q30-whether-what-an-obligation-waits-on-is-a-state-or-a-property-and-how-many-values-it-takes.md|docs/obligations/0036-identity-below-the-grain-of-a-document.md|docs/probes/an-agent-reaches-the-adjudication-from-the-document-that-lost-it.md|docs/obligations/0069-a-suppressed-finding-leaves-its-obligation-verified-and-spec-4.md|docs/obligations/0126-every-asserted-document-carries-the-freshness-date-that-spec-3-says-it-cannot.md|docs/obligations/0102-two-documents-state-what-voids-a-verdict-and-they-do-not.md|docs/process/decisions/0002-adjudication-is-a-separate-stage-and-refusal-is-licensed.md|docs/obligations/0125-nine-documents-state-a-warrant-outside-the-closed-set-and-only-a-person-can-set-the-value.md
26431910-9d54-4988-8b0d-c77ff22a29ee	disjoint	2026-09-26T07:53:23Z	7e04ba66-98b2-4c0b-81af-ec8bae77be52.jsonl	2	sha256:3930ee38e339a7e5716621b9e49708dc34b5c3272b74c9e808103b6c507eca0b	docs/how-to/mine-the-shadow-mode-routing-log.md|docs/evaluations/two-triggers-one-verdict-how-this-repository-s-ci-decides-where-a-job-runs-and-what-it-trusts.md|docs/interfaces/headwater-infer.md|docs/requirements/0002-every-document-of-a-kind-that-requires-sections-carries-all-of-them.md|docs/obligations/0207-the-plan-usage-of-one-issue-is-known-only-as-the-average-of-its-run.md	docs/probe-runs/regression-probe-transcript-for-2026-09-09.md|docs/probe-runs/regression-probe-transcript-for-2026-09-17.md|docs/evaluations/n8n-worked-example.md|docs/interfaces/headwater-help.md|docs/reviews/core-concepts-review-findings.md|docs/probe-runs/regression-probe-transcript-for-2026-09-17-after-the-probe-corrections.md|docs/evaluations/what-a-check-can-know.md|docs/obligations/0103-the-front-matter-half-of-a-patch-has-no-writer.md|docs/spec/08-design-departures.md|docs/reviews/core-concepts-review-prompt.md
ec294fa3-f7ea-42f1-b3ea-8031386d8772	disjoint	2026-09-30T07:02:25Z	1338ac1e-5046-4dce-9ea3-0064ffdac44d.jsonl	8	sha256:72adca9559a2442cb3a3fbf2f0c5fb0237cfa2b83f19265fa636ddc3ce9f2f68	docs/how-to/rotate-or-revoke-the-apt-signing-subkey.md	docs/obligations/0218-the-opening-sentence-of-the-self-found-list-in-spec-13-counts-forty-nine-items-in-ranges-that-do-not-match-the-list.md|docs/probes/the-authoring-skill-reaches-an-agent-that-is-about-to-write-a-governed-document.md|docs/spec/05-ai-integration.md|docs/obligations/0112-a-surface-cannot-move-the-assisted-fraction-of-a-run.md|docs/obligations/0121-three-conformance-rules-name-an-attestation-that-no-record-format-exists-for.md|docs/evaluations/the-pointer-probe-grades-a-session-against-the-router-s-own-first-pick-so-a-correct-session-that-declines-a-wrong-pointer-fails.md|docs/obligations/0172-nine-hand-kept-constants-enumerate-an-enum-and-nothing-holds-one-against-the-variants.md|docs/evaluations/shacl-worked-example.md|docs/obligations/0142-the-obligation-register-states-its-own-size-by-hand-and-it-went-stale-three-times-in-two-days.md|docs/obligations/0041-no-declaration-expresses-a-rule-about-content-or-state-over.md
989f4500-ffa6-4d0e-b0ad-901e33d4b2a1	disjoint	2026-10-02T09:23:25Z	e76bf2d4-45d1-4be4-b7a5-a53f65aea484.jsonl	3	sha256:00e8d0ded8367b4eaebbd84de525fb511f71a12180084efb1082fea1c65d7c1e	docs/how-to/relocate-a-shelf.md|docs/spec/15-the-recorder-contract.md|docs/process/obligations/0206-hw-run-policy-names-a-worktree-add-workaround-that-write-edit-refuses-under-this-harness.md|docs/evaluations/why-corpus-counts-are-derived-not-stored.md|docs/tutorials/your-first-governed-corpus.md	docs/obligations/0157-the-capture-report-says-two-denominators-over-a-store-that-named-seventeen-taxonomies.md|docs/decisions/0063-every-required-facet-of-a-generated-document-is-derived-and-the-emitter-composes-the-summary.md|docs/process/obligations/0220-no-disk-floor-is-stated-for-a-build-order-run-and-nothing-prunes-the-cargo-pool.md|docs/obligations/0112-a-surface-cannot-move-the-assisted-fraction-of-a-run.md|docs/reviews/the-sixty-four-restored-help-strings-checked-against-the-binary.md|docs/evaluations/governs-edges-what-an-anchor-reaches-what-covers-it-when-it-ages-and-where-a-session-meets-it.md|docs/interfaces/headwater-derived.md|docs/obligations/0020-whether-a-solution-corpus-vendors-each-source-export.md|docs/decisions/0060-the-engine-s-version-stays-one-number-and-a-build-s-exact-commit-is-a-separate-unwired-fact.md|docs/obligations/0189-a-base-shelf-path-is-closed-to-every-later-entry-over-the-same-ground.md
235f559e-d279-4a64-b565-44ac4c93f846	disjoint	2026-10-03T01:38:59Z	19b6d2bc-015d-4b01-a550-ff6f9bb9896e.jsonl	26	sha256:efff9a3e5b64ac90924c3e1f8ab7b73355d7abbe77f30366ba7b2aa565f0b3db	docs/probes/a-cold-agent-reaches-the-governing-document-through-the-corpus-descriptor.md|docs/how-to/relocate-a-shelf.md|docs/spec/glossary.md|docs/decisions/0073-a-verification-is-a-kind-and-its-identity-is-minted-rather-than-found-in-the-code-that-cites-it.md|docs/acceptance-criteria/0002-every-required-section-of-every-governed-document-has-a-heading.md	docs/process/decisions/0008-the-board-has-an-owner-of-its-structure-and-its-milestones-are-capped-versions.md|docs/probe-results/campaign-of-2026-09-30-campaign-tier-present-arm-discovery.md|docs/obligations/0130-the-publication-date-of-this-repository-is-unset-and-the-owner-alone-sets-it.md|docs/probe-results/campaign-of-2026-09-30-campaign-tier-absent-arm-discovery.md|docs/obligations/0163-ten-decision-records-claim-a-q-number-the-decision-register-does-not-carry.md|docs/probe-results/campaign-of-2026-09-30-campaign-tier-present-arm-navigability.md|docs/probe-results/campaign-of-2026-09-28-campaign-tier-present-arm-navigability.md|docs/probe-results/campaign-of-2026-09-30-campaign-tier-present-arm-sufficiency.md|docs/probe-results/campaign-of-2026-09-28-campaign-tier-present-arm-sufficiency.md|docs/obligations/0222-ten-rules-of-the-editions-ledger-have-one-recorded-corpus-so-a-rule-change-blessed-with-an-edit-to-that-corpus-passes.md
e8065ec4-efc4-4b00-8462-73ed9c0a9aeb	disjoint	2026-09-25T04:20:35Z	861a7465-84b5-4b32-9982-e09f9f38010c.jsonl	4	sha256:0e610594b8477341dc0ef6d88804ee37a3c32c08cab575a0be230f4b28e21007	docs/evaluations/the-measurement-layer.md|docs/interfaces/headwater-route.md|docs/obligations/0202-a-bare-none-footprint-is-claimed-as-a-literal-path-so-two-disjoint-issues-collide.md|docs/evaluations/why-corpus-counts-are-derived-not-stored.md|docs/obligations/0042-a-declared-invalid-when-reaches-no-check-and-two-live.md	docs/obligations/0207-the-plan-usage-of-one-issue-is-known-only-as-the-average-of-its-run.md|docs/obligations/0203-three-small-run-tooling-gaps-from-run-20260922-1121-filed-together.md|docs/spec/13-open-obligations.md|docs/reviews/core-concepts-review-findings.md|docs/spec/17-orchestration-architecture.md|docs/evaluations/schema-format-walkthrough.md|docs/probe-runs/regression-probe-transcript-for-2026-09-11.md|docs/evaluations/adjacent-work.md|docs/reviews/core-concepts-findings-assessment.md|docs/decisions/0041-q41-whether-vale-becomes-a-declared-regime-backend.md
45f82068-4e45-40ea-9d69-92bf89538309	disjoint	2026-09-23T08:28:45Z	e2a9988f-b810-4212-9221-6df09ed86845.jsonl	13	sha256:722052fc7b786258afa722c7e16e5fb8e2f4b18d7d8954817d4fb92aeea149b1	docs/requirements/0002-every-document-of-a-kind-that-requires-sections-carries-all-of-them.md|docs/interfaces/headwater-infer.md|docs/spec/01-conceptual-model.md|docs/interfaces/headwater-change.md|docs/spec/08-design-departures.md	docs/decisions/0061-q61-how-a-recorded-terminal-demonstration-is-held-against-a-run.md|docs/probes/an-agent-reaches-the-adjudication-from-the-document-that-lost-it.md|docs/decisions/0021-terminological-succession-and-validity-under-merge.md|docs/obligations/0003-the-rebuild-and-cache-design-is-measured-at-spike-scale-alone.md|docs/obligations/0196-a-relation-writes-a-state-onto-a-kind-that-binds-no-lifecycle-regime-and-nothing-reads-that-pair.md|docs/obligations/0131-the-cli-crate-wires-every-verb-and-carries-no-tests-so-two-wiring-defects-passed-a-green-suite.md|docs/obligations/0015-imported-edge-staleness-is-unmeasured-against-scaffolded-edges.md|docs/obligations/0133-two-test-helpers-key-a-scratch-directory-on-the-pid-alone-and-the-race-springs-on-the-next-case-added.md|docs/decisions/0007-scope-of-the-mcp-surface.md|docs/decisions/0081-the-hand-authored-decision-register-indexes-a-subset-of-the-shelf-and-stops-asserting-it-supersedes-the-complete-one.md
69be72f4-a551-4bce-b5c7-df1d3164cde7	disjoint	2026-09-25T00:46:02Z	de9c8ddd-41e4-45d1-90b3-8617e676498e.jsonl	91	sha256:290232c08a9a3eb6efa6f4bf62ae6420291848bbe2b7e97e1ab7e2500c2e1389	docs/evaluations/language-spike-results.md|docs/requirements/0002-every-document-of-a-kind-that-requires-sections-carries-all-of-them.md|docs/interfaces/headwater-change.md|docs/probes/the-pointer-this-corpus-offers-for-a-task-is-the-document-a-session-opens.md|docs/spec/01-conceptual-model.md	docs/obligations/0204-docs-decisions-0077-still-describes-hw-dr-0049-s-rewrite-as-pending-after-574-made-it.md|docs/obligations/0049-the-meta-schema-closes-eight-value-sets-that-nothing-states.md|docs/probe-runs/regression-probe-transcript-for-2026-09-17-after-the-probe-corrections.md|docs/how-to/diagnose-an-isolation-failure.md|docs/probes/a-session-answers-from-the-register-without-opening-the-question-it-replaced.md|docs/decisions/0063-every-required-facet-of-a-generated-document-is-derived-and-the-emitter-composes-the-summary.md|docs/probe-results/regression-probe-transcript-for-2026-09-17-after-the-probe-corrections.md|docs/obligations/0025-where-the-probe-kind-ships-is-an-unsettled-clustering-question.md|docs/probe-results/regression-probe-transcript-for-2026-09-16.md|docs/probe-runs/regression-probe-transcript-for-2026-09-16.md
4be1ac98-ea4f-460f-bf66-c8ba73439dae	disjoint	2026-09-27T06:48:35Z	b5554ef1-29fb-41ec-8ac7-4d043f9e3e0e.jsonl	3	sha256:396af776884fb114bf233ad9132fedea4fecb466b716c8fe805b8e6766a68017	docs/probes/the-authoring-skill-reaches-an-agent-that-is-about-to-write-a-governed-document.md|docs/how-to/mine-the-shadow-mode-routing-log.md|docs/obligations/0030-the-provenance-block-belongs-to-the-engine-and-nothing-states.md|docs/spec/17-orchestration-architecture.md|docs/decisions/0033-q33-whether-the-command-line-is-derived-and-who-a-flag-belongs-to.md	docs/obligations/0216-two-merge-hooks-of-this-repository-print-a-resolve-flag-that-the-verb-refuses.md|docs/obligations/0081-a-published-read-set-never-says-which-instances-must-run-again.md|docs/interfaces/headwater-merge-driver.md|docs/obligations/0212-ci-done-sh-reads-a-cancelled-run-of-another-branch-as-a-red-result-on-a-main-merge-commit.md|docs/evaluations/why-corpus-counts-are-derived-not-stored.md|docs/evaluations/one-clone-many-agents-how-this-repository-isolates-the-sessions-that-build-it.md|docs/decisions/0009-multi-repository-corpora.md|docs/obligations/0157-the-capture-report-says-two-denominators-over-a-store-that-named-seventeen-taxonomies.md|docs/interfaces/headwater-completions.md|docs/obligations/0220-no-disk-floor-is-stated-for-a-build-order-run-and-nothing-prunes-the-cargo-pool.md
983ccb69-df96-4a0c-b1bf-99e0ced18481	disjoint	2026-10-02T10:00:00Z	e76bf2d4-45d1-4be4-b7a5-a53f65aea484.jsonl	10	sha256:7462868a08cdd14acff246de6f2cc559ecaca4974343b85472f540c61c27a907	docs/decisions/0052-a-document-is-proposed-at-the-state-it-will-hold-and-the-merge-activates-it.md|docs/spec/00-vision-and-scope.md|docs/obligations/0150-a-current-decision-declares-no-required-edge-to-the-document-it-settled-so-22-of-23-reach-no-specification-at-all.md|docs/requirements/0001-the-engine-reaches-no-network-at-check-time.md|docs/process/decisions/0020-merges-go-through-the-github-merge-queue-one-squash-commit-per-pull-request.md	docs/obligations/0146-the-stop-hook-reads-its-re-entry-guard-with-an-interpreter-it-does-not-require-so-a-machine-with-no-python3-re-blocks-the-same-turn.md|docs/obligations/0196-a-relation-writes-a-state-onto-a-kind-that-binds-no-lifecycle-regime-and-nothing-reads-that-pair.md|docs/interfaces/headwater-sweep.md|docs/probe-runs/campaign-of-2026-09-30-campaign-tier-absent-arm-discovery.md|docs/probe-runs/campaign-of-2026-09-30-campaign-tier-absent-arm-navigability.md|docs/probe-runs/campaign-of-2026-09-30-campaign-tier-present-arm-navigability.md|docs/process/decisions/0021-a-subagent-waits-in-the-foreground-because-a-background-wait-wakes-its-parent.md|docs/obligations/0140-a-check-can-meet-the-failing-fixture-bar-with-a-fixture-that-cannot-distinguish-the-rule-from-its-neighbour.md|docs/interfaces/headwater-check.md|docs/process/decisions/0017-ci-concurrency-is-per-ref-and-every-ref-but-main-cancels-a-superseded-run.md
3b2ed4ed-c7a7-4382-9b35-743fcdd713ff	disjoint	2026-09-30T09:36:35Z	9b498bd1-c699-4fbb-8e9b-2ea80828ebe8.jsonl	4	sha256:2303faa27616172548343e81e3f72bba5478ef185655d9dc7e172c191e411fc9	docs/tutorials/your-first-governed-corpus.md|docs/probe-runs/tombstone-probe-pilot-of-2026-09-29-campaign-tier-absent-arm-sufficiency.md|docs/spec/05-ai-integration.md|docs/obligations/0173-four-inline-gates-in-the-workflow-decide-an-exit-status-and-no-suite-provokes-one.md|docs/how-to/mine-the-shadow-mode-routing-log.md	docs/process/decisions/0021-a-subagent-waits-in-the-foreground-because-a-background-wait-wakes-its-parent.md|docs/decisions/0061-q61-how-a-recorded-terminal-demonstration-is-held-against-a-run.md|docs/obligations/0146-the-stop-hook-reads-its-re-entry-guard-with-an-interpreter-it-does-not-require-so-a-machine-with-no-python3-re-blocks-the-same-turn.md|docs/process/decisions/0007-a-background-wait-caps-below-the-cache-lifetime-and-re-issues-itself.md|docs/process/obligations/0212-ci-done-sh-reads-a-cancelled-run-of-another-branch-as-a-red-result-on-a-main-merge-commit.md|docs/process/decisions/0017-ci-concurrency-is-per-ref-and-every-ref-but-main-cancels-a-superseded-run.md|docs/process/obligations/0145-the-ci-job-named-advisory-carries-every-blocking-shell-suite-in-the-repository.md|docs/process/evaluations/two-triggers-one-verdict-how-this-repository-s-ci-decides-where-a-job-runs-and-what-it-trusts.md|docs/obligations/0198-nothing-states-how-much-of-a-session-s-budget-the-standing-instructions-consume-before-work-starts.md|docs/obligations/0013-no-probe-tests-whether-a-counted-tombstone-stops-a-confident.md
1a77edf0-4093-4953-9bf1-5c7bdde67be1	disjoint	2026-10-02T08:28:29Z	1f8ffc5b-6498-4c89-ac19-72928092f21b.jsonl	12	sha256:f26a19e8af0ab779d10f09b837d817304ce39537ee241a90a56894faae74f81b	docs/reviews/ste-editorial-pass-findings.md|docs/process/obligations/0206-hw-run-policy-names-a-worktree-add-workaround-that-write-edit-refuses-under-this-harness.md|docs/how-to/diagnose-an-isolation-failure.md|docs/process/decisions/0022-the-verify-and-rework-loop-for-one-issue-runs-below-the-parent.md|docs/acceptance-criteria/0005-the-governing-documents-of-a-path-are-the-same-for-every-spelling-of-it-and-a-path-no-anchor-matches-has-none.md	docs/obligations/0115-a-pinned-digest-authenticates-the-pin-and-never-the-publisher.md|docs/how-to/cut-a-release.md|docs/obligations/0018-the-bundle-set-is-a-guess-about-how-adopters-cluster.md|docs/interfaces/headwater-capture.md|docs/interfaces/headwater-infer.md|docs/how-to/keep-derived-files-from-conflicting-in-parallel-pull-requests.md|docs/obligations/0076-a-generated-check-reads-its-severity-from-the-taxonomy.md|docs/obligations/0001-the-promotion-fix-has-no-reading-of-the-assisted-fraction.md|docs/decisions/0003-how-much-of-the-default-taxonomy-ships-in-the-box.md|docs/process/obligations/0211-two-hand-remedy-lines-for-hw-cargo-in-hw-run-policy-may-no-longer-earn-their-cost-on-every-dispatch.md
07288a78-89a1-4c2f-b0f1-a31d65583f2f	disjoint	2026-10-02T13:00:47Z	19b6d2bc-015d-4b01-a550-ff6f9bb9896e.jsonl	17	sha256:b782cb51c9f620747d1fb1198f1d51996b0582acfd6be998a2f0e7a05b4086e0	docs/decisions/0028-q28-whether-an-evaluation-is-governed-prose.md|docs/requirements/0002-every-document-of-a-kind-that-requires-sections-carries-all-of-them.md|docs/explanations/how-a-headwater-release-reaches-an-adopter.md|docs/process/evaluations/the-build-order-as-a-multi-agent-system.md|docs/obligations/0159-a-sentence-that-opens-with-a-hash-and-an-issue-number-is-folded-into-the-sentence-before-it.md	docs/obligations/0204-docs-decisions-0077-still-describes-hw-dr-0049-s-rewrite-as-pending-after-574-made-it.md|docs/how-to/diagnose-an-isolation-failure.md|docs/obligations/0130-the-publication-date-of-this-repository-is-unset-and-the-owner-alone-sets-it.md|docs/obligations/0096-whether-anything-is-ever-promoted-out-of-the-asserted-tier.md|docs/obligations/0088-correcting-an-identifier-is-mechanical-and-it-is-not-local.md|docs/decisions/0096-harper-does-not-become-part-of-the-engine-now-and-q41-stands.md|docs/obligations/0143-a-specification-sentence-closes-a-set-with-a-count-the-source-exceeds-and-115-of-127-candidates-are-unchecked.md|docs/obligations/0163-ten-decision-records-claim-a-q-number-the-decision-register-does-not-carry.md|docs/obligations/0013-no-probe-tests-whether-a-counted-tombstone-stops-a-confident.md|docs/obligations/0187-the-registered-deviation-edge-of-the-compliance-tradition-cannot-be-declared.md
3e69f8d7-8344-4534-bd06-76025eeb5552	disjoint	2026-09-25T00:48:24Z	b45fca61-b4eb-4dd1-8156-ac09fc594a25.jsonl	1	sha256:fe7c18e51016844d536006d7634d19b64f384a4e61e69e4979958e4283eef9d7	docs/probe-runs/regression-probe-transcript-for-2026-09-17-after-the-probe-corrections.md|docs/obligations/0209-a-build-order-dispatch-passes-no-isolation-so-a-stage-can-inherit-the-parent-worktree-as-its-working-directory.md|docs/how-to/wire-headwater-check-into-your-own-workflow.md|docs/interfaces/headwater-change.md|docs/evaluations/two-triggers-one-verdict-how-this-repository-s-ci-decides-where-a-job-runs-and-what-it-trusts.md	docs/obligations/0198-nothing-states-how-much-of-a-session-s-budget-the-standing-instructions-consume-before-work-starts.md|docs/process/decisions/0008-the-board-has-an-owner-of-its-structure-and-its-milestones-are-capped-versions.md|docs/reviews/core-concepts-review-findings.md|docs/obligations/0207-the-plan-usage-of-one-issue-is-known-only-as-the-average-of-its-run.md|docs/spec/04-assurance-model.md|docs/evaluations/the-measurement-layer.md|docs/decisions/0076-a-probe-budget-prices-a-run-identity-fixed-before-the-run-and-a-committed-transcript-and-a-sweep-has-neither.md|docs/evaluations/theoretical-foundations.md|docs/obligations/0006-route-latency-at-a-harvesting-tier-is-unmeasured.md|docs/obligations/0076-a-generated-check-reads-its-severity-from-the-taxonomy.md
87312eb5-6f56-4eb1-8d11-7a36c711a8e7	disjoint	2026-10-02T10:27:36Z	fde7c9df-9da9-4b86-b9b2-56030ed9b21b.jsonl	2	sha256:e072bd96296dc6e4dfaa100650f742a52efccd77f9953b5dcd5de012d68cc62a	docs/acceptance-criteria/0005-the-governing-documents-of-a-path-are-the-same-for-every-spelling-of-it-and-a-path-no-anchor-matches-has-none.md|docs/requirements/0005-a-code-path-names-every-document-that-governs-it.md|docs/acceptance-criteria/0003-check-reports-a-document-path-written-as-a-relation-target-once-in-every-spelling-and-through-a-symlink.md|docs/requirements/0004-the-graph-export-carries-the-member-patterns-of-a-list-anchor.md|docs/acceptance-criteria/0004-each-list-anchor-in-the-native-export-carries-its-sorted-members-and-a-single-pattern-carries-none.md	docs/process/obligations/0210-no-fixture-holds-the-symlink-case-of-new-worktree-sh-and-a-bare-name-of-two-dots-leaves-a-branch-behind.md|docs/obligations/0175-two-documents-take-one-sequence-on-a-sequence-declaring-shelf-and-no-rule-reads-it.md|docs/probe-runs/regression-probe-transcript-for-2026-09-16.md|docs/process/obligations/0209-a-build-order-dispatch-passes-no-isolation-so-a-stage-can-inherit-the-parent-worktree-as-its-working-directory.md|docs/interfaces/headwater-help.md|docs/process/obligations/0206-hw-run-policy-names-a-worktree-add-workaround-that-write-edit-refuses-under-this-harness.md|docs/obligations/0144-the-cache-identity-test-reads-the-live-working-tree-so-an-edit-during-the-run-reports-the-correctness-root-as-violated.md|docs/process/obligations/0221-subagents-read-skills-from-the-shared-checkout-and-a-worktree-isolated-integrator-cannot-fast-forward-it-after-a-merge.md|docs/decisions/0054-the-upper-bound-of-a-reconcile-first-allocator-is-the-corpus-and-a-claim-store.md|docs/process/decisions/0004-coordination-is-a-create-only-claim-and-authority-stays-on-the-tree.md
02dc479d-df87-43f0-901f-b5df50dfb067	disjoint	2026-10-02T08:12:02Z	27932fca-1984-48f7-adfa-897fb3daf4cb.jsonl	10	sha256:1562950da541d24b1be64e7ff1eeb23ffe48783bdb67396803408b43d7225c47	docs/evaluations/external-evaluation-harnesses-and-benchmarks-for-the-probe-campaign.md|docs/how-to/wire-headwater-check-into-your-own-workflow.md|docs/interfaces/headwater-sweep.md|docs/process/obligations/0203-three-small-run-tooling-gaps-from-run-20260922-1121-filed-together.md|docs/probes/a-cold-agent-reaches-the-governing-document-through-the-corpus-descriptor.md	docs/spec/00-vision-and-scope.md|docs/decisions/0094-the-apt-repository-is-served-from-headwater-tools-and-signed-by-a-subkey-the-owner-s-offline-key-certifies.md|docs/interfaces/headwater-check.md|docs/obligations/0107-the-base-package-ships-a-kind-that-the-scaffolder-refuses-to-write.md|docs/obligations/0029-what-headwater-query-takes.md|docs/obligations/0174-publishing-the-base-package-reports-51-references-that-resolve-nowhere-and-exits-0.md|docs/obligations/0120-no-reader-takes-a-waiver-against-a-check-finding-so-one-arm-of-the-escape-partition-is-empty.md|docs/evaluations/linkml-worked-example.md|docs/decisions/0038-q38-which-link-relation-a-rendered-page-carries-to-the-served-corpus-descriptor.md|docs/decisions/0082-the-resolved-taxonomy-is-drawn-by-a-verb-that-prints-mermaid-and-writes-no-file.md
4ed90c89-3db3-40a4-8da6-81bbadfd17e2	disjoint	2026-09-28T08:45:07Z	94bce3bc-e351-4c4e-994b-4af053609952.jsonl	6	sha256:00f2ce3b346e5cba830e424afd2cd355c1242446abc0317f43e1704cbbd51850	docs/decisions/0060-the-engine-s-version-stays-one-number-and-a-build-s-exact-commit-is-a-separate-unwired-fact.md|docs/obligations/0026-the-operational-shape-of-a-hosted-server-is-unstated.md|docs/acceptance-criteria/0002-every-required-section-of-every-governed-document-has-a-heading.md|docs/spec/12-check-layer.md|docs/how-to/diagnose-an-isolation-failure.md	docs/obligations/0205-hw-obl-0002-s-sample-counts-and-voice-rs-s-own-census-predate-the-scent-role-fix-and-need-retaking.md|docs/obligations/0130-the-publication-date-of-this-repository-is-unset-and-the-owner-alone-sets-it.md|docs/evaluations/the-build-order-as-a-multi-agent-system.md|docs/decisions/0031-q31-whether-this-repository-becomes-public-and-when.md|docs/obligations/0204-docs-decisions-0077-still-describes-hw-dr-0049-s-rewrite-as-pending-after-574-made-it.md|docs/obligations/0057-a-retrofit-cannot-recover-the-two-dates-or-the-acceptance.md|docs/obligations/0182-the-publish-crates-retry-loop-has-no-retry-ceiling.md|docs/probe-runs/regression-probe-transcript-for-2026-09-11.md|docs/obligations/0207-the-plan-usage-of-one-issue-is-known-only-as-the-average-of-its-run.md|docs/spec/17-orchestration-architecture.md
53df1b48-0784-49df-9a34-fa89c0f565d3	disjoint	2026-09-29T10:44:27Z	2ecbf66e-2300-43c9-8c42-35118b086214.jsonl	20	sha256:5299d1e73d62a94e4c0fbf27d920a4e7ece724fb1bd17bfd9adee2d2a73eddce	docs/evaluations/two-triggers-one-verdict-how-this-repository-s-ci-decides-where-a-job-runs-and-what-it-trusts.md|docs/how-to/diagnose-an-isolation-failure.md|docs/process/decisions/0009-a-release-gets-all-its-assets-in-one-create-call-and-a-person-deletes-it-to-run-again.md|docs/obligations/0211-two-hand-remedy-lines-for-hw-cargo-in-hw-run-policy-may-no-longer-earn-their-cost-on-every-dispatch.md|docs/process/explanations/where-a-ci-job-runs.md	docs/decisions/0096-harper-does-not-become-part-of-the-engine-now-and-q41-stands.md|docs/obligations/0072-a-cache-of-check-results-does-not-make-a-run-proportional.md|docs/probe-runs/regression-probe-transcript-for-2026-09-17-after-the-probe-corrections.md|docs/obligations/0207-the-plan-usage-of-one-issue-is-known-only-as-the-average-of-its-run.md|docs/probe-runs/campaign-of-2026-09-28-campaign-tier-present-arm-navigability.md|docs/probe-runs/campaign-of-2026-09-28-campaign-tier-present-arm-sufficiency.md|docs/decisions/0041-q41-whether-vale-becomes-a-declared-regime-backend.md|docs/how-to/relocate-a-shelf.md|docs/process/decisions/0017-ci-concurrency-is-per-ref-and-every-ref-but-main-cancels-a-superseded-run.md|docs/decisions/0042-q42-what-one-screen-means-for-the-first-help-screen.md
c5bf08e7-232a-4022-9474-98d740945cb1	disjoint	2026-09-28T07:08:02Z	94bce3bc-e351-4c4e-994b-4af053609952.jsonl	3	sha256:00f2ce3b346e5cba830e424afd2cd355c1242446abc0317f43e1704cbbd51850	docs/decisions/0060-the-engine-s-version-stays-one-number-and-a-build-s-exact-commit-is-a-separate-unwired-fact.md|docs/obligations/0026-the-operational-shape-of-a-hosted-server-is-unstated.md|docs/acceptance-criteria/0002-every-required-section-of-every-governed-document-has-a-heading.md|docs/spec/12-check-layer.md|docs/how-to/diagnose-an-isolation-failure.md	docs/obligations/0205-hw-obl-0002-s-sample-counts-and-voice-rs-s-own-census-predate-the-scent-role-fix-and-need-retaking.md|docs/obligations/0130-the-publication-date-of-this-repository-is-unset-and-the-owner-alone-sets-it.md|docs/evaluations/the-build-order-as-a-multi-agent-system.md|docs/decisions/0031-q31-whether-this-repository-becomes-public-and-when.md|docs/obligations/0204-docs-decisions-0077-still-describes-hw-dr-0049-s-rewrite-as-pending-after-574-made-it.md|docs/obligations/0057-a-retrofit-cannot-recover-the-two-dates-or-the-acceptance.md|docs/obligations/0182-the-publish-crates-retry-loop-has-no-retry-ceiling.md|docs/probe-runs/regression-probe-transcript-for-2026-09-11.md|docs/obligations/0207-the-plan-usage-of-one-issue-is-known-only-as-the-average-of-its-run.md|docs/spec/17-orchestration-architecture.md
01cad042-e1fc-4ec1-9f6f-0fe4e619d683	disjoint	2026-10-03T02:38:59Z	19b6d2bc-015d-4b01-a550-ff6f9bb9896e.jsonl	36	sha256:dbe4e1afbad8ed7bad6eafe79cc761b40fd1868f770ccda94061703124b19dbb	docs/obligations/0123-a-facet-that-applies-to-one-value-of-another-facet-has-nowhere-to-say-so.md|docs/process/explanations/where-a-ci-job-runs.md|docs/evaluations/the-measurement-layer.md|docs/how-to/keep-derived-files-from-conflicting-in-parallel-pull-requests.md|docs/decisions/0066-a-kind-narrows-the-value-set-of-an-enumerated-facet-and-nothing-else-can.md	docs/reviews/core-concepts-findings-assessment.md|docs/obligations/0124-a-probe-result-is-printed-and-never-committed-so-nothing-regenerates-one.md|docs/probe-results/tombstone-probe-pilot-of-2026-09-29-campaign-tier-absent-arm-sufficiency.md|docs/probe-results/tombstone-probe-pilot-of-2026-09-29-campaign-tier-present-arm-sufficiency.md|docs/probe-results/campaign-of-2026-09-30-documentation-tier-absent-arm-sufficiency.md|docs/obligations/0186-a-facet-only-entry-has-no-kind-and-the-entry-anatomy-asks-for-two-things-that-presume-one.md|docs/probe-results/campaign-of-2026-09-28-documentation-tier-absent-arm-sufficiency.md|docs/process/obligations/0227-seven-run-tooling-gaps-from-run-20260929-2201-filed-together.md|docs/subsystems/projections-and-export.md|docs/decisions/0052-a-document-is-proposed-at-the-state-it-will-hold-and-the-merge-activates-it.md
1029136b-4af1-4da1-8ca9-0b7aae0bd3f3	disjoint	2026-10-02T10:47:46Z	fceea6f0-d151-49fc-830a-7ed8d60e826c.jsonl	12	sha256:ae80cd189bda3fde1339f1d3b8ee0b491c7ff807cc0d859b0476d7565a3fd803	docs/how-to/rotate-or-revoke-the-apt-signing-subkey.md|docs/obligations/0026-the-operational-shape-of-a-hosted-server-is-unstated.md|docs/evaluations/graph-export-and-federation.md|docs/decisions/0032-q32-which-test-the-self-audit-label-states.md|docs/requirements/0003-a-relation-target-written-as-the-path-of-a-document-is-reported-and-never-bound-as-an-anchor-onto-that-file.md	docs/process/obligations/0220-no-disk-floor-is-stated-for-a-build-order-run-and-nothing-prunes-the-cargo-pool.md|docs/interfaces/headwater-route.md|docs/spec/06-engine-architecture.md|docs/interfaces/headwater-capture.md|docs/process/decisions/0005-the-ledger-is-split-its-tabular-parts-are-jsonl-and-its-totals-are-derived.md|docs/spec/09-decisions.md|docs/obligations/0102-two-documents-state-what-voids-a-verdict-and-they-do-not.md|docs/evaluations/what-the-counterfactual-campaign-of-2026-09-30-measured-by-component.md|docs/evaluations/language-spike-results.md|docs/obligations/0072-a-cache-of-check-results-does-not-make-a-run-proportional.md
bbdc9ffc-bb5e-443b-b537-560c58b99ddf	disjoint	2026-09-27T10:46:57Z	b5554ef1-29fb-41ec-8ac7-4d043f9e3e0e.jsonl	9	sha256:96feac4a875fd7c8e4d9f8220f627e5e78e0eb20f6832331ccf9d9c473b061f0	docs/requirements/0001-the-engine-reaches-no-network-at-check-time.md|docs/probes/the-pointer-this-corpus-offers-for-a-task-is-the-document-a-session-opens.md|docs/how-to/mine-the-shadow-mode-routing-log.md|docs/interfaces/headwater-change.md|docs/decisions/0059-a-transform-over-a-harness-session-log-is-an-observed-transcript-when-the-log-arrives-by-a-channel-the-model-cannot-write-to.md	docs/evaluations/n8n-worked-example.md|docs/obligations/0028-a-run-cannot-report-the-corpus-tree-because-nothing-computes.md|docs/obligations/0035-section-contracts-in-the-base.md|docs/obligations/0067-a-rule-that-reads-the-taxonomy-has-no-grain-in-spec-12s-list.md|docs/obligations/0194-the-base-ships-one-voice-regime-and-a-prospective-document-has-none.md|docs/obligations/0072-a-cache-of-check-results-does-not-make-a-run-proportional.md|docs/interfaces/headwater-route.md|docs/reviews/core-concepts-review-findings.md|docs/spec/06-engine-architecture.md|docs/obligations/0204-docs-decisions-0077-still-describes-hw-dr-0049-s-rewrite-as-pending-after-574-made-it.md
7b1269c7-0b75-43fe-a8b4-a77c45e780d4	disjoint	2026-09-26T07:44:59Z	7e04ba66-98b2-4c0b-81af-ec8bae77be52.jsonl	1	sha256:9be42d80cdb601fc65541e8b59dfb77bb5bf71316ef201ffe077c1d6ac99c80a	docs/evaluations/two-triggers-one-verdict-how-this-repository-s-ci-decides-where-a-job-runs-and-what-it-trusts.md|docs/obligations/0178-the-every-instance-report-detail-reaches-four-test-files-and-no-caller-outside-them.md|docs/how-to/relocate-a-shelf.md|docs/process/decisions/0005-the-ledger-is-split-its-tabular-parts-are-jsonl-and-its-totals-are-derived.md|docs/acceptance-criteria/0001-no-source-file-of-the-engine-names-a-network-api-and-no-locked-dependency-provides-one.md	docs/reviews/core-concepts-findings-assessment.md|docs/interfaces/headwater-infer.md|docs/obligations/0119-an-audit-reading-carries-no-declared-bar-so-a-distribution-cannot-become-a-finding.md|docs/decisions/0032-q32-which-test-the-self-audit-label-states.md|docs/obligations/0169-the-coverage-report-lists-one-path-twice-so-the-self-assessment-page-publishes-two-unaccounted-files-where-one-exists.md|docs/obligations/0174-publishing-the-base-package-reports-51-references-that-resolve-nowhere-and-exits-0.md|docs/obligations/0028-a-run-cannot-report-the-corpus-tree-because-nothing-computes.md|docs/evaluations/graph-export-and-federation.md|docs/probe-results/regression-probe-transcript-for-2026-09-17-after-the-probe-corrections.md|docs/probe-results/regression-probe-transcript-for-2026-09-09.md
5d11c0df-f667-4cfb-a9c3-4abd3e75df63	disjoint	2026-09-24T07:45:32Z	57161408-dec9-4ef1-bab2-7289a3dcd248.jsonl	53	sha256:eeb142de937213bf4f50e81f473f2546665be9b700b5cd67f3c7a8351323cfe4	docs/evaluations/language-spike-results.md|docs/obligations/0113-every-check-passes-a-document-that-is-still-the-scaffolder-s-placeholder.md|docs/decisions/0059-a-transform-over-a-harness-session-log-is-an-observed-transcript-when-the-log-arrives-by-a-channel-the-model-cannot-write-to.md|docs/acceptance-criteria/0002-every-required-section-of-every-governed-document-has-a-heading.md|docs/verifications/0001-the-section-heading-rule-has-no-case-table-and-a-golden-fixture-report-is-what-proves-it-runs.md	docs/obligations/0018-the-bundle-set-is-a-guess-about-how-adopters-cluster.md|docs/obligations/0019-whether-any-corpus-needs-a-second-export-profile.md|docs/obligations/0107-the-base-package-ships-a-kind-that-the-scaffolder-refuses-to-write.md|docs/obligations/0082-the-lock-is-half-generated-and-half-authored-and-nothing.md|docs/obligations/0074-a-check-version-is-raised-by-hand-and-nothing-catches-a-stale.md|docs/obligations/0063-an-anchor-that-resolves-inside-a-declared-exclusion.md|docs/obligations/0085-headwater-init-cannot-reach-a-package-that-is-not-already.md|docs/decisions/0011-license-and-distribution-posture.md|docs/obligations/0162-spec-7-prints-a-package-version-that-no-check-compares-with-the-recipe.md|docs/evaluations/default-taxonomy-first-run.md
06bfce06-0be1-4fce-b2c0-8f37139ec8cb	disjoint	2026-09-27T00:06:40Z	ee0f0553-b96b-4aa7-9071-7fab349c0c0c.jsonl	6	sha256:4d7c96340f7509ca7f1c5b9a1756437c3bdaa6f160e663da90a1321bf66d3093	docs/evaluations/the-build-order-as-a-multi-agent-system.md|docs/obligations/0177-the-value-rule-writes-adopter-on-every-self-audit-record-and-most-of-them-wait-on-a-build.md|docs/decisions/0086-a-reciprocal-half-is-owed-once-its-writer-leaves-its-initial-state.md|docs/probe-runs/regression-probe-transcript-for-2026-09-17-after-the-probe-corrections.md|docs/obligations/0055-the-tradition-has-no-relation-for-the-link-that-this-corpus.md	docs/obligations/0142-the-obligation-register-states-its-own-size-by-hand-and-it-went-stale-three-times-in-two-days.md|docs/obligations/0204-docs-decisions-0077-still-describes-hw-dr-0049-s-rewrite-as-pending-after-574-made-it.md|docs/obligations/0205-hw-obl-0002-s-sample-counts-and-voice-rs-s-own-census-predate-the-scent-role-fix-and-need-retaking.md|docs/obligations/0163-ten-decision-records-claim-a-q-number-the-decision-register-does-not-carry.md|docs/obligations/0193-admission-criterion-5-has-no-reading-for-an-entry-that-serves-neither-core-purpose.md|docs/decisions/0073-a-verification-is-a-kind-and-its-identity-is-minted-rather-than-found-in-the-code-that-cites-it.md|docs/decisions/0069-a-paragraph-limit-counts-sentences-under-the-language-rule-and-never-words.md|docs/obligations/0108-an-agent-writes-the-acceptance-stamp-of-every-document-in-this-corpus.md|docs/decisions/0081-the-hand-authored-decision-register-indexes-a-subset-of-the-shelf-and-stops-asserting-it-supersedes-the-complete-one.md|docs/obligations/0143-a-specification-sentence-closes-a-set-with-a-count-the-source-exceeds-and-115-of-127-candidates-are-unchecked.md
e2784294-85a6-4597-a9f7-b262f58ff2ee	disjoint	2026-09-23T11:05:36Z	71d5f9d8-7f3a-452d-b756-571de17227e0.jsonl	1	sha256:016436cf0f8cfc57211d2c67838556bb432ad0f0cbc45e04b4e8278c58c8699c	docs/probes/a-session-answers-from-the-register-without-opening-the-question-it-replaced.md|docs/decisions/0045-coloring-the-cli-and-where-the-banner-goes.md|docs/obligations/0106-a-shelf-layout-names-a-file-at-birth-and-no-rule-reads-it.md|docs/requirements/0001-the-engine-reaches-no-network-at-check-time.md|docs/how-to/diagnose-an-isolation-failure.md	docs/probes/an-agent-reaches-the-adjudication-from-the-document-that-lost-it.md|docs/obligations/0074-a-check-version-is-raised-by-hand-and-nothing-catches-a-stale.md|docs/obligations/0127-a-deletion-is-invisible-where-the-version-that-stood-there-does-not-parse.md|docs/obligations/0011-nothing-has-been-promoted-out-of-the-synthesized-tier.md|docs/reviews/core-concepts-findings-assessment.md|docs/obligations/0144-the-cache-identity-test-reads-the-live-working-tree-so-an-edit-during-the-run-reports-the-correctness-root-as-violated.md|docs/obligations/0204-docs-decisions-0077-still-describes-hw-dr-0049-s-rewrite-as-pending-after-574-made-it.md|docs/decisions/0021-terminological-succession-and-validity-under-merge.md|docs/probe-runs/regression-probe-transcript-for-2026-09-11.md|docs/obligations/0017-publishing-the-read-set-skips-a-re-run-on-two-of-the-eighteen.md
3fc8160a-6b74-43e8-bf6d-8602084c5557	disjoint	2026-10-02T07:43:34Z	1f8ffc5b-6498-4c89-ac19-72928092f21b.jsonl	6	sha256:641d65e0f5d3085e0655dbdf63da6893001930d92820d7520819df5b35231426	docs/reviews/core-concepts-review-findings-2.md|docs/interfaces/headwater-derived.md|docs/obligations/0161-the-validation-block-of-mkdocs-yml-is-a-gate-this-repository-owns-and-no-fixture-drives.md|docs/evaluations/why-corpus-counts-are-derived-not-stored.md|docs/subsystems/queries-and-explain.md	docs/explanations/how-a-headwater-release-reaches-an-adopter.md|docs/obligations/0230-comments-in-the-command-surface-crates-and-their-subsystem-spec-state-eight-stale-facts.md|docs/decisions/0060-the-engine-s-version-stays-one-number-and-a-build-s-exact-commit-is-a-separate-unwired-fact.md|docs/decisions/0074-a-code-path-anchor-is-a-pattern-over-the-tree-and-it-binds-when-the-pattern-matches-at-least-one-entry.md|docs/process/obligations/0173-four-inline-gates-in-the-workflow-decide-an-exit-status-and-no-suite-provokes-one.md|docs/spec/16-harness-support.md|docs/obligations/0131-the-cli-crate-wires-every-verb-and-carries-no-tests-so-two-wiring-defects-passed-a-green-suite.md|docs/decisions/0050-q50-where-the-visual-register-of-the-hand-built-pages-lives.md|docs/spec/15-the-recorder-contract.md|docs/reviews/the-sixty-four-restored-help-strings-checked-against-the-binary.md
00ec50c3-795d-4530-b344-93e64c8bc286	disjoint	2026-10-03T04:35:33Z	19b6d2bc-015d-4b01-a550-ff6f9bb9896e.jsonl	52	sha256:941800e2745ff2a7852635f0f9cbc714be4d836e0dbaad903a7b5411c79cc369	docs/decisions/0052-a-document-is-proposed-at-the-state-it-will-hold-and-the-merge-activates-it.md|docs/obligations/0159-a-sentence-that-opens-with-a-hash-and-an-issue-number-is-folded-into-the-sentence-before-it.md|docs/acceptance-criteria/0002-every-required-section-of-every-governed-document-has-a-heading.md|docs/spec/00-vision-and-scope.md|docs/verifications/0001-the-section-heading-rule-has-no-case-table-and-a-golden-fixture-report-is-what-proves-it-runs.md	docs/evaluations/what-the-counterfactual-campaign-of-2026-09-30-measured-by-component.md|docs/obligations/0030-the-provenance-block-belongs-to-the-engine-and-nothing-states.md|docs/obligations/0001-the-promotion-fix-has-no-reading-of-the-assisted-fraction.md|docs/obligations/0125-nine-documents-state-a-warrant-outside-the-closed-set-and-only-a-person-can-set-the-value.md|docs/obligations/0016-a-cue-has-no-measured-effect-on-traversal-precision.md|docs/reviews/core-concepts-review-findings.md|docs/evaluations/language-spike-results.md|docs/obligations/0069-a-suppressed-finding-leaves-its-obligation-verified-and-spec-4.md|docs/process/decisions/0017-ci-concurrency-is-per-ref-and-every-ref-but-main-cancels-a-superseded-run.md|docs/obligations/0018-the-bundle-set-is-a-guess-about-how-adopters-cluster.md
5a6d33ac-4f6a-4113-8aa0-2af1f15eebaa	disjoint	2026-10-02T12:39:51Z	19b6d2bc-015d-4b01-a550-ff6f9bb9896e.jsonl	9	sha256:6f50fbeb20da56e519dd06e5424ef8b13452fab45ece1baacfeaa51a6fb08df4	docs/how-to/relocate-a-shelf.md|docs/probes/a-session-answers-from-the-register-without-opening-the-question-it-replaced.md|docs/process/specs/orchestration-architecture.md|docs/obligations/0223-no-run-measures-whether-the-documents-under-docs-change-what-an-agent-builds.md|docs/how-to/rotate-or-revoke-the-apt-signing-subkey.md	docs/obligations/0072-a-cache-of-check-results-does-not-make-a-run-proportional.md|docs/reviews/core-concepts-review-findings-2.md|docs/process/evaluations/two-triggers-one-verdict-how-this-repository-s-ci-decides-where-a-job-runs-and-what-it-trusts.md|docs/process/obligations/0220-no-disk-floor-is-stated-for-a-build-order-run-and-nothing-prunes-the-cargo-pool.md|docs/process/obligations/0207-the-plan-usage-of-one-issue-is-known-only-as-the-average-of-its-run.md|docs/process/explanations/where-a-ci-job-runs.md|docs/obligations/0181-an-unresolved-prose-link-reaches-a-run-as-a-graph-fact-and-no-rule-turns-it-into-a-finding.md|docs/process/decisions/0005-the-ledger-is-split-its-tabular-parts-are-jsonl-and-its-totals-are-derived.md|docs/decisions/0061-q61-how-a-recorded-terminal-demonstration-is-held-against-a-run.md|docs/process/evaluations/the-build-order-as-a-multi-agent-system.md
d7f1c1a5-f61a-49f8-8bc3-011e87627190	disjoint	2026-09-28T00:29:57Z	b5554ef1-29fb-41ec-8ac7-4d043f9e3e0e.jsonl	40	sha256:1ecbdf0616553a719cb100323ac8136ba99baa233c2a538f3ab50497008086a5	docs/interfaces/headwater-gate.md	docs/decisions/0040-q40-whether-extends-bundle-requires-and-an-overlay-s-taxonomy-key-are-a-mechanism-or-a-label.md|docs/obligations/0132-survey-the-wiring-decisions-of-main-rs-verb-by-verb-and-cover-the-quiet-ones.md|docs/obligations/0130-the-publication-date-of-this-repository-is-unset-and-the-owner-alone-sets-it.md|docs/obligations/0205-hw-obl-0002-s-sample-counts-and-voice-rs-s-own-census-predate-the-scent-role-fix-and-need-retaking.md|docs/obligations/0122-nothing-holds-the-conformance-rule-set-of-a-package-a-consumer-takes-from-source.md|docs/obligations/0073-the-prior-version-still-owes-the-key-edit-that-the-clock.md|docs/decisions/0068-the-front-matter-key-that-carries-a-minted-identifier-is-id.md|docs/obligations/0049-the-meta-schema-closes-eight-value-sets-that-nothing-states.md|docs/obligations/0142-the-obligation-register-states-its-own-size-by-hand-and-it-went-stale-three-times-in-two-days.md|docs/probe-runs/regression-probe-transcript-for-2026-09-11.md
9fcdefa2-b9af-47e3-aea0-761f49d9ecab	disjoint	2026-09-30T11:13:19Z	1338ac1e-5046-4dce-9ea3-0064ffdac44d.jsonl	21	sha256:4a7ed058c85ca39462a20dd98405f68c1e73e6d6c1d3da63fac0220f8020c28d	docs/how-to/diagnose-an-isolation-failure.md|docs/obligations/0206-hw-run-policy-names-a-worktree-add-workaround-that-write-edit-refuses-under-this-harness.md|docs/interfaces/headwater-show.md|docs/evaluations/n8n-worked-example.md|docs/requirements/0002-every-document-of-a-kind-that-requires-sections-carries-all-of-them.md	docs/evaluations/the-measurement-layer.md|docs/interfaces/headwater-probe.md|docs/evaluations/external-evaluation-harnesses-and-benchmarks-for-the-probe-campaign.md|docs/decisions/0008-probe-cost-and-cadence.md|docs/obligations/0005-a-closed-set-expectation-has-no-reproducibility-reading-under.md|docs/probe-results/regression-probe-transcript-for-2026-09-17-after-the-probe-corrections.md|docs/spec/05-ai-integration.md|docs/obligations/0155-probe-s-fourteen-refusals-have-no-coverage-test-and-three-of-them-are-named-by-no-test-at-all.md|docs/obligations/0075-a-participation-expectation-needs-depth-one-and-edge.md|docs/reviews/core-concepts-review-prompt.md
8772838b-8dc1-4e53-b307-f73abeb97285	disjoint	2026-10-02T07:17:38Z	27932fca-1984-48f7-adfa-897fb3daf4cb.jsonl	4	sha256:efaa7255c8de3255a70b359b56a86e0957622f163e63ed295cc0dfb24c6d2cdb	docs/how-to/rotate-or-revoke-the-apt-signing-subkey.md|docs/requirements/0005-a-code-path-names-every-document-that-governs-it.md|docs/process/specs/orchestration-architecture.md|docs/process/evaluations/two-triggers-one-verdict-how-this-repository-s-ci-decides-where-a-job-runs-and-what-it-trusts.md|docs/decisions/0096-harper-does-not-become-part-of-the-engine-now-and-q41-stands.md	docs/spec/15-the-recorder-contract.md|docs/spec/16-harness-support.md|docs/evaluations/capability-bundle-address-inventory.md|docs/decisions/0074-a-code-path-anchor-is-a-pattern-over-the-tree-and-it-binds-when-the-pattern-matches-at-least-one-entry.md|docs/decisions/0064-q64-whether-intent-time-routing-gains-an-offline-embedding-path-in-shadow-mode.md|docs/decisions/0019-inbound-integration-an-external-system-of-record.md|docs/explanations/how-a-headwater-release-reaches-an-adopter.md|docs/decisions/0072-the-binary-is-the-only-interface-an-adopter-must-run-and-every-integration-point-outside-it-is-declared.md|docs/probes/the-pointer-this-corpus-offers-for-a-task-is-the-document-a-session-opens.md|docs/interfaces/headwater-mcp.md
41ca5ace-b2da-4d8f-926d-d9c58ca37064	disjoint	2026-09-29T00:44:06Z	12088695-1644-42f5-8684-1f69d1e3c5a4.jsonl	2	sha256:ef80f660977003fcf5d263fdfa4173788785c3795821c53f804cf717cbf040af	docs/evaluations/the-build-order-as-a-multi-agent-system.md|docs/obligations/0177-the-value-rule-writes-adopter-on-every-self-audit-record-and-most-of-them-wait-on-a-build.md|docs/how-to/relocate-a-shelf.md|docs/process/decisions/0016-ci-runner-is-an-opt-in-that-only-a-push-or-a-merge-group-reads-and-an-unset-value-falls-back-to-ubuntu-latest.md|docs/requirements/0002-every-document-of-a-kind-that-requires-sections-carries-all-of-them.md	docs/obligations/0216-two-merge-hooks-of-this-repository-print-a-resolve-flag-that-the-verb-refuses.md|docs/how-to/cut-a-release.md|docs/how-to/diagnose-an-isolation-failure.md|docs/process/decisions/0017-ci-concurrency-is-per-ref-and-every-ref-but-main-cancels-a-superseded-run.md|docs/obligations/0088-correcting-an-identifier-is-mechanical-and-it-is-not-local.md|docs/interfaces/headwater-merge-driver.md|docs/spec/09-open-questions.md|docs/interfaces/headwater-new.md|docs/obligations/0222-ten-rules-of-the-editions-ledger-have-one-recorded-corpus-so-a-rule-change-blessed-with-an-edit-to-that-corpus-passes.md|docs/spec/02-taxonomy-model.md
b73afa8b-d293-4266-b77b-920f085b97c4	disjoint	2026-10-03T02:44:06Z	19b6d2bc-015d-4b01-a550-ff6f9bb9896e.jsonl	37	sha256:d97b1aa0cd8ffe8adc0002d2851636629679ea17ec40a2c6e9a5533c7920e07b	docs/probe-runs/second-campaign-pilot-of-2026-09-28-campaign-tier-absent-arm-discovery.md|docs/how-to/rotate-or-revoke-the-apt-signing-subkey.md|docs/interfaces/headwater-show.md|docs/obligations/0012-the-human-half-of-the-public-presence-claim-has-no-instrument.md|docs/probe-runs/second-campaign-pilot-of-2026-09-28-campaign-tier-absent-arm-sufficiency.md	docs/obligations/0204-docs-decisions-0077-still-describes-hw-dr-0049-s-rewrite-as-pending-after-574-made-it.md|docs/process/explanations/where-a-ci-job-runs.md|docs/obligations/0229-the-counterfactual-campaign-evaluation-withholds-its-discharges-edge-until-a-person-promotes-it.md|docs/process/decisions/0020-merges-go-through-the-github-merge-queue-one-squash-commit-per-pull-request.md|docs/decisions/0052-a-document-is-proposed-at-the-state-it-will-hold-and-the-merge-activates-it.md|docs/how-to/diagnose-an-isolation-failure.md|docs/obligations/0007-no-count-exists-of-adopters-who-stopped-at-the-license-terms.md|docs/probes/an-agent-reaches-the-adjudication-from-the-document-that-lost-it.md|docs/obligations/0021-emitters-3-through-6-have-no-named-consumer.md|docs/obligations/0011-one-document-has-been-promoted-out-of-the-synthesized-tier-and-no-rate-says-whether-the-tier-drains.md
1b27cda3-394e-49aa-bbbc-0f8a6ec633b9	disjoint	2026-10-03T01:42:42Z	19b6d2bc-015d-4b01-a550-ff6f9bb9896e.jsonl	28	sha256:31fcbc9510e9f92ae0ac0147b9c701acc128db2c38f03b644f3b5d861446bfe6	docs/evaluations/default-taxonomy-first-run.md|docs/interfaces/headwater-show.md|docs/process/obligations/0207-the-plan-usage-of-one-issue-is-known-only-as-the-average-of-its-run.md|docs/acceptance-criteria/0003-check-reports-a-document-path-written-as-a-relation-target-once-in-every-spelling-and-through-a-symlink.md|docs/how-to/diagnose-an-isolation-failure.md	docs/decisions/0096-harper-does-not-become-part-of-the-engine-now-and-q41-stands.md|docs/process/obligations/0216-two-merge-hooks-of-this-repository-print-a-resolve-flag-that-the-verb-refuses.md|docs/process/decisions/0017-ci-concurrency-is-per-ref-and-every-ref-but-main-cancels-a-superseded-run.md|docs/obligations/0157-the-capture-report-says-two-denominators-over-a-store-that-named-seventeen-taxonomies.md|docs/obligations/0204-docs-decisions-0077-still-describes-hw-dr-0049-s-rewrite-as-pending-after-574-made-it.md|docs/obligations/0017-publishing-the-read-set-skips-a-re-run-on-two-of-the-eighteen.md|docs/evaluations/why-corpus-counts-are-derived-not-stored.md|docs/obligations/0195-a-requirement-has-no-identity-so-a-descoped-requirement-has-no-form.md|docs/subsystems/authoring.md|docs/obligations/0088-correcting-an-identifier-is-mechanical-and-it-is-not-local.md
a8efc2b1-f2a8-4dbc-b0d7-036c059f4d00	disjoint	2026-09-23T10:26:28Z	e2a9988f-b810-4212-9221-6df09ed86845.jsonl	41	sha256:d94ee4a0297e340b76d1e63514f222891d4c8bf55adb5b0404d584e777a6eab7	docs/spec/08-design-departures.md|docs/probes/the-authoring-skill-reaches-an-agent-that-is-about-to-write-a-governed-document.md|docs/how-to/mine-the-shadow-mode-routing-log.md|docs/decisions/0036-q36-which-of-mkdocs-docusaurus-or-astro-this-corpus-emits-navigation-for-and-why.md|docs/interfaces/headwater-change.md	docs/obligations/0072-a-cache-of-check-results-does-not-make-a-run-proportional.md|docs/reviews/core-concepts-review-findings-2.md|docs/obligations/0001-the-promotion-fix-has-no-reading-of-the-assisted-fraction.md|docs/spec/16-harness-support.md|docs/obligations/0181-an-unresolved-prose-link-reaches-a-run-as-a-graph-fact-and-no-rule-turns-it-into-a-finding.md|docs/evaluations/two-triggers-one-verdict-how-this-repository-s-ci-decides-where-a-job-runs-and-what-it-trusts.md|docs/evaluations/the-build-order-as-a-multi-agent-system.md|docs/obligations/0057-a-retrofit-cannot-recover-the-two-dates-or-the-acceptance.md|docs/obligations/0157-the-capture-report-says-two-denominators-over-a-store-that-named-seventeen-taxonomies.md|docs/process/decisions/0005-the-ledger-is-split-its-tabular-parts-are-jsonl-and-its-totals-are-derived.md
2fb8ad57-f7fe-47b5-a49e-3104dfb56bf4	disjoint	2026-10-02T07:12:08Z	e76bf2d4-45d1-4be4-b7a5-a53f65aea484.jsonl	1	sha256:e97f36a859871f04db805b4cd372c45d352f9555ca68d9d295450adfddb8ff25	docs/how-to/relocate-a-shelf.md|docs/how-to/wire-headwater-check-into-your-own-workflow.md|docs/how-to/keep-derived-files-from-conflicting-in-parallel-pull-requests.md	docs/obligations/0175-two-documents-take-one-sequence-on-a-sequence-declaring-shelf-and-no-rule-reads-it.md|docs/reviews/the-sixty-four-restored-help-strings-checked-against-the-binary.md|docs/obligations/0198-nothing-states-how-much-of-a-session-s-budget-the-standing-instructions-consume-before-work-starts.md|docs/process/obligations/0220-no-disk-floor-is-stated-for-a-build-order-run-and-nothing-prunes-the-cargo-pool.md|docs/process/decisions/0023-a-build-order-parent-restarts-every-few-merges-drains-to-zero-first-and-resumes-from-the-handover-files-on-disk.md|docs/process/obligations/0207-the-plan-usage-of-one-issue-is-known-only-as-the-average-of-its-run.md|docs/obligations/0201-no-coverage-or-mutation-measurement-has-ever-been-taken-over-the-engine-s-test-suite.md|docs/obligations/0072-a-cache-of-check-results-does-not-make-a-run-proportional.md|docs/obligations/0230-comments-in-the-command-surface-crates-and-their-subsystem-spec-state-eight-stale-facts.md|docs/process/obligations/0212-ci-done-sh-reads-a-cancelled-run-of-another-branch-as-a-red-result-on-a-main-merge-commit.md
d457c918-cbbb-49e4-b477-dfc5efafb928	disjoint	2026-09-23T08:48:46Z	84279983-664a-4790-85bb-ba4ae5bce75f.jsonl	2	sha256:15abbd900ea181f03ef14aedcd8a537fb40319c555278fcbf7dca687710c9aea	docs/probes/a-session-answers-from-the-register-without-opening-the-question-it-replaced.md|docs/how-to/diagnose-an-isolation-failure.md|docs/decisions/0025-q25-where-the-namespace-goes-in-an-identifier-and-who-declares-it.md|docs/obligations/0173-four-inline-gates-in-the-workflow-decide-an-exit-status-and-no-suite-provokes-one.md|docs/interfaces/headwater-derived.md	docs/interfaces/headwater-infer.md|docs/reviews/core-concepts-findings-assessment.md|docs/decisions/0049-a-corpus-wide-fold-is-derived-and-never-stored.md|docs/process/decisions/0004-coordination-is-a-create-only-claim-and-authority-stays-on-the-tree.md|docs/obligations/0124-a-probe-result-is-printed-and-never-committed-so-nothing-regenerates-one.md|docs/interfaces/headwater-new.md|docs/obligations/0144-the-cache-identity-test-reads-the-live-working-tree-so-an-edit-during-the-run-reports-the-correctness-root-as-violated.md|docs/obligations/0199-an-observation-snapshot-records-a-commit-and-nothing-reads-it-back.md|docs/interfaces/headwater-generate.md|docs/interfaces/headwater-capture.md
d3c9a2ee-9c73-4572-a178-3b119efcecf1	disjoint	2026-09-30T10:09:00Z	9b498bd1-c699-4fbb-8e9b-2ea80828ebe8.jsonl	14	sha256:cd8bbd8b4522ceb571116b31313e24a12fb4e25c0a4e2603c8e355f060650806	docs/obligations/0205-hw-obl-0002-s-sample-counts-and-voice-rs-s-own-census-predate-the-scent-role-fix-and-need-retaking.md|docs/process/decisions/0004-coordination-is-a-create-only-claim-and-authority-stays-on-the-tree.md|docs/process/obligations/0177-the-value-rule-writes-adopter-on-every-self-audit-record-and-most-of-them-wait-on-a-build.md|docs/decisions/0004-relation-storage.md|docs/obligations/0112-a-surface-cannot-move-the-assisted-fraction-of-a-run.md	docs/obligations/0129-spec-12-calls-two-phase-a-outcomes-structural-findings-and-the-engine-emits-none.md|docs/probes/a-session-answers-from-the-register-without-opening-the-question-it-replaced.md|docs/obligations/0183-no-mechanism-holds-a-committed-binary-asset-against-a-run.md|docs/evaluations/the-three-discovery-misses-of-2026-09-16-have-three-different-mechanisms-and-only-one-is-routing-precision.md|docs/obligations/0044-a-generated-index-labels-a-document-with-its-identifier.md|docs/obligations/0141-an-identifier-scheme-names-no-prefix-so-an-rdf-projection-derives-a-document-iri-from-a-file-path.md|docs/evaluations/the-pointer-probe-grades-a-session-against-the-router-s-own-first-pick-so-a-correct-session-that-declines-a-wrong-pointer-fails.md|docs/decisions/0041-q41-whether-vale-becomes-a-declared-regime-backend.md|docs/obligations/0179-the-commit-gate-checks-prose-with-a-binary-it-never-compares-against-the-engine-sources.md|docs/evaluations/capability-bundle-address-inventory.md
23860787-19c5-4a44-ab16-0778d943e30d	disjoint	2026-09-30T03:08:44Z	1338ac1e-5046-4dce-9ea3-0064ffdac44d.jsonl	4	sha256:c0bc1eafaed2956811b2517f068725fa28763da92b3116d6135737cf9829ccf7	docs/how-to/cut-a-release.md|docs/decisions/0030-q30-whether-what-an-obligation-waits-on-is-a-state-or-a-property-and-how-many-values-it-takes.md|docs/spec/03-authoring-and-lifecycle.md|docs/obligations/0198-nothing-states-how-much-of-a-session-s-budget-the-standing-instructions-consume-before-work-starts.md|docs/acceptance-criteria/0002-every-required-section-of-every-governed-document-has-a-heading.md	docs/decisions/0031-q31-whether-this-repository-becomes-public-and-when.md|docs/process/decisions/0021-a-subagent-waits-in-the-foreground-because-a-background-wait-wakes-its-parent.md|docs/obligations/0182-the-publish-crates-retry-loop-has-no-retry-ceiling.md|docs/obligations/0021-emitters-3-through-6-have-no-named-consumer.md|docs/process/decisions/0006-the-entrypoint-keeps-its-name-and-becomes-a-resumable-run.md|docs/obligations/0196-a-relation-writes-a-state-onto-a-kind-that-binds-no-lifecycle-regime-and-nothing-reads-that-pair.md|docs/process/obligations/0207-the-plan-usage-of-one-issue-is-known-only-as-the-average-of-its-run.md|docs/process/decisions/0007-a-background-wait-caps-below-the-cache-lifetime-and-re-issues-itself.md|docs/process/obligations/0212-ci-done-sh-reads-a-cancelled-run-of-another-branch-as-a-red-result-on-a-main-merge-commit.md|docs/obligations/0130-the-publication-date-of-this-repository-is-unset-and-the-owner-alone-sets-it.md
4311aea4-3462-42a6-a610-0a5b79442b56	disjoint	2026-09-23T08:29:16Z	84279983-664a-4790-85bb-ba4ae5bce75f.jsonl	1	sha256:a710e4beba1110ec96b8ae9ced6a59f62c1ec2590b57644b41c38f9baf0673c1	docs/how-to/wire-headwater-check-into-your-own-workflow.md|docs/evaluations/the-build-order-as-a-multi-agent-system.md|docs/interfaces/headwater-mcp.md|docs/obligations/0144-the-cache-identity-test-reads-the-live-working-tree-so-an-edit-during-the-run-reports-the-correctness-root-as-violated.md|docs/process/decisions/0006-the-entrypoint-keeps-its-name-and-becomes-a-resumable-run.md	docs/obligations/0202-a-bare-none-footprint-is-claimed-as-a-literal-path-so-two-disjoint-issues-collide.md|docs/decisions/0039-q39-how-a-figure-reaches-a-hand-built-page.md|docs/evaluations/two-triggers-one-verdict-how-this-repository-s-ci-decides-where-a-job-runs-and-what-it-trusts.md|docs/obligations/0198-nothing-states-how-much-of-a-session-s-budget-the-standing-instructions-consume-before-work-starts.md|docs/requirements/0001-the-engine-reaches-no-network-at-check-time.md|docs/process/decisions/0007-a-background-wait-caps-below-the-cache-lifetime-and-re-issues-itself.md|docs/interfaces/headwater-completions.md|docs/obligations/0200-three-graded-regression-runs-are-owed-a-fresh-recording-against-a-moved-taxonomy-lock.md|docs/how-to/mine-the-shadow-mode-routing-log.md|docs/obligations/0165-a-rendered-page-gate-greps-for-a-string-it-requires-and-states-no-denominator-so-an-empty-build-passes-it.md
0bf795f7-998b-483f-a5c8-1d47d70f792e	disjoint	2026-09-27T04:15:41Z	ee0f0553-b96b-4aa7-9071-7fab349c0c0c.jsonl	10	sha256:a6f079c7e430d50df22d224d5317f61152a16da820f3d5899c41902bbc1aa3d7	docs/decisions/0030-q30-whether-what-an-obligation-waits-on-is-a-state-or-a-property-and-how-many-values-it-takes.md|docs/obligations/0106-a-shelf-layout-names-a-file-at-birth-and-no-rule-reads-it.md|docs/acceptance-criteria/0002-every-required-section-of-every-governed-document-has-a-heading.md|docs/spec/00-vision-and-scope.md|docs/process/decisions/0003-a-dispatch-pays-when-it-retires-more-parent-turns-than-it-costs.md	docs/obligations/0216-two-merge-hooks-of-this-repository-print-a-resolve-flag-that-the-verb-refuses.md|docs/decisions/0034-q34-whether-acceptance-means-merged-to-main-and-what-an-agent-may-write-before-that.md|docs/decisions/0073-a-verification-is-a-kind-and-its-identity-is-minted-rather-than-found-in-the-code-that-cites-it.md|docs/obligations/0081-a-published-read-set-never-says-which-instances-must-run-again.md|docs/decisions/0052-a-document-is-proposed-at-the-state-it-will-hold-and-the-merge-activates-it.md|docs/process/decisions/0004-coordination-is-a-create-only-claim-and-authority-stays-on-the-tree.md|docs/tutorials/your-first-governed-corpus.md|docs/how-to/diagnose-an-isolation-failure.md|docs/obligations/0075-a-participation-expectation-needs-depth-one-and-edge.md|docs/obligations/0126-every-asserted-document-carries-the-freshness-date-that-spec-3-says-it-cannot.md
10229a0d-9a3b-40a6-bf7c-6a49ffe276b5	disjoint	2026-09-28T06:21:02Z	2982dfd0-b125-4422-9acb-54038ad116ec.jsonl	6	sha256:edaca4ea7593844524a27839f112a861e69c025ad1badebbbf4ce26e929ab6a7	docs/evaluations/a-probe-task-section-is-the-prompt-so-commentary-under-that-heading-is-prompt.md|docs/how-to/diagnose-an-isolation-failure.md|docs/process/decisions/0020-merges-go-through-the-github-merge-queue-one-squash-commit-per-pull-request.md|docs/spec/glossary.md|docs/obligations/0126-every-asserted-document-carries-the-freshness-date-that-spec-3-says-it-cannot.md	docs/requirements/0002-every-document-of-a-kind-that-requires-sections-carries-all-of-them.md|docs/obligations/0211-two-hand-remedy-lines-for-hw-cargo-in-hw-run-policy-may-no-longer-earn-their-cost-on-every-dispatch.md|docs/obligations/0080-changed-only-is-the-content-addressed-cache-under-another-name.md|docs/obligations/0204-docs-decisions-0077-still-describes-hw-dr-0049-s-rewrite-as-pending-after-574-made-it.md|docs/acceptance-criteria/0002-every-required-section-of-every-governed-document-has-a-heading.md|docs/obligations/0156-a-help-string-and-the-interface-contract-that-restates-it-can-both-be-false-with-the-whole-suite-green.md|docs/decisions/0003-how-much-of-the-default-taxonomy-ships-in-the-box.md|docs/process/explanations/where-a-ci-job-runs.md|docs/process/decisions/0007-a-background-wait-caps-below-the-cache-lifetime-and-re-issues-itself.md|docs/obligations/0036-identity-below-the-grain-of-a-document.md
3b632708-cf82-42cf-8533-d79588d4ff00	disjoint	2026-09-27T22:36:37Z	b5554ef1-29fb-41ec-8ac7-4d043f9e3e0e.jsonl	30	sha256:ebe647b5edf34799f350a335071e15eea69ebd7da1c276784ea96588b47da9c9	docs/how-to/relocate-a-shelf.md|docs/spec/05-ai-integration.md|docs/evaluations/a-probe-task-section-is-the-prompt-so-commentary-under-that-heading-is-prompt.md|docs/decisions/0080-q66-the-corpus-dashboard-ships-free-and-self-hosted-with-tenant-isolation-stated-as-a-data-model-constraint-from-day-one.md|docs/obligations/0159-a-sentence-that-opens-with-a-hash-and-an-issue-number-is-folded-into-the-sentence-before-it.md	docs/obligations/0216-two-merge-hooks-of-this-repository-print-a-resolve-flag-that-the-verb-refuses.md|docs/process/decisions/0017-ci-concurrency-is-per-ref-and-every-ref-but-main-cancels-a-superseded-run.md|docs/interfaces/headwater-merge-driver.md|docs/obligations/0081-a-published-read-set-never-says-which-instances-must-run-again.md|docs/reviews/core-concepts-review-findings.md|docs/obligations/0135-repo-cleanup-names-one-cause-for-a-gone-upstream-and-this-repository-produced-a-second.md|docs/decisions/0034-q34-whether-acceptance-means-merged-to-main-and-what-an-agent-may-write-before-that.md|docs/decisions/0052-a-document-is-proposed-at-the-state-it-will-hold-and-the-merge-activates-it.md|docs/process/decisions/0020-merges-go-through-the-github-merge-queue-one-squash-commit-per-pull-request.md|docs/obligations/0217-the-site-review-marker-lives-in-the-common-directory-of-a-clone-so-one-worktree-s-unreviewed-merge-blocks-the-push-of-every-worktree.md
647039ac-5f21-4c68-b0e1-4355266f30aa	disjoint	2026-10-03T02:53:36Z	19b6d2bc-015d-4b01-a550-ff6f9bb9896e.jsonl	42	sha256:857d97dcee8634591f01ca13e3e9e2da185a32763f901186b40dd15752a426e2	docs/probe-runs/status-probe-pilot-of-2026-09-29-campaign-tier-absent-arm-sufficiency.md|docs/how-to/rotate-or-revoke-the-apt-signing-subkey.md|docs/acceptance-criteria/0004-each-list-anchor-in-the-native-export-carries-its-sorted-members-and-a-single-pattern-carries-none.md|docs/interfaces/headwater-show.md|docs/process/obligations/0209-a-build-order-dispatch-passes-no-isolation-so-a-stage-can-inherit-the-parent-worktree-as-its-working-directory.md	docs/obligations/0130-the-publication-date-of-this-repository-is-unset-and-the-owner-alone-sets-it.md|docs/decisions/0031-q31-whether-this-repository-becomes-public-and-when.md|docs/obligations/0057-a-retrofit-cannot-recover-the-two-dates-or-the-acceptance.md|docs/interfaces/headwater-help.md|docs/obligations/0182-the-publish-crates-retry-loop-has-no-retry-ceiling.md|docs/decisions/0052-a-document-is-proposed-at-the-state-it-will-hold-and-the-merge-activates-it.md|docs/probe-runs/regression-probe-transcript-for-2026-09-11.md|docs/obligations/0204-docs-decisions-0077-still-describes-hw-dr-0049-s-rewrite-as-pending-after-574-made-it.md|docs/probe-runs/status-probe-pilot-of-2026-09-29-campaign-tier-present-arm-sufficiency.md|docs/obligations/0163-ten-decision-records-claim-a-q-number-the-decision-register-does-not-carry.md
3b19be3b-f47e-44c6-ae53-61e138b2155b	disjoint	2026-10-03T03:50:17Z	43936178-4bdc-4bb0-8bbe-17b82bfa67e2.jsonl	2	sha256:56154c7f885a92f07e7b5a721cd1c14a6a65b1e9ebe5c763569c845c8bf8796e	docs/how-to/keep-derived-files-from-conflicting-in-parallel-pull-requests.md|docs/decisions/0029-q29-whether-a-corpus-root-may-contain-code-and-what-an-interface-contract-may-reach.md|docs/subsystems/taxonomy-resolution.md|docs/obligations/0023-no-corpus-has-authored-enough-cues-to-grade.md|docs/process/evaluations/the-build-order-as-a-multi-agent-system.md	docs/decisions/0031-q31-whether-this-repository-becomes-public-and-when.md|docs/obligations/0130-the-publication-date-of-this-repository-is-unset-and-the-owner-alone-sets-it.md|docs/process/decisions/0013-self-hosted-eligibility-in-ci-is-decided-by-the-event-alone-and-a-push-to-any-branch-is-eligible.md|docs/obligations/0182-the-publish-crates-retry-loop-has-no-retry-ceiling.md|docs/decisions/0080-q66-the-corpus-dashboard-ships-free-and-self-hosted-with-tenant-isolation-stated-as-a-data-model-constraint-from-day-one.md|docs/obligations/0204-docs-decisions-0077-still-describes-hw-dr-0049-s-rewrite-as-pending-after-574-made-it.md|docs/process/obligations/0207-the-plan-usage-of-one-issue-is-known-only-as-the-average-of-its-run.md|docs/how-to/cut-a-release.md|docs/interfaces/headwater-site.md|docs/obligations/0096-whether-anything-is-ever-promoted-out-of-the-asserted-tier.md
b09276ab-140a-4aed-baed-615d28dd1698	disjoint	2026-10-02T08:22:06Z	1f8ffc5b-6498-4c89-ac19-72928092f21b.jsonl	9	sha256:4eb83987eea422e30bc64ae9af4b25ecc3495ce083ae9c11d2930deefd0c69a7	docs/decisions/0092-the-citation-comment-of-spec-5-is-for-an-adopter-s-corpus-and-this-repository-does-not-practice-it-on-its-own-code.md|docs/spec/15-the-recorder-contract.md|docs/requirements/0002-every-document-of-a-kind-that-requires-sections-carries-all-of-them.md|docs/probe-results/regression-probe-transcript-for-2026-09-17-after-the-probe-corrections.md|docs/how-to/keep-derived-files-from-conflicting-in-parallel-pull-requests.md	docs/process/decisions/0009-a-release-gets-all-its-assets-in-one-create-call-and-a-person-deletes-it-to-run-again.md|docs/process/obligations/0207-the-plan-usage-of-one-issue-is-known-only-as-the-average-of-its-run.md|docs/decisions/0090-each-release-states-in-its-notes-the-release-digest-that-a-consumer-pins.md|docs/obligations/0115-a-pinned-digest-authenticates-the-pin-and-never-the-publisher.md|docs/process/obligations/0216-two-merge-hooks-of-this-repository-print-a-resolve-flag-that-the-verb-refuses.md|docs/obligations/0018-the-bundle-set-is-a-guess-about-how-adopters-cluster.md|docs/obligations/0008-an-adoption-payload-has-a-first-reading-and-no-elapsed-time.md|docs/decisions/0052-a-document-is-proposed-at-the-state-it-will-hold-and-the-merge-activates-it.md|docs/process/decisions/0017-ci-concurrency-is-per-ref-and-every-ref-but-main-cancels-a-superseded-run.md|docs/process/obligations/0212-ci-done-sh-reads-a-cancelled-run-of-another-branch-as-a-red-result-on-a-main-merge-commit.md
b2c0c915-eda3-46e8-bfd9-70b6b23ba9fe	disjoint	2026-09-28T03:48:01Z	f1b509a5-0d33-4ddb-a71f-74d31e947031.jsonl	1	sha256:4ac90dcd1a6e14b1d828c8ccf0499305afbef8330469d6fa2740306560a98257	docs/how-to/diagnose-an-isolation-failure.md|docs/probes/an-agent-reaches-the-adjudication-from-the-document-that-lost-it.md|docs/obligations/0168-a-saturated-pattern-set-and-a-clean-corpus-are-the-same-zero-and-no-report-separates-them.md|docs/process/decisions/0007-a-background-wait-caps-below-the-cache-lifetime-and-re-issues-itself.md|docs/evaluations/one-clone-many-agents-how-this-repository-isolates-the-sessions-that-build-it.md	docs/obligations/0208-four-small-test-and-wording-gaps-from-run-20260923-0733-filed-together.md|docs/obligations/0203-three-small-run-tooling-gaps-from-run-20260922-1121-filed-together.md|docs/interfaces/headwater-generate.md|docs/tutorials/your-first-governed-corpus.md|docs/obligations/0144-the-cache-identity-test-reads-the-live-working-tree-so-an-edit-during-the-run-reports-the-correctness-root-as-violated.md|docs/obligations/0074-a-check-version-is-raised-by-hand-and-nothing-catches-a-stale.md|docs/obligations/0008-an-adoption-payload-has-a-first-reading-and-no-elapsed-time.md|docs/obligations/0080-changed-only-is-the-content-addressed-cache-under-another-name.md|docs/obligations/0200-three-graded-regression-runs-are-owed-a-fresh-recording-against-a-moved-taxonomy-lock.md|docs/obligations/0032-a-remove-that-orphans-a-name-is-refused-and-the-message-names.md
526f2069-1c78-44bb-bb9f-abc01f5ca21f	disjoint	2026-09-28T05:15:19Z	b5554ef1-29fb-41ec-8ac7-4d043f9e3e0e.jsonl	54	sha256:5fa164124a75e83fed2890bd8c4f96f8350798778348b4c2ee25e6ca01b00676	docs/evaluations/one-clone-many-agents-how-this-repository-isolates-the-sessions-that-build-it.md|docs/probes/the-authoring-skill-reaches-an-agent-that-is-about-to-write-a-governed-document.md|docs/how-to/mine-the-shadow-mode-routing-log.md|docs/obligations/0205-hw-obl-0002-s-sample-counts-and-voice-rs-s-own-census-predate-the-scent-role-fix-and-need-retaking.md|docs/spec/16-harness-support.md	docs/obligations/0103-the-front-matter-half-of-a-patch-has-no-writer.md|docs/probe-runs/regression-probe-transcript-for-2026-09-17-after-the-probe-corrections.md|docs/reviews/core-concepts-findings-assessment.md|docs/how-to/diagnose-an-isolation-failure.md|docs/obligations/0156-a-help-string-and-the-interface-contract-that-restates-it-can-both-be-false-with-the-whole-suite-green.md|docs/obligations/0163-ten-decision-records-claim-a-q-number-the-decision-register-does-not-carry.md|docs/evaluations/adjacent-work.md|docs/obligations/0088-correcting-an-identifier-is-mechanical-and-it-is-not-local.md|docs/probe-results/regression-probe-transcript-for-2026-09-17-after-the-probe-corrections.md|docs/obligations/0193-admission-criterion-5-has-no-reading-for-an-entry-that-serves-neither-core-purpose.md
766c6329-a5d9-4832-a201-fd4353c2dece	disjoint	2026-10-02T07:34:00Z	1f8ffc5b-6498-4c89-ac19-72928092f21b.jsonl	4	sha256:f2f28cf66f546c38666d07b6469dcad88995ce01759afff9125f9f612e9d9a79	docs/explanations/how-a-headwater-release-reaches-an-adopter.md|docs/verifications/0002-a-fixture-tree-of-document-paths-symlinks-and-identifiers-proves-the-document-path-finding.md|docs/how-to/wire-headwater-check-into-your-own-workflow.md|docs/decisions/0029-q29-whether-a-corpus-root-may-contain-code-and-what-an-interface-contract-may-reach.md|docs/requirements/0003-a-relation-target-written-as-the-path-of-a-document-is-reported-and-never-bound-as-an-anchor-onto-that-file.md	docs/decisions/0038-q38-which-link-relation-a-rendered-page-carries-to-the-served-corpus-descriptor.md|docs/interfaces/headwater-show.md|docs/obligations/0174-publishing-the-base-package-reports-51-references-that-resolve-nowhere-and-exits-0.md|docs/interfaces/headwater-query.md|docs/how-to/rotate-or-revoke-the-apt-signing-subkey.md|docs/decisions/0082-the-resolved-taxonomy-is-drawn-by-a-verb-that-prints-mermaid-and-writes-no-file.md|docs/spec/00-vision-and-scope.md|docs/how-to/publish-your-corpus-as-a-site.md|docs/obligations/0029-what-headwater-query-takes.md|docs/obligations/0215-a-bless-run-of-the-conformance-render-tests-races-two-tests-over-one-fixture-file.md
c6dbd245-9386-4a87-857d-5f44d35f2b38	disjoint	2026-09-27T11:05:38Z	b5554ef1-29fb-41ec-8ac7-4d043f9e3e0e.jsonl	13	sha256:1a1bd72aba88fb218ec37baa4b8123b86453e1492155f58a4e15d0067f9c202c	docs/evaluations/why-corpus-counts-are-derived-not-stored.md|docs/how-to/relocate-a-shelf.md|docs/obligations/0221-subagents-read-skills-from-the-shared-checkout-and-a-worktree-isolated-integrator-cannot-fast-forward-it-after-a-merge.md|docs/interfaces/headwater-help.md|docs/process/decisions/0007-a-background-wait-caps-below-the-cache-lifetime-and-re-issues-itself.md	docs/obligations/0073-the-prior-version-still-owes-the-key-edit-that-the-clock.md|docs/obligations/0133-two-test-helpers-key-a-scratch-directory-on-the-pid-alone-and-the-race-springs-on-the-next-case-added.md|docs/obligations/0210-no-fixture-holds-the-symlink-case-of-new-worktree-sh-and-a-bare-name-of-two-dots-leaves-a-branch-behind.md|docs/obligations/0208-four-small-test-and-wording-gaps-from-run-20260923-0733-filed-together.md|docs/obligations/0115-a-pinned-digest-authenticates-the-pin-and-never-the-publisher.md|docs/decisions/0040-q40-whether-extends-bundle-requires-and-an-overlay-s-taxonomy-key-are-a-mechanism-or-a-label.md|docs/decisions/0022-q22-the-integrity-posture-of-a-published-package.md|docs/decisions/0085-a-live-document-that-rests-on-a-draft-one-is-reported-over-every-relation-because-a-draft-leaves-no-record-to-cite.md|docs/process/decisions/0019-ci-runs-actions-from-the-actions-organization-only-and-carries-no-build-state-between-self-hosted-jobs.md|docs/obligations/0135-repo-cleanup-names-one-cause-for-a-gone-upstream-and-this-repository-produced-a-second.md
3ab2fb2b-f2a7-429b-a6a6-770681f88ecb	disjoint	2026-09-30T11:18:46Z	1338ac1e-5046-4dce-9ea3-0064ffdac44d.jsonl	22	sha256:867c8164007b3fb399038fe6e4a9fdf971444eff02fc26bb528f534414f36872	docs/requirements/0002-every-document-of-a-kind-that-requires-sections-carries-all-of-them.md|docs/probe-results/campaign-pilot-of-2026-09-28-campaign-tier-absent-arm-discovery.md|docs/how-to/diagnose-an-isolation-failure.md|docs/process/decisions/0024-a-document-that-moves-to-a-process-shelf-keeps-its-identifier.md|docs/interfaces/headwater-change.md	docs/obligations/0176-a-blessed-fixture-is-read-by-a-sibling-case-that-runs-while-the-write-truncates-it.md|docs/obligations/0214-the-commit-gate-does-not-see-docs-taxonomies-readme-md-drift-from-its-vendored-copy.md|docs/process/obligations/0224-thirteen-run-tooling-gaps-from-run-20260928-1109-filed-together.md|docs/interfaces/headwater-probe.md|docs/obligations/0115-a-pinned-digest-authenticates-the-pin-and-never-the-publisher.md|docs/obligations/0076-a-generated-check-reads-its-severity-from-the-taxonomy.md|docs/decisions/0032-q32-which-test-the-self-audit-label-states.md|docs/obligations/0215-a-bless-run-of-the-conformance-render-tests-races-two-tests-over-one-fixture-file.md|docs/obligations/0199-an-observation-snapshot-records-a-commit-and-nothing-reads-it-back.md|docs/decisions/0089-a-taxonomy-release-publishes-the-source-at-the-tagged-commit-and-never-ships-the-vendored-copy.md
ac5f2324-a93c-41de-8146-a93dd4a12ad5	disjoint	2026-09-30T11:44:45Z	1338ac1e-5046-4dce-9ea3-0064ffdac44d.jsonl	27	sha256:9afb05e582ecaeb940aa422750a8ab72d38e1db02ac15910b10fe4f1dffa6247	docs/decisions/0034-q34-whether-acceptance-means-merged-to-main-and-what-an-agent-may-write-before-that.md|docs/obligations/0135-repo-cleanup-names-one-cause-for-a-gone-upstream-and-this-repository-produced-a-second.md|docs/interfaces/headwater-gate.md|docs/probes/the-authoring-skill-reaches-an-agent-that-is-about-to-write-a-governed-document.md|docs/how-to/diagnose-an-isolation-failure.md	docs/obligations/0201-no-coverage-or-mutation-measurement-has-ever-been-taken-over-the-engine-s-test-suite.md|docs/obligations/0159-a-sentence-that-opens-with-a-hash-and-an-issue-number-is-folded-into-the-sentence-before-it.md|docs/obligations/0157-the-capture-report-says-two-denominators-over-a-store-that-named-seventeen-taxonomies.md|docs/obligations/0142-the-obligation-register-states-its-own-size-by-hand-and-it-went-stale-three-times-in-two-days.md|docs/obligations/0150-a-current-decision-declares-no-required-edge-to-the-document-it-settled-so-22-of-23-reach-no-specification-at-all.md|docs/obligations/0172-nine-hand-kept-constants-enumerate-an-enum-and-nothing-holds-one-against-the-variants.md|docs/evaluations/why-corpus-counts-are-derived-not-stored.md|docs/obligations/0179-the-commit-gate-checks-prose-with-a-binary-it-never-compares-against-the-engine-sources.md|docs/obligations/0095-whether-the-rdf-emitter-carries-owl-inverseof.md|docs/decisions/0096-harper-does-not-become-part-of-the-engine-now-and-q41-stands.md
eabcebbf-f850-488f-842c-b81ec44442df	disjoint	2026-09-22T01:54:05Z	ce1ce350-e760-5531-83da-3828c3cea74a.jsonl	5	sha256:bc4bcb0c419661c9ea70fac360f07bdc99237e392e5854d52daeabb6e6b159b9	docs/how-to/mine-the-shadow-mode-routing-log.md|docs/probes/the-authoring-skill-reaches-an-agent-that-is-about-to-write-a-governed-document.md|docs/requirements/0002-every-document-of-a-kind-that-requires-sections-carries-all-of-them.md|docs/spec/glossary.md|docs/obligations/0105-nothing-plays-the-hook-role-that-two-relations-name.md	docs/obligations/0107-the-base-package-ships-a-kind-that-the-scaffolder-refuses-to-write.md|docs/evaluations/specifying-the-engine.md|docs/obligations/0088-correcting-an-identifier-is-mechanical-and-it-is-not-local.md|docs/obligations/0082-the-lock-is-half-generated-and-half-authored-and-nothing.md|docs/evaluations/adjacent-work.md|docs/probes/a-session-records-an-unmeasured-claim-in-the-shape-this-corpus-checks.md|docs/spec/08-design-departures.md|docs/evaluations/schema-format-walkthrough.md|docs/obligations/0051-downstream-delivery-of-a-standards-corpus.md|docs/decisions/0078-a-recorded-terminal-demonstration-may-show-a-frozen-number-behind-a-recorded-on-date-marker.md
152d5c7f-35de-44b7-9e25-6f6785c1b6f3	disjoint	2026-09-28T03:54:09Z	b5554ef1-29fb-41ec-8ac7-4d043f9e3e0e.jsonl	53	sha256:ed81fa0ef28eaadbc97809e6d0fea2c71f01d52e1f9cf025f0623f2d5cc7dafb	docs/obligations/0026-the-operational-shape-of-a-hosted-server-is-unstated.md|docs/how-to/rotate-or-revoke-the-apt-signing-subkey.md|docs/decisions/0032-q32-which-test-the-self-audit-label-states.md|docs/spec/12-check-layer.md|docs/spec/13-open-obligations.md	docs/obligations/0216-two-merge-hooks-of-this-repository-print-a-resolve-flag-that-the-verb-refuses.md|docs/process/decisions/0017-ci-concurrency-is-per-ref-and-every-ref-but-main-cancels-a-superseded-run.md|docs/obligations/0212-ci-done-sh-reads-a-cancelled-run-of-another-branch-as-a-red-result-on-a-main-merge-commit.md|docs/process/decisions/0020-merges-go-through-the-github-merge-queue-one-squash-commit-per-pull-request.md|docs/decisions/0052-a-document-is-proposed-at-the-state-it-will-hold-and-the-merge-activates-it.md|docs/obligations/0220-no-disk-floor-is-stated-for-a-build-order-run-and-nothing-prunes-the-cargo-pool.md|docs/obligations/0182-the-publish-crates-retry-loop-has-no-retry-ceiling.md|docs/spec/17-orchestration-architecture.md|docs/decisions/0034-q34-whether-acceptance-means-merged-to-main-and-what-an-agent-may-write-before-that.md|docs/obligations/0017-publishing-the-read-set-skips-a-re-run-on-two-of-the-eighteen.md
da74db73-2059-442c-884e-a30208581e56	disjoint	2026-09-28T00:31:57Z	b5554ef1-29fb-41ec-8ac7-4d043f9e3e0e.jsonl	41	sha256:1579a80ff394736c983967ab6bf5e6e4112a5c4ea1da3e476f13d3c39bd42db6	docs/interfaces/headwater-init.md|docs/spec/13-open-obligations.md|docs/interfaces/headwater-json.md|docs/obligations/0017-publishing-the-read-set-skips-a-re-run-on-two-of-the-eighteen.md|docs/interfaces/headwater-show.md	docs/obligations/0136-seven-rustdoc-relative-links-in-comments-point-at-pages-the-doc-tree-does-not-have.md|docs/obligations/0148-the-help-assertion-never-asks-a-subcommand-and-no-rust-version-declares-the-floor-clap-now-sits-on.md|docs/decisions/0060-the-engine-s-version-stays-one-number-and-a-build-s-exact-commit-is-a-separate-unwired-fact.md|docs/obligations/0213-ci-builds-no-mkdocs-site-so-a-generated-page-under-docs-is-never-checked-against-a-strict-build-before-merge.md|docs/evaluations/two-triggers-one-verdict-how-this-repository-s-ci-decides-where-a-job-runs-and-what-it-trusts.md|docs/process/decisions/0015-a-condition-in-ci-may-take-work-away-and-never-grant-it-so-one-run-per-commit-comes-from-a-job-level-if.md|docs/obligations/0206-hw-run-policy-names-a-worktree-add-workaround-that-write-edit-refuses-under-this-harness.md|docs/acceptance-criteria/0001-no-source-file-of-the-engine-names-a-network-api-and-no-locked-dependency-provides-one.md|docs/requirements/0001-the-engine-reaches-no-network-at-check-time.md|docs/decisions/0062-a-refused-recording-is-held-by-the-reliance-its-state-claims-and-not-by-promotion.md
d33fff24-8e16-4c4c-ab6a-c85c1a9dbab1	disjoint	2026-09-28T00:33:01Z	b5554ef1-29fb-41ec-8ac7-4d043f9e3e0e.jsonl	42	sha256:d80264ab04c274c126d1a7065de4244b7d0734c055830121d77228ec0794b06a	docs/how-to/mine-the-shadow-mode-routing-log.md|docs/evaluations/why-corpus-counts-are-derived-not-stored.md|docs/obligations/0155-probe-s-fourteen-refusals-have-no-coverage-test-and-three-of-them-are-named-by-no-test-at-all.md|docs/interfaces/headwater-derived.md|docs/decisions/0040-q40-whether-extends-bundle-requires-and-an-overlay-s-taxonomy-key-are-a-mechanism-or-a-label.md	docs/process/decisions/0017-ci-concurrency-is-per-ref-and-every-ref-but-main-cancels-a-superseded-run.md|docs/spec/17-orchestration-architecture.md|docs/obligations/0212-ci-done-sh-reads-a-cancelled-run-of-another-branch-as-a-red-result-on-a-main-merge-commit.md|docs/obligations/0207-the-plan-usage-of-one-issue-is-known-only-as-the-average-of-its-run.md|docs/obligations/0216-two-merge-hooks-of-this-repository-print-a-resolve-flag-that-the-verb-refuses.md|docs/decisions/0021-terminological-succession-and-validity-under-merge.md|docs/process/decisions/0020-merges-go-through-the-github-merge-queue-one-squash-commit-per-pull-request.md|docs/evaluations/governs-edges-what-an-anchor-reaches-what-covers-it-when-it-ages-and-where-a-session-meets-it.md|docs/decisions/0052-a-document-is-proposed-at-the-state-it-will-hold-and-the-merge-activates-it.md|docs/probes/an-agent-reaches-the-adjudication-from-the-document-that-lost-it.md
b988e1eb-01d1-4ead-9c1a-7cc16d39b5fb	disjoint	2026-09-28T00:28:09Z	b5554ef1-29fb-41ec-8ac7-4d043f9e3e0e.jsonl	39	sha256:565947947b07412ca63b5ef624424627dfb6a76794239963dd78fab374300156	docs/how-to/relocate-a-shelf.md|docs/evaluations/two-triggers-one-verdict-how-this-repository-s-ci-decides-where-a-job-runs-and-what-it-trusts.md|docs/spec/15-the-recorder-contract.md|docs/obligations/0140-a-check-can-meet-the-failing-fixture-bar-with-a-fixture-that-cannot-distinguish-the-rule-from-its-neighbour.md|docs/tutorials/your-first-governed-corpus.md	docs/decisions/0068-the-front-matter-key-that-carries-a-minted-identifier-is-id.md|docs/obligations/0073-the-prior-version-still-owes-the-key-edit-that-the-clock.md|docs/evaluations/one-clone-many-agents-how-this-repository-isolates-the-sessions-that-build-it.md|docs/obligations/0040-composition-between-two-library-entries-has-no-add-only-form.md|docs/obligations/0133-two-test-helpers-key-a-scratch-directory-on-the-pid-alone-and-the-race-springs-on-the-next-case-added.md|docs/probes/a-session-answers-from-the-register-without-opening-the-question-it-replaced.md|docs/obligations/0053-the-front-matter-key-that-carries-an-identifier-is-undeclared.md|docs/obligations/0122-nothing-holds-the-conformance-rule-set-of-a-package-a-consumer-takes-from-source.md|docs/decisions/0073-a-verification-is-a-kind-and-its-identity-is-minted-rather-than-found-in-the-code-that-cites-it.md|docs/obligations/0082-the-lock-is-half-generated-and-half-authored-and-nothing.md
483e4633-356c-44dd-8c24-a521cd41c126	disjoint	2026-10-02T09:57:11Z	e76bf2d4-45d1-4be4-b7a5-a53f65aea484.jsonl	6	sha256:11f76c66fb55fdad8c00de8defa3b69ed3a3e4569c9bb05259f044743cdb87b8	docs/how-to/rotate-or-revoke-the-apt-signing-subkey.md|docs/how-to/cut-a-release.md|docs/how-to/diagnose-an-isolation-failure.md|docs/how-to/keep-derived-files-from-conflicting-in-parallel-pull-requests.md|docs/how-to/mine-the-shadow-mode-routing-log.md	docs/process/decisions/0007-a-background-wait-caps-below-the-cache-lifetime-and-re-issues-itself.md|docs/obligations/0198-nothing-states-how-much-of-a-session-s-budget-the-standing-instructions-consume-before-work-starts.md|docs/obligations/0182-the-publish-crates-retry-loop-has-no-retry-ceiling.md|docs/process/obligations/0207-the-plan-usage-of-one-issue-is-known-only-as-the-average-of-its-run.md|docs/process/specs/orchestration-architecture.md|docs/process/obligations/0212-ci-done-sh-reads-a-cancelled-run-of-another-branch-as-a-red-result-on-a-main-merge-commit.md|docs/process/evaluations/the-build-order-as-a-multi-agent-system.md|docs/process/decisions/0023-a-build-order-parent-restarts-every-few-merges-drains-to-zero-first-and-resumes-from-the-handover-files-on-disk.md|docs/decisions/0031-q31-whether-this-repository-becomes-public-and-when.md|docs/process/decisions/0006-the-entrypoint-keeps-its-name-and-becomes-a-resumable-run.md
38ac739f-3160-41f0-9703-9ba9addb9f17	disjoint	2026-10-01T00:37:58Z	5046c7ca-5d4f-4be0-8532-2a95ed278447.jsonl	12	sha256:b029a166c44fb18b069111e6ee1da94f1b14f97dae64905ac52c7423a1381fcf	docs/how-to/rotate-or-revoke-the-apt-signing-subkey.md|docs/process/evaluations/one-clone-many-agents-how-this-repository-isolates-the-sessions-that-build-it.md|docs/requirements/0001-the-engine-reaches-no-network-at-check-time.md|docs/obligations/0164-the-regeneration-check-tests-byte-equality-before-the-marker-so-a-file-the-census-stopped-counting-as-generated-still-passes.md|docs/interfaces/headwater-show.md	docs/process/obligations/0224-thirteen-run-tooling-gaps-from-run-20260928-1109-filed-together.md|docs/process/decisions/0008-the-board-has-an-owner-of-its-structure-and-its-milestones-are-capped-versions.md|docs/process/obligations/0221-subagents-read-skills-from-the-shared-checkout-and-a-worktree-isolated-integrator-cannot-fast-forward-it-after-a-merge.md|docs/process/decisions/0007-a-background-wait-caps-below-the-cache-lifetime-and-re-issues-itself.md|docs/process/obligations/0225-eight-run-tooling-gaps-from-run-20260929-1205-filed-together.md|docs/obligations/0223-no-run-measures-whether-the-documents-under-docs-change-what-an-agent-builds.md|docs/decisions/0078-a-recorded-terminal-demonstration-may-show-a-frozen-number-behind-a-recorded-on-date-marker.md|docs/process/obligations/0209-a-build-order-dispatch-passes-no-isolation-so-a-stage-can-inherit-the-parent-worktree-as-its-working-directory.md|docs/obligations/0131-the-cli-crate-wires-every-verb-and-carries-no-tests-so-two-wiring-defects-passed-a-green-suite.md|docs/process/decisions/0022-the-verify-and-rework-loop-for-one-issue-runs-below-the-parent.md
52dd0621-da54-484e-b861-84f1a911c102	disjoint	2026-10-02T12:43:06Z	19b6d2bc-015d-4b01-a550-ff6f9bb9896e.jsonl	12	sha256:511370099323da9139d08e7c86169d0198a6fc9db1798170ba0d4ad6b01f581a	docs/probes/a-session-names-the-status-a-settled-decision-carries-in-its-pull-request.md|docs/tutorials/your-first-governed-corpus.md|docs/process/explanations/where-a-ci-job-runs.md|docs/process/obligations/0211-two-hand-remedy-lines-for-hw-cargo-in-hw-run-policy-may-no-longer-earn-their-cost-on-every-dispatch.md|docs/probe-results/regression-probe-transcript-for-2026-09-17-after-the-probe-corrections.md	docs/how-to/diagnose-an-isolation-failure.md|docs/process/obligations/0203-three-small-run-tooling-gaps-from-run-20260922-1121-filed-together.md|docs/obligations/0144-the-cache-identity-test-reads-the-live-working-tree-so-an-edit-during-the-run-reports-the-correctness-root-as-violated.md|docs/how-to/mine-the-shadow-mode-routing-log.md|docs/obligations/0131-the-cli-crate-wires-every-verb-and-carries-no-tests-so-two-wiring-defects-passed-a-green-suite.md|docs/obligations/0200-three-graded-regression-runs-are-owed-a-fresh-recording-against-a-moved-taxonomy-lock.md|docs/decisions/0096-harper-does-not-become-part-of-the-engine-now-and-q41-stands.md|docs/obligations/0143-a-specification-sentence-closes-a-set-with-a-count-the-source-exceeds-and-115-of-127-candidates-are-unchecked.md|docs/process/obligations/0213-ci-builds-no-mkdocs-site-so-a-generated-page-under-docs-is-never-checked-against-a-strict-build-before-merge.md|docs/obligations/0085-headwater-init-cannot-reach-a-package-that-is-not-already.md
dfa50b2c-6c90-4051-a829-e4199b453611	disjoint	2026-09-27T10:50:54Z	b5554ef1-29fb-41ec-8ac7-4d043f9e3e0e.jsonl	10	sha256:979edfe2054c62eb7134b98e398be47d2cae22b92122f09a4f89f9b219a28769	docs/how-to/cut-a-release.md|docs/how-to/diagnose-an-isolation-failure.md|docs/how-to/mine-the-shadow-mode-routing-log.md|docs/how-to/relocate-a-shelf.md|docs/how-to/wire-headwater-check-into-your-own-workflow.md	docs/obligations/0216-two-merge-hooks-of-this-repository-print-a-resolve-flag-that-the-verb-refuses.md|docs/process/decisions/0017-ci-concurrency-is-per-ref-and-every-ref-but-main-cancels-a-superseded-run.md|docs/decisions/0049-a-corpus-wide-fold-is-derived-and-never-stored.md|docs/spec/17-orchestration-architecture.md|docs/obligations/0081-a-published-read-set-never-says-which-instances-must-run-again.md|docs/decisions/0009-multi-repository-corpora.md|docs/decisions/0013-linkml-and-shacl-as-substrate.md|docs/evaluations/why-corpus-counts-are-derived-not-stored.md|docs/decisions/0052-a-document-is-proposed-at-the-state-it-will-hold-and-the-merge-activates-it.md|docs/evaluations/governs-edges-what-an-anchor-reaches-what-covers-it-when-it-ages-and-where-a-session-meets-it.md
bf495883-ac62-4dc0-8546-243395c82d48	overlap	2026-10-03T03:54:47Z	43936178-4bdc-4bb0-8bbe-17b82bfa67e2.jsonl	3	sha256:2c972c79b3d317b1a3909f840b59ef526e031482c1b29749a55023a6db7ffe64	docs/requirements/0001-the-engine-reaches-no-network-at-check-time.md|docs/obligations/0120-no-reader-takes-a-waiver-against-a-check-finding-so-one-arm-of-the-escape-partition-is-empty.md|docs/verifications/0001-the-section-heading-rule-has-no-case-table-and-a-golden-fixture-report-is-what-proves-it-runs.md|docs/tutorials/your-first-governed-corpus.md|docs/decisions/0091-the-runner-image-of-the-engine-release-build-is-written-in-the-workflow-because-it-sets-the-glibc-floor.md	docs/decisions/0091-the-runner-image-of-the-engine-release-build-is-written-in-the-workflow-because-it-sets-the-glibc-floor.md|docs/obligations/0082-the-lock-is-half-generated-and-half-authored-and-nothing.md|docs/obligations/0001-the-promotion-fix-has-no-reading-of-the-assisted-fraction.md|docs/decisions/0096-harper-does-not-become-part-of-the-engine-now-and-q41-stands.md|docs/decisions/0038-q38-which-link-relation-a-rendered-page-carries-to-the-served-corpus-descriptor.md|docs/obligations/0098-whether-a-withheld-anchor-needs-a-class-beside-its-count.md|docs/obligations/0003-the-rebuild-and-cache-design-is-measured-at-spike-scale-alone.md|docs/obligations/0152-ledger-render-in-adoption-rs-has-the-same-zero-count-defect-suppression-rs-had-before-pr-450-still-latent.md|docs/decisions/0045-coloring-the-cli-and-where-the-banner-goes.md|docs/obligations/0096-whether-anything-is-ever-promoted-out-of-the-asserted-tier.md
22b16dec-d4a3-4546-9280-2d100e892c6d	overlap	2026-09-29T05:52:00Z	2ecbf66e-2300-43c9-8c42-35118b086214.jsonl	11	sha256:54a17cfdc824948c5f1b6a2d9da00084c4026dcf29e40bb5b6fa112c604d94a4	docs/how-to/rotate-or-revoke-the-apt-signing-subkey.md|docs/requirements/0002-every-document-of-a-kind-that-requires-sections-carries-all-of-them.md|docs/process/explanations/where-a-ci-job-runs.md|docs/evaluations/two-triggers-one-verdict-how-this-repository-s-ci-decides-where-a-job-runs-and-what-it-trusts.md|docs/obligations/0173-four-inline-gates-in-the-workflow-decide-an-exit-status-and-no-suite-provokes-one.md	docs/obligations/0212-ci-done-sh-reads-a-cancelled-run-of-another-branch-as-a-red-result-on-a-main-merge-commit.md|docs/process/decisions/0017-ci-concurrency-is-per-ref-and-every-ref-but-main-cancels-a-superseded-run.md|docs/spec/17-orchestration-architecture.md|docs/process/decisions/0020-merges-go-through-the-github-merge-queue-one-squash-commit-per-pull-request.md|docs/obligations/0173-four-inline-gates-in-the-workflow-decide-an-exit-status-and-no-suite-provokes-one.md|docs/process/explanations/where-a-ci-job-runs.md|docs/obligations/0216-two-merge-hooks-of-this-repository-print-a-resolve-flag-that-the-verb-refuses.md|docs/decisions/0097-a-figure-on-a-hand-built-page-is-measured-when-the-site-is-published-and-the-committed-page-carries-none.md|docs/obligations/0145-the-ci-job-named-advisory-carries-every-blocking-shell-suite-in-the-repository.md|docs/obligations/0207-the-plan-usage-of-one-issue-is-known-only-as-the-average-of-its-run.md
cbbe2b9e-1b48-4d22-a5bc-41c456dc9a43	overlap	2026-10-02T11:31:00Z	fceea6f0-d151-49fc-830a-7ed8d60e826c.jsonl	22	sha256:e8d9e3ca1226d302b1563844bf03ff8d7039ce5bd9432e72386c26c245249625	docs/probes/a-cold-agent-reaches-the-governing-document-through-the-corpus-descriptor.md|docs/spec/15-the-recorder-contract.md|docs/obligations/0107-the-base-package-ships-a-kind-that-the-scaffolder-refuses-to-write.md|docs/probes/a-session-names-the-event-that-makes-a-document-accepted.md|docs/interfaces/headwater-merge-driver.md	docs/obligations/0193-admission-criterion-5-has-no-reading-for-an-entry-that-serves-neither-core-purpose.md|docs/decisions/0010-naming.md|docs/obligations/0089-a-profile-names-its-rules-and-never-states-them.md|docs/spec/glossary.md|docs/interfaces/headwater-merge-driver.md|docs/obligations/0137-a-british-spelling-reaches-a-serialized-grain-string-so-the-rename-is-a-corpus-change-and-a-derived-bytes-change-at-once.md|docs/decisions/0025-q25-where-the-namespace-goes-in-an-identifier-and-who-declares-it.md|docs/decisions/0095-q67-one-library-entry-may-address-the-keys-of-an-entry-it-names-in-requires-and-confluence-holds-over-the-dependency-order.md|docs/decisions/0099-a-namespace-does-not-keep-two-corpora-apart-and-no-rule-compares-identifier-schemes-across-two-locks.md|docs/how-to/cut-a-release.md
2705038f-5c1f-4b78-a141-c070575833bc	overlap	2026-09-23T11:58:07Z	e2a9988f-b810-4212-9221-6df09ed86845.jsonl	50	sha256:719ef7204503ae9e055142ed456811a62d30e36059046d208d8c84789dd6dabe	docs/probes/what-a-session-writes-points-back-at-the-ruling-it-rests-on.md|docs/how-to/diagnose-an-isolation-failure.md|docs/process/decisions/0006-the-entrypoint-keeps-its-name-and-becomes-a-resumable-run.md|docs/obligations/0165-a-rendered-page-gate-greps-for-a-string-it-requires-and-states-no-denominator-so-an-empty-build-passes-it.md|docs/spec/17-orchestration-architecture.md	docs/spec/17-orchestration-architecture.md|docs/tutorials/your-first-governed-corpus.md|docs/evaluations/the-build-order-as-a-multi-agent-system.md|docs/how-to/relocate-a-shelf.md|docs/obligations/0079-a-correctness-root-that-is-a-type-has-no-failing-fixture.md|docs/reviews/core-concepts-review-findings.md|docs/obligations/0017-publishing-the-read-set-skips-a-re-run-on-two-of-the-eighteen.md|docs/spec/13-open-obligations.md|docs/obligations/0204-docs-decisions-0077-still-describes-hw-dr-0049-s-rewrite-as-pending-after-574-made-it.md|docs/obligations/0016-a-cue-has-no-measured-effect-on-traversal-precision.md
f8891b49-edba-4c13-a347-f3ebf099cc67	overlap	2026-10-03T03:48:32Z	c336e276-367d-4fb5-80ec-c9d3e38e3db2.jsonl	5	sha256:593a88fe04f1009dbe18a5f8c8089b4ca79cfc6272ebf62218c4e7d616439750	docs/probes/a-cold-agent-reaches-the-governing-document-through-the-corpus-descriptor.md|docs/how-to/keep-derived-files-from-conflicting-in-parallel-pull-requests.md|docs/process/decisions/0020-merges-go-through-the-github-merge-queue-one-squash-commit-per-pull-request.md|docs/obligations/0135-repo-cleanup-names-one-cause-for-a-gone-upstream-and-this-repository-produced-a-second.md|docs/process/explanations/where-a-ci-job-runs.md	docs/process/explanations/where-a-ci-job-runs.md|docs/probes/a-session-says-how-a-governs-line-reaches-a-document.md|docs/process/decisions/0017-ci-concurrency-is-per-ref-and-every-ref-but-main-cancels-a-superseded-run.md|docs/process/obligations/0221-subagents-read-skills-from-the-shared-checkout-and-a-worktree-isolated-integrator-cannot-fast-forward-it-after-a-merge.md|docs/how-to/mine-the-shadow-mode-routing-log.md|docs/process/evaluations/two-triggers-one-verdict-how-this-repository-s-ci-decides-where-a-job-runs-and-what-it-trusts.md|docs/probes/an-agent-reaches-the-adjudication-from-the-document-that-lost-it.md|docs/probes/a-session-records-which-obligation-an-evaluation-discharged.md|docs/process/decisions/0023-a-build-order-parent-restarts-every-few-merges-drains-to-zero-first-and-resumes-from-the-handover-files-on-disk.md|docs/process/decisions/0020-merges-go-through-the-github-merge-queue-one-squash-commit-per-pull-request.md
5279fedb-d1e3-42b0-b598-9c17a032c016	overlap	2026-09-25T02:05:26Z	861a7465-84b5-4b32-9982-e09f9f38010c.jsonl	1	sha256:46cf9b64f98870b4c5865d7031dc250a10bc0a7c957ea3cd7c8a9381bd10210b	docs/acceptance-criteria/0002-every-required-section-of-every-governed-document-has-a-heading.md|docs/obligations/0207-the-plan-usage-of-one-issue-is-known-only-as-the-average-of-its-run.md|docs/evaluations/the-build-order-as-a-multi-agent-system.md|docs/how-to/diagnose-an-isolation-failure.md|docs/decisions/0050-q50-where-the-visual-register-of-the-hand-built-pages-lives.md	docs/obligations/0211-two-hand-remedy-lines-for-hw-cargo-in-hw-run-policy-may-no-longer-earn-their-cost-on-every-dispatch.md|docs/obligations/0207-the-plan-usage-of-one-issue-is-known-only-as-the-average-of-its-run.md|docs/obligations/0206-hw-run-policy-names-a-worktree-add-workaround-that-write-edit-refuses-under-this-harness.md|docs/obligations/0176-a-blessed-fixture-is-read-by-a-sibling-case-that-runs-while-the-write-truncates-it.md|docs/obligations/0209-a-build-order-dispatch-passes-no-isolation-so-a-stage-can-inherit-the-parent-worktree-as-its-working-directory.md|docs/process/decisions/0006-the-entrypoint-keeps-its-name-and-becomes-a-resumable-run.md|docs/evaluations/two-triggers-one-verdict-how-this-repository-s-ci-decides-where-a-job-runs-and-what-it-trusts.md|docs/how-to/wire-headwater-check-into-your-own-workflow.md|docs/evaluations/the-build-order-as-a-multi-agent-system.md|docs/interfaces/headwater-sweep.md
0b0af4fa-f547-4597-b3b0-074683f20f83	overlap	2026-09-23T23:51:29Z	e2a9988f-b810-4212-9221-6df09ed86845.jsonl	70	sha256:eaa4353823aa5f5b507503276b24522425b8f0e8aac3d22df45133155c0ce515	docs/reviews/the-sixty-four-restored-help-strings-checked-against-the-binary.md|docs/obligations/0182-the-publish-crates-retry-loop-has-no-retry-ceiling.md|docs/how-to/wire-headwater-check-into-your-own-workflow.md|docs/process/decisions/0001-orchestration-prose-has-one-owner-per-sentence.md|docs/requirements/0001-the-engine-reaches-no-network-at-check-time.md	docs/decisions/0072-the-binary-is-the-only-interface-an-adopter-must-run-and-every-integration-point-outside-it-is-declared.md|docs/decisions/0077-the-consumer-surface-is-what-an-adopter-receives-runs-and-must-have-installed-and-it-is-a-closed-and-declared-list.md|docs/interfaces/headwater-merge-driver.md|docs/how-to/wire-headwater-check-into-your-own-workflow.md|docs/obligations/0135-repo-cleanup-names-one-cause-for-a-gone-upstream-and-this-repository-produced-a-second.md|docs/decisions/0009-multi-repository-corpora.md|docs/obligations/0203-three-small-run-tooling-gaps-from-run-20260922-1121-filed-together.md|docs/obligations/0179-the-commit-gate-checks-prose-with-a-binary-it-never-compares-against-the-engine-sources.md|docs/obligations/0042-a-declared-invalid-when-reaches-no-check-and-two-live.md|docs/decisions/0034-q34-whether-acceptance-means-merged-to-main-and-what-an-agent-may-write-before-that.md
c0dfd1d3-0170-4203-87af-cba3c90c719a	overlap	2026-09-24T00:48:42Z	afc7b001-ab3d-520a-ac4a-e83f3ae7de9c.jsonl	8	sha256:cedd54ce541eb3c613543487ab1a725e17f8cc4db315e2c30ba2d1ce23c7f3b6	docs/evaluations/one-clone-many-agents-how-this-repository-isolates-the-sessions-that-build-it.md|docs/obligations/0179-the-commit-gate-checks-prose-with-a-binary-it-never-compares-against-the-engine-sources.md|docs/how-to/diagnose-an-isolation-failure.md|docs/decisions/0060-the-engine-s-version-stays-one-number-and-a-build-s-exact-commit-is-a-separate-unwired-fact.md|docs/obligations/0199-an-observation-snapshot-records-a-commit-and-nothing-reads-it-back.md	docs/obligations/0199-an-observation-snapshot-records-a-commit-and-nothing-reads-it-back.md|docs/obligations/0179-the-commit-gate-checks-prose-with-a-binary-it-never-compares-against-the-engine-sources.md|docs/interfaces/headwater-change.md|docs/interfaces/headwater-merge-driver.md|docs/decisions/0034-q34-whether-acceptance-means-merged-to-main-and-what-an-agent-may-write-before-that.md|docs/decisions/0072-the-binary-is-the-only-interface-an-adopter-must-run-and-every-integration-point-outside-it-is-declared.md|docs/how-to/diagnose-an-isolation-failure.md|docs/obligations/0011-nothing-has-been-promoted-out-of-the-synthesized-tier.md|docs/obligations/0115-a-pinned-digest-authenticates-the-pin-and-never-the-publisher.md|docs/obligations/0124-a-probe-result-is-printed-and-never-committed-so-nothing-regenerates-one.md
9ebf59af-4e6e-4200-bb19-4abb516a242c	overlap	2026-09-30T10:57:20Z	9b498bd1-c699-4fbb-8e9b-2ea80828ebe8.jsonl	16	sha256:15723b997a905f35a7e41fc0b563728a0cb92e17885ff78e51d0bd36d761e595	docs/requirements/0002-every-document-of-a-kind-that-requires-sections-carries-all-of-them.md|docs/process/decisions/0006-the-entrypoint-keeps-its-name-and-becomes-a-resumable-run.md|docs/process/specs/orchestration-architecture.md|docs/process/obligations/0207-the-plan-usage-of-one-issue-is-known-only-as-the-average-of-its-run.md|docs/process/evaluations/two-triggers-one-verdict-how-this-repository-s-ci-decides-where-a-job-runs-and-what-it-trusts.md	docs/process/obligations/0207-the-plan-usage-of-one-issue-is-known-only-as-the-average-of-its-run.md|docs/evaluations/adjacent-work.md|docs/process/decisions/0006-the-entrypoint-keeps-its-name-and-becomes-a-resumable-run.md|docs/obligations/0198-nothing-states-how-much-of-a-session-s-budget-the-standing-instructions-consume-before-work-starts.md|docs/reviews/core-concepts-review-findings-2.md|docs/process/evaluations/the-build-order-as-a-multi-agent-system.md|docs/obligations/0072-a-cache-of-check-results-does-not-make-a-run-proportional.md|docs/process/decisions/0023-a-build-order-parent-restarts-every-few-merges-drains-to-zero-first-and-resumes-from-the-handover-files-on-disk.md|docs/process/specs/orchestration-architecture.md|docs/reviews/core-concepts-review-findings.md
1618ecd4-9e4e-4186-870f-1194c5c39f41	overlap	2026-09-28T10:48:46Z	94bce3bc-e351-4c4e-994b-4af053609952.jsonl	11	sha256:6b2f8571bc890b16788abc62147aaa9f12b637211de4d3e9da11ccef81951a60	docs/obligations/0210-no-fixture-holds-the-symlink-case-of-new-worktree-sh-and-a-bare-name-of-two-dots-leaves-a-branch-behind.md|docs/process/decisions/0016-ci-runner-is-an-opt-in-that-only-a-push-or-a-merge-group-reads-and-an-unset-value-falls-back-to-ubuntu-latest.md|docs/process/explanations/where-a-ci-job-runs.md|docs/spec/13-open-obligations.md|docs/decisions/0097-a-figure-on-a-hand-built-page-is-measured-when-the-site-is-published-and-the-committed-page-carries-none.md	docs/obligations/0212-ci-done-sh-reads-a-cancelled-run-of-another-branch-as-a-red-result-on-a-main-merge-commit.md|docs/obligations/0173-four-inline-gates-in-the-workflow-decide-an-exit-status-and-no-suite-provokes-one.md|docs/process/explanations/where-a-ci-job-runs.md|docs/process/decisions/0020-merges-go-through-the-github-merge-queue-one-squash-commit-per-pull-request.md|docs/obligations/0216-two-merge-hooks-of-this-repository-print-a-resolve-flag-that-the-verb-refuses.md|docs/decisions/0034-q34-whether-acceptance-means-merged-to-main-and-what-an-agent-may-write-before-that.md|docs/obligations/0131-the-cli-crate-wires-every-verb-and-carries-no-tests-so-two-wiring-defects-passed-a-green-suite.md|docs/obligations/0145-the-ci-job-named-advisory-carries-every-blocking-shell-suite-in-the-repository.md|docs/process/decisions/0014-the-boundary-against-a-fork-is-the-approval-of-outside-runs-and-a-person-reads-a-github-diff-before-approving-one.md|docs/process/decisions/0017-ci-concurrency-is-per-ref-and-every-ref-but-main-cancels-a-superseded-run.md
1e1b7af7-4450-4cca-b4f5-79a03ea0cf0f	overlap	2026-09-29T06:19:21Z	2ecbf66e-2300-43c9-8c42-35118b086214.jsonl	15	sha256:200835b5c5c2391b18a3dcf897b480df8c9ab42a057f80e8c2dce9a60ed88a6e	docs/obligations/0212-ci-done-sh-reads-a-cancelled-run-of-another-branch-as-a-red-result-on-a-main-merge-commit.md|docs/process/decisions/0020-merges-go-through-the-github-merge-queue-one-squash-commit-per-pull-request.md|docs/process/explanations/where-a-ci-job-runs.md|docs/spec/13-open-obligations.md|docs/decisions/0097-a-figure-on-a-hand-built-page-is-measured-when-the-site-is-published-and-the-committed-page-carries-none.md	docs/obligations/0216-two-merge-hooks-of-this-repository-print-a-resolve-flag-that-the-verb-refuses.md|docs/process/decisions/0017-ci-concurrency-is-per-ref-and-every-ref-but-main-cancels-a-superseded-run.md|docs/interfaces/headwater-merge-driver.md|docs/obligations/0135-repo-cleanup-names-one-cause-for-a-gone-upstream-and-this-repository-produced-a-second.md|docs/obligations/0212-ci-done-sh-reads-a-cancelled-run-of-another-branch-as-a-red-result-on-a-main-merge-commit.md|docs/process/decisions/0020-merges-go-through-the-github-merge-queue-one-squash-commit-per-pull-request.md|docs/obligations/0199-an-observation-snapshot-records-a-commit-and-nothing-reads-it-back.md|docs/decisions/0034-q34-whether-acceptance-means-merged-to-main-and-what-an-agent-may-write-before-that.md|docs/decisions/0052-a-document-is-proposed-at-the-state-it-will-hold-and-the-merge-activates-it.md|docs/evaluations/why-corpus-counts-are-derived-not-stored.md
f0054efe-dc8b-4933-ba77-76f0d5b49dd5	overlap	2026-10-02T10:49:41Z	fceea6f0-d151-49fc-830a-7ed8d60e826c.jsonl	13	sha256:29830fca7cf5321b35e64268aaff43ae863ddbdb4aac642452721c63225f19fb	docs/evaluations/what-the-counterfactual-campaign-of-2026-09-30-measured-by-component.md|docs/obligations/0149-the-write-time-hook-still-picks-pointer-lines-out-of-prose-by-their-em-dash.md|docs/subsystems/projections-and-export.md|docs/decisions/0025-q25-where-the-namespace-goes-in-an-identifier-and-who-declares-it.md|docs/requirements/0003-a-relation-target-written-as-the-path-of-a-document-is-reported-and-never-bound-as-an-anchor-onto-that-file.md	docs/obligations/0101-whether-the-read-set-of-a-real-corpus-is-small-enough.md|docs/obligations/0110-the-loss-census-carries-a-finding-by-substring-so-an-index-of-rules-and-paths-passes-it.md|docs/obligations/0149-the-write-time-hook-still-picks-pointer-lines-out-of-prose-by-their-em-dash.md|docs/evaluations/what-the-counterfactual-campaign-of-2026-09-30-measured-by-component.md|docs/obligations/0037-the-register-is-not-a-projection-of-the-lock-alone-so-generate.md|docs/obligations/0030-the-provenance-block-belongs-to-the-engine-and-nothing-states.md|docs/obligations/0009-the-shape-origin-finding-rate-is-already-zero.md|docs/obligations/0004-working-tree-write-tools-have-no-measured-effect.md|docs/obligations/0134-the-comment-prose-defines-by-contrast-979-times-in-179-000-words-and-no-mechanism-here-performs-an-editorial-pass.md|docs/decisions/0085-a-live-document-that-rests-on-a-draft-one-is-reported-over-every-relation-because-a-draft-leaves-no-record-to-cite.md
6f5971a9-e714-4878-b81a-e91846e42bad	overlap	2026-09-25T00:11:38Z	dd55d9b6-a2d0-4a60-ab56-2cff43ad587b.jsonl	3	sha256:a487f1490edb6d3cdae01d6de96cca7e3f84c5ef28ae8dd38042dd0407f03632	docs/acceptance-criteria/0001-no-source-file-of-the-engine-names-a-network-api-and-no-locked-dependency-provides-one.md|docs/spec/17-orchestration-architecture.md|docs/probes/the-pointer-this-corpus-offers-for-a-task-is-the-document-a-session-opens.md|docs/obligations/0212-ci-done-sh-reads-a-cancelled-run-of-another-branch-as-a-red-result-on-a-main-merge-commit.md|docs/process/decisions/0004-coordination-is-a-create-only-claim-and-authority-stays-on-the-tree.md	docs/obligations/0216-two-merge-hooks-of-this-repository-print-a-resolve-flag-that-the-verb-refuses.md|docs/how-to/diagnose-an-isolation-failure.md|docs/spec/17-orchestration-architecture.md|docs/obligations/0133-two-test-helpers-key-a-scratch-directory-on-the-pid-alone-and-the-race-springs-on-the-next-case-added.md|docs/obligations/0173-four-inline-gates-in-the-workflow-decide-an-exit-status-and-no-suite-provokes-one.md|docs/interfaces/headwater-taxonomy.md|docs/interfaces/headwater-completions.md|docs/decisions/0047-how-the-two-halves-of-the-site-share-one-host.md|docs/decisions/0049-a-corpus-wide-fold-is-derived-and-never-stored.md|docs/decisions/0009-multi-repository-corpora.md
7d07d4c5-a80c-4311-baec-0c82f82f97b9	overlap	2026-10-03T02:50:24Z	19b6d2bc-015d-4b01-a550-ff6f9bb9896e.jsonl	40	sha256:9eef7f1ecd671639fbdfa36e0192b2e8976904a037eb7aa8460cc71987527d28	docs/how-to/mine-the-shadow-mode-routing-log.md|docs/probe-results/status-probe-pilot-of-2026-09-29-campaign-tier-absent-arm-sufficiency.md|docs/requirements/0003-a-relation-target-written-as-the-path-of-a-document-is-reported-and-never-bound-as-an-anchor-onto-that-file.md|docs/obligations/0030-the-provenance-block-belongs-to-the-engine-and-nothing-states.md|docs/interfaces/headwater-help.md	docs/interfaces/headwater-help.md|docs/decisions/0052-a-document-is-proposed-at-the-state-it-will-hold-and-the-merge-activates-it.md|docs/process/obligations/0212-ci-done-sh-reads-a-cancelled-run-of-another-branch-as-a-red-result-on-a-main-merge-commit.md|docs/interfaces/headwater-completions.md|docs/probes/a-session-names-the-status-a-settled-decision-carries-in-its-pull-request.md|docs/process/obligations/0207-the-plan-usage-of-one-issue-is-known-only-as-the-average-of-its-run.md|docs/probe-runs/status-probe-pilot-of-2026-09-29-campaign-tier-present-arm-sufficiency.md|docs/obligations/0113-every-check-passes-a-document-that-is-still-the-scaffolder-s-placeholder.md|docs/obligations/0044-a-generated-index-labels-a-document-with-its-identifier.md|docs/interfaces/headwater-route.md
566522ac-4978-4f76-8049-879e310a7986	overlap	2026-09-27T23:06:06Z	9a56dbbe-11f6-5397-8ea5-05a746f3ceff.jsonl	3	sha256:ed05fe17eea4b6f02a84f68d8e49b4f6309baacdf40eb98b027e4915d82af6f0	docs/interfaces/headwater-derived.md|docs/spec/15-the-recorder-contract.md|docs/interfaces/headwater-export.md|docs/interfaces/headwater-neighbors.md|docs/interfaces/headwater-infer.md	docs/obligations/0133-two-test-helpers-key-a-scratch-directory-on-the-pid-alone-and-the-race-springs-on-the-next-case-added.md|docs/spec/15-the-recorder-contract.md|docs/evaluations/governs-edges-what-an-anchor-reaches-what-covers-it-when-it-ages-and-where-a-session-meets-it.md|docs/obligations/0087-fixable-has-two-readings-inside-one-engine.md|docs/probes/a-session-answers-from-the-register-without-opening-the-question-it-replaced.md|docs/obligations/0129-spec-12-calls-two-phase-a-outcomes-structural-findings-and-the-engine-emits-none.md|docs/obligations/0163-ten-decision-records-claim-a-q-number-the-decision-register-does-not-carry.md|docs/decisions/0050-q50-where-the-visual-register-of-the-hand-built-pages-lives.md|docs/decisions/0085-a-live-document-that-rests-on-a-draft-one-is-reported-over-every-relation-because-a-draft-leaves-no-record-to-cite.md|docs/how-to/diagnose-an-isolation-failure.md
86474f06-0eb9-400a-8a27-dffdd3071233	overlap	2026-10-03T03:17:14Z	c336e276-367d-4fb5-80ec-c9d3e38e3db2.jsonl	1	sha256:5e1249523b18d676abb245c5958155775d57d35c98758688c28338b023293505	docs/process/obligations/0206-hw-run-policy-names-a-worktree-add-workaround-that-write-edit-refuses-under-this-harness.md|docs/how-to/publish-your-corpus-as-a-site.md|docs/process/explanations/where-a-ci-job-runs.md|docs/process/evaluations/two-triggers-one-verdict-how-this-repository-s-ci-decides-where-a-job-runs-and-what-it-trusts.md|docs/process/decisions/0018-a-router-sends-a-push-or-merge-group-run-to-a-hosted-runner-when-the-self-hosted-pool-is-full-and-it-can-only-take-work-away.md	docs/process/obligations/0207-the-plan-usage-of-one-issue-is-known-only-as-the-average-of-its-run.md|docs/process/decisions/0022-the-verify-and-rework-loop-for-one-issue-runs-below-the-parent.md|docs/process/evaluations/the-build-order-as-a-multi-agent-system.md|docs/process/decisions/0009-a-release-gets-all-its-assets-in-one-create-call-and-a-person-deletes-it-to-run-again.md|docs/process/decisions/0006-the-entrypoint-keeps-its-name-and-becomes-a-resumable-run.md|docs/process/obligations/0209-a-build-order-dispatch-passes-no-isolation-so-a-stage-can-inherit-the-parent-worktree-as-its-working-directory.md|docs/decisions/0047-how-the-two-halves-of-the-site-share-one-host.md|docs/process/explanations/where-a-ci-job-runs.md|docs/decisions/0091-the-runner-image-of-the-engine-release-build-is-written-in-the-workflow-because-it-sets-the-glibc-floor.md|docs/process/obligations/0211-two-hand-remedy-lines-for-hw-cargo-in-hw-run-policy-may-no-longer-earn-their-cost-on-every-dispatch.md
da53f52f-fe97-42b0-aaaa-12baa488cd2f	overlap	2026-10-02T07:50:10Z	1f8ffc5b-6498-4c89-ac19-72928092f21b.jsonl	7	sha256:ed02dee76e18401cf1c5b3a8ccdf8650c4860a8ed8f5fff09ca2e6e599fd5903	docs/requirements/0005-a-code-path-names-every-document-that-governs-it.md|docs/obligations/0117-a-cached-verdict-about-an-anchor-survives-the-change-that-falsifies-it.md|docs/how-to/diagnose-an-isolation-failure.md|docs/decisions/0029-q29-whether-a-corpus-root-may-contain-code-and-what-an-interface-contract-may-reach.md|docs/subsystems/parse-and-census.md	docs/spec/08-design-departures.md|docs/decisions/0029-q29-whether-a-corpus-root-may-contain-code-and-what-an-interface-contract-may-reach.md|docs/obligations/0226-six-corpus-gaps-from-run-20260929-1205-filed-together.md|docs/obligations/0071-a-corpus-scoped-check-makes-the-coverage-rule-unreachable.md|docs/decisions/0080-q66-the-corpus-dashboard-ships-free-and-self-hosted-with-tenant-isolation-stated-as-a-data-model-constraint-from-day-one.md|docs/interfaces/headwater-capture.md|docs/interfaces/headwater-site.md|docs/how-to/publish-your-corpus-as-a-site.md|docs/interfaces/headwater-route.md|docs/obligations/0097-whether-the-four-modes-of-di-taxis-are-the-kind-set.md
c07d5818-2948-4c14-8d81-f2481ec372ce	overlap	2026-10-03T02:11:26Z	daec6d89-3012-45ce-9f8d-d4c6824c1830.jsonl	3	sha256:078508c870c66019e024ba55124a862a43c1a5efb71a06c741cd8564b135e1ce	docs/process/evaluations/the-build-order-as-a-multi-agent-system.md|docs/how-to/wire-headwater-check-into-your-own-workflow.md|docs/process/obligations/0207-the-plan-usage-of-one-issue-is-known-only-as-the-average-of-its-run.md|docs/subsystems/queries-and-explain.md|docs/process/decisions/0001-orchestration-prose-has-one-owner-per-sentence.md	docs/process/obligations/0207-the-plan-usage-of-one-issue-is-known-only-as-the-average-of-its-run.md|docs/process/decisions/0017-ci-concurrency-is-per-ref-and-every-ref-but-main-cancels-a-superseded-run.md|docs/obligations/0200-three-graded-regression-runs-are-owed-a-fresh-recording-against-a-moved-taxonomy-lock.md|docs/process/decisions/0003-a-dispatch-pays-when-it-retires-more-parent-turns-than-it-costs.md|docs/process/decisions/0006-the-entrypoint-keeps-its-name-and-becomes-a-resumable-run.md|docs/process/obligations/0209-a-build-order-dispatch-passes-no-isolation-so-a-stage-can-inherit-the-parent-worktree-as-its-working-directory.md|docs/obligations/0131-the-cli-crate-wires-every-verb-and-carries-no-tests-so-two-wiring-defects-passed-a-green-suite.md|docs/process/evaluations/two-triggers-one-verdict-how-this-repository-s-ci-decides-where-a-job-runs-and-what-it-trusts.md|docs/process/decisions/0023-a-build-order-parent-restarts-every-few-merges-drains-to-zero-first-and-resumes-from-the-handover-files-on-disk.md|docs/process/obligations/0211-two-hand-remedy-lines-for-hw-cargo-in-hw-run-policy-may-no-longer-earn-their-cost-on-every-dispatch.md
5f0b8acd-bb10-4679-b016-47a0a1ded00c	overlap	2026-09-22T01:45:34Z	ce1ce350-e760-5531-83da-3828c3cea74a.jsonl	4	sha256:a7f5347c0bdd6ba341c6217b827b4515d057a8782002621e9d00698961e25250	docs/how-to/diagnose-an-isolation-failure.md|docs/requirements/0002-every-document-of-a-kind-that-requires-sections-carries-all-of-them.md|docs/spec/00-vision-and-scope.md|docs/evaluations/the-build-order-as-a-multi-agent-system.md|docs/decisions/0073-a-verification-is-a-kind-and-its-identity-is-minted-rather-than-found-in-the-code-that-cites-it.md	docs/spec/00-vision-and-scope.md|docs/evaluations/linkml-worked-example.md|docs/decisions/0017-governed-access-and-the-solution-layer.md|docs/interfaces/headwater-check.md|docs/obligations/0120-no-reader-takes-a-waiver-against-a-check-finding-so-one-arm-of-the-escape-partition-is-empty.md|docs/decisions/0038-q38-which-link-relation-a-rendered-page-carries-to-the-served-corpus-descriptor.md|docs/decisions/0010-naming.md|docs/obligations/0107-the-base-package-ships-a-kind-that-the-scaffolder-refuses-to-write.md|docs/obligations/0029-what-headwater-query-takes.md|docs/decisions/0002-schema-format.md
8a7bd6d3-9702-425c-9a4b-3f6969909e7d	overlap	2026-09-25T12:33:14Z	61af10ed-d5ef-46c3-933f-a1db3c8ebe01.jsonl	2	sha256:844aecdd61c9c658b97fc14e322fd8c4db91fcec146c3e599e652093ffdae7f6	docs/interfaces/headwater-check.md|docs/spec/12-check-layer.md|docs/interfaces/headwater-change.md|docs/interfaces/headwater-gate.md	docs/how-to/diagnose-an-isolation-failure.md|docs/obligations/0042-a-declared-invalid-when-reaches-no-check-and-two-live.md|docs/obligations/0075-a-participation-expectation-needs-depth-one-and-edge.md|docs/evaluations/what-a-check-can-know.md|docs/spec/12-check-layer.md|docs/obligations/0203-three-small-run-tooling-gaps-from-run-20260922-1121-filed-together.md|docs/decisions/0073-a-verification-is-a-kind-and-its-identity-is-minted-rather-than-found-in-the-code-that-cites-it.md|docs/obligations/0126-every-asserted-document-carries-the-freshness-date-that-spec-3-says-it-cannot.md|docs/obligations/0187-the-registered-deviation-edge-of-the-compliance-tradition-cannot-be-declared.md|docs/evaluations/shacl-worked-example.md
8f23d5d0-5108-46da-b113-a58da9cdd557	overlap	2026-09-28T06:19:08Z	2982dfd0-b125-4422-9acb-54038ad116ec.jsonl	5	sha256:fe02b39a6ae2d1a8409ec87d564399a9df7fa5dd63692e96666ed1bea689beb9	docs/decisions/0098-an-engine-subsystem-is-described-by-a-technical-design-spec-on-a-shelf-of-its-own-and-its-behavior-stays-where-it-is-already-written.md|docs/taxonomies/standards-spec/doctrine.md|docs/process/decisions/0005-the-ledger-is-split-its-tabular-parts-are-jsonl-and-its-totals-are-derived.md|docs/spec/09-decisions.md|docs/decisions/0004-relation-storage.md	docs/decisions/0098-an-engine-subsystem-is-described-by-a-technical-design-spec-on-a-shelf-of-its-own-and-its-behavior-stays-where-it-is-already-written.md|docs/decisions/0044-q44-whether-bundles-decompose-into-capabilities-and-assemblies-compose-practices.md|docs/taxonomies/design-spec/doctrine.md|docs/evaluations/specifying-the-engine.md|docs/taxonomies/standards-spec/doctrine.md|docs/reviews/core-concepts-review-findings.md|docs/obligations/0035-section-contracts-in-the-base.md|docs/obligations/0046-the-identifier-scheme-grammar.md|docs/obligations/0051-downstream-delivery-of-a-standards-corpus.md|docs/obligations/0187-the-registered-deviation-edge-of-the-compliance-tradition-cannot-be-declared.md
90e584d7-5afe-4b65-a286-db1cd355380e	overlap	2026-09-23T06:31:57Z	da1f4143-c68e-4fed-9206-5622636376d5.jsonl	6	sha256:162feea3542bfdac9828a230cae93ea6b1e35a05fafc2d95e407e276b581cc22	docs/spec/16-harness-support.md|docs/obligations/0180-a-renderer-s-color-mode-is-wired-at-a-call-site-that-no-type-forbids-from-being-wrong.md|docs/reviews/the-sixty-four-restored-help-strings-checked-against-the-binary.md|docs/how-to/mine-the-shadow-mode-routing-log.md|docs/acceptance-criteria/0001-no-source-file-of-the-engine-names-a-network-api-and-no-locked-dependency-provides-one.md	docs/obligations/0141-an-identifier-scheme-names-no-prefix-so-an-rdf-projection-derives-a-document-iri-from-a-file-path.md|docs/decisions/0038-q38-which-link-relation-a-rendered-page-carries-to-the-served-corpus-descriptor.md|docs/obligations/0082-the-lock-is-half-generated-and-half-authored-and-nothing.md|docs/decisions/0001-implementation-language.md|docs/probes/what-a-session-writes-points-back-at-the-ruling-it-rests-on.md|docs/reviews/the-sixty-four-restored-help-strings-checked-against-the-binary.md|docs/decisions/0043-q43-whether-a-refusal-under-json-is-a-json-document.md|docs/decisions/0016-public-presence.md|docs/obligations/0086-an-inline-quotation-reaches-every-lexical-rule-as-this-authors.md|docs/obligations/0085-headwater-init-cannot-reach-a-package-that-is-not-already.md
1ff7bf74-2e5e-48f0-b75d-7de58c448621	overlap	2026-09-22T11:00:29Z	246fd5c4-b822-42e4-b1e6-56f4019f2568.jsonl	7	sha256:30f07b034553539e2ed2ef3943471a73f8c94b26c7e8d81cda7aafaacf5bb72b	docs/evaluations/governs-edges-what-an-anchor-reaches-what-covers-it-when-it-ages-and-where-a-session-meets-it.md|docs/obligations/0141-an-identifier-scheme-names-no-prefix-so-an-rdf-projection-derives-a-document-iri-from-a-file-path.md|docs/interfaces/headwater-export.md|docs/decisions/0054-the-upper-bound-of-a-reconcile-first-allocator-is-the-corpus-and-a-claim-store.md|docs/acceptance-criteria/0001-no-source-file-of-the-engine-names-a-network-api-and-no-locked-dependency-provides-one.md	docs/interfaces/headwater-taxonomy.md|docs/interfaces/headwater-generate.md|docs/obligations/0127-a-deletion-is-invisible-where-the-version-that-stood-there-does-not-parse.md|docs/interfaces/headwater-infer.md|docs/obligations/0141-an-identifier-scheme-names-no-prefix-so-an-rdf-projection-derives-a-document-iri-from-a-file-path.md|docs/obligations/0200-three-graded-regression-runs-are-owed-a-fresh-recording-against-a-moved-taxonomy-lock.md|docs/obligations/0043-two-meta-schema-surfaces-have-a-required-declaration.md|docs/interfaces/headwater-export.md|docs/interfaces/headwater-new.md|docs/obligations/0174-publishing-the-base-package-reports-51-references-that-resolve-nowhere-and-exits-0.md
a08937f3-63cc-4975-8ce1-3a98dfaba822	overlap	2026-10-01T05:07:21Z	247277a8-0d27-461c-b1c9-a198c9e75b3f.jsonl	7	sha256:e9cf422c4dd2a2f96b586118fd0fb0285273726d8ed4226dd0a202f731b5f4b2	docs/evaluations/external-evaluation-harnesses-and-benchmarks-for-the-probe-campaign.md|docs/how-to/cut-a-release.md|docs/spec/glossary.md|docs/process/obligations/0206-hw-run-policy-names-a-worktree-add-workaround-that-write-edit-refuses-under-this-harness.md|docs/process/evaluations/the-build-order-as-a-multi-agent-system.md	docs/how-to/cut-a-release.md|docs/process/obligations/0217-the-site-review-marker-lives-in-the-common-directory-of-a-clone-so-one-worktree-s-unreviewed-merge-blocks-the-push-of-every-worktree.md|docs/explanations/how-a-headwater-release-reaches-an-adopter.md|docs/process/decisions/0014-the-boundary-against-a-fork-is-the-approval-of-outside-runs-and-a-person-reads-a-github-diff-before-approving-one.md|docs/how-to/relocate-a-shelf.md|docs/decisions/0077-the-consumer-surface-is-what-an-adopter-receives-runs-and-must-have-installed-and-it-is-a-closed-and-declared-list.md|docs/how-to/rotate-or-revoke-the-apt-signing-subkey.md|docs/decisions/0019-inbound-integration-an-external-system-of-record.md|docs/obligations/0031-list-extension-in-an-add-only-overlay.md|docs/decisions/0095-q67-one-library-entry-may-address-the-keys-of-an-entry-it-names-in-requires-and-confluence-holds-over-the-dependency-order.md
cde948f1-7678-472f-a9d0-737973c0f5a8	overlap	2026-10-02T04:29:12Z	27932fca-1984-48f7-adfa-897fb3daf4cb.jsonl	2	sha256:270609bef69353bde87b7f1c58d4dd2ace43c78267c91ef988f1b2f6d2caa07b	docs/decisions/0059-a-transform-over-a-harness-session-log-is-an-observed-transcript-when-the-log-arrives-by-a-channel-the-model-cannot-write-to.md|docs/obligations/0159-a-sentence-that-opens-with-a-hash-and-an-issue-number-is-folded-into-the-sentence-before-it.md|docs/requirements/0005-a-code-path-names-every-document-that-governs-it.md|docs/spec/16-harness-support.md|docs/probes/the-authoring-skill-reaches-an-agent-that-is-about-to-write-a-governed-document.md	docs/spec/16-harness-support.md|docs/decisions/0055-a-hook-reads-a-wire-format-through-the-engine-and-not-through-an-interpreter.md|docs/decisions/0059-a-transform-over-a-harness-session-log-is-an-observed-transcript-when-the-log-arrives-by-a-channel-the-model-cannot-write-to.md|docs/obligations/0230-comments-in-the-command-surface-crates-and-their-subsystem-spec-state-eight-stale-facts.md|docs/probe-runs/regression-probe-transcript-for-2026-09-11.md|docs/probes/a-session-answers-from-the-register-without-opening-the-question-it-replaced.md|docs/obligations/0131-the-cli-crate-wires-every-verb-and-carries-no-tests-so-two-wiring-defects-passed-a-green-suite.md|docs/process/obligations/0231-five-run-tooling-gaps-from-run-20261001-1107-filed-together.md|docs/probe-runs/second-campaign-pilot-of-2026-09-28-campaign-tier-present-arm-navigability.md|docs/obligations/0082-the-lock-is-half-generated-and-half-authored-and-nothing.md
0045249d-c1d3-4902-be28-872e75988af3	overlap	2026-10-01T01:04:52Z	5046c7ca-5d4f-4be0-8532-2a95ed278447.jsonl	14	sha256:a827b59d7ccf6fbec7126139a94fde690669e949e5c315b8dc96b9b0bf18bc63	docs/evaluations/why-corpus-counts-are-derived-not-stored.md|docs/interfaces/headwater-derived.md|docs/obligations/0198-nothing-states-how-much-of-a-session-s-budget-the-standing-instructions-consume-before-work-starts.md|docs/process/evaluations/one-clone-many-agents-how-this-repository-isolates-the-sessions-that-build-it.md|docs/process/specs/orchestration-architecture.md	docs/process/obligations/0224-thirteen-run-tooling-gaps-from-run-20260928-1109-filed-together.md|docs/process/obligations/0225-eight-run-tooling-gaps-from-run-20260929-1205-filed-together.md|docs/process/obligations/0221-subagents-read-skills-from-the-shared-checkout-and-a-worktree-isolated-integrator-cannot-fast-forward-it-after-a-merge.md|docs/obligations/0198-nothing-states-how-much-of-a-session-s-budget-the-standing-instructions-consume-before-work-starts.md|docs/process/evaluations/one-clone-many-agents-how-this-repository-isolates-the-sessions-that-build-it.md|docs/evaluations/language-choice.md|docs/obligations/0223-no-run-measures-whether-the-documents-under-docs-change-what-an-agent-builds.md|docs/process/decisions/0022-the-verify-and-rework-loop-for-one-issue-runs-below-the-parent.md|docs/obligations/0076-a-generated-check-reads-its-severity-from-the-taxonomy.md|docs/process/decisions/0008-the-board-has-an-owner-of-its-structure-and-its-milestones-are-capped-versions.md
159854df-c46a-48e3-8c52-143e11275018	overlap	2026-09-30T11:42:44Z	1338ac1e-5046-4dce-9ea3-0064ffdac44d.jsonl	26	sha256:533465905d3c80b9f7aac83d620a02b33517278ad984baef0e13271e304e33ac	docs/probes/a-cold-agent-reaches-the-governing-document-through-the-corpus-descriptor.md|docs/how-to/mine-the-shadow-mode-routing-log.md|docs/process/explanations/where-a-ci-job-runs.md|docs/obligations/0197-a-superseded-document-claims-no-reliance-and-nothing-measures-whether-a-session-honors-that.md|docs/evaluations/the-pointer-probe-grades-a-session-against-the-router-s-own-first-pick-so-a-correct-session-that-declines-a-wrong-pointer-fails.md	docs/evaluations/a-probe-task-section-is-the-prompt-so-commentary-under-that-heading-is-prompt.md|docs/probes/a-counted-tombstone-separates-a-withheld-answer-from-an-absent-answer.md|docs/probe-runs/status-probe-pilot-of-2026-09-29-campaign-tier-present-arm-sufficiency.md|docs/probe-runs/status-probe-pilot-of-2026-09-29-campaign-tier-absent-arm-sufficiency.md|docs/obligations/0014-no-probe-tests-whether-an-agent-reaches-the-adjudication-from.md|docs/probe-runs/campaign-of-2026-09-28-documentation-tier-absent-arm-sufficiency.md|docs/evaluations/the-pointer-probe-grades-a-session-against-the-router-s-own-first-pick-so-a-correct-session-that-declines-a-wrong-pointer-fails.md|docs/how-to/mine-the-shadow-mode-routing-log.md|docs/evaluations/external-evaluation-harnesses-and-benchmarks-for-the-probe-campaign.md|docs/probe-runs/campaign-of-2026-09-28-campaign-tier-absent-arm-sufficiency.md
6f923473-531b-447d-8461-cc1f92aa29c6	overlap	2026-09-27T04:48:19Z	e71207ac-88d7-481d-97f1-67d111b2fa22.jsonl	1	sha256:60632fb0cf5fee9eae88dbdfc23831a8ce4e4a4a0e7d77441e4c50ca8cb96b87	docs/probes/the-pointer-this-corpus-offers-for-a-task-is-the-document-a-session-opens.md|docs/how-to/diagnose-an-isolation-failure.md|docs/interfaces/headwater-new.md|docs/decisions/0036-q36-which-of-mkdocs-docusaurus-or-astro-this-corpus-emits-navigation-for-and-why.md|docs/requirements/0002-every-document-of-a-kind-that-requires-sections-carries-all-of-them.md	docs/obligations/0057-a-retrofit-cannot-recover-the-two-dates-or-the-acceptance.md|docs/obligations/0019-whether-any-corpus-needs-a-second-export-profile.md|docs/probe-runs/regression-probe-transcript-for-2026-09-17-after-the-probe-corrections.md|docs/requirements/0001-the-engine-reaches-no-network-at-check-time.md|docs/decisions/0036-q36-which-of-mkdocs-docusaurus-or-astro-this-corpus-emits-navigation-for-and-why.md|docs/probe-runs/regression-probe-transcript-for-2026-09-11.md|docs/probe-runs/regression-probe-transcript-for-2026-09-16.md|docs/obligations/0100-the-size-of-a-committed-snapshot-with-full-requirement-text.md|docs/decisions/0078-a-recorded-terminal-demonstration-may-show-a-frozen-number-behind-a-recorded-on-date-marker.md|docs/obligations/0011-nothing-has-been-promoted-out-of-the-synthesized-tier.md
b1dca3a6-2bd5-4565-9aa0-18243cdbf359	overlap	2026-10-01T10:37:49Z	5046c7ca-5d4f-4be0-8532-2a95ed278447.jsonl	19	sha256:9d52d73599b1ef7531b217fa8e4ed807c9dac3416cd29833dc195956b109f26e	docs/decisions/0025-q25-where-the-namespace-goes-in-an-identifier-and-who-declares-it.md|docs/process/obligations/0216-two-merge-hooks-of-this-repository-print-a-resolve-flag-that-the-verb-refuses.md|docs/acceptance-criteria/0002-every-required-section-of-every-governed-document-has-a-heading.md|docs/subsystems/taxonomy-resolution.md|docs/probe-runs/regression-probe-transcript-for-2026-09-11.md	docs/process/decisions/0017-ci-concurrency-is-per-ref-and-every-ref-but-main-cancels-a-superseded-run.md|docs/process/obligations/0216-two-merge-hooks-of-this-repository-print-a-resolve-flag-that-the-verb-refuses.md|docs/decisions/0052-a-document-is-proposed-at-the-state-it-will-hold-and-the-merge-activates-it.md|docs/process/obligations/0203-three-small-run-tooling-gaps-from-run-20260922-1121-filed-together.md|docs/process/obligations/0212-ci-done-sh-reads-a-cancelled-run-of-another-branch-as-a-red-result-on-a-main-merge-commit.md|docs/process/obligations/0227-seven-run-tooling-gaps-from-run-20260929-2201-filed-together.md|docs/obligations/0204-docs-decisions-0077-still-describes-hw-dr-0049-s-rewrite-as-pending-after-574-made-it.md|docs/how-to/diagnose-an-isolation-failure.md|docs/obligations/0096-whether-anything-is-ever-promoted-out-of-the-asserted-tier.md|docs/decisions/0021-terminological-succession-and-validity-under-merge.md
371d8fb1-e7ca-462f-9947-a8a12a0fafd1	overlap	2026-09-23T09:30:13Z	84279983-664a-4790-85bb-ba4ae5bce75f.jsonl	6	sha256:55937f36c45ccd7dcae2ba247d232c1e522bf6fb51e4e0127efc3a5c3befdb79	docs/how-to/mine-the-shadow-mode-routing-log.md|docs/tutorials/your-first-governed-corpus.md|docs/how-to/relocate-a-shelf.md|docs/how-to/diagnose-an-isolation-failure.md	docs/obligations/0198-nothing-states-how-much-of-a-session-s-budget-the-standing-instructions-consume-before-work-starts.md|docs/how-to/mine-the-shadow-mode-routing-log.md|docs/interfaces/headwater-completions.md|docs/probes/a-cold-agent-reaches-the-governing-document-through-the-corpus-descriptor.md|docs/evaluations/one-clone-many-agents-how-this-repository-isolates-the-sessions-that-build-it.md|docs/how-to/diagnose-an-isolation-failure.md|docs/interfaces/headwater-route.md|docs/probes/an-agent-reaches-the-adjudication-from-the-document-that-lost-it.md|docs/evaluations/a-probe-task-section-is-the-prompt-so-commentary-under-that-heading-is-prompt.md|docs/interfaces/headwater-help.md
71110b24-5d3c-4288-a5fc-a522ea7563e6	overlap	2026-09-23T23:39:08Z	afc7b001-ab3d-520a-ac4a-e83f3ae7de9c.jsonl	1	sha256:9659eceeb832f61d47ff57a7f1c6149b360f9a97c16acf5f8a608d24508197c7	docs/how-to/diagnose-an-isolation-failure.md|docs/process/decisions/0007-a-background-wait-caps-below-the-cache-lifetime-and-re-issues-itself.md|docs/obligations/0178-the-every-instance-report-detail-reaches-four-test-files-and-no-caller-outside-them.md|docs/acceptance-criteria/0001-no-source-file-of-the-engine-names-a-network-api-and-no-locked-dependency-provides-one.md|docs/interfaces/headwater-merge-driver.md	docs/reviews/the-sixty-four-restored-help-strings-checked-against-the-binary.md|docs/process/decisions/0007-a-background-wait-caps-below-the-cache-lifetime-and-re-issues-itself.md|docs/obligations/0202-a-bare-none-footprint-is-claimed-as-a-literal-path-so-two-disjoint-issues-collide.md|docs/obligations/0077-a-fragment-on-a-path-needs-a-grain-that-no-scope-supplies.md|docs/obligations/0028-a-run-cannot-report-the-corpus-tree-because-nothing-computes.md|docs/obligations/0037-the-register-is-not-a-projection-of-the-lock-alone-so-generate.md|docs/obligations/0015-imported-edge-staleness-is-unmeasured-against-scaffolded-edges.md|docs/decisions/0019-inbound-integration-an-external-system-of-record.md|docs/decisions/0039-q39-how-a-figure-reaches-a-hand-built-page.md|docs/obligations/0009-the-shape-origin-finding-rate-is-already-zero.md
7c02b7b6-1dbe-452e-86e6-5c0f51465516	overlap	2026-10-03T03:14:16Z	19b6d2bc-015d-4b01-a550-ff6f9bb9896e.jsonl	45	sha256:58e5eced14dccf76012616ea8cbe1876884635f9657d117883604c72e9397488	docs/obligations/0012-the-human-half-of-the-public-presence-claim-has-no-instrument.md|docs/interfaces/headwater-show.md|docs/process/decisions/0020-merges-go-through-the-github-merge-queue-one-squash-commit-per-pull-request.md|docs/obligations/0007-no-count-exists-of-adopters-who-stopped-at-the-license-terms.md|docs/process/explanations/where-a-ci-job-runs.md	docs/obligations/0096-whether-anything-is-ever-promoted-out-of-the-asserted-tier.md|docs/decisions/0080-q66-the-corpus-dashboard-ships-free-and-self-hosted-with-tenant-isolation-stated-as-a-data-model-constraint-from-day-one.md|docs/decisions/0031-q31-whether-this-repository-becomes-public-and-when.md|docs/obligations/0204-docs-decisions-0077-still-describes-hw-dr-0049-s-rewrite-as-pending-after-574-made-it.md|docs/obligations/0011-one-document-has-been-promoted-out-of-the-synthesized-tier-and-no-rate-says-whether-the-tier-drains.md|docs/process/obligations/0207-the-plan-usage-of-one-issue-is-known-only-as-the-average-of-its-run.md|docs/obligations/0130-the-publication-date-of-this-repository-is-unset-and-the-owner-alone-sets-it.md|docs/process/decisions/0020-merges-go-through-the-github-merge-queue-one-squash-commit-per-pull-request.md|docs/obligations/0182-the-publish-crates-retry-loop-has-no-retry-ceiling.md|docs/decisions/0041-q41-whether-vale-becomes-a-declared-regime-backend.md
a0697f2c-6882-4957-a3aa-53084b680065	overlap	2026-10-02T10:15:28Z	e76bf2d4-45d1-4be4-b7a5-a53f65aea484.jsonl	12	sha256:3e18d3a62b5f8dbbb7c6c2c21cf48b46d8bd257b69ec5f28c1900a215673fbd6	docs/probes/the-pointer-this-corpus-offers-for-a-task-is-the-document-a-session-opens.md|docs/decisions/0034-q34-whether-acceptance-means-merged-to-main-and-what-an-agent-may-write-before-that.md|docs/requirements/0001-the-engine-reaches-no-network-at-check-time.md|docs/interfaces/headwater-sweep.md|docs/obligations/0146-the-stop-hook-reads-its-re-entry-guard-with-an-interpreter-it-does-not-require-so-a-machine-with-no-python3-re-blocks-the-same-turn.md	docs/obligations/0146-the-stop-hook-reads-its-re-entry-guard-with-an-interpreter-it-does-not-require-so-a-machine-with-no-python3-re-blocks-the-same-turn.md|docs/process/decisions/0021-a-subagent-waits-in-the-foreground-because-a-background-wait-wakes-its-parent.md|docs/obligations/0196-a-relation-writes-a-state-onto-a-kind-that-binds-no-lifecycle-regime-and-nothing-reads-that-pair.md|docs/process/decisions/0007-a-background-wait-caps-below-the-cache-lifetime-and-re-issues-itself.md|docs/process/obligations/0212-ci-done-sh-reads-a-cancelled-run-of-another-branch-as-a-red-result-on-a-main-merge-commit.md|docs/obligations/0013-no-probe-tests-whether-a-counted-tombstone-stops-a-confident.md|docs/obligations/0114-a-control-that-names-a-sweep-marks-its-obligation-verified-with-nothing-run.md|docs/process/obligations/0145-the-ci-job-named-advisory-carries-every-blocking-shell-suite-in-the-repository.md|docs/process/decisions/0017-ci-concurrency-is-per-ref-and-every-ref-but-main-cancels-a-superseded-run.md|docs/probe-runs/campaign-of-2026-09-30-campaign-tier-absent-arm-discovery.md
2382b4a3-bc72-40ca-b0b7-5216df35004a	overlap	2026-09-23T23:49:42Z	e2a9988f-b810-4212-9221-6df09ed86845.jsonl	69	sha256:29ab93001178da2c9b0a24e819afc8c1147909fd83df342a51b9e3782bd0809e	docs/evaluations/two-triggers-one-verdict-how-this-repository-s-ci-decides-where-a-job-runs-and-what-it-trusts.md|docs/decisions/0076-a-probe-budget-prices-a-run-identity-fixed-before-the-run-and-a-committed-transcript-and-a-sweep-has-neither.md|docs/spec/16-harness-support.md|docs/obligations/0182-the-publish-crates-retry-loop-has-no-retry-ceiling.md|docs/evaluations/why-corpus-counts-are-derived-not-stored.md	docs/interfaces/headwater-change.md|docs/obligations/0182-the-publish-crates-retry-loop-has-no-retry-ceiling.md|docs/interfaces/headwater-merge-driver.md|docs/obligations/0135-repo-cleanup-names-one-cause-for-a-gone-upstream-and-this-repository-produced-a-second.md|docs/decisions/0072-the-binary-is-the-only-interface-an-adopter-must-run-and-every-integration-point-outside-it-is-declared.md|docs/decisions/0060-the-engine-s-version-stays-one-number-and-a-build-s-exact-commit-is-a-separate-unwired-fact.md|docs/obligations/0206-hw-run-policy-names-a-worktree-add-workaround-that-write-edit-refuses-under-this-harness.md|docs/decisions/0077-the-consumer-surface-is-what-an-adopter-receives-runs-and-must-have-installed-and-it-is-a-closed-and-declared-list.md|docs/obligations/0203-three-small-run-tooling-gaps-from-run-20260922-1121-filed-together.md|docs/obligations/0179-the-commit-gate-checks-prose-with-a-binary-it-never-compares-against-the-engine-sources.md
6753227a-ac73-4879-b730-46a29d2e5540	overlap	2026-09-23T07:16:11Z	443003b8-7ba4-4f4c-875d-9f3402fc5c40.jsonl	4	sha256:a2571c1100d61c855fecca85d813775f2b42c15ef95f64a7b1b4790251be9a17	docs/requirements/0002-every-document-of-a-kind-that-requires-sections-carries-all-of-them.md|docs/how-to/relocate-a-shelf.md|docs/evaluations/two-triggers-one-verdict-how-this-repository-s-ci-decides-where-a-job-runs-and-what-it-trusts.md|docs/decisions/0073-a-verification-is-a-kind-and-its-identity-is-minted-rather-than-found-in-the-code-that-cites-it.md|docs/interfaces/headwater-change.md	docs/evaluations/one-clone-many-agents-how-this-repository-isolates-the-sessions-that-build-it.md|docs/obligations/0108-an-agent-writes-the-acceptance-stamp-of-every-document-in-this-corpus.md|docs/process/decisions/0001-orchestration-prose-has-one-owner-per-sentence.md|docs/process/decisions/0003-a-dispatch-pays-when-it-retires-more-parent-turns-than-it-costs.md|docs/obligations/0007-no-count-exists-of-adopters-who-stopped-at-the-license-terms.md|docs/evaluations/two-triggers-one-verdict-how-this-repository-s-ci-decides-where-a-job-runs-and-what-it-trusts.md|docs/decisions/0077-the-consumer-surface-is-what-an-adopter-receives-runs-and-must-have-installed-and-it-is-a-closed-and-declared-list.md|docs/how-to/mine-the-shadow-mode-routing-log.md|docs/obligations/0080-changed-only-is-the-content-addressed-cache-under-another-name.md|docs/obligations/0033-a-required-declaration-that-an-overlay-may-supply.md
3fc05ed9-8cdb-4b39-95c7-9c66681eb1c9	overlap	2026-09-24T00:56:29Z	afc7b001-ab3d-520a-ac4a-e83f3ae7de9c.jsonl	11	sha256:440525b69619476a15c2f2d2b75431223f97dec8a71729b77e528fc9109b2177	docs/probes/the-pointer-this-corpus-offers-for-a-task-is-the-document-a-session-opens.md|docs/how-to/mine-the-shadow-mode-routing-log.md|docs/acceptance-criteria/0001-no-source-file-of-the-engine-names-a-network-api-and-no-locked-dependency-provides-one.md|docs/spec/16-harness-support.md|docs/obligations/0015-imported-edge-staleness-is-unmeasured-against-scaffolded-edges.md	docs/interfaces/headwater-route.md|docs/probes/the-pointer-this-corpus-offers-for-a-task-is-the-document-a-session-opens.md|docs/evaluations/two-triggers-one-verdict-how-this-repository-s-ci-decides-where-a-job-runs-and-what-it-trusts.md|docs/obligations/0198-nothing-states-how-much-of-a-session-s-budget-the-standing-instructions-consume-before-work-starts.md|docs/probes/a-session-answers-from-the-register-without-opening-the-question-it-replaced.md|docs/process/decisions/0005-the-ledger-is-split-its-tabular-parts-are-jsonl-and-its-totals-are-derived.md|docs/decisions/0070-the-matched-purposes-take-turns-at-a-route-budget-and-each-pointer-states-what-reached-it.md|docs/obligations/0149-the-write-time-hook-still-picks-pointer-lines-out-of-prose-by-their-em-dash.md|docs/obligations/0117-a-cached-verdict-about-an-anchor-survives-the-change-that-falsifies-it.md|docs/probes/a-cold-agent-reaches-the-governing-document-through-the-corpus-descriptor.md
75d2f79f-ba9b-490d-b11e-aeb7b661c60e	overlap	2026-09-25T07:13:14Z	861a7465-84b5-4b32-9982-e09f9f38010c.jsonl	22	sha256:9f5fb8a6107693f1032b29685b8f0f0575d92922a1e0007d7f2288df8fdfaa9e	docs/evaluations/graph-export-and-federation.md|docs/how-to/relocate-a-shelf.md|docs/interfaces/headwater-explain.md|docs/obligations/0181-an-unresolved-prose-link-reaches-a-run-as-a-graph-fact-and-no-rule-turns-it-into-a-finding.md|docs/evaluations/the-build-order-as-a-multi-agent-system.md	docs/decisions/0082-the-resolved-taxonomy-is-drawn-by-a-verb-that-prints-mermaid-and-writes-no-file.md|docs/interfaces/headwater-explain.md|docs/decisions/0006-where-the-corpus-graph-lives-at-rest.md|docs/obligations/0214-the-commit-gate-does-not-see-docs-taxonomies-readme-md-drift-from-its-vendored-copy.md|docs/decisions/0009-multi-repository-corpora.md|docs/interfaces/headwater-infer.md|docs/obligations/0085-headwater-init-cannot-reach-a-package-that-is-not-already.md|docs/obligations/0072-a-cache-of-check-results-does-not-make-a-run-proportional.md|docs/obligations/0052-a-document-has-no-identifier-and-every-relation-target-must.md|docs/obligations/0151-the-glossary-s-package-entry-omits-conformance-and-still-lists-plugins-which-367-dropped.md
0cba6bae-9dfd-4037-8075-c9ffb949a771	overlap	2026-09-27T03:49:24Z	ee0f0553-b96b-4aa7-9071-7fab349c0c0c.jsonl	9	sha256:98839be86664a1dfed4c942ec0f582e8ec68d267851a28f514fcff9b5852c4dd	docs/how-to/cut-a-release.md|docs/interfaces/headwater-sweep.md|docs/obligations/0115-a-pinned-digest-authenticates-the-pin-and-never-the-publisher.md|docs/how-to/relocate-a-shelf.md|docs/spec/16-harness-support.md	docs/decisions/0019-inbound-integration-an-external-system-of-record.md|docs/obligations/0148-the-help-assertion-never-asks-a-subcommand-and-no-rust-version-declares-the-floor-clap-now-sits-on.md|docs/decisions/0046-migrating-from-version-carries-a-semver-and-a-release-digest-kept-as-separate-fields.md|docs/obligations/0122-nothing-holds-the-conformance-rule-set-of-a-package-a-consumer-takes-from-source.md|docs/obligations/0162-spec-7-prints-a-package-version-that-no-check-compares-with-the-recipe.md|docs/how-to/relocate-a-shelf.md|docs/probe-runs/regression-probe-transcript-for-2026-09-16.md|docs/interfaces/headwater-neighbors.md|docs/decisions/0033-q33-whether-the-command-line-is-derived-and-who-a-flag-belongs-to.md|docs/obligations/0115-a-pinned-digest-authenticates-the-pin-and-never-the-publisher.md
deb36747-77f5-4fd7-97a8-b54eaff4fe14	overlap	2026-10-03T02:56:59Z	daec6d89-3012-45ce-9f8d-d4c6824c1830.jsonl	9	sha256:20b232a9b4f445c9444765375e828b970ead4273552bcf09e0ca8e91ab1f36a7	docs/process/decisions/0020-merges-go-through-the-github-merge-queue-one-squash-commit-per-pull-request.md|docs/process/obligations/0216-two-merge-hooks-of-this-repository-print-a-resolve-flag-that-the-verb-refuses.md|docs/requirements/0005-a-code-path-names-every-document-that-governs-it.md|docs/process/explanations/where-a-ci-job-runs.md|docs/evaluations/why-corpus-counts-are-derived-not-stored.md	docs/process/decisions/0017-ci-concurrency-is-per-ref-and-every-ref-but-main-cancels-a-superseded-run.md|docs/process/explanations/where-a-ci-job-runs.md|docs/obligations/0204-docs-decisions-0077-still-describes-hw-dr-0049-s-rewrite-as-pending-after-574-made-it.md|docs/subsystems/authoring.md|docs/process/decisions/0020-merges-go-through-the-github-merge-queue-one-squash-commit-per-pull-request.md|docs/how-to/diagnose-an-isolation-failure.md|docs/how-to/cut-a-release.md|docs/process/obligations/0216-two-merge-hooks-of-this-repository-print-a-resolve-flag-that-the-verb-refuses.md|docs/how-to/relocate-a-shelf.md|docs/decisions/0052-a-document-is-proposed-at-the-state-it-will-hold-and-the-merge-activates-it.md
866aeaf4-ce0f-4605-836f-b425fe10d744	overlap	2026-10-03T02:14:30Z	daec6d89-3012-45ce-9f8d-d4c6824c1830.jsonl	5	sha256:706fa74bee9fe18887e60332db5dd2085f579f4a2ae7b1d81a129710470c4d5e	docs/how-to/diagnose-an-isolation-failure.md|docs/evaluations/capability-bundle-address-inventory.md|docs/process/decisions/0007-a-background-wait-caps-below-the-cache-lifetime-and-re-issues-itself.md|docs/interfaces/headwater-change.md|docs/process/obligations/0221-subagents-read-skills-from-the-shared-checkout-and-a-worktree-isolated-integrator-cannot-fast-forward-it-after-a-merge.md	docs/process/decisions/0017-ci-concurrency-is-per-ref-and-every-ref-but-main-cancels-a-superseded-run.md|docs/process/obligations/0216-two-merge-hooks-of-this-repository-print-a-resolve-flag-that-the-verb-refuses.md|docs/process/decisions/0004-coordination-is-a-create-only-claim-and-authority-stays-on-the-tree.md|docs/process/obligations/0210-no-fixture-holds-the-symlink-case-of-new-worktree-sh-and-a-bare-name-of-two-dots-leaves-a-branch-behind.md|docs/how-to/cut-a-release.md|docs/obligations/0144-the-cache-identity-test-reads-the-live-working-tree-so-an-edit-during-the-run-reports-the-correctness-root-as-violated.md|docs/process/obligations/0221-subagents-read-skills-from-the-shared-checkout-and-a-worktree-isolated-integrator-cannot-fast-forward-it-after-a-merge.md|docs/obligations/0135-repo-cleanup-names-one-cause-for-a-gone-upstream-and-this-repository-produced-a-second.md|docs/process/obligations/0217-the-site-review-marker-lives-in-the-common-directory-of-a-clone-so-one-worktree-s-unreviewed-merge-blocks-the-push-of-every-worktree.md|docs/interfaces/headwater-new.md
725b0469-2cc0-4c54-8766-c67b45295c1b	overlap	2026-10-02T10:08:12Z	1f8ffc5b-6498-4c89-ac19-72928092f21b.jsonl	23	sha256:fa4baffe4454f626349f90a5c39010b61e40805b944f72eefab5435bfbcf9f87	docs/interfaces/headwater-derived.md|docs/probes/a-session-records-an-unmeasured-claim-in-the-shape-this-corpus-checks.md|docs/how-to/diagnose-an-isolation-failure.md|docs/process/decisions/0023-a-build-order-parent-restarts-every-few-merges-drains-to-zero-first-and-resumes-from-the-handover-files-on-disk.md|docs/acceptance-criteria/0003-check-reports-a-document-path-written-as-a-relation-target-once-in-every-spelling-and-through-a-symlink.md	docs/obligations/0208-four-small-test-and-wording-gaps-from-run-20260923-0733-filed-together.md|docs/probes/a-counted-tombstone-separates-a-withheld-answer-from-an-absent-answer.md|docs/requirements/0002-every-document-of-a-kind-that-requires-sections-carries-all-of-them.md|docs/decisions/0016-public-presence.md|docs/evaluations/external-evaluation-harnesses-and-benchmarks-for-the-probe-campaign.md|docs/probe-runs/status-probe-pilot-of-2026-09-29-campaign-tier-present-arm-sufficiency.md|docs/probe-results/tombstone-probe-pilot-of-2026-09-29-campaign-tier-present-arm-sufficiency.md|docs/subsystems/command-surface.md|docs/reviews/core-concepts-review-prompt.md|docs/how-to/diagnose-an-isolation-failure.md
db8e62af-829a-4e1e-a4e8-06fb258de53a	overlap	2026-09-26T13:26:52Z	ee0f0553-b96b-4aa7-9071-7fab349c0c0c.jsonl	1	sha256:97afd49184a50a0a30830dbafccf0d4bb8d652e92becb246ad18471f8f0c3a96	docs/decisions/0039-q39-how-a-figure-reaches-a-hand-built-page.md|docs/decisions/0037-q37-which-parts-of-the-site-are-hand-built-and-which-are-a-projection-of-this-corpus.md|docs/decisions/0023-the-engine-lint-floor.md|docs/requirements/0001-the-engine-reaches-no-network-at-check-time.md|docs/evaluations/n8n-worked-example.md	docs/obligations/0216-two-merge-hooks-of-this-repository-print-a-resolve-flag-that-the-verb-refuses.md|docs/decisions/0039-q39-how-a-figure-reaches-a-hand-built-page.md|docs/how-to/wire-headwater-check-into-your-own-workflow.md|docs/obligations/0204-docs-decisions-0077-still-describes-hw-dr-0049-s-rewrite-as-pending-after-574-made-it.md|docs/interfaces/headwater-sweep.md|docs/decisions/0052-a-document-is-proposed-at-the-state-it-will-hold-and-the-merge-activates-it.md|docs/obligations/0215-a-bless-run-of-the-conformance-render-tests-races-two-tests-over-one-fixture-file.md|docs/interfaces/headwater-change.md|docs/obligations/0212-ci-done-sh-reads-a-cancelled-run-of-another-branch-as-a-red-result-on-a-main-merge-commit.md|docs/interfaces/headwater-check.md
a154b120-d0b1-4336-87fa-3fae9bce4171	overlap	2026-10-02T11:24:31Z	fceea6f0-d151-49fc-830a-7ed8d60e826c.jsonl	20	sha256:7f8b7cf2937b5847a6d17b17831ca541d27cf3625a97a0abdb4c936ef8b8dbc9	docs/how-to/rotate-or-revoke-the-apt-signing-subkey.md|docs/process/obligations/0220-no-disk-floor-is-stated-for-a-build-order-run-and-nothing-prunes-the-cargo-pool.md|docs/interfaces/headwater-show.md|docs/process/evaluations/two-triggers-one-verdict-how-this-repository-s-ci-decides-where-a-job-runs-and-what-it-trusts.md|docs/acceptance-criteria/0003-check-reports-a-document-path-written-as-a-relation-target-once-in-every-spelling-and-through-a-symlink.md	docs/process/obligations/0220-no-disk-floor-is-stated-for-a-build-order-run-and-nothing-prunes-the-cargo-pool.md|docs/obligations/0008-an-adoption-payload-has-a-first-reading-and-no-elapsed-time.md|docs/reviews/core-concepts-review-findings.md|docs/decisions/0047-how-the-two-halves-of-the-site-share-one-host.md|docs/process/obligations/0207-the-plan-usage-of-one-issue-is-known-only-as-the-average-of-its-run.md|docs/how-to/keep-derived-files-from-conflicting-in-parallel-pull-requests.md|docs/process/evaluations/the-build-order-as-a-multi-agent-system.md|docs/obligations/0138-the-rest-of-the-editorial-pass-with-cli-src-main-rs-at-the-head-of-the-distribution.md|docs/obligations/0072-a-cache-of-check-results-does-not-make-a-run-proportional.md|docs/process/decisions/0006-the-entrypoint-keeps-its-name-and-becomes-a-resumable-run.md
e741bd65-ac21-4eac-a2e9-0a40a57fc22b	overlap	2026-09-28T02:36:50Z	b5554ef1-29fb-41ec-8ac7-4d043f9e3e0e.jsonl	49	sha256:53f9673f75634935b9439f1b7fcafcd9d6cfdc1f9b5859750beec5b1991ad166	docs/evaluations/language-spike-results.md|docs/evaluations/adjacent-work.md|docs/evaluations/what-a-check-can-know.md|docs/evaluations/inspect-evals-worked-example.md	docs/evaluations/one-clone-many-agents-how-this-repository-isolates-the-sessions-that-build-it.md|docs/how-to/diagnose-an-isolation-failure.md|docs/evaluations/harper-spike-results.md|docs/decisions/0042-q42-what-one-screen-means-for-the-first-help-screen.md|docs/obligations/0143-a-specification-sentence-closes-a-set-with-a-count-the-source-exceeds-and-115-of-127-candidates-are-unchecked.md|docs/reviews/core-concepts-review-findings.md|docs/obligations/0058-no-relation-records-that-one-argument-settled-several.md|docs/obligations/0159-a-sentence-that-opens-with-a-hash-and-an-issue-number-is-folded-into-the-sentence-before-it.md|docs/obligations/0063-an-anchor-that-resolves-inside-a-declared-exclusion.md|docs/evaluations/language-spike-results.md
8859414f-047e-4627-8477-b847f69c371e	overlap	2026-10-02T07:57:19Z	27932fca-1984-48f7-adfa-897fb3daf4cb.jsonl	8	sha256:4df12a80336bf3683b8433c1dba4a5cdee490f76091152cc5a8f9d42a6bddbac	docs/process/explanations/where-a-ci-job-runs.md|docs/obligations/0167-the-default-branch-requires-no-approving-review-which-is-the-condition-hw-dr-0034-named-as-reopening-it.md|docs/process/obligations/0210-no-fixture-holds-the-symlink-case-of-new-worktree-sh-and-a-bare-name-of-two-dots-leaves-a-branch-behind.md|docs/obligations/0073-the-prior-version-still-owes-the-key-edit-that-the-clock.md|docs/process/obligations/0212-ci-done-sh-reads-a-cancelled-run-of-another-branch-as-a-red-result-on-a-main-merge-commit.md	docs/obligations/0135-repo-cleanup-names-one-cause-for-a-gone-upstream-and-this-repository-produced-a-second.md|docs/process/decisions/0017-ci-concurrency-is-per-ref-and-every-ref-but-main-cancels-a-superseded-run.md|docs/process/decisions/0014-the-boundary-against-a-fork-is-the-approval-of-outside-runs-and-a-person-reads-a-github-diff-before-approving-one.md|docs/interfaces/headwater-merge-driver.md|docs/process/obligations/0217-the-site-review-marker-lives-in-the-common-directory-of-a-clone-so-one-worktree-s-unreviewed-merge-blocks-the-push-of-every-worktree.md|docs/obligations/0032-a-remove-that-orphans-a-name-is-refused-and-the-message-names.md|docs/process/obligations/0210-no-fixture-holds-the-symlink-case-of-new-worktree-sh-and-a-bare-name-of-two-dots-leaves-a-branch-behind.md|docs/obligations/0167-the-default-branch-requires-no-approving-review-which-is-the-condition-hw-dr-0034-named-as-reopening-it.md|docs/obligations/0176-a-blessed-fixture-is-read-by-a-sibling-case-that-runs-while-the-write-truncates-it.md|docs/process/obligations/0216-two-merge-hooks-of-this-repository-print-a-resolve-flag-that-the-verb-refuses.md
c869ff74-a11e-4792-948d-4513de8090d1	overlap	2026-09-30T12:26:13Z	9b498bd1-c699-4fbb-8e9b-2ea80828ebe8.jsonl	23	sha256:b59c0cdf28472c05d0edf7a2e7ad376c086d2783f31ee65932071bf83c68bf02	docs/evaluations/capability-bundle-address-inventory.md|docs/how-to/diagnose-an-isolation-failure.md|docs/obligations/0216-two-merge-hooks-of-this-repository-print-a-resolve-flag-that-the-verb-refuses.md|docs/interfaces/headwater-merge-driver.md|docs/process/decisions/0020-merges-go-through-the-github-merge-queue-one-squash-commit-per-pull-request.md	docs/reviews/core-concepts-review-findings.md|docs/process/obligations/0227-seven-run-tooling-gaps-from-run-20260929-2201-filed-together.md|docs/process/specs/orchestration-architecture.md|docs/how-to/diagnose-an-isolation-failure.md|docs/interfaces/headwater-init.md|docs/evaluations/schema-format-walkthrough.md|docs/evaluations/adjacent-work.md|docs/spec/07-distribution-and-federation.md|docs/spec/13-open-obligations.md|docs/evaluations/inspect-evals-worked-example.md
3f0c59cd-a7f3-4518-8d30-4ea4efdc52d0	overlap	2026-09-28T03:57:07Z	2982dfd0-b125-4422-9acb-54038ad116ec.jsonl	1	sha256:6b2c17e62694bc53a68a73219bbcb919b353f5f422e222d87b6a5c4681be32e2	docs/how-to/diagnose-an-isolation-failure.md|docs/spec/07-distribution-and-federation.md|docs/requirements/0002-every-document-of-a-kind-that-requires-sections-carries-all-of-them.md|docs/evaluations/governs-edges-what-an-anchor-reaches-what-covers-it-when-it-ages-and-where-a-session-meets-it.md|docs/decisions/0029-q29-whether-a-corpus-root-may-contain-code-and-what-an-interface-contract-may-reach.md	docs/evaluations/n8n-worked-example.md|docs/evaluations/governs-edges-what-an-anchor-reaches-what-covers-it-when-it-ages-and-where-a-session-meets-it.md|docs/obligations/0071-a-corpus-scoped-check-makes-the-coverage-rule-unreachable.md|docs/decisions/0029-q29-whether-a-corpus-root-may-contain-code-and-what-an-interface-contract-may-reach.md|docs/obligations/0188-the-negative-compliance-edge-and-the-governance-precedence-clause-contradict.md|docs/evaluations/what-a-check-can-know.md|docs/evaluations/inspect-evals-worked-example.md|docs/obligations/0034-two-rules-of-taxonomy-validate-name-a-declaration.md|docs/interfaces/headwater-change.md|docs/obligations/0070-one-of-the-four-warrant-values-has-no-instance-in-this-corpus.md
7ce7bfb6-5c43-45e2-8f3d-9b5ac92ddfb1	overlap	2026-09-23T07:09:03Z	443003b8-7ba4-4f4c-875d-9f3402fc5c40.jsonl	2	sha256:d5074eb4cbdddc4929fa3c24ca214952ad6443d978eb308584c803cd69f89a07	docs/spec/16-harness-support.md|docs/probe-runs/regression-probe-transcript-for-2026-09-17-after-the-probe-corrections.md|docs/obligations/0167-the-default-branch-requires-no-approving-review-which-is-the-condition-hw-dr-0034-named-as-reopening-it.md|docs/interfaces/headwater-capture.md|docs/reviews/core-concepts-review-prompt.md	docs/spec/13-open-obligations.md|docs/interfaces/headwater-change.md|docs/spec/09-open-questions.md|docs/evaluations/the-build-order-as-a-multi-agent-system.md|docs/interfaces/headwater-route.md|docs/spec/07-distribution-and-federation.md|docs/interfaces/headwater-init.md|docs/evaluations/capability-bundle-address-inventory.md|docs/decisions/0020-where-scent-lives.md|docs/interfaces/headwater-capture.md
e432953f-97e5-4c9f-b94e-7f91fa1192b4	overlap	2026-09-23T06:25:17Z	da1f4143-c68e-4fed-9206-5622636376d5.jsonl	4	sha256:d9dabd94ce24631af3e65993fc93cf6f46566110a0a7bd551995a5795e21a19a	docs/acceptance-criteria/0001-no-source-file-of-the-engine-names-a-network-api-and-no-locked-dependency-provides-one.md|docs/evaluations/two-triggers-one-verdict-how-this-repository-s-ci-decides-where-a-job-runs-and-what-it-trusts.md|docs/how-to/diagnose-an-isolation-failure.md|docs/process/decisions/0007-a-background-wait-caps-below-the-cache-lifetime-and-re-issues-itself.md|docs/spec/00-vision-and-scope.md	docs/decisions/0001-implementation-language.md|docs/spec/06-engine-architecture.md|docs/decisions/0080-q66-the-corpus-dashboard-ships-free-and-self-hosted-with-tenant-isolation-stated-as-a-data-model-constraint-from-day-one.md|docs/interfaces/headwater-capture.md|docs/acceptance-criteria/0001-no-source-file-of-the-engine-names-a-network-api-and-no-locked-dependency-provides-one.md|docs/interfaces/headwater-probe.md|docs/decisions/0036-q36-which-of-mkdocs-docusaurus-or-astro-this-corpus-emits-navigation-for-and-why.md|docs/decisions/0011-license-and-distribution-posture.md|docs/evaluations/graph-export-and-federation.md|docs/obligations/0100-the-size-of-a-committed-snapshot-with-full-requirement-text.md
25da6b35-6cac-4ecf-856e-96023c4ea2e9	overlap	2026-10-02T11:43:58Z	fceea6f0-d151-49fc-830a-7ed8d60e826c.jsonl	25	sha256:8a55d29b71058c766539d92d5088711c1080396180d9fd7d083c135176e240ee	docs/how-to/publish-your-corpus-as-a-site.md|docs/decisions/0092-the-citation-comment-of-spec-5-is-for-an-adopter-s-corpus-and-this-repository-does-not-practice-it-on-its-own-code.md|docs/interfaces/headwater-neighbors.md|docs/acceptance-criteria/0004-each-list-anchor-in-the-native-export-carries-its-sorted-members-and-a-single-pattern-carries-none.md|docs/probe-runs/regression-probe-transcript-for-2026-09-17-after-the-probe-corrections.md	docs/reviews/core-concepts-review-findings-2.md|docs/process/obligations/0224-thirteen-run-tooling-gaps-from-run-20260928-1109-filed-together.md|docs/process/obligations/0225-eight-run-tooling-gaps-from-run-20260929-1205-filed-together.md|docs/spec/07-distribution-and-federation.md|docs/process/decisions/0005-the-ledger-is-split-its-tabular-parts-are-jsonl-and-its-totals-are-derived.md|docs/how-to/cut-a-release.md|docs/evaluations/a-probe-task-section-is-the-prompt-so-commentary-under-that-heading-is-prompt.md|docs/process/obligations/0207-the-plan-usage-of-one-issue-is-known-only-as-the-average-of-its-run.md|docs/process/obligations/0227-seven-run-tooling-gaps-from-run-20260929-2201-filed-together.md|docs/probe-runs/regression-probe-transcript-for-2026-09-17-after-the-probe-corrections.md
06200d40-8cf3-45e2-ae20-e743a17c7816	overlap	2026-10-02T08:19:37Z	27932fca-1984-48f7-adfa-897fb3daf4cb.jsonl	11	sha256:cf025d5df74f38314c9d12a798fa2252822e19c6f690ef7281a5b7a6dffd3bb8	docs/reviews/the-sixty-four-restored-help-strings-checked-against-the-binary.md|docs/how-to/keep-derived-files-from-conflicting-in-parallel-pull-requests.md|docs/process/explanations/where-a-ci-job-runs.md|docs/obligations/0152-ledger-render-in-adoption-rs-has-the-same-zero-count-defect-suppression-rs-had-before-pr-450-still-latent.md|docs/evaluations/why-corpus-counts-are-derived-not-stored.md	docs/process/decisions/0020-merges-go-through-the-github-merge-queue-one-squash-commit-per-pull-request.md|docs/process/explanations/where-a-ci-job-runs.md|docs/process/decisions/0017-ci-concurrency-is-per-ref-and-every-ref-but-main-cancels-a-superseded-run.md|docs/process/obligations/0212-ci-done-sh-reads-a-cancelled-run-of-another-branch-as-a-red-result-on-a-main-merge-commit.md|docs/decisions/0052-a-document-is-proposed-at-the-state-it-will-hold-and-the-merge-activates-it.md|docs/decisions/0021-terminological-succession-and-validity-under-merge.md|docs/obligations/0081-a-published-read-set-never-says-which-instances-must-run-again.md|docs/process/obligations/0216-two-merge-hooks-of-this-repository-print-a-resolve-flag-that-the-verb-refuses.md|docs/obligations/0204-docs-decisions-0077-still-describes-hw-dr-0049-s-rewrite-as-pending-after-574-made-it.md|docs/obligations/0017-publishing-the-read-set-skips-a-re-run-on-two-of-the-eighteen.md
7e91c537-671e-48b0-86af-15975e0e3614	overlap	2026-09-25T09:22:15Z	95744deb-e0e4-4baf-ac7e-0308d70349eb.jsonl	7	sha256:d248235148a74026ea0e77cfdf026e47654ce620a51e7eef6e7798a65b32bb91	docs/probes/a-session-records-an-unmeasured-claim-in-the-shape-this-corpus-checks.md|docs/how-to/mine-the-shadow-mode-routing-log.md|docs/interfaces/headwater-mcp.md|docs/obligations/0200-three-graded-regression-runs-are-owed-a-fresh-recording-against-a-moved-taxonomy-lock.md|docs/probe-runs/regression-probe-transcript-for-2026-09-09.md	docs/how-to/mine-the-shadow-mode-routing-log.md|docs/probes/an-agent-reaches-the-adjudication-from-the-document-that-lost-it.md|docs/probes/a-counted-tombstone-separates-a-withheld-answer-from-an-absent-answer.md|docs/evaluations/a-probe-task-section-is-the-prompt-so-commentary-under-that-heading-is-prompt.md|docs/obligations/0198-nothing-states-how-much-of-a-session-s-budget-the-standing-instructions-consume-before-work-starts.md|docs/obligations/0200-three-graded-regression-runs-are-owed-a-fresh-recording-against-a-moved-taxonomy-lock.md|docs/probes/a-cold-agent-reaches-the-governing-document-through-the-corpus-descriptor.md|docs/decisions/0016-public-presence.md|docs/how-to/diagnose-an-isolation-failure.md|docs/probe-runs/regression-probe-transcript-for-2026-09-09.md
37d0f48a-3ce5-42ee-a148-a8f391d8d551	overlap	2026-09-27T23:19:56Z	b5554ef1-29fb-41ec-8ac7-4d043f9e3e0e.jsonl	34	sha256:1521f316dafd7959c283893433792e48bf73994e0b33d0d0cfa4419436a08692	docs/how-to/relocate-a-shelf.md|docs/evaluations/why-corpus-counts-are-derived-not-stored.md|docs/decisions/0052-a-document-is-proposed-at-the-state-it-will-hold-and-the-merge-activates-it.md|docs/interfaces/headwater-completions.md|docs/obligations/0155-probe-s-fourteen-refusals-have-no-coverage-test-and-three-of-them-are-named-by-no-test-at-all.md	docs/process/decisions/0008-the-board-has-an-owner-of-its-structure-and-its-milestones-are-capped-versions.md|docs/obligations/0209-a-build-order-dispatch-passes-no-isolation-so-a-stage-can-inherit-the-parent-worktree-as-its-working-directory.md|docs/interfaces/headwater-completions.md|docs/decisions/0050-q50-where-the-visual-register-of-the-hand-built-pages-lives.md|docs/process/decisions/0015-a-condition-in-ci-may-take-work-away-and-never-grant-it-so-one-run-per-commit-comes-from-a-job-level-if.md|docs/process/decisions/0019-ci-runs-actions-from-the-actions-organization-only-and-carries-no-build-state-between-self-hosted-jobs.md|docs/obligations/0136-seven-rustdoc-relative-links-in-comments-point-at-pages-the-doc-tree-does-not-have.md|docs/obligations/0213-ci-builds-no-mkdocs-site-so-a-generated-page-under-docs-is-never-checked-against-a-strict-build-before-merge.md|docs/obligations/0211-two-hand-remedy-lines-for-hw-cargo-in-hw-run-policy-may-no-longer-earn-their-cost-on-every-dispatch.md|docs/obligations/0080-changed-only-is-the-content-addressed-cache-under-another-name.md
25db8bed-0c39-41fa-8530-1ce68a439683	overlap	2026-10-02T12:45:16Z	19b6d2bc-015d-4b01-a550-ff6f9bb9896e.jsonl	14	sha256:c70d7825da40c48dfe4b90a5a94bcc030945b724e287170c2c426028262fe301	docs/process/evaluations/the-build-order-as-a-multi-agent-system.md|docs/interfaces/headwater-show.md|docs/process/obligations/0207-the-plan-usage-of-one-issue-is-known-only-as-the-average-of-its-run.md|docs/probe-runs/campaign-of-2026-09-28-campaign-tier-absent-arm-navigability.md|docs/process/specs/orchestration-architecture.md	docs/how-to/diagnose-an-isolation-failure.md|docs/how-to/cut-a-release.md|docs/process/obligations/0207-the-plan-usage-of-one-issue-is-known-only-as-the-average-of-its-run.md|docs/obligations/0130-the-publication-date-of-this-repository-is-unset-and-the-owner-alone-sets-it.md|docs/obligations/0204-docs-decisions-0077-still-describes-hw-dr-0049-s-rewrite-as-pending-after-574-made-it.md|docs/decisions/0096-harper-does-not-become-part-of-the-engine-now-and-q41-stands.md|docs/acceptance-criteria/0004-each-list-anchor-in-the-native-export-carries-its-sorted-members-and-a-single-pattern-carries-none.md|docs/decisions/0052-a-document-is-proposed-at-the-state-it-will-hold-and-the-merge-activates-it.md|docs/obligations/0074-a-check-version-is-raised-by-hand-and-nothing-catches-a-stale.md|docs/obligations/0011-one-document-has-been-promoted-out-of-the-synthesized-tier-and-no-rate-says-whether-the-tier-drains.md
0f3bc538-01f7-4ee2-9805-a47983367dc6	overlap	2026-09-26T07:38:50Z	9e244fee-79d9-451d-915c-e1f4c8846a32.jsonl	2	sha256:41670b584aca7145d586048b8307e6e3fe4262f1d3e9864d17eed68d4ce62155	docs/probes/the-pointer-this-corpus-offers-for-a-task-is-the-document-a-session-opens.md|docs/how-to/diagnose-an-isolation-failure.md|docs/obligations/0150-a-current-decision-declares-no-required-edge-to-the-document-it-settled-so-22-of-23-reach-no-specification-at-all.md|docs/evaluations/language-spike-results.md|docs/obligations/0110-the-loss-census-carries-a-finding-by-substring-so-an-index-of-rules-and-paths-passes-it.md	docs/reviews/core-concepts-review-findings.md|docs/obligations/0026-the-operational-shape-of-a-hosted-server-is-unstated.md|docs/how-to/diagnose-an-isolation-failure.md|docs/evaluations/schema-format-walkthrough.md|docs/reviews/core-concepts-review-prompt.md|docs/evaluations/first-contact.md|docs/spec/17-orchestration-architecture.md|docs/evaluations/language-choice.md|docs/spec/07-distribution-and-federation.md|docs/interfaces/headwater-taxonomy.md
7de8a2c9-e32a-41b6-bb37-98b72d778ba8	overlap	2026-09-27T22:52:08Z	9a56dbbe-11f6-5397-8ea5-05a746f3ceff.jsonl	2	sha256:cf4c3f22b837a97b41b74d7f41619e3b82271ea70abdb9a1d682ffb4dd4da699	docs/how-to/diagnose-an-isolation-failure.md|docs/evaluations/one-clone-many-agents-how-this-repository-isolates-the-sessions-that-build-it.md|docs/obligations/0209-a-build-order-dispatch-passes-no-isolation-so-a-stage-can-inherit-the-parent-worktree-as-its-working-directory.md|docs/decisions/0051-q51-what-licenses-a-term-into-the-public-glossary-and-what-licenses-a-sixteenth.md|docs/requirements/0002-every-document-of-a-kind-that-requires-sections-carries-all-of-them.md	docs/process/decisions/0004-coordination-is-a-create-only-claim-and-authority-stays-on-the-tree.md|docs/process/decisions/0008-the-board-has-an-owner-of-its-structure-and-its-milestones-are-capped-versions.md|docs/obligations/0207-the-plan-usage-of-one-issue-is-known-only-as-the-average-of-its-run.md|docs/obligations/0144-the-cache-identity-test-reads-the-live-working-tree-so-an-edit-during-the-run-reports-the-correctness-root-as-violated.md|docs/obligations/0211-two-hand-remedy-lines-for-hw-cargo-in-hw-run-policy-may-no-longer-earn-their-cost-on-every-dispatch.md|docs/obligations/0042-a-declared-invalid-when-reaches-no-check-and-two-live.md|docs/obligations/0131-the-cli-crate-wires-every-verb-and-carries-no-tests-so-two-wiring-defects-passed-a-green-suite.md|docs/obligations/0209-a-build-order-dispatch-passes-no-isolation-so-a-stage-can-inherit-the-parent-worktree-as-its-working-directory.md|docs/obligations/0221-subagents-read-skills-from-the-shared-checkout-and-a-worktree-isolated-integrator-cannot-fast-forward-it-after-a-merge.md|docs/spec/17-orchestration-architecture.md
2e1069bc-3754-4e4a-9df3-7436fabae693	overlap	2026-09-22T11:13:03Z	246fd5c4-b822-42e4-b1e6-56f4019f2568.jsonl	12	sha256:afa0a0fba319e2b9aca57040dfed2b29835c5907b9ec019b224ad3236db2d632	docs/probes/what-a-session-writes-points-back-at-the-ruling-it-rests-on.md|docs/how-to/diagnose-an-isolation-failure.md|docs/decisions/0034-q34-whether-acceptance-means-merged-to-main-and-what-an-agent-may-write-before-that.md|docs/obligations/0001-the-promotion-fix-has-no-reading-of-the-assisted-fraction.md|docs/spec/05-ai-integration.md	docs/evaluations/one-clone-many-agents-how-this-repository-isolates-the-sessions-that-build-it.md|docs/obligations/0108-an-agent-writes-the-acceptance-stamp-of-every-document-in-this-corpus.md|docs/process/decisions/0001-orchestration-prose-has-one-owner-per-sentence.md|docs/obligations/0014-no-probe-tests-whether-an-agent-reaches-the-adjudication-from.md|docs/probes/what-a-session-writes-points-back-at-the-ruling-it-rests-on.md|docs/obligations/0085-headwater-init-cannot-reach-a-package-that-is-not-already.md|docs/obligations/0035-section-contracts-in-the-base.md|docs/obligations/0059-kind-resolution-declares-a-fourth-step-that-no-syntax-supports.md|docs/spec/glossary.md|docs/decisions/0034-q34-whether-acceptance-means-merged-to-main-and-what-an-agent-may-write-before-that.md
81f02aec-c93a-4aff-b6a8-e0f2b555bab9	overlap	2026-09-27T22:34:36Z	b5554ef1-29fb-41ec-8ac7-4d043f9e3e0e.jsonl	29	sha256:7cecb1c4ba0845f122444f3c194f6aebf3d34be91bde898f63f6f3f6d1f1d301	docs/evaluations/why-corpus-counts-are-derived-not-stored.md|docs/interfaces/headwater-merge-driver.md|docs/obligations/0168-a-saturated-pattern-set-and-a-clean-corpus-are-the-same-zero-and-no-report-separates-them.md|docs/reviews/the-sixty-four-restored-help-strings-checked-against-the-binary.md|docs/spec/17-orchestration-architecture.md	docs/obligations/0216-two-merge-hooks-of-this-repository-print-a-resolve-flag-that-the-verb-refuses.md|docs/obligations/0081-a-published-read-set-never-says-which-instances-must-run-again.md|docs/process/decisions/0020-merges-go-through-the-github-merge-queue-one-squash-commit-per-pull-request.md|docs/process/decisions/0017-ci-concurrency-is-per-ref-and-every-ref-but-main-cancels-a-superseded-run.md|docs/decisions/0052-a-document-is-proposed-at-the-state-it-will-hold-and-the-merge-activates-it.md|docs/decisions/0021-terminological-succession-and-validity-under-merge.md|docs/process/decisions/0004-coordination-is-a-create-only-claim-and-authority-stays-on-the-tree.md|docs/obligations/0221-subagents-read-skills-from-the-shared-checkout-and-a-worktree-isolated-integrator-cannot-fast-forward-it-after-a-merge.md|docs/evaluations/why-corpus-counts-are-derived-not-stored.md|docs/decisions/0049-a-corpus-wide-fold-is-derived-and-never-stored.md
be194a50-64e9-467c-b714-7d4bf37aa682	overlap	2026-10-01T02:29:16Z	247277a8-0d27-461c-b1c9-a198c9e75b3f.jsonl	2	sha256:b60924604b9ca418d7258ddec33f543c75987441efde79e23cb872f054e7b6d1	docs/process/decisions/0020-merges-go-through-the-github-merge-queue-one-squash-commit-per-pull-request.md|docs/process/explanations/where-a-ci-job-runs.md|docs/process/obligations/0216-two-merge-hooks-of-this-repository-print-a-resolve-flag-that-the-verb-refuses.md|docs/acceptance-criteria/0002-every-required-section-of-every-governed-document-has-a-heading.md|docs/decisions/0049-a-corpus-wide-fold-is-derived-and-never-stored.md	docs/process/decisions/0020-merges-go-through-the-github-merge-queue-one-squash-commit-per-pull-request.md|docs/process/explanations/where-a-ci-job-runs.md|docs/process/decisions/0017-ci-concurrency-is-per-ref-and-every-ref-but-main-cancels-a-superseded-run.md|docs/process/obligations/0216-two-merge-hooks-of-this-repository-print-a-resolve-flag-that-the-verb-refuses.md|docs/decisions/0052-a-document-is-proposed-at-the-state-it-will-hold-and-the-merge-activates-it.md|docs/decisions/0021-terminological-succession-and-validity-under-merge.md|docs/obligations/0204-docs-decisions-0077-still-describes-hw-dr-0049-s-rewrite-as-pending-after-574-made-it.md|docs/obligations/0081-a-published-read-set-never-says-which-instances-must-run-again.md|docs/process/obligations/0212-ci-done-sh-reads-a-cancelled-run-of-another-branch-as-a-red-result-on-a-main-merge-commit.md|docs/how-to/diagnose-an-isolation-failure.md
dc522a77-0b5c-42fb-9470-122b3edf43ad	overlap	2026-10-02T12:41:32Z	19b6d2bc-015d-4b01-a550-ff6f9bb9896e.jsonl	11	sha256:fe0e1ebf4e7bd76a4a9adc89d801bb4306622782dcff991d080544271b835393	docs/process/evaluations/the-build-order-as-a-multi-agent-system.md|docs/process/specs/orchestration-architecture.md|docs/process/obligations/0207-the-plan-usage-of-one-issue-is-known-only-as-the-average-of-its-run.md|docs/verifications/0004-the-ingest-stubs-of-the-query-fixture-tree-prove-what-governs-a-path.md|docs/interfaces/headwater-taxonomy.md	docs/interfaces/headwater-help.md|docs/how-to/diagnose-an-isolation-failure.md|docs/process/obligations/0207-the-plan-usage-of-one-issue-is-known-only-as-the-average-of-its-run.md|docs/acceptance-criteria/0004-each-list-anchor-in-the-native-export-carries-its-sorted-members-and-a-single-pattern-carries-none.md|docs/process/decisions/0011-crates-publish-in-one-fixed-order-that-a-test-holds-and-a-rerun-continues-where-the-last-run-stopped.md|docs/obligations/0193-admission-criterion-5-has-no-reading-for-an-entry-that-serves-neither-core-purpose.md|docs/process/obligations/0227-seven-run-tooling-gaps-from-run-20260929-2201-filed-together.md|docs/interfaces/headwater-taxonomy.md|docs/obligations/0163-ten-decision-records-claim-a-q-number-the-decision-register-does-not-carry.md|docs/process/decisions/0006-the-entrypoint-keeps-its-name-and-becomes-a-resumable-run.md
