prompt_id	item	value
0045249d-c1d3-4902-be28-872e75988af3	docs/evaluations/language-choice.md	0
0045249d-c1d3-4902-be28-872e75988af3	docs/evaluations/why-corpus-counts-are-derived-not-stored.md	0
0045249d-c1d3-4902-be28-872e75988af3	docs/interfaces/headwater-derived.md	0
0045249d-c1d3-4902-be28-872e75988af3	docs/obligations/0076-a-generated-check-reads-its-severity-from-the-taxonomy.md	0
0045249d-c1d3-4902-be28-872e75988af3	docs/obligations/0198-nothing-states-how-much-of-a-session-s-budget-the-standing-instructions-consume-before-work-starts.md	0
0045249d-c1d3-4902-be28-872e75988af3	docs/obligations/0223-no-run-measures-whether-the-documents-under-docs-change-what-an-agent-builds.md	0
0045249d-c1d3-4902-be28-872e75988af3	docs/process/decisions/0008-the-board-has-an-owner-of-its-structure-and-its-milestones-are-capped-versions.md	0
0045249d-c1d3-4902-be28-872e75988af3	docs/process/decisions/0022-the-verify-and-rework-loop-for-one-issue-runs-below-the-parent.md	1
0045249d-c1d3-4902-be28-872e75988af3	docs/process/evaluations/one-clone-many-agents-how-this-repository-isolates-the-sessions-that-build-it.md	1
0045249d-c1d3-4902-be28-872e75988af3	docs/process/obligations/0221-subagents-read-skills-from-the-shared-checkout-and-a-worktree-isolated-integrator-cannot-fast-forward-it-after-a-merge.md	1
0045249d-c1d3-4902-be28-872e75988af3	docs/process/obligations/0224-thirteen-run-tooling-gaps-from-run-20260928-1109-filed-together.md	1
0045249d-c1d3-4902-be28-872e75988af3	docs/process/obligations/0225-eight-run-tooling-gaps-from-run-20260929-1205-filed-together.md	1
0045249d-c1d3-4902-be28-872e75988af3	docs/process/specs/orchestration-architecture.md	1
0045249d-c1d3-4902-be28-872e75988af3	missing	1
005294b8-4305-4b2b-b61f-a75906d1e585	docs/acceptance-criteria/0002-every-required-section-of-every-governed-document-has-a-heading.md	0
005294b8-4305-4b2b-b61f-a75906d1e585	docs/decisions/0019-inbound-integration-an-external-system-of-record.md	0
005294b8-4305-4b2b-b61f-a75906d1e585	docs/decisions/0075-the-vendor-verb-may-take-a-location-and-the-fetch-lives-only-in-a-crate-the-checking-loop-never-links.md	0
005294b8-4305-4b2b-b61f-a75906d1e585	docs/evaluations/the-three-discovery-misses-of-2026-09-16-have-three-different-mechanisms-and-only-one-is-routing-precision.md	0
005294b8-4305-4b2b-b61f-a75906d1e585	docs/evaluations/two-triggers-one-verdict-how-this-repository-s-ci-decides-where-a-job-runs-and-what-it-trusts.md	0
005294b8-4305-4b2b-b61f-a75906d1e585	docs/how-to/cut-a-release.md	0
005294b8-4305-4b2b-b61f-a75906d1e585	docs/how-to/relocate-a-shelf.md	0
005294b8-4305-4b2b-b61f-a75906d1e585	docs/interfaces/headwater-sweep.md	0
005294b8-4305-4b2b-b61f-a75906d1e585	docs/obligations/0008-an-adoption-payload-has-a-first-reading-and-no-elapsed-time.md	0
005294b8-4305-4b2b-b61f-a75906d1e585	docs/obligations/0011-nothing-has-been-promoted-out-of-the-synthesized-tier.md	0
005294b8-4305-4b2b-b61f-a75906d1e585	docs/obligations/0077-a-fragment-on-a-path-needs-a-grain-that-no-scope-supplies.md	0
005294b8-4305-4b2b-b61f-a75906d1e585	docs/obligations/0085-headwater-init-cannot-reach-a-package-that-is-not-already.md	0
005294b8-4305-4b2b-b61f-a75906d1e585	docs/obligations/0096-whether-anything-is-ever-promoted-out-of-the-asserted-tier.md	0
005294b8-4305-4b2b-b61f-a75906d1e585	docs/obligations/0144-the-cache-identity-test-reads-the-live-working-tree-so-an-edit-during-the-run-reports-the-correctness-root-as-violated.md	0
005294b8-4305-4b2b-b61f-a75906d1e585	docs/obligations/0204-docs-decisions-0077-still-describes-hw-dr-0049-s-rewrite-as-pending-after-574-made-it.md	0
005294b8-4305-4b2b-b61f-a75906d1e585	missing	0
00ec50c3-795d-4530-b344-93e64c8bc286	docs/acceptance-criteria/0002-every-required-section-of-every-governed-document-has-a-heading.md	0
00ec50c3-795d-4530-b344-93e64c8bc286	docs/decisions/0052-a-document-is-proposed-at-the-state-it-will-hold-and-the-merge-activates-it.md	0
00ec50c3-795d-4530-b344-93e64c8bc286	docs/evaluations/language-spike-results.md	0
00ec50c3-795d-4530-b344-93e64c8bc286	docs/evaluations/what-the-counterfactual-campaign-of-2026-09-30-measured-by-component.md	0
00ec50c3-795d-4530-b344-93e64c8bc286	docs/obligations/0001-the-promotion-fix-has-no-reading-of-the-assisted-fraction.md	0
00ec50c3-795d-4530-b344-93e64c8bc286	docs/obligations/0016-a-cue-has-no-measured-effect-on-traversal-precision.md	0
00ec50c3-795d-4530-b344-93e64c8bc286	docs/obligations/0018-the-bundle-set-is-a-guess-about-how-adopters-cluster.md	0
00ec50c3-795d-4530-b344-93e64c8bc286	docs/obligations/0030-the-provenance-block-belongs-to-the-engine-and-nothing-states.md	0
00ec50c3-795d-4530-b344-93e64c8bc286	docs/obligations/0069-a-suppressed-finding-leaves-its-obligation-verified-and-spec-4.md	0
00ec50c3-795d-4530-b344-93e64c8bc286	docs/obligations/0125-nine-documents-state-a-warrant-outside-the-closed-set-and-only-a-person-can-set-the-value.md	0
00ec50c3-795d-4530-b344-93e64c8bc286	docs/obligations/0159-a-sentence-that-opens-with-a-hash-and-an-issue-number-is-folded-into-the-sentence-before-it.md	0
00ec50c3-795d-4530-b344-93e64c8bc286	docs/process/decisions/0017-ci-concurrency-is-per-ref-and-every-ref-but-main-cancels-a-superseded-run.md	0
00ec50c3-795d-4530-b344-93e64c8bc286	docs/reviews/core-concepts-review-findings.md	0
00ec50c3-795d-4530-b344-93e64c8bc286	docs/spec/00-vision-and-scope.md	0
00ec50c3-795d-4530-b344-93e64c8bc286	docs/verifications/0001-the-section-heading-rule-has-no-case-table-and-a-golden-fixture-report-is-what-proves-it-runs.md	0
00ec50c3-795d-4530-b344-93e64c8bc286	missing	0
01b5e6ec-50e9-41e0-bbe4-12e49198725c	docs/acceptance-criteria/0002-every-required-section-of-every-governed-document-has-a-heading.md	0
01b5e6ec-50e9-41e0-bbe4-12e49198725c	docs/decisions/0034-q34-whether-acceptance-means-merged-to-main-and-what-an-agent-may-write-before-that.md	0
01b5e6ec-50e9-41e0-bbe4-12e49198725c	docs/decisions/0049-a-corpus-wide-fold-is-derived-and-never-stored.md	0
01b5e6ec-50e9-41e0-bbe4-12e49198725c	docs/decisions/0096-harper-does-not-become-part-of-the-engine-now-and-q41-stands.md	0
01b5e6ec-50e9-41e0-bbe4-12e49198725c	docs/evaluations/harper-spike-results.md	0
01b5e6ec-50e9-41e0-bbe4-12e49198725c	docs/how-to/diagnose-an-isolation-failure.md	0
01b5e6ec-50e9-41e0-bbe4-12e49198725c	docs/obligations/0073-the-prior-version-still-owes-the-key-edit-that-the-clock.md	0
01b5e6ec-50e9-41e0-bbe4-12e49198725c	docs/obligations/0135-repo-cleanup-names-one-cause-for-a-gone-upstream-and-this-repository-produced-a-second.md	1
01b5e6ec-50e9-41e0-bbe4-12e49198725c	docs/obligations/0179-the-commit-gate-checks-prose-with-a-binary-it-never-compares-against-the-engine-sources.md	0
01b5e6ec-50e9-41e0-bbe4-12e49198725c	docs/obligations/0199-an-observation-snapshot-records-a-commit-and-nothing-reads-it-back.md	0
01b5e6ec-50e9-41e0-bbe4-12e49198725c	docs/process/decisions/0004-coordination-is-a-create-only-claim-and-authority-stays-on-the-tree.md	0
01b5e6ec-50e9-41e0-bbe4-12e49198725c	docs/process/decisions/0014-the-boundary-against-a-fork-is-the-approval-of-outside-runs-and-a-person-reads-a-github-diff-before-approving-one.md	0
01b5e6ec-50e9-41e0-bbe4-12e49198725c	docs/process/decisions/0022-the-verify-and-rework-loop-for-one-issue-runs-below-the-parent.md	0
01b5e6ec-50e9-41e0-bbe4-12e49198725c	docs/process/explanations/where-a-ci-job-runs.md	0
01b5e6ec-50e9-41e0-bbe4-12e49198725c	docs/process/obligations/0210-no-fixture-holds-the-symlink-case-of-new-worktree-sh-and-a-bare-name-of-two-dots-leaves-a-branch-behind.md	0
01b5e6ec-50e9-41e0-bbe4-12e49198725c	missing	0
01cad042-e1fc-4ec1-9f6f-0fe4e619d683	docs/decisions/0052-a-document-is-proposed-at-the-state-it-will-hold-and-the-merge-activates-it.md	0
01cad042-e1fc-4ec1-9f6f-0fe4e619d683	docs/decisions/0066-a-kind-narrows-the-value-set-of-an-enumerated-facet-and-nothing-else-can.md	1
01cad042-e1fc-4ec1-9f6f-0fe4e619d683	docs/evaluations/the-measurement-layer.md	1
01cad042-e1fc-4ec1-9f6f-0fe4e619d683	docs/how-to/keep-derived-files-from-conflicting-in-parallel-pull-requests.md	0
01cad042-e1fc-4ec1-9f6f-0fe4e619d683	docs/obligations/0123-a-facet-that-applies-to-one-value-of-another-facet-has-nowhere-to-say-so.md	1
01cad042-e1fc-4ec1-9f6f-0fe4e619d683	docs/obligations/0124-a-probe-result-is-printed-and-never-committed-so-nothing-regenerates-one.md	0
01cad042-e1fc-4ec1-9f6f-0fe4e619d683	docs/obligations/0186-a-facet-only-entry-has-no-kind-and-the-entry-anatomy-asks-for-two-things-that-presume-one.md	1
01cad042-e1fc-4ec1-9f6f-0fe4e619d683	docs/probe-results/campaign-of-2026-09-28-documentation-tier-absent-arm-sufficiency.md	0
01cad042-e1fc-4ec1-9f6f-0fe4e619d683	docs/probe-results/campaign-of-2026-09-30-documentation-tier-absent-arm-sufficiency.md	0
01cad042-e1fc-4ec1-9f6f-0fe4e619d683	docs/probe-results/tombstone-probe-pilot-of-2026-09-29-campaign-tier-absent-arm-sufficiency.md	0
01cad042-e1fc-4ec1-9f6f-0fe4e619d683	docs/probe-results/tombstone-probe-pilot-of-2026-09-29-campaign-tier-present-arm-sufficiency.md	0
01cad042-e1fc-4ec1-9f6f-0fe4e619d683	docs/process/explanations/where-a-ci-job-runs.md	0
01cad042-e1fc-4ec1-9f6f-0fe4e619d683	docs/process/obligations/0227-seven-run-tooling-gaps-from-run-20260929-2201-filed-together.md	0
01cad042-e1fc-4ec1-9f6f-0fe4e619d683	docs/reviews/core-concepts-findings-assessment.md	0
01cad042-e1fc-4ec1-9f6f-0fe4e619d683	docs/subsystems/projections-and-export.md	0
01cad042-e1fc-4ec1-9f6f-0fe4e619d683	missing	1
02dc479d-df87-43f0-901f-b5df50dfb067	docs/decisions/0038-q38-which-link-relation-a-rendered-page-carries-to-the-served-corpus-descriptor.md	0
02dc479d-df87-43f0-901f-b5df50dfb067	docs/decisions/0082-the-resolved-taxonomy-is-drawn-by-a-verb-that-prints-mermaid-and-writes-no-file.md	0
02dc479d-df87-43f0-901f-b5df50dfb067	docs/decisions/0094-the-apt-repository-is-served-from-headwater-tools-and-signed-by-a-subkey-the-owner-s-offline-key-certifies.md	0
02dc479d-df87-43f0-901f-b5df50dfb067	docs/evaluations/external-evaluation-harnesses-and-benchmarks-for-the-probe-campaign.md	0
02dc479d-df87-43f0-901f-b5df50dfb067	docs/evaluations/linkml-worked-example.md	0
02dc479d-df87-43f0-901f-b5df50dfb067	docs/how-to/wire-headwater-check-into-your-own-workflow.md	0
02dc479d-df87-43f0-901f-b5df50dfb067	docs/interfaces/headwater-check.md	0
02dc479d-df87-43f0-901f-b5df50dfb067	docs/interfaces/headwater-sweep.md	0
02dc479d-df87-43f0-901f-b5df50dfb067	docs/obligations/0029-what-headwater-query-takes.md	0
02dc479d-df87-43f0-901f-b5df50dfb067	docs/obligations/0107-the-base-package-ships-a-kind-that-the-scaffolder-refuses-to-write.md	0
02dc479d-df87-43f0-901f-b5df50dfb067	docs/obligations/0120-no-reader-takes-a-waiver-against-a-check-finding-so-one-arm-of-the-escape-partition-is-empty.md	0
02dc479d-df87-43f0-901f-b5df50dfb067	docs/obligations/0174-publishing-the-base-package-reports-51-references-that-resolve-nowhere-and-exits-0.md	0
02dc479d-df87-43f0-901f-b5df50dfb067	docs/probes/a-cold-agent-reaches-the-governing-document-through-the-corpus-descriptor.md	0
02dc479d-df87-43f0-901f-b5df50dfb067	docs/process/obligations/0203-three-small-run-tooling-gaps-from-run-20260922-1121-filed-together.md	0
02dc479d-df87-43f0-901f-b5df50dfb067	docs/spec/00-vision-and-scope.md	0
02dc479d-df87-43f0-901f-b5df50dfb067	missing	1
0539e865-a5e6-4ce1-8f06-fbf08b330bfe	docs/acceptance-criteria/0002-every-required-section-of-every-governed-document-has-a-heading.md	0
0539e865-a5e6-4ce1-8f06-fbf08b330bfe	docs/decisions/0030-q30-whether-what-an-obligation-waits-on-is-a-state-or-a-property-and-how-many-values-it-takes.md	0
0539e865-a5e6-4ce1-8f06-fbf08b330bfe	docs/evaluations/adjacent-work.md	0
0539e865-a5e6-4ce1-8f06-fbf08b330bfe	docs/evaluations/language-choice.md	0
0539e865-a5e6-4ce1-8f06-fbf08b330bfe	docs/evaluations/shacl-worked-example.md	0
0539e865-a5e6-4ce1-8f06-fbf08b330bfe	docs/evaluations/the-build-order-as-a-multi-agent-system.md	2
0539e865-a5e6-4ce1-8f06-fbf08b330bfe	docs/obligations/0027-what-optional-holds-under-the-package-root.md	0
0539e865-a5e6-4ce1-8f06-fbf08b330bfe	docs/obligations/0028-a-run-cannot-report-the-corpus-tree-because-nothing-computes.md	0
0539e865-a5e6-4ce1-8f06-fbf08b330bfe	docs/obligations/0072-a-cache-of-check-results-does-not-make-a-run-proportional.md	0
0539e865-a5e6-4ce1-8f06-fbf08b330bfe	docs/obligations/0101-whether-the-read-set-of-a-real-corpus-is-small-enough.md	0
0539e865-a5e6-4ce1-8f06-fbf08b330bfe	docs/obligations/0220-no-disk-floor-is-stated-for-a-build-order-run-and-nothing-prunes-the-cargo-pool.md	1
0539e865-a5e6-4ce1-8f06-fbf08b330bfe	docs/reviews/core-concepts-review-findings.md	0
0539e865-a5e6-4ce1-8f06-fbf08b330bfe	docs/spec/00-vision-and-scope.md	0
0539e865-a5e6-4ce1-8f06-fbf08b330bfe	docs/spec/06-engine-architecture.md	0
0539e865-a5e6-4ce1-8f06-fbf08b330bfe	docs/verifications/0001-the-section-heading-rule-has-no-case-table-and-a-golden-fixture-report-is-what-proves-it-runs.md	0
0539e865-a5e6-4ce1-8f06-fbf08b330bfe	missing	0
06200d40-8cf3-45e2-ae20-e743a17c7816	docs/decisions/0021-terminological-succession-and-validity-under-merge.md	0
06200d40-8cf3-45e2-ae20-e743a17c7816	docs/decisions/0052-a-document-is-proposed-at-the-state-it-will-hold-and-the-merge-activates-it.md	0
06200d40-8cf3-45e2-ae20-e743a17c7816	docs/evaluations/why-corpus-counts-are-derived-not-stored.md	0
06200d40-8cf3-45e2-ae20-e743a17c7816	docs/how-to/keep-derived-files-from-conflicting-in-parallel-pull-requests.md	0
06200d40-8cf3-45e2-ae20-e743a17c7816	docs/obligations/0017-publishing-the-read-set-skips-a-re-run-on-two-of-the-eighteen.md	0
06200d40-8cf3-45e2-ae20-e743a17c7816	docs/obligations/0081-a-published-read-set-never-says-which-instances-must-run-again.md	0
06200d40-8cf3-45e2-ae20-e743a17c7816	docs/obligations/0152-ledger-render-in-adoption-rs-has-the-same-zero-count-defect-suppression-rs-had-before-pr-450-still-latent.md	0
06200d40-8cf3-45e2-ae20-e743a17c7816	docs/obligations/0204-docs-decisions-0077-still-describes-hw-dr-0049-s-rewrite-as-pending-after-574-made-it.md	0
06200d40-8cf3-45e2-ae20-e743a17c7816	docs/process/decisions/0017-ci-concurrency-is-per-ref-and-every-ref-but-main-cancels-a-superseded-run.md	1
06200d40-8cf3-45e2-ae20-e743a17c7816	docs/process/decisions/0020-merges-go-through-the-github-merge-queue-one-squash-commit-per-pull-request.md	2
06200d40-8cf3-45e2-ae20-e743a17c7816	docs/process/explanations/where-a-ci-job-runs.md	1
06200d40-8cf3-45e2-ae20-e743a17c7816	docs/process/obligations/0212-ci-done-sh-reads-a-cancelled-run-of-another-branch-as-a-red-result-on-a-main-merge-commit.md	1
06200d40-8cf3-45e2-ae20-e743a17c7816	docs/process/obligations/0216-two-merge-hooks-of-this-repository-print-a-resolve-flag-that-the-verb-refuses.md	0
06200d40-8cf3-45e2-ae20-e743a17c7816	docs/reviews/the-sixty-four-restored-help-strings-checked-against-the-binary.md	0
06200d40-8cf3-45e2-ae20-e743a17c7816	missing	0
06321be0-9ffb-424a-b697-fcb84902ce5b	docs/acceptance-criteria/0001-no-engine-source-outside-the-fetch-crate-names-a-network-api-and-no-crate-of-the-checking-loop-reaches-a-network-package.md	0
06321be0-9ffb-424a-b697-fcb84902ce5b	docs/decisions/0016-public-presence.md	0
06321be0-9ffb-424a-b697-fcb84902ce5b	docs/decisions/0102-an-editor-integration-starts-headwater-mcp-for-each-query-and-does-not-embed-the-library.md	1
06321be0-9ffb-424a-b697-fcb84902ce5b	docs/interfaces/headwater-mcp.md	2
06321be0-9ffb-424a-b697-fcb84902ce5b	docs/obligations/0115-a-pinned-digest-authenticates-the-pin-and-never-the-publisher.md	0
06321be0-9ffb-424a-b697-fcb84902ce5b	docs/process/decisions/0016-ci-runner-is-an-opt-in-that-only-a-push-or-a-merge-group-reads-and-an-unset-value-falls-back-to-ubuntu-latest.md	0
06321be0-9ffb-424a-b697-fcb84902ce5b	docs/process/obligations/0203-three-small-run-tooling-gaps-from-run-20260922-1121-filed-together.md	0
06321be0-9ffb-424a-b697-fcb84902ce5b	docs/process/obligations/0213-ci-builds-no-mkdocs-site-so-a-generated-page-under-docs-is-never-checked-against-a-strict-build-before-merge.md	0
06321be0-9ffb-424a-b697-fcb84902ce5b	docs/process/obligations/0231-five-run-tooling-gaps-from-run-20261001-1107-filed-together.md	0
06321be0-9ffb-424a-b697-fcb84902ce5b	docs/requirements/0001-the-engine-reaches-no-network-at-check-time.md	0
06321be0-9ffb-424a-b697-fcb84902ce5b	missing	0
06bfce06-0be1-4fce-b2c0-8f37139ec8cb	docs/decisions/0069-a-paragraph-limit-counts-sentences-under-the-language-rule-and-never-words.md	0
06bfce06-0be1-4fce-b2c0-8f37139ec8cb	docs/decisions/0073-a-verification-is-a-kind-and-its-identity-is-minted-rather-than-found-in-the-code-that-cites-it.md	0
06bfce06-0be1-4fce-b2c0-8f37139ec8cb	docs/decisions/0081-the-hand-authored-decision-register-indexes-a-subset-of-the-shelf-and-stops-asserting-it-supersedes-the-complete-one.md	0
06bfce06-0be1-4fce-b2c0-8f37139ec8cb	docs/decisions/0086-a-reciprocal-half-is-owed-once-its-writer-leaves-its-initial-state.md	0
06bfce06-0be1-4fce-b2c0-8f37139ec8cb	docs/evaluations/the-build-order-as-a-multi-agent-system.md	0
06bfce06-0be1-4fce-b2c0-8f37139ec8cb	docs/obligations/0055-the-tradition-has-no-relation-for-the-link-that-this-corpus.md	0
06bfce06-0be1-4fce-b2c0-8f37139ec8cb	docs/obligations/0108-an-agent-writes-the-acceptance-stamp-of-every-document-in-this-corpus.md	0
06bfce06-0be1-4fce-b2c0-8f37139ec8cb	docs/obligations/0142-the-obligation-register-states-its-own-size-by-hand-and-it-went-stale-three-times-in-two-days.md	0
06bfce06-0be1-4fce-b2c0-8f37139ec8cb	docs/obligations/0143-a-specification-sentence-closes-a-set-with-a-count-the-source-exceeds-and-115-of-127-candidates-are-unchecked.md	0
06bfce06-0be1-4fce-b2c0-8f37139ec8cb	docs/obligations/0163-ten-decision-records-claim-a-q-number-the-decision-register-does-not-carry.md	0
06bfce06-0be1-4fce-b2c0-8f37139ec8cb	docs/obligations/0177-the-value-rule-writes-adopter-on-every-self-audit-record-and-most-of-them-wait-on-a-build.md	0
06bfce06-0be1-4fce-b2c0-8f37139ec8cb	docs/obligations/0193-admission-criterion-5-has-no-reading-for-an-entry-that-serves-neither-core-purpose.md	0
06bfce06-0be1-4fce-b2c0-8f37139ec8cb	docs/obligations/0204-docs-decisions-0077-still-describes-hw-dr-0049-s-rewrite-as-pending-after-574-made-it.md	0
06bfce06-0be1-4fce-b2c0-8f37139ec8cb	docs/obligations/0205-hw-obl-0002-s-sample-counts-and-voice-rs-s-own-census-predate-the-scent-role-fix-and-need-retaking.md	0
06bfce06-0be1-4fce-b2c0-8f37139ec8cb	docs/probe-runs/regression-probe-transcript-for-2026-09-17-after-the-probe-corrections.md	0
06bfce06-0be1-4fce-b2c0-8f37139ec8cb	missing	0
07288a78-89a1-4c2f-b0f1-a31d65583f2f	docs/decisions/0028-q28-whether-an-evaluation-is-governed-prose.md	0
07288a78-89a1-4c2f-b0f1-a31d65583f2f	docs/decisions/0096-harper-does-not-become-part-of-the-engine-now-and-q41-stands.md	0
07288a78-89a1-4c2f-b0f1-a31d65583f2f	docs/explanations/how-a-headwater-release-reaches-an-adopter.md	0
07288a78-89a1-4c2f-b0f1-a31d65583f2f	docs/how-to/diagnose-an-isolation-failure.md	0
07288a78-89a1-4c2f-b0f1-a31d65583f2f	docs/obligations/0013-no-probe-tests-whether-a-counted-tombstone-stops-a-confident.md	0
07288a78-89a1-4c2f-b0f1-a31d65583f2f	docs/obligations/0088-correcting-an-identifier-is-mechanical-and-it-is-not-local.md	0
07288a78-89a1-4c2f-b0f1-a31d65583f2f	docs/obligations/0096-whether-anything-is-ever-promoted-out-of-the-asserted-tier.md	0
07288a78-89a1-4c2f-b0f1-a31d65583f2f	docs/obligations/0130-the-publication-date-of-this-repository-is-unset-and-the-owner-alone-sets-it.md	0
07288a78-89a1-4c2f-b0f1-a31d65583f2f	docs/obligations/0143-a-specification-sentence-closes-a-set-with-a-count-the-source-exceeds-and-115-of-127-candidates-are-unchecked.md	0
07288a78-89a1-4c2f-b0f1-a31d65583f2f	docs/obligations/0159-a-sentence-that-opens-with-a-hash-and-an-issue-number-is-folded-into-the-sentence-before-it.md	0
07288a78-89a1-4c2f-b0f1-a31d65583f2f	docs/obligations/0163-ten-decision-records-claim-a-q-number-the-decision-register-does-not-carry.md	0
07288a78-89a1-4c2f-b0f1-a31d65583f2f	docs/obligations/0187-the-registered-deviation-edge-of-the-compliance-tradition-cannot-be-declared.md	0
07288a78-89a1-4c2f-b0f1-a31d65583f2f	docs/obligations/0204-docs-decisions-0077-still-describes-hw-dr-0049-s-rewrite-as-pending-after-574-made-it.md	0
07288a78-89a1-4c2f-b0f1-a31d65583f2f	docs/process/evaluations/the-build-order-as-a-multi-agent-system.md	0
07288a78-89a1-4c2f-b0f1-a31d65583f2f	docs/requirements/0002-every-document-of-a-kind-that-requires-sections-carries-all-of-them.md	0
07288a78-89a1-4c2f-b0f1-a31d65583f2f	missing	0
07b55d44-0619-46cd-a159-7a7e3b880b07	docs/obligations/0133-two-test-helpers-key-a-scratch-directory-on-the-pid-alone-and-the-race-springs-on-the-next-case-added.md	0
07b55d44-0619-46cd-a159-7a7e3b880b07	docs/obligations/0138-the-rest-of-the-editorial-pass-with-cli-src-main-rs-at-the-head-of-the-distribution.md	0
07b55d44-0619-46cd-a159-7a7e3b880b07	docs/obligations/0230-comments-in-the-command-surface-crates-and-their-subsystem-spec-state-eight-stale-facts.md	0
07b55d44-0619-46cd-a159-7a7e3b880b07	docs/process/obligations/0203-three-small-run-tooling-gaps-from-run-20260922-1121-filed-together.md	0
07b55d44-0619-46cd-a159-7a7e3b880b07	docs/process/obligations/0213-ci-builds-no-mkdocs-site-so-a-generated-page-under-docs-is-never-checked-against-a-strict-build-before-merge.md	0
07b55d44-0619-46cd-a159-7a7e3b880b07	docs/process/obligations/0220-no-disk-floor-is-stated-for-a-build-order-run-and-nothing-prunes-the-cargo-pool.md	2
07b55d44-0619-46cd-a159-7a7e3b880b07	docs/process/obligations/0224-thirteen-run-tooling-gaps-from-run-20260928-1109-filed-together.md	0
07b55d44-0619-46cd-a159-7a7e3b880b07	docs/process/obligations/0225-eight-run-tooling-gaps-from-run-20260929-1205-filed-together.md	0
07b55d44-0619-46cd-a159-7a7e3b880b07	docs/reviews/core-concepts-review-prompt.md	0
07b55d44-0619-46cd-a159-7a7e3b880b07	docs/subsystems/command-surface.md	0
07b55d44-0619-46cd-a159-7a7e3b880b07	missing	0
084074fc-544e-4f2f-a400-e4d09118d8c9	docs/decisions/0091-the-runner-image-of-the-engine-release-build-is-written-in-the-workflow-because-it-sets-the-glibc-floor.md	1
084074fc-544e-4f2f-a400-e4d09118d8c9	docs/how-to/cut-a-release.md	0
084074fc-544e-4f2f-a400-e4d09118d8c9	docs/how-to/publish-your-corpus-as-a-site.md	0
084074fc-544e-4f2f-a400-e4d09118d8c9	docs/obligations/0135-repo-cleanup-names-one-cause-for-a-gone-upstream-and-this-repository-produced-a-second.md	0
084074fc-544e-4f2f-a400-e4d09118d8c9	docs/obligations/0139-an-identifier-scheme-glues-three-parts-into-one-string-so-nothing-can-decide-that-two-schemes-are-disjoint.md	0
084074fc-544e-4f2f-a400-e4d09118d8c9	docs/obligations/0182-the-publish-crates-retry-loop-has-no-retry-ceiling.md	0
084074fc-544e-4f2f-a400-e4d09118d8c9	docs/process/decisions/0010-each-release-workflow-compares-the-tag-with-the-version-its-artifact-states-and-refuses-an-empty-reading.md	0
084074fc-544e-4f2f-a400-e4d09118d8c9	docs/process/decisions/0013-self-hosted-eligibility-in-ci-is-decided-by-the-event-alone-and-a-push-to-any-branch-is-eligible.md	1
084074fc-544e-4f2f-a400-e4d09118d8c9	docs/process/decisions/0014-the-boundary-against-a-fork-is-the-approval-of-outside-runs-and-a-person-reads-a-github-diff-before-approving-one.md	1
084074fc-544e-4f2f-a400-e4d09118d8c9	docs/process/decisions/0019-ci-runs-actions-from-the-actions-organization-only-and-carries-no-build-state-between-self-hosted-jobs.md	1
084074fc-544e-4f2f-a400-e4d09118d8c9	docs/process/evaluations/two-triggers-one-verdict-how-this-repository-s-ci-decides-where-a-job-runs-and-what-it-trusts.md	1
084074fc-544e-4f2f-a400-e4d09118d8c9	docs/process/explanations/where-a-ci-job-runs.md	2
084074fc-544e-4f2f-a400-e4d09118d8c9	docs/process/obligations/0206-hw-run-policy-names-a-worktree-add-workaround-that-write-edit-refuses-under-this-harness.md	0
084074fc-544e-4f2f-a400-e4d09118d8c9	docs/process/obligations/0210-no-fixture-holds-the-symlink-case-of-new-worktree-sh-and-a-bare-name-of-two-dots-leaves-a-branch-behind.md	0
084074fc-544e-4f2f-a400-e4d09118d8c9	docs/requirements/0001-the-engine-reaches-no-network-at-check-time.md	0
084074fc-544e-4f2f-a400-e4d09118d8c9	missing	0
0b0af4fa-f547-4597-b3b0-074683f20f83	docs/decisions/0009-multi-repository-corpora.md	0
0b0af4fa-f547-4597-b3b0-074683f20f83	docs/decisions/0034-q34-whether-acceptance-means-merged-to-main-and-what-an-agent-may-write-before-that.md	0
0b0af4fa-f547-4597-b3b0-074683f20f83	docs/decisions/0072-the-binary-is-the-only-interface-an-adopter-must-run-and-every-integration-point-outside-it-is-declared.md	1
0b0af4fa-f547-4597-b3b0-074683f20f83	docs/decisions/0077-the-consumer-surface-is-what-an-adopter-receives-runs-and-must-have-installed-and-it-is-a-closed-and-declared-list.md	1
0b0af4fa-f547-4597-b3b0-074683f20f83	docs/how-to/wire-headwater-check-into-your-own-workflow.md	0
0b0af4fa-f547-4597-b3b0-074683f20f83	docs/interfaces/headwater-merge-driver.md	2
0b0af4fa-f547-4597-b3b0-074683f20f83	docs/obligations/0042-a-declared-invalid-when-reaches-no-check-and-two-live.md	0
0b0af4fa-f547-4597-b3b0-074683f20f83	docs/obligations/0135-repo-cleanup-names-one-cause-for-a-gone-upstream-and-this-repository-produced-a-second.md	0
0b0af4fa-f547-4597-b3b0-074683f20f83	docs/obligations/0179-the-commit-gate-checks-prose-with-a-binary-it-never-compares-against-the-engine-sources.md	0
0b0af4fa-f547-4597-b3b0-074683f20f83	docs/obligations/0182-the-publish-crates-retry-loop-has-no-retry-ceiling.md	0
0b0af4fa-f547-4597-b3b0-074683f20f83	docs/obligations/0203-three-small-run-tooling-gaps-from-run-20260922-1121-filed-together.md	0
0b0af4fa-f547-4597-b3b0-074683f20f83	docs/process/decisions/0001-orchestration-prose-has-one-owner-per-sentence.md	0
0b0af4fa-f547-4597-b3b0-074683f20f83	docs/requirements/0001-the-engine-reaches-no-network-at-check-time.md	0
0b0af4fa-f547-4597-b3b0-074683f20f83	docs/reviews/the-sixty-four-restored-help-strings-checked-against-the-binary.md	0
0b0af4fa-f547-4597-b3b0-074683f20f83	missing	1
0bf795f7-998b-483f-a5c8-1d47d70f792e	docs/acceptance-criteria/0002-every-required-section-of-every-governed-document-has-a-heading.md	0
0bf795f7-998b-483f-a5c8-1d47d70f792e	docs/decisions/0030-q30-whether-what-an-obligation-waits-on-is-a-state-or-a-property-and-how-many-values-it-takes.md	0
0bf795f7-998b-483f-a5c8-1d47d70f792e	docs/decisions/0034-q34-whether-acceptance-means-merged-to-main-and-what-an-agent-may-write-before-that.md	0
0bf795f7-998b-483f-a5c8-1d47d70f792e	docs/decisions/0052-a-document-is-proposed-at-the-state-it-will-hold-and-the-merge-activates-it.md	0
0bf795f7-998b-483f-a5c8-1d47d70f792e	docs/decisions/0073-a-verification-is-a-kind-and-its-identity-is-minted-rather-than-found-in-the-code-that-cites-it.md	0
0bf795f7-998b-483f-a5c8-1d47d70f792e	docs/how-to/diagnose-an-isolation-failure.md	0
0bf795f7-998b-483f-a5c8-1d47d70f792e	docs/obligations/0075-a-participation-expectation-needs-depth-one-and-edge.md	0
0bf795f7-998b-483f-a5c8-1d47d70f792e	docs/obligations/0081-a-published-read-set-never-says-which-instances-must-run-again.md	0
0bf795f7-998b-483f-a5c8-1d47d70f792e	docs/obligations/0106-a-shelf-layout-names-a-file-at-birth-and-no-rule-reads-it.md	0
0bf795f7-998b-483f-a5c8-1d47d70f792e	docs/obligations/0126-every-asserted-document-carries-the-freshness-date-that-spec-3-says-it-cannot.md	0
0bf795f7-998b-483f-a5c8-1d47d70f792e	docs/obligations/0216-two-merge-hooks-of-this-repository-print-a-resolve-flag-that-the-verb-refuses.md	0
0bf795f7-998b-483f-a5c8-1d47d70f792e	docs/process/decisions/0003-a-dispatch-pays-when-it-retires-more-parent-turns-than-it-costs.md	1
0bf795f7-998b-483f-a5c8-1d47d70f792e	docs/process/decisions/0004-coordination-is-a-create-only-claim-and-authority-stays-on-the-tree.md	1
0bf795f7-998b-483f-a5c8-1d47d70f792e	docs/spec/00-vision-and-scope.md	0
0bf795f7-998b-483f-a5c8-1d47d70f792e	docs/tutorials/your-first-governed-corpus.md	0
0bf795f7-998b-483f-a5c8-1d47d70f792e	missing	1
0ca92e4c-f2ed-4b81-98cd-162a5452e0fb	docs/decisions/0047-how-the-two-halves-of-the-site-share-one-host.md	2
0ca92e4c-f2ed-4b81-98cd-162a5452e0fb	docs/evaluations/external-evaluation-harnesses-and-benchmarks-for-the-probe-campaign.md	0
0ca92e4c-f2ed-4b81-98cd-162a5452e0fb	docs/how-to/relocate-a-shelf.md	0
0ca92e4c-f2ed-4b81-98cd-162a5452e0fb	docs/obligations/0223-no-run-measures-whether-the-documents-under-docs-change-what-an-agent-builds.md	0
0ca92e4c-f2ed-4b81-98cd-162a5452e0fb	docs/process/decisions/0010-each-release-workflow-compares-the-tag-with-the-version-its-artifact-states-and-refuses-an-empty-reading.md	0
0ca92e4c-f2ed-4b81-98cd-162a5452e0fb	docs/process/decisions/0012-the-release-workflows-are-separate-from-ci-one-tag-value-serves-both-entry-points-and-fixtures-read-them-statically.md	0
0ca92e4c-f2ed-4b81-98cd-162a5452e0fb	docs/process/decisions/0013-self-hosted-eligibility-in-ci-is-decided-by-the-event-alone-and-a-push-to-any-branch-is-eligible.md	1
0ca92e4c-f2ed-4b81-98cd-162a5452e0fb	docs/process/decisions/0014-the-boundary-against-a-fork-is-the-approval-of-outside-runs-and-a-person-reads-a-github-diff-before-approving-one.md	1
0ca92e4c-f2ed-4b81-98cd-162a5452e0fb	docs/process/decisions/0020-merges-go-through-the-github-merge-queue-one-squash-commit-per-pull-request.md	0
0ca92e4c-f2ed-4b81-98cd-162a5452e0fb	docs/process/decisions/0022-the-verify-and-rework-loop-for-one-issue-runs-below-the-parent.md	0
0ca92e4c-f2ed-4b81-98cd-162a5452e0fb	docs/process/evaluations/two-triggers-one-verdict-how-this-repository-s-ci-decides-where-a-job-runs-and-what-it-trusts.md	1
0ca92e4c-f2ed-4b81-98cd-162a5452e0fb	docs/process/explanations/where-a-ci-job-runs.md	1
0ca92e4c-f2ed-4b81-98cd-162a5452e0fb	docs/process/obligations/0209-a-build-order-dispatch-passes-no-isolation-so-a-stage-can-inherit-the-parent-worktree-as-its-working-directory.md	0
0ca92e4c-f2ed-4b81-98cd-162a5452e0fb	docs/process/obligations/0210-no-fixture-holds-the-symlink-case-of-new-worktree-sh-and-a-bare-name-of-two-dots-leaves-a-branch-behind.md	0
0ca92e4c-f2ed-4b81-98cd-162a5452e0fb	docs/process/obligations/0211-two-hand-remedy-lines-for-hw-cargo-in-hw-run-policy-may-no-longer-earn-their-cost-on-every-dispatch.md	0
0ca92e4c-f2ed-4b81-98cd-162a5452e0fb	missing	1
0cba6bae-9dfd-4037-8075-c9ffb949a771	docs/decisions/0019-inbound-integration-an-external-system-of-record.md	0
0cba6bae-9dfd-4037-8075-c9ffb949a771	docs/decisions/0033-q33-whether-the-command-line-is-derived-and-who-a-flag-belongs-to.md	0
0cba6bae-9dfd-4037-8075-c9ffb949a771	docs/decisions/0046-migrating-from-version-carries-a-semver-and-a-release-digest-kept-as-separate-fields.md	0
0cba6bae-9dfd-4037-8075-c9ffb949a771	docs/how-to/cut-a-release.md	2
0cba6bae-9dfd-4037-8075-c9ffb949a771	docs/how-to/relocate-a-shelf.md	0
0cba6bae-9dfd-4037-8075-c9ffb949a771	docs/interfaces/headwater-neighbors.md	0
0cba6bae-9dfd-4037-8075-c9ffb949a771	docs/interfaces/headwater-sweep.md	0
0cba6bae-9dfd-4037-8075-c9ffb949a771	docs/obligations/0115-a-pinned-digest-authenticates-the-pin-and-never-the-publisher.md	0
0cba6bae-9dfd-4037-8075-c9ffb949a771	docs/obligations/0122-nothing-holds-the-conformance-rule-set-of-a-package-a-consumer-takes-from-source.md	0
0cba6bae-9dfd-4037-8075-c9ffb949a771	docs/obligations/0148-the-help-assertion-never-asks-a-subcommand-and-no-rust-version-declares-the-floor-clap-now-sits-on.md	0
0cba6bae-9dfd-4037-8075-c9ffb949a771	docs/obligations/0162-spec-7-prints-a-package-version-that-no-check-compares-with-the-recipe.md	1
0cba6bae-9dfd-4037-8075-c9ffb949a771	docs/probe-runs/regression-probe-transcript-for-2026-09-16.md	0
0cba6bae-9dfd-4037-8075-c9ffb949a771	docs/spec/16-harness-support.md	0
0cba6bae-9dfd-4037-8075-c9ffb949a771	missing	0
0cc7c086-9900-433c-991d-f0b7d84004d5	docs/obligations/0011-nothing-has-been-promoted-out-of-the-synthesized-tier.md	0
0cc7c086-9900-433c-991d-f0b7d84004d5	docs/obligations/0072-a-cache-of-check-results-does-not-make-a-run-proportional.md	0
0cc7c086-9900-433c-991d-f0b7d84004d5	docs/obligations/0207-the-plan-usage-of-one-issue-is-known-only-as-the-average-of-its-run.md	0
0cc7c086-9900-433c-991d-f0b7d84004d5	docs/obligations/0212-ci-done-sh-reads-a-cancelled-run-of-another-branch-as-a-red-result-on-a-main-merge-commit.md	0
0cc7c086-9900-433c-991d-f0b7d84004d5	docs/probe-results/campaign-of-2026-09-28-documentation-tier-absent-arm-sufficiency.md	0
0cc7c086-9900-433c-991d-f0b7d84004d5	docs/probe-results/campaign-pilot-of-2026-09-28-campaign-tier-absent-arm-discovery.md	0
0cc7c086-9900-433c-991d-f0b7d84004d5	docs/probe-results/campaign-pilot-of-2026-09-28-campaign-tier-present-arm-discovery.md	0
0cc7c086-9900-433c-991d-f0b7d84004d5	docs/probe-results/campaign-pilot-of-2026-09-28-campaign-tier-present-arm-sufficiency.md	0
0cc7c086-9900-433c-991d-f0b7d84004d5	docs/probe-results/campaign-pilot-of-2026-09-28-documentation-tier-absent-arm-sufficiency.md	0
0cc7c086-9900-433c-991d-f0b7d84004d5	docs/probe-results/second-campaign-pilot-of-2026-09-28-campaign-tier-present-arm-discovery.md	0
0cc7c086-9900-433c-991d-f0b7d84004d5	missing	1
0d075cb3-645f-409c-8ec8-4c2490d51fa5	docs/decisions/0015-a-synthesized-content-tier.md	0
0d075cb3-645f-409c-8ec8-4c2490d51fa5	docs/decisions/0031-q31-whether-this-repository-becomes-public-and-when.md	0
0d075cb3-645f-409c-8ec8-4c2490d51fa5	docs/evaluations/inspect-evals-worked-example.md	0
0d075cb3-645f-409c-8ec8-4c2490d51fa5	docs/how-to/cut-a-release.md	0
0d075cb3-645f-409c-8ec8-4c2490d51fa5	docs/how-to/diagnose-an-isolation-failure.md	0
0d075cb3-645f-409c-8ec8-4c2490d51fa5	docs/how-to/mine-the-shadow-mode-routing-log.md	0
0d075cb3-645f-409c-8ec8-4c2490d51fa5	docs/how-to/relocate-a-shelf.md	0
0d075cb3-645f-409c-8ec8-4c2490d51fa5	docs/how-to/wire-headwater-check-into-your-own-workflow.md	0
0d075cb3-645f-409c-8ec8-4c2490d51fa5	docs/obligations/0125-nine-documents-state-a-warrant-the-closed-set-does-not-hold-and-no-check-reads-one.md	0
0d075cb3-645f-409c-8ec8-4c2490d51fa5	docs/obligations/0138-the-rest-of-the-editorial-pass-with-cli-src-main-rs-at-the-head-of-the-distribution.md	0
0d075cb3-645f-409c-8ec8-4c2490d51fa5	docs/obligations/0163-ten-decision-records-claim-a-q-number-the-decision-register-does-not-carry.md	0
0d075cb3-645f-409c-8ec8-4c2490d51fa5	docs/obligations/0169-the-coverage-report-lists-one-path-twice-so-the-self-assessment-page-publishes-two-unaccounted-files-where-one-exists.md	0
0d075cb3-645f-409c-8ec8-4c2490d51fa5	docs/process/decisions/0002-adjudication-is-a-separate-stage-and-refusal-is-licensed.md	0
0d075cb3-645f-409c-8ec8-4c2490d51fa5	docs/process/decisions/0020-merges-go-through-the-github-merge-queue-one-squash-commit-per-pull-request.md	1
0d075cb3-645f-409c-8ec8-4c2490d51fa5	docs/reviews/the-sixty-four-restored-help-strings-checked-against-the-binary.md	0
0d075cb3-645f-409c-8ec8-4c2490d51fa5	missing	0
0d9d1d6d-e1e2-4fc1-b9d9-ea65c8ae9a4f	docs/acceptance-criteria/0002-every-required-section-of-every-governed-document-has-a-heading.md	0
0d9d1d6d-e1e2-4fc1-b9d9-ea65c8ae9a4f	docs/decisions/0063-every-required-facet-of-a-generated-document-is-derived-and-the-emitter-composes-the-summary.md	0
0d9d1d6d-e1e2-4fc1-b9d9-ea65c8ae9a4f	docs/how-to/diagnose-an-isolation-failure.md	0
0d9d1d6d-e1e2-4fc1-b9d9-ea65c8ae9a4f	docs/how-to/keep-derived-files-from-conflicting-in-parallel-pull-requests.md	0
0d9d1d6d-e1e2-4fc1-b9d9-ea65c8ae9a4f	docs/interfaces/headwater-merge-driver.md	0
0d9d1d6d-e1e2-4fc1-b9d9-ea65c8ae9a4f	docs/obligations/0069-a-suppressed-finding-leaves-its-obligation-verified-and-spec-4.md	0
0d9d1d6d-e1e2-4fc1-b9d9-ea65c8ae9a4f	docs/obligations/0121-three-conformance-rules-name-an-attestation-that-no-record-format-exists-for.md	0
0d9d1d6d-e1e2-4fc1-b9d9-ea65c8ae9a4f	docs/obligations/0216-two-merge-hooks-of-this-repository-print-a-resolve-flag-that-the-verb-refuses.md	0
0d9d1d6d-e1e2-4fc1-b9d9-ea65c8ae9a4f	docs/probes/the-pointer-this-corpus-offers-for-a-task-is-the-document-a-session-opens.md	0
0d9d1d6d-e1e2-4fc1-b9d9-ea65c8ae9a4f	docs/process/decisions/0017-ci-concurrency-is-per-ref-and-every-ref-but-main-cancels-a-superseded-run.md	1
0d9d1d6d-e1e2-4fc1-b9d9-ea65c8ae9a4f	docs/process/decisions/0020-merges-go-through-the-github-merge-queue-one-squash-commit-per-pull-request.md	2
0d9d1d6d-e1e2-4fc1-b9d9-ea65c8ae9a4f	docs/process/decisions/0022-the-verify-and-rework-loop-for-one-issue-runs-below-the-parent.md	1
0d9d1d6d-e1e2-4fc1-b9d9-ea65c8ae9a4f	docs/process/evaluations/one-clone-many-agents-how-this-repository-isolates-the-sessions-that-build-it.md	1
0d9d1d6d-e1e2-4fc1-b9d9-ea65c8ae9a4f	docs/process/obligations/0212-ci-done-sh-reads-a-cancelled-run-of-another-branch-as-a-red-result-on-a-main-merge-commit.md	1
0d9d1d6d-e1e2-4fc1-b9d9-ea65c8ae9a4f	docs/process/specs/orchestration-architecture.md	1
0d9d1d6d-e1e2-4fc1-b9d9-ea65c8ae9a4f	missing	1
0f0a4d44-4f13-4519-88ff-c622434dfe39	docs/acceptance-criteria/0001-no-engine-source-outside-the-fetch-crate-names-a-network-api-and-no-crate-of-the-checking-loop-reaches-a-network-package.md	0
0f0a4d44-4f13-4519-88ff-c622434dfe39	docs/decisions/0034-q34-whether-acceptance-means-merged-to-main-and-what-an-agent-may-write-before-that.md	0
0f0a4d44-4f13-4519-88ff-c622434dfe39	docs/decisions/0098-an-engine-subsystem-is-described-by-a-technical-design-spec-on-a-shelf-of-its-own-and-its-behavior-stays-where-it-is-already-written.md	2
0f0a4d44-4f13-4519-88ff-c622434dfe39	docs/evaluations/external-evaluation-harnesses-and-benchmarks-for-the-probe-campaign.md	0
0f0a4d44-4f13-4519-88ff-c622434dfe39	docs/obligations/0035-section-contracts-in-the-base.md	1
0f0a4d44-4f13-4519-88ff-c622434dfe39	docs/obligations/0107-the-base-package-ships-a-kind-that-the-scaffolder-refuses-to-write.md	1
0f0a4d44-4f13-4519-88ff-c622434dfe39	docs/obligations/0161-the-validation-block-of-mkdocs-yml-is-a-gate-this-repository-owns-and-no-fixture-drives.md	0
0f0a4d44-4f13-4519-88ff-c622434dfe39	docs/obligations/0189-a-base-shelf-path-is-closed-to-every-later-entry-over-the-same-ground.md	1
0f0a4d44-4f13-4519-88ff-c622434dfe39	docs/obligations/0203-three-small-run-tooling-gaps-from-run-20260922-1121-filed-together.md	0
0f0a4d44-4f13-4519-88ff-c622434dfe39	docs/obligations/0207-the-plan-usage-of-one-issue-is-known-only-as-the-average-of-its-run.md	0
0f0a4d44-4f13-4519-88ff-c622434dfe39	docs/obligations/0211-two-hand-remedy-lines-for-hw-cargo-in-hw-run-policy-may-no-longer-earn-their-cost-on-every-dispatch.md	0
0f0a4d44-4f13-4519-88ff-c622434dfe39	docs/process/decisions/0006-the-entrypoint-keeps-its-name-and-becomes-a-resumable-run.md	0
0f0a4d44-4f13-4519-88ff-c622434dfe39	docs/process/decisions/0023-a-build-order-parent-restarts-every-few-merges-drains-to-zero-first-and-resumes-from-the-handover-files-on-disk.md	0
0f0a4d44-4f13-4519-88ff-c622434dfe39	docs/process/explanations/where-a-ci-job-runs.md	1
0f0a4d44-4f13-4519-88ff-c622434dfe39	docs/spec/17-orchestration-architecture.md	0
0f0a4d44-4f13-4519-88ff-c622434dfe39	missing	1
0f3bc538-01f7-4ee2-9805-a47983367dc6	docs/evaluations/first-contact.md	0
0f3bc538-01f7-4ee2-9805-a47983367dc6	docs/evaluations/language-choice.md	0
0f3bc538-01f7-4ee2-9805-a47983367dc6	docs/evaluations/language-spike-results.md	0
0f3bc538-01f7-4ee2-9805-a47983367dc6	docs/evaluations/schema-format-walkthrough.md	0
0f3bc538-01f7-4ee2-9805-a47983367dc6	docs/how-to/diagnose-an-isolation-failure.md	0
0f3bc538-01f7-4ee2-9805-a47983367dc6	docs/interfaces/headwater-taxonomy.md	0
0f3bc538-01f7-4ee2-9805-a47983367dc6	docs/obligations/0026-the-operational-shape-of-a-hosted-server-is-unstated.md	0
0f3bc538-01f7-4ee2-9805-a47983367dc6	docs/obligations/0110-the-loss-census-carries-a-finding-by-substring-so-an-index-of-rules-and-paths-passes-it.md	0
0f3bc538-01f7-4ee2-9805-a47983367dc6	docs/obligations/0150-a-current-decision-declares-no-required-edge-to-the-document-it-settled-so-22-of-23-reach-no-specification-at-all.md	0
0f3bc538-01f7-4ee2-9805-a47983367dc6	docs/probes/the-pointer-this-corpus-offers-for-a-task-is-the-document-a-session-opens.md	0
0f3bc538-01f7-4ee2-9805-a47983367dc6	docs/reviews/core-concepts-review-findings.md	0
0f3bc538-01f7-4ee2-9805-a47983367dc6	docs/reviews/core-concepts-review-prompt.md	0
0f3bc538-01f7-4ee2-9805-a47983367dc6	docs/spec/07-distribution-and-federation.md	0
0f3bc538-01f7-4ee2-9805-a47983367dc6	docs/spec/17-orchestration-architecture.md	0
0f3bc538-01f7-4ee2-9805-a47983367dc6	missing	0
10229a0d-9a3b-40a6-bf7c-6a49ffe276b5	docs/acceptance-criteria/0002-every-required-section-of-every-governed-document-has-a-heading.md	2
10229a0d-9a3b-40a6-bf7c-6a49ffe276b5	docs/decisions/0003-how-much-of-the-default-taxonomy-ships-in-the-box.md	0
10229a0d-9a3b-40a6-bf7c-6a49ffe276b5	docs/evaluations/a-probe-task-section-is-the-prompt-so-commentary-under-that-heading-is-prompt.md	1
10229a0d-9a3b-40a6-bf7c-6a49ffe276b5	docs/how-to/diagnose-an-isolation-failure.md	0
10229a0d-9a3b-40a6-bf7c-6a49ffe276b5	docs/obligations/0036-identity-below-the-grain-of-a-document.md	0
10229a0d-9a3b-40a6-bf7c-6a49ffe276b5	docs/obligations/0080-changed-only-is-the-content-addressed-cache-under-another-name.md	0
10229a0d-9a3b-40a6-bf7c-6a49ffe276b5	docs/obligations/0126-every-asserted-document-carries-the-freshness-date-that-spec-3-says-it-cannot.md	0
10229a0d-9a3b-40a6-bf7c-6a49ffe276b5	docs/obligations/0156-a-help-string-and-the-interface-contract-that-restates-it-can-both-be-false-with-the-whole-suite-green.md	0
10229a0d-9a3b-40a6-bf7c-6a49ffe276b5	docs/obligations/0204-docs-decisions-0077-still-describes-hw-dr-0049-s-rewrite-as-pending-after-574-made-it.md	0
10229a0d-9a3b-40a6-bf7c-6a49ffe276b5	docs/obligations/0211-two-hand-remedy-lines-for-hw-cargo-in-hw-run-policy-may-no-longer-earn-their-cost-on-every-dispatch.md	0
10229a0d-9a3b-40a6-bf7c-6a49ffe276b5	docs/process/decisions/0007-a-background-wait-caps-below-the-cache-lifetime-and-re-issues-itself.md	0
10229a0d-9a3b-40a6-bf7c-6a49ffe276b5	docs/process/decisions/0020-merges-go-through-the-github-merge-queue-one-squash-commit-per-pull-request.md	2
10229a0d-9a3b-40a6-bf7c-6a49ffe276b5	docs/process/explanations/where-a-ci-job-runs.md	1
10229a0d-9a3b-40a6-bf7c-6a49ffe276b5	docs/requirements/0002-every-document-of-a-kind-that-requires-sections-carries-all-of-them.md	2
10229a0d-9a3b-40a6-bf7c-6a49ffe276b5	docs/spec/glossary.md	0
10229a0d-9a3b-40a6-bf7c-6a49ffe276b5	missing	0
1029136b-4af1-4da1-8ca9-0b7aae0bd3f3	docs/decisions/0032-q32-which-test-the-self-audit-label-states.md	0
1029136b-4af1-4da1-8ca9-0b7aae0bd3f3	docs/evaluations/graph-export-and-federation.md	0
1029136b-4af1-4da1-8ca9-0b7aae0bd3f3	docs/evaluations/language-spike-results.md	0
1029136b-4af1-4da1-8ca9-0b7aae0bd3f3	docs/evaluations/what-the-counterfactual-campaign-of-2026-09-30-measured-by-component.md	0
1029136b-4af1-4da1-8ca9-0b7aae0bd3f3	docs/how-to/rotate-or-revoke-the-apt-signing-subkey.md	0
1029136b-4af1-4da1-8ca9-0b7aae0bd3f3	docs/interfaces/headwater-capture.md	0
1029136b-4af1-4da1-8ca9-0b7aae0bd3f3	docs/interfaces/headwater-route.md	0
1029136b-4af1-4da1-8ca9-0b7aae0bd3f3	docs/obligations/0026-the-operational-shape-of-a-hosted-server-is-unstated.md	0
1029136b-4af1-4da1-8ca9-0b7aae0bd3f3	docs/obligations/0072-a-cache-of-check-results-does-not-make-a-run-proportional.md	0
1029136b-4af1-4da1-8ca9-0b7aae0bd3f3	docs/obligations/0102-two-documents-state-what-voids-a-verdict-and-they-do-not.md	0
1029136b-4af1-4da1-8ca9-0b7aae0bd3f3	docs/process/decisions/0005-the-ledger-is-split-its-tabular-parts-are-jsonl-and-its-totals-are-derived.md	0
1029136b-4af1-4da1-8ca9-0b7aae0bd3f3	docs/process/obligations/0220-no-disk-floor-is-stated-for-a-build-order-run-and-nothing-prunes-the-cargo-pool.md	1
1029136b-4af1-4da1-8ca9-0b7aae0bd3f3	docs/requirements/0003-a-relation-target-written-as-the-path-of-a-document-is-reported-and-never-bound-as-an-anchor-onto-that-file.md	0
1029136b-4af1-4da1-8ca9-0b7aae0bd3f3	docs/spec/06-engine-architecture.md	0
1029136b-4af1-4da1-8ca9-0b7aae0bd3f3	docs/spec/09-decisions.md	0
1029136b-4af1-4da1-8ca9-0b7aae0bd3f3	missing	0
10ea6500-467c-4c82-9a6c-1f63e46e2353	docs/decisions/0010-naming.md	0
10ea6500-467c-4c82-9a6c-1f63e46e2353	docs/decisions/0038-q38-which-link-relation-a-rendered-page-carries-to-the-served-corpus-descriptor.md	0
10ea6500-467c-4c82-9a6c-1f63e46e2353	docs/evaluations/linkml-worked-example.md	0
10ea6500-467c-4c82-9a6c-1f63e46e2353	docs/evaluations/shacl-worked-example.md	0
10ea6500-467c-4c82-9a6c-1f63e46e2353	docs/how-to/wire-headwater-check-into-your-own-workflow.md	0
10ea6500-467c-4c82-9a6c-1f63e46e2353	docs/interfaces/headwater-query.md	0
10ea6500-467c-4c82-9a6c-1f63e46e2353	docs/interfaces/headwater-sweep.md	0
10ea6500-467c-4c82-9a6c-1f63e46e2353	docs/obligations/0029-what-headwater-query-takes.md	0
10ea6500-467c-4c82-9a6c-1f63e46e2353	docs/obligations/0120-no-reader-takes-a-waiver-against-a-check-finding-so-one-arm-of-the-escape-partition-is-empty.md	0
10ea6500-467c-4c82-9a6c-1f63e46e2353	docs/spec/00-vision-and-scope.md	1
10ea6500-467c-4c82-9a6c-1f63e46e2353	missing	1
129e193b-287d-4320-b643-c17aa3158ac5	docs/evaluations/first-contact.md	0
129e193b-287d-4320-b643-c17aa3158ac5	docs/how-to/mine-the-shadow-mode-routing-log.md	0
129e193b-287d-4320-b643-c17aa3158ac5	docs/interfaces/headwater-completions.md	0
129e193b-287d-4320-b643-c17aa3158ac5	docs/interfaces/headwater-init.md	0
129e193b-287d-4320-b643-c17aa3158ac5	docs/interfaces/headwater-route.md	0
129e193b-287d-4320-b643-c17aa3158ac5	docs/obligations/0103-the-front-matter-half-of-a-patch-has-no-writer.md	0
129e193b-287d-4320-b643-c17aa3158ac5	docs/obligations/0149-the-write-time-hook-still-picks-pointer-lines-out-of-prose-by-their-em-dash.md	0
129e193b-287d-4320-b643-c17aa3158ac5	docs/requirements/0002-every-document-of-a-kind-that-requires-sections-carries-all-of-them.md	0
129e193b-287d-4320-b643-c17aa3158ac5	docs/reviews/core-concepts-findings-assessment.md	0
129e193b-287d-4320-b643-c17aa3158ac5	docs/reviews/core-concepts-independent-review.md	0
129e193b-287d-4320-b643-c17aa3158ac5	docs/reviews/core-concepts-review-findings.md	0
129e193b-287d-4320-b643-c17aa3158ac5	docs/reviews/core-concepts-review-prompt.md	0
129e193b-287d-4320-b643-c17aa3158ac5	docs/reviews/the-sixty-four-restored-help-strings-checked-against-the-binary.md	0
129e193b-287d-4320-b643-c17aa3158ac5	docs/spec/03-authoring-and-lifecycle.md	0
129e193b-287d-4320-b643-c17aa3158ac5	docs/spec/07-distribution-and-federation.md	0
129e193b-287d-4320-b643-c17aa3158ac5	missing	0
13dc3601-c7ec-4688-b6d0-478796c04e7c	docs/acceptance-criteria/0004-each-list-anchor-in-the-native-export-carries-its-sorted-members-and-a-single-pattern-carries-none.md	0
13dc3601-c7ec-4688-b6d0-478796c04e7c	docs/decisions/0011-license-and-distribution-posture.md	0
13dc3601-c7ec-4688-b6d0-478796c04e7c	docs/decisions/0041-q41-whether-vale-becomes-a-declared-regime-backend.md	0
13dc3601-c7ec-4688-b6d0-478796c04e7c	docs/decisions/0044-q44-whether-bundles-decompose-into-capabilities-and-assemblies-compose-practices.md	0
13dc3601-c7ec-4688-b6d0-478796c04e7c	docs/decisions/0095-q67-one-library-entry-may-address-the-keys-of-an-entry-it-names-in-requires-and-confluence-holds-over-the-dependency-order.md	0
13dc3601-c7ec-4688-b6d0-478796c04e7c	docs/evaluations/schema-format-walkthrough.md	0
13dc3601-c7ec-4688-b6d0-478796c04e7c	docs/obligations/0008-an-adoption-payload-has-a-first-reading-and-no-elapsed-time.md	0
13dc3601-c7ec-4688-b6d0-478796c04e7c	docs/obligations/0096-whether-anything-is-ever-promoted-out-of-the-asserted-tier.md	0
13dc3601-c7ec-4688-b6d0-478796c04e7c	docs/obligations/0097-whether-the-four-modes-of-di-taxis-are-the-kind-set.md	0
13dc3601-c7ec-4688-b6d0-478796c04e7c	docs/obligations/0102-two-documents-state-what-voids-a-verdict-and-they-do-not.md	0
13dc3601-c7ec-4688-b6d0-478796c04e7c	docs/obligations/0158-clap-owns-the-help-flag-so-h-help-reads-print-help-on-all-32-verb-pages.md	0
13dc3601-c7ec-4688-b6d0-478796c04e7c	docs/probe-runs/campaign-pilot-of-2026-09-28-campaign-tier-absent-arm-sufficiency.md	0
13dc3601-c7ec-4688-b6d0-478796c04e7c	docs/process/obligations/0211-two-hand-remedy-lines-for-hw-cargo-in-hw-run-policy-may-no-longer-earn-their-cost-on-every-dispatch.md	0
13dc3601-c7ec-4688-b6d0-478796c04e7c	docs/reviews/core-concepts-review-findings.md	0
13dc3601-c7ec-4688-b6d0-478796c04e7c	docs/spec/15-the-recorder-contract.md	0
13dc3601-c7ec-4688-b6d0-478796c04e7c	missing	1
13fdb148-2c6d-4c57-a680-8824cf75cfc0	docs/evaluations/capability-bundle-address-inventory.md	0
13fdb148-2c6d-4c57-a680-8824cf75cfc0	docs/evaluations/governs-edges-what-an-anchor-reaches-what-covers-it-when-it-ages-and-where-a-session-meets-it.md	0
13fdb148-2c6d-4c57-a680-8824cf75cfc0	docs/how-to/publish-your-corpus-as-a-site.md	0
13fdb148-2c6d-4c57-a680-8824cf75cfc0	docs/obligations/0189-a-base-shelf-path-is-closed-to-every-later-entry-over-the-same-ground.md	0
13fdb148-2c6d-4c57-a680-8824cf75cfc0	docs/process/decisions/0006-the-entrypoint-keeps-its-name-and-becomes-a-resumable-run.md	1
13fdb148-2c6d-4c57-a680-8824cf75cfc0	docs/process/decisions/0011-crates-publish-in-one-fixed-order-that-a-test-holds-and-a-rerun-continues-where-the-last-run-stopped.md	0
13fdb148-2c6d-4c57-a680-8824cf75cfc0	docs/process/obligations/0202-a-bare-none-footprint-is-claimed-as-a-literal-path-so-two-disjoint-issues-collide.md	0
13fdb148-2c6d-4c57-a680-8824cf75cfc0	docs/process/obligations/0211-two-hand-remedy-lines-for-hw-cargo-in-hw-run-policy-may-no-longer-earn-their-cost-on-every-dispatch.md	0
13fdb148-2c6d-4c57-a680-8824cf75cfc0	docs/process/obligations/0220-no-disk-floor-is-stated-for-a-build-order-run-and-nothing-prunes-the-cargo-pool.md	0
13fdb148-2c6d-4c57-a680-8824cf75cfc0	docs/process/obligations/0227-seven-run-tooling-gaps-from-run-20260929-2201-filed-together.md	1
13fdb148-2c6d-4c57-a680-8824cf75cfc0	docs/process/specs/orchestration-architecture.md	1
13fdb148-2c6d-4c57-a680-8824cf75cfc0	docs/requirements/0003-a-relation-target-written-as-the-path-of-a-document-is-reported-and-never-bound-as-an-anchor-onto-that-file.md	0
13fdb148-2c6d-4c57-a680-8824cf75cfc0	docs/spec/15-the-recorder-contract.md	0
13fdb148-2c6d-4c57-a680-8824cf75cfc0	docs/subsystems/authoring.md	0
13fdb148-2c6d-4c57-a680-8824cf75cfc0	docs/subsystems/projections-and-export.md	0
13fdb148-2c6d-4c57-a680-8824cf75cfc0	missing	1
152d5c7f-35de-44b7-9e25-6f6785c1b6f3	docs/decisions/0032-q32-which-test-the-self-audit-label-states.md	0
152d5c7f-35de-44b7-9e25-6f6785c1b6f3	docs/decisions/0034-q34-whether-acceptance-means-merged-to-main-and-what-an-agent-may-write-before-that.md	0
152d5c7f-35de-44b7-9e25-6f6785c1b6f3	docs/decisions/0052-a-document-is-proposed-at-the-state-it-will-hold-and-the-merge-activates-it.md	0
152d5c7f-35de-44b7-9e25-6f6785c1b6f3	docs/how-to/rotate-or-revoke-the-apt-signing-subkey.md	0
152d5c7f-35de-44b7-9e25-6f6785c1b6f3	docs/obligations/0017-publishing-the-read-set-skips-a-re-run-on-two-of-the-eighteen.md	0
152d5c7f-35de-44b7-9e25-6f6785c1b6f3	docs/obligations/0026-the-operational-shape-of-a-hosted-server-is-unstated.md	0
152d5c7f-35de-44b7-9e25-6f6785c1b6f3	docs/obligations/0182-the-publish-crates-retry-loop-has-no-retry-ceiling.md	0
152d5c7f-35de-44b7-9e25-6f6785c1b6f3	docs/obligations/0212-ci-done-sh-reads-a-cancelled-run-of-another-branch-as-a-red-result-on-a-main-merge-commit.md	1
152d5c7f-35de-44b7-9e25-6f6785c1b6f3	docs/obligations/0216-two-merge-hooks-of-this-repository-print-a-resolve-flag-that-the-verb-refuses.md	0
152d5c7f-35de-44b7-9e25-6f6785c1b6f3	docs/obligations/0220-no-disk-floor-is-stated-for-a-build-order-run-and-nothing-prunes-the-cargo-pool.md	0
152d5c7f-35de-44b7-9e25-6f6785c1b6f3	docs/process/decisions/0017-ci-concurrency-is-per-ref-and-every-ref-but-main-cancels-a-superseded-run.md	1
152d5c7f-35de-44b7-9e25-6f6785c1b6f3	docs/process/decisions/0020-merges-go-through-the-github-merge-queue-one-squash-commit-per-pull-request.md	2
152d5c7f-35de-44b7-9e25-6f6785c1b6f3	docs/spec/12-check-layer.md	0
152d5c7f-35de-44b7-9e25-6f6785c1b6f3	docs/spec/13-open-obligations.md	0
152d5c7f-35de-44b7-9e25-6f6785c1b6f3	docs/spec/17-orchestration-architecture.md	1
152d5c7f-35de-44b7-9e25-6f6785c1b6f3	missing	0
159854df-c46a-48e3-8c52-143e11275018	docs/evaluations/a-probe-task-section-is-the-prompt-so-commentary-under-that-heading-is-prompt.md	0
159854df-c46a-48e3-8c52-143e11275018	docs/evaluations/external-evaluation-harnesses-and-benchmarks-for-the-probe-campaign.md	0
159854df-c46a-48e3-8c52-143e11275018	docs/evaluations/the-pointer-probe-grades-a-session-against-the-router-s-own-first-pick-so-a-correct-session-that-declines-a-wrong-pointer-fails.md	0
159854df-c46a-48e3-8c52-143e11275018	docs/how-to/mine-the-shadow-mode-routing-log.md	0
159854df-c46a-48e3-8c52-143e11275018	docs/obligations/0014-no-probe-tests-whether-an-agent-reaches-the-adjudication-from.md	0
159854df-c46a-48e3-8c52-143e11275018	docs/obligations/0197-a-superseded-document-claims-no-reliance-and-nothing-measures-whether-a-session-honors-that.md	0
159854df-c46a-48e3-8c52-143e11275018	docs/probe-runs/campaign-of-2026-09-28-campaign-tier-absent-arm-sufficiency.md	0
159854df-c46a-48e3-8c52-143e11275018	docs/probe-runs/campaign-of-2026-09-28-documentation-tier-absent-arm-sufficiency.md	0
159854df-c46a-48e3-8c52-143e11275018	docs/probe-runs/status-probe-pilot-of-2026-09-29-campaign-tier-absent-arm-sufficiency.md	0
159854df-c46a-48e3-8c52-143e11275018	docs/probe-runs/status-probe-pilot-of-2026-09-29-campaign-tier-present-arm-sufficiency.md	0
159854df-c46a-48e3-8c52-143e11275018	docs/probes/a-cold-agent-reaches-the-governing-document-through-the-corpus-descriptor.md	0
159854df-c46a-48e3-8c52-143e11275018	docs/probes/a-counted-tombstone-separates-a-withheld-answer-from-an-absent-answer.md	0
159854df-c46a-48e3-8c52-143e11275018	docs/process/explanations/where-a-ci-job-runs.md	0
159854df-c46a-48e3-8c52-143e11275018	missing	0
1618ecd4-9e4e-4186-870f-1194c5c39f41	docs/decisions/0034-q34-whether-acceptance-means-merged-to-main-and-what-an-agent-may-write-before-that.md	0
1618ecd4-9e4e-4186-870f-1194c5c39f41	docs/decisions/0097-a-figure-on-a-hand-built-page-is-measured-when-the-site-is-published-and-the-committed-page-carries-none.md	0
1618ecd4-9e4e-4186-870f-1194c5c39f41	docs/obligations/0131-the-cli-crate-wires-every-verb-and-carries-no-tests-so-two-wiring-defects-passed-a-green-suite.md	0
1618ecd4-9e4e-4186-870f-1194c5c39f41	docs/obligations/0145-the-ci-job-named-advisory-carries-every-blocking-shell-suite-in-the-repository.md	0
1618ecd4-9e4e-4186-870f-1194c5c39f41	docs/obligations/0173-four-inline-gates-in-the-workflow-decide-an-exit-status-and-no-suite-provokes-one.md	0
1618ecd4-9e4e-4186-870f-1194c5c39f41	docs/obligations/0210-no-fixture-holds-the-symlink-case-of-new-worktree-sh-and-a-bare-name-of-two-dots-leaves-a-branch-behind.md	0
1618ecd4-9e4e-4186-870f-1194c5c39f41	docs/obligations/0212-ci-done-sh-reads-a-cancelled-run-of-another-branch-as-a-red-result-on-a-main-merge-commit.md	1
1618ecd4-9e4e-4186-870f-1194c5c39f41	docs/obligations/0216-two-merge-hooks-of-this-repository-print-a-resolve-flag-that-the-verb-refuses.md	0
1618ecd4-9e4e-4186-870f-1194c5c39f41	docs/process/decisions/0014-the-boundary-against-a-fork-is-the-approval-of-outside-runs-and-a-person-reads-a-github-diff-before-approving-one.md	0
1618ecd4-9e4e-4186-870f-1194c5c39f41	docs/process/decisions/0016-ci-runner-is-an-opt-in-that-only-a-push-or-a-merge-group-reads-and-an-unset-value-falls-back-to-ubuntu-latest.md	0
1618ecd4-9e4e-4186-870f-1194c5c39f41	docs/process/decisions/0017-ci-concurrency-is-per-ref-and-every-ref-but-main-cancels-a-superseded-run.md	1
1618ecd4-9e4e-4186-870f-1194c5c39f41	docs/process/decisions/0020-merges-go-through-the-github-merge-queue-one-squash-commit-per-pull-request.md	2
1618ecd4-9e4e-4186-870f-1194c5c39f41	docs/process/explanations/where-a-ci-job-runs.md	1
1618ecd4-9e4e-4186-870f-1194c5c39f41	docs/spec/13-open-obligations.md	0
1618ecd4-9e4e-4186-870f-1194c5c39f41	missing	0
183ca890-7cce-49b9-8955-f2b66ef63bf4	docs/evaluations/adjacent-work.md	0
183ca890-7cce-49b9-8955-f2b66ef63bf4	docs/evaluations/language-choice.md	0
183ca890-7cce-49b9-8955-f2b66ef63bf4	docs/evaluations/schema-format-walkthrough.md	0
183ca890-7cce-49b9-8955-f2b66ef63bf4	docs/obligations/0072-a-cache-of-check-results-does-not-make-a-run-proportional.md	1
183ca890-7cce-49b9-8955-f2b66ef63bf4	docs/obligations/0207-the-plan-usage-of-one-issue-is-known-only-as-the-average-of-its-run.md	1
183ca890-7cce-49b9-8955-f2b66ef63bf4	docs/obligations/0221-subagents-read-skills-from-the-shared-checkout-and-a-worktree-isolated-integrator-cannot-fast-forward-it-after-a-merge.md	2
183ca890-7cce-49b9-8955-f2b66ef63bf4	docs/process/decisions/0003-a-dispatch-pays-when-it-retires-more-parent-turns-than-it-costs.md	2
183ca890-7cce-49b9-8955-f2b66ef63bf4	docs/process/decisions/0008-the-board-has-an-owner-of-its-structure-and-its-milestones-are-capped-versions.md	1
183ca890-7cce-49b9-8955-f2b66ef63bf4	docs/reviews/core-concepts-review-findings.md	0
183ca890-7cce-49b9-8955-f2b66ef63bf4	docs/spec/06-engine-architecture.md	0
183ca890-7cce-49b9-8955-f2b66ef63bf4	missing	1
1a77edf0-4093-4953-9bf1-5c7bdde67be1	docs/acceptance-criteria/0005-the-governing-documents-of-a-path-are-the-same-for-every-spelling-of-it-and-a-path-no-anchor-matches-has-none.md	0
1a77edf0-4093-4953-9bf1-5c7bdde67be1	docs/decisions/0003-how-much-of-the-default-taxonomy-ships-in-the-box.md	0
1a77edf0-4093-4953-9bf1-5c7bdde67be1	docs/how-to/cut-a-release.md	1
1a77edf0-4093-4953-9bf1-5c7bdde67be1	docs/how-to/diagnose-an-isolation-failure.md	0
1a77edf0-4093-4953-9bf1-5c7bdde67be1	docs/how-to/keep-derived-files-from-conflicting-in-parallel-pull-requests.md	0
1a77edf0-4093-4953-9bf1-5c7bdde67be1	docs/interfaces/headwater-capture.md	0
1a77edf0-4093-4953-9bf1-5c7bdde67be1	docs/interfaces/headwater-infer.md	0
1a77edf0-4093-4953-9bf1-5c7bdde67be1	docs/obligations/0001-the-promotion-fix-has-no-reading-of-the-assisted-fraction.md	0
1a77edf0-4093-4953-9bf1-5c7bdde67be1	docs/obligations/0018-the-bundle-set-is-a-guess-about-how-adopters-cluster.md	0
1a77edf0-4093-4953-9bf1-5c7bdde67be1	docs/obligations/0076-a-generated-check-reads-its-severity-from-the-taxonomy.md	0
1a77edf0-4093-4953-9bf1-5c7bdde67be1	docs/obligations/0115-a-pinned-digest-authenticates-the-pin-and-never-the-publisher.md	1
1a77edf0-4093-4953-9bf1-5c7bdde67be1	docs/process/decisions/0022-the-verify-and-rework-loop-for-one-issue-runs-below-the-parent.md	0
1a77edf0-4093-4953-9bf1-5c7bdde67be1	docs/process/obligations/0206-hw-run-policy-names-a-worktree-add-workaround-that-write-edit-refuses-under-this-harness.md	0
1a77edf0-4093-4953-9bf1-5c7bdde67be1	docs/process/obligations/0211-two-hand-remedy-lines-for-hw-cargo-in-hw-run-policy-may-no-longer-earn-their-cost-on-every-dispatch.md	0
1a77edf0-4093-4953-9bf1-5c7bdde67be1	docs/reviews/ste-editorial-pass-findings.md	0
1a77edf0-4093-4953-9bf1-5c7bdde67be1	missing	1
1b27cda3-394e-49aa-bbbc-0f8a6ec633b9	docs/acceptance-criteria/0003-check-reports-a-document-path-written-as-a-relation-target-once-in-every-spelling-and-through-a-symlink.md	0
1b27cda3-394e-49aa-bbbc-0f8a6ec633b9	docs/decisions/0096-harper-does-not-become-part-of-the-engine-now-and-q41-stands.md	0
1b27cda3-394e-49aa-bbbc-0f8a6ec633b9	docs/evaluations/default-taxonomy-first-run.md	0
1b27cda3-394e-49aa-bbbc-0f8a6ec633b9	docs/evaluations/why-corpus-counts-are-derived-not-stored.md	0
1b27cda3-394e-49aa-bbbc-0f8a6ec633b9	docs/how-to/diagnose-an-isolation-failure.md	0
1b27cda3-394e-49aa-bbbc-0f8a6ec633b9	docs/interfaces/headwater-show.md	0
1b27cda3-394e-49aa-bbbc-0f8a6ec633b9	docs/obligations/0017-publishing-the-read-set-skips-a-re-run-on-two-of-the-eighteen.md	0
1b27cda3-394e-49aa-bbbc-0f8a6ec633b9	docs/obligations/0088-correcting-an-identifier-is-mechanical-and-it-is-not-local.md	0
1b27cda3-394e-49aa-bbbc-0f8a6ec633b9	docs/obligations/0157-the-capture-report-says-two-denominators-over-a-store-that-named-seventeen-taxonomies.md	0
1b27cda3-394e-49aa-bbbc-0f8a6ec633b9	docs/obligations/0195-a-requirement-has-no-identity-so-a-descoped-requirement-has-no-form.md	0
1b27cda3-394e-49aa-bbbc-0f8a6ec633b9	docs/obligations/0204-docs-decisions-0077-still-describes-hw-dr-0049-s-rewrite-as-pending-after-574-made-it.md	0
1b27cda3-394e-49aa-bbbc-0f8a6ec633b9	docs/process/decisions/0017-ci-concurrency-is-per-ref-and-every-ref-but-main-cancels-a-superseded-run.md	0
1b27cda3-394e-49aa-bbbc-0f8a6ec633b9	docs/process/obligations/0207-the-plan-usage-of-one-issue-is-known-only-as-the-average-of-its-run.md	0
1b27cda3-394e-49aa-bbbc-0f8a6ec633b9	docs/process/obligations/0216-two-merge-hooks-of-this-repository-print-a-resolve-flag-that-the-verb-refuses.md	0
1b27cda3-394e-49aa-bbbc-0f8a6ec633b9	docs/subsystems/authoring.md	0
1b27cda3-394e-49aa-bbbc-0f8a6ec633b9	missing	1
1bad8db6-9a9c-44ca-9d0b-4b1769a758e3	docs/acceptance-criteria/0005-the-governing-documents-of-a-path-are-the-same-for-every-spelling-of-it-and-a-path-no-anchor-matches-has-none.md	0
1bad8db6-9a9c-44ca-9d0b-4b1769a758e3	docs/how-to/diagnose-an-isolation-failure.md	0
1bad8db6-9a9c-44ca-9d0b-4b1769a758e3	docs/obligations/0198-nothing-states-how-much-of-a-session-s-budget-the-standing-instructions-consume-before-work-starts.md	1
1bad8db6-9a9c-44ca-9d0b-4b1769a758e3	docs/obligations/0229-the-counterfactual-campaign-evaluation-withholds-its-discharges-edge-until-a-person-promotes-it.md	1
1bad8db6-9a9c-44ca-9d0b-4b1769a758e3	docs/probe-runs/campaign-of-2026-09-28-campaign-tier-absent-arm-sufficiency.md	0
1bad8db6-9a9c-44ca-9d0b-4b1769a758e3	docs/probe-runs/campaign-of-2026-09-28-campaign-tier-present-arm-navigability.md	0
1bad8db6-9a9c-44ca-9d0b-4b1769a758e3	docs/probe-runs/campaign-of-2026-09-28-campaign-tier-present-arm-sufficiency.md	0
1bad8db6-9a9c-44ca-9d0b-4b1769a758e3	docs/probe-runs/campaign-of-2026-09-28-documentation-tier-absent-arm-sufficiency.md	0
1bad8db6-9a9c-44ca-9d0b-4b1769a758e3	docs/probe-runs/campaign-of-2026-09-30-campaign-tier-absent-arm-sufficiency.md	1
1bad8db6-9a9c-44ca-9d0b-4b1769a758e3	docs/probe-runs/campaign-of-2026-09-30-campaign-tier-present-arm-discovery.md	1
1bad8db6-9a9c-44ca-9d0b-4b1769a758e3	docs/probe-runs/campaign-of-2026-09-30-campaign-tier-present-arm-sufficiency.md	1
1bad8db6-9a9c-44ca-9d0b-4b1769a758e3	docs/probe-runs/second-campaign-pilot-of-2026-09-28-campaign-tier-present-arm-sufficiency.md	0
1bad8db6-9a9c-44ca-9d0b-4b1769a758e3	docs/probes/a-session-names-the-status-a-settled-decision-carries-in-its-pull-request.md	0
1bad8db6-9a9c-44ca-9d0b-4b1769a758e3	docs/process/obligations/0207-the-plan-usage-of-one-issue-is-known-only-as-the-average-of-its-run.md	0
1bad8db6-9a9c-44ca-9d0b-4b1769a758e3	docs/spec/05-ai-integration.md	1
1bad8db6-9a9c-44ca-9d0b-4b1769a758e3	missing	1
1c07bbf0-d071-49fb-9385-b28587ba3886	docs/decisions/0060-the-engine-s-version-stays-one-number-and-a-build-s-exact-commit-is-a-separate-unwired-fact.md	0
1c07bbf0-d071-49fb-9385-b28587ba3886	docs/decisions/0083-governs-and-traces-to-are-created-by-an-agent-because-a-session-proposes-the-line-and-a-person-types-it.md	0
1c07bbf0-d071-49fb-9385-b28587ba3886	docs/evaluations/external-evaluation-harnesses-and-benchmarks-for-the-probe-campaign.md	0
1c07bbf0-d071-49fb-9385-b28587ba3886	docs/how-to/mine-the-shadow-mode-routing-log.md	0
1c07bbf0-d071-49fb-9385-b28587ba3886	docs/obligations/0035-section-contracts-in-the-base.md	0
1c07bbf0-d071-49fb-9385-b28587ba3886	docs/obligations/0223-no-run-measures-whether-the-documents-under-docs-change-what-an-agent-builds.md	0
1c07bbf0-d071-49fb-9385-b28587ba3886	docs/probe-results/campaign-of-2026-09-28-documentation-tier-absent-arm-sufficiency.md	0
1c07bbf0-d071-49fb-9385-b28587ba3886	docs/process/decisions/0006-the-entrypoint-keeps-its-name-and-becomes-a-resumable-run.md	0
1c07bbf0-d071-49fb-9385-b28587ba3886	docs/process/decisions/0022-the-verify-and-rework-loop-for-one-issue-runs-below-the-parent.md	0
1c07bbf0-d071-49fb-9385-b28587ba3886	docs/process/obligations/0207-the-plan-usage-of-one-issue-is-known-only-as-the-average-of-its-run.md	0
1c07bbf0-d071-49fb-9385-b28587ba3886	docs/process/obligations/0209-a-build-order-dispatch-passes-no-isolation-so-a-stage-can-inherit-the-parent-worktree-as-its-working-directory.md	0
1c07bbf0-d071-49fb-9385-b28587ba3886	docs/process/obligations/0211-two-hand-remedy-lines-for-hw-cargo-in-hw-run-policy-may-no-longer-earn-their-cost-on-every-dispatch.md	0
1c07bbf0-d071-49fb-9385-b28587ba3886	docs/process/obligations/0224-thirteen-run-tooling-gaps-from-run-20260928-1109-filed-together.md	0
1c07bbf0-d071-49fb-9385-b28587ba3886	docs/process/obligations/0225-eight-run-tooling-gaps-from-run-20260929-1205-filed-together.md	0
1c07bbf0-d071-49fb-9385-b28587ba3886	docs/spec/00-vision-and-scope.md	0
1c07bbf0-d071-49fb-9385-b28587ba3886	missing	0
1c7ae7b7-5859-4563-86b7-399671767584	docs/decisions/0067-the-vendored-package-root-moves-under-headwater-and-the-old-root-is-named-in-a-refusal.md	0
1c7ae7b7-5859-4563-86b7-399671767584	docs/how-to/cut-a-release.md	0
1c7ae7b7-5859-4563-86b7-399671767584	docs/how-to/relocate-a-shelf.md	0
1c7ae7b7-5859-4563-86b7-399671767584	docs/interfaces/headwater-completions.md	0
1c7ae7b7-5859-4563-86b7-399671767584	docs/obligations/0008-an-adoption-payload-has-a-first-reading-and-no-elapsed-time.md	0
1c7ae7b7-5859-4563-86b7-399671767584	docs/obligations/0031-list-extension-in-an-add-only-overlay.md	0
1c7ae7b7-5859-4563-86b7-399671767584	docs/obligations/0087-fixable-has-two-readings-inside-one-engine.md	0
1c7ae7b7-5859-4563-86b7-399671767584	docs/obligations/0161-the-validation-block-of-mkdocs-yml-is-a-gate-this-repository-owns-and-no-fixture-drives.md	0
1c7ae7b7-5859-4563-86b7-399671767584	docs/obligations/0184-nothing-states-why-the-vendored-package-root-is-visible-in-an-adopter-tree.md	0
1c7ae7b7-5859-4563-86b7-399671767584	docs/process/decisions/0006-the-entrypoint-keeps-its-name-and-becomes-a-resumable-run.md	0
1c7ae7b7-5859-4563-86b7-399671767584	docs/process/decisions/0009-a-release-gets-all-its-assets-in-one-create-call-and-a-person-deletes-it-to-run-again.md	0
1c7ae7b7-5859-4563-86b7-399671767584	docs/process/decisions/0017-ci-concurrency-is-per-ref-and-every-ref-but-main-cancels-a-superseded-run.md	0
1c7ae7b7-5859-4563-86b7-399671767584	docs/process/obligations/0209-a-build-order-dispatch-passes-no-isolation-so-a-stage-can-inherit-the-parent-worktree-as-its-working-directory.md	0
1c7ae7b7-5859-4563-86b7-399671767584	docs/process/obligations/0220-no-disk-floor-is-stated-for-a-build-order-run-and-nothing-prunes-the-cargo-pool.md	0
1c7ae7b7-5859-4563-86b7-399671767584	docs/requirements/0002-every-document-of-a-kind-that-requires-sections-carries-all-of-them.md	0
1c7ae7b7-5859-4563-86b7-399671767584	missing	0
1e1b7af7-4450-4cca-b4f5-79a03ea0cf0f	docs/decisions/0034-q34-whether-acceptance-means-merged-to-main-and-what-an-agent-may-write-before-that.md	0
1e1b7af7-4450-4cca-b4f5-79a03ea0cf0f	docs/decisions/0052-a-document-is-proposed-at-the-state-it-will-hold-and-the-merge-activates-it.md	0
1e1b7af7-4450-4cca-b4f5-79a03ea0cf0f	docs/decisions/0097-a-figure-on-a-hand-built-page-is-measured-when-the-site-is-published-and-the-committed-page-carries-none.md	0
1e1b7af7-4450-4cca-b4f5-79a03ea0cf0f	docs/evaluations/why-corpus-counts-are-derived-not-stored.md	0
1e1b7af7-4450-4cca-b4f5-79a03ea0cf0f	docs/interfaces/headwater-merge-driver.md	0
1e1b7af7-4450-4cca-b4f5-79a03ea0cf0f	docs/obligations/0135-repo-cleanup-names-one-cause-for-a-gone-upstream-and-this-repository-produced-a-second.md	1
1e1b7af7-4450-4cca-b4f5-79a03ea0cf0f	docs/obligations/0199-an-observation-snapshot-records-a-commit-and-nothing-reads-it-back.md	0
1e1b7af7-4450-4cca-b4f5-79a03ea0cf0f	docs/obligations/0212-ci-done-sh-reads-a-cancelled-run-of-another-branch-as-a-red-result-on-a-main-merge-commit.md	0
1e1b7af7-4450-4cca-b4f5-79a03ea0cf0f	docs/obligations/0216-two-merge-hooks-of-this-repository-print-a-resolve-flag-that-the-verb-refuses.md	0
1e1b7af7-4450-4cca-b4f5-79a03ea0cf0f	docs/process/decisions/0017-ci-concurrency-is-per-ref-and-every-ref-but-main-cancels-a-superseded-run.md	0
1e1b7af7-4450-4cca-b4f5-79a03ea0cf0f	docs/process/decisions/0020-merges-go-through-the-github-merge-queue-one-squash-commit-per-pull-request.md	1
1e1b7af7-4450-4cca-b4f5-79a03ea0cf0f	docs/process/explanations/where-a-ci-job-runs.md	0
1e1b7af7-4450-4cca-b4f5-79a03ea0cf0f	docs/spec/13-open-obligations.md	0
1e1b7af7-4450-4cca-b4f5-79a03ea0cf0f	missing	0
1ecace24-33d0-4814-a5ed-4a09b4a21208	docs/acceptance-criteria/0001-no-engine-source-outside-the-fetch-crate-names-a-network-api-and-no-crate-of-the-checking-loop-reaches-a-network-package.md	0
1ecace24-33d0-4814-a5ed-4a09b4a21208	docs/how-to/diagnose-an-isolation-failure.md	0
1ecace24-33d0-4814-a5ed-4a09b4a21208	docs/how-to/keep-derived-files-from-conflicting-in-parallel-pull-requests.md	0
1ecace24-33d0-4814-a5ed-4a09b4a21208	docs/interfaces/headwater-change.md	0
1ecace24-33d0-4814-a5ed-4a09b4a21208	docs/obligations/0017-publishing-the-read-set-skips-a-re-run-on-two-of-the-eighteen.md	0
1ecace24-33d0-4814-a5ed-4a09b4a21208	docs/obligations/0021-emitters-3-through-6-have-no-named-consumer.md	0
1ecace24-33d0-4814-a5ed-4a09b4a21208	docs/obligations/0092-how-a-probe-reaches-a-harvesting-tier-and-what-a-transcript.md	0
1ecace24-33d0-4814-a5ed-4a09b4a21208	docs/obligations/0161-the-validation-block-of-mkdocs-yml-is-a-gate-this-repository-owns-and-no-fixture-drives.md	0
1ecace24-33d0-4814-a5ed-4a09b4a21208	docs/obligations/0173-four-inline-gates-in-the-workflow-decide-an-exit-status-and-no-suite-provokes-one.md	0
1ecace24-33d0-4814-a5ed-4a09b4a21208	docs/process/decisions/0020-merges-go-through-the-github-merge-queue-one-squash-commit-per-pull-request.md	0
1ecace24-33d0-4814-a5ed-4a09b4a21208	docs/process/evaluations/one-clone-many-agents-how-this-repository-isolates-the-sessions-that-build-it.md	0
1ecace24-33d0-4814-a5ed-4a09b4a21208	docs/process/explanations/where-a-ci-job-runs.md	0
1ecace24-33d0-4814-a5ed-4a09b4a21208	docs/process/obligations/0145-the-ci-job-named-advisory-carries-every-blocking-shell-suite-in-the-repository.md	0
1ecace24-33d0-4814-a5ed-4a09b4a21208	docs/process/obligations/0207-the-plan-usage-of-one-issue-is-known-only-as-the-average-of-its-run.md	1
1ecace24-33d0-4814-a5ed-4a09b4a21208	docs/process/specs/orchestration-architecture.md	1
1ecace24-33d0-4814-a5ed-4a09b4a21208	missing	1
1ed30891-37ca-47fb-ab17-e170606d974b	docs/acceptance-criteria/0002-every-required-section-of-every-governed-document-has-a-heading.md	0
1ed30891-37ca-47fb-ab17-e170606d974b	docs/decisions/0067-the-vendored-package-root-moves-under-headwater-and-the-old-root-is-named-in-a-refusal.md	0
1ed30891-37ca-47fb-ab17-e170606d974b	docs/how-to/relocate-a-shelf.md	0
1ed30891-37ca-47fb-ab17-e170606d974b	docs/interfaces/headwater-generate.md	0
1ed30891-37ca-47fb-ab17-e170606d974b	docs/interfaces/headwater-new.md	0
1ed30891-37ca-47fb-ab17-e170606d974b	docs/obligations/0135-repo-cleanup-names-one-cause-for-a-gone-upstream-and-this-repository-produced-a-second.md	2
1ed30891-37ca-47fb-ab17-e170606d974b	docs/obligations/0136-seven-rustdoc-relative-links-in-comments-point-at-pages-the-doc-tree-does-not-have.md	0
1ed30891-37ca-47fb-ab17-e170606d974b	docs/obligations/0173-four-inline-gates-in-the-workflow-decide-an-exit-status-and-no-suite-provokes-one.md	0
1ed30891-37ca-47fb-ab17-e170606d974b	docs/obligations/0175-two-documents-take-one-sequence-on-a-sequence-declaring-shelf-and-no-rule-reads-it.md	0
1ed30891-37ca-47fb-ab17-e170606d974b	docs/obligations/0206-hw-run-policy-names-a-worktree-add-workaround-that-write-edit-refuses-under-this-harness.md	1
1ed30891-37ca-47fb-ab17-e170606d974b	docs/obligations/0209-a-build-order-dispatch-passes-no-isolation-so-a-stage-can-inherit-the-parent-worktree-as-its-working-directory.md	1
1ed30891-37ca-47fb-ab17-e170606d974b	docs/obligations/0210-no-fixture-holds-the-symlink-case-of-new-worktree-sh-and-a-bare-name-of-two-dots-leaves-a-branch-behind.md	1
1ed30891-37ca-47fb-ab17-e170606d974b	docs/obligations/0216-two-merge-hooks-of-this-repository-print-a-resolve-flag-that-the-verb-refuses.md	0
1ed30891-37ca-47fb-ab17-e170606d974b	docs/probes/a-session-answers-from-the-register-without-opening-the-question-it-replaced.md	0
1ed30891-37ca-47fb-ab17-e170606d974b	docs/process/decisions/0004-coordination-is-a-create-only-claim-and-authority-stays-on-the-tree.md	1
1ed30891-37ca-47fb-ab17-e170606d974b	missing	1
1edbe49c-f15b-4e7d-be4d-e96186e5aadd	docs/acceptance-criteria/0002-every-required-section-of-every-governed-document-has-a-heading.md	0
1edbe49c-f15b-4e7d-be4d-e96186e5aadd	docs/decisions/0031-q31-whether-this-repository-becomes-public-and-when.md	0
1edbe49c-f15b-4e7d-be4d-e96186e5aadd	docs/decisions/0060-the-engine-s-version-stays-one-number-and-a-build-s-exact-commit-is-a-separate-unwired-fact.md	0
1edbe49c-f15b-4e7d-be4d-e96186e5aadd	docs/evaluations/the-build-order-as-a-multi-agent-system.md	0
1edbe49c-f15b-4e7d-be4d-e96186e5aadd	docs/how-to/diagnose-an-isolation-failure.md	0
1edbe49c-f15b-4e7d-be4d-e96186e5aadd	docs/obligations/0026-the-operational-shape-of-a-hosted-server-is-unstated.md	0
1edbe49c-f15b-4e7d-be4d-e96186e5aadd	docs/obligations/0057-a-retrofit-cannot-recover-the-two-dates-or-the-acceptance.md	0
1edbe49c-f15b-4e7d-be4d-e96186e5aadd	docs/obligations/0130-the-publication-date-of-this-repository-is-unset-and-the-owner-alone-sets-it.md	0
1edbe49c-f15b-4e7d-be4d-e96186e5aadd	docs/obligations/0182-the-publish-crates-retry-loop-has-no-retry-ceiling.md	0
1edbe49c-f15b-4e7d-be4d-e96186e5aadd	docs/obligations/0204-docs-decisions-0077-still-describes-hw-dr-0049-s-rewrite-as-pending-after-574-made-it.md	0
1edbe49c-f15b-4e7d-be4d-e96186e5aadd	docs/obligations/0205-hw-obl-0002-s-sample-counts-and-voice-rs-s-own-census-predate-the-scent-role-fix-and-need-retaking.md	0
1edbe49c-f15b-4e7d-be4d-e96186e5aadd	docs/obligations/0207-the-plan-usage-of-one-issue-is-known-only-as-the-average-of-its-run.md	0
1edbe49c-f15b-4e7d-be4d-e96186e5aadd	docs/probe-runs/regression-probe-transcript-for-2026-09-11.md	0
1edbe49c-f15b-4e7d-be4d-e96186e5aadd	docs/spec/12-check-layer.md	0
1edbe49c-f15b-4e7d-be4d-e96186e5aadd	docs/spec/17-orchestration-architecture.md	0
1edbe49c-f15b-4e7d-be4d-e96186e5aadd	missing	0
1f8c1568-4aab-45ee-aeca-dd23a0989173	docs/decisions/0097-a-figure-on-a-hand-built-page-is-measured-when-the-site-is-published-and-the-committed-page-carries-none.md	0
1f8c1568-4aab-45ee-aeca-dd23a0989173	docs/how-to/diagnose-an-isolation-failure.md	0
1f8c1568-4aab-45ee-aeca-dd23a0989173	docs/how-to/wire-headwater-check-into-your-own-workflow.md	0
1f8c1568-4aab-45ee-aeca-dd23a0989173	docs/obligations/0042-a-declared-invalid-when-reaches-no-check-and-two-live.md	0
1f8c1568-4aab-45ee-aeca-dd23a0989173	docs/obligations/0050-a-relation-that-declares-no-cardinality-has-no-stated-default.md	0
1f8c1568-4aab-45ee-aeca-dd23a0989173	docs/obligations/0075-a-participation-expectation-needs-depth-one-and-edge.md	0
1f8c1568-4aab-45ee-aeca-dd23a0989173	docs/obligations/0086-an-inline-quotation-reaches-every-lexical-rule-as-this-authors.md	0
1f8c1568-4aab-45ee-aeca-dd23a0989173	docs/obligations/0120-no-reader-takes-a-waiver-against-a-check-finding-so-one-arm-of-the-escape-partition-is-empty.md	0
1f8c1568-4aab-45ee-aeca-dd23a0989173	docs/obligations/0164-the-regeneration-check-tests-byte-equality-before-the-marker-so-a-file-the-census-stopped-counting-as-generated-still-passes.md	0
1f8c1568-4aab-45ee-aeca-dd23a0989173	docs/obligations/0170-the-blank-facet-value-rule-reaches-no-obligation-so-the-report-names-none.md	0
1f8c1568-4aab-45ee-aeca-dd23a0989173	docs/obligations/0187-the-registered-deviation-edge-of-the-compliance-tradition-cannot-be-declared.md	0
1f8c1568-4aab-45ee-aeca-dd23a0989173	docs/obligations/0218-the-opening-sentence-of-the-self-found-list-in-spec-13-counts-forty-nine-items-in-ranges-that-do-not-match-the-list.md	0
1f8c1568-4aab-45ee-aeca-dd23a0989173	docs/process/obligations/0203-three-small-run-tooling-gaps-from-run-20260922-1121-filed-together.md	0
1f8c1568-4aab-45ee-aeca-dd23a0989173	docs/requirements/0001-the-engine-reaches-no-network-at-check-time.md	0
1f8c1568-4aab-45ee-aeca-dd23a0989173	docs/verifications/0001-the-section-heading-rule-has-no-case-table-and-a-golden-fixture-report-is-what-proves-it-runs.md	0
1f8c1568-4aab-45ee-aeca-dd23a0989173	missing	0
1ff7bf74-2e5e-48f0-b75d-7de58c448621	docs/acceptance-criteria/0001-no-source-file-of-the-engine-names-a-network-api-and-no-locked-dependency-provides-one.md	0
1ff7bf74-2e5e-48f0-b75d-7de58c448621	docs/decisions/0054-the-upper-bound-of-a-reconcile-first-allocator-is-the-corpus-and-a-claim-store.md	0
1ff7bf74-2e5e-48f0-b75d-7de58c448621	docs/evaluations/governs-edges-what-an-anchor-reaches-what-covers-it-when-it-ages-and-where-a-session-meets-it.md	0
1ff7bf74-2e5e-48f0-b75d-7de58c448621	docs/interfaces/headwater-export.md	0
1ff7bf74-2e5e-48f0-b75d-7de58c448621	docs/interfaces/headwater-generate.md	0
1ff7bf74-2e5e-48f0-b75d-7de58c448621	docs/interfaces/headwater-infer.md	0
1ff7bf74-2e5e-48f0-b75d-7de58c448621	docs/interfaces/headwater-new.md	0
1ff7bf74-2e5e-48f0-b75d-7de58c448621	docs/interfaces/headwater-taxonomy.md	2
1ff7bf74-2e5e-48f0-b75d-7de58c448621	docs/obligations/0043-two-meta-schema-surfaces-have-a-required-declaration.md	0
1ff7bf74-2e5e-48f0-b75d-7de58c448621	docs/obligations/0127-a-deletion-is-invisible-where-the-version-that-stood-there-does-not-parse.md	0
1ff7bf74-2e5e-48f0-b75d-7de58c448621	docs/obligations/0141-an-identifier-scheme-names-no-prefix-so-an-rdf-projection-derives-a-document-iri-from-a-file-path.md	0
1ff7bf74-2e5e-48f0-b75d-7de58c448621	docs/obligations/0174-publishing-the-base-package-reports-51-references-that-resolve-nowhere-and-exits-0.md	0
1ff7bf74-2e5e-48f0-b75d-7de58c448621	docs/obligations/0200-three-graded-regression-runs-are-owed-a-fresh-recording-against-a-moved-taxonomy-lock.md	0
1ff7bf74-2e5e-48f0-b75d-7de58c448621	missing	1
20232533-3181-42cd-a0b8-9ace23b6e12f	docs/decisions/0038-q38-which-link-relation-a-rendered-page-carries-to-the-served-corpus-descriptor.md	0
20232533-3181-42cd-a0b8-9ace23b6e12f	docs/decisions/0075-the-vendor-verb-may-take-a-location-and-the-fetch-lives-only-in-a-crate-the-checking-loop-never-links.md	0
20232533-3181-42cd-a0b8-9ace23b6e12f	docs/decisions/0082-the-resolved-taxonomy-is-drawn-by-a-verb-that-prints-mermaid-and-writes-no-file.md	2
20232533-3181-42cd-a0b8-9ace23b6e12f	docs/evaluations/linkml-worked-example.md	0
20232533-3181-42cd-a0b8-9ace23b6e12f	docs/evaluations/schema-format-walkthrough.md	0
20232533-3181-42cd-a0b8-9ace23b6e12f	docs/how-to/cut-a-release.md	0
20232533-3181-42cd-a0b8-9ace23b6e12f	docs/how-to/relocate-a-shelf.md	0
20232533-3181-42cd-a0b8-9ace23b6e12f	docs/obligations/0107-the-base-package-ships-a-kind-that-the-scaffolder-refuses-to-write.md	0
20232533-3181-42cd-a0b8-9ace23b6e12f	docs/obligations/0161-the-validation-block-of-mkdocs-yml-is-a-gate-this-repository-owns-and-no-fixture-drives.md	0
20232533-3181-42cd-a0b8-9ace23b6e12f	docs/obligations/0203-three-small-run-tooling-gaps-from-run-20260922-1121-filed-together.md	0
20232533-3181-42cd-a0b8-9ace23b6e12f	docs/obligations/0207-the-plan-usage-of-one-issue-is-known-only-as-the-average-of-its-run.md	0
20232533-3181-42cd-a0b8-9ace23b6e12f	docs/obligations/0211-two-hand-remedy-lines-for-hw-cargo-in-hw-run-policy-may-no-longer-earn-their-cost-on-every-dispatch.md	0
20232533-3181-42cd-a0b8-9ace23b6e12f	docs/obligations/0216-two-merge-hooks-of-this-repository-print-a-resolve-flag-that-the-verb-refuses.md	0
20232533-3181-42cd-a0b8-9ace23b6e12f	docs/probe-runs/regression-probe-transcript-for-2026-09-17-after-the-probe-corrections.md	0
20232533-3181-42cd-a0b8-9ace23b6e12f	docs/spec/00-vision-and-scope.md	0
20232533-3181-42cd-a0b8-9ace23b6e12f	missing	0
20677a4c-68ee-4aec-a2ec-fe7653994f40	docs/how-to/relocate-a-shelf.md	0
20677a4c-68ee-4aec-a2ec-fe7653994f40	docs/interfaces/headwater-infer.md	0
20677a4c-68ee-4aec-a2ec-fe7653994f40	docs/obligations/0144-the-cache-identity-test-reads-the-live-working-tree-so-an-edit-during-the-run-reports-the-correctness-root-as-violated.md	0
20677a4c-68ee-4aec-a2ec-fe7653994f40	docs/obligations/0175-two-documents-take-one-sequence-on-a-sequence-declaring-shelf-and-no-rule-reads-it.md	0
20677a4c-68ee-4aec-a2ec-fe7653994f40	docs/obligations/0210-no-fixture-holds-the-symlink-case-of-new-worktree-sh-and-a-bare-name-of-two-dots-leaves-a-branch-behind.md	1
20677a4c-68ee-4aec-a2ec-fe7653994f40	docs/probe-results/regression-probe-transcript-for-2026-09-17-after-the-probe-corrections.md	0
20677a4c-68ee-4aec-a2ec-fe7653994f40	docs/probe-runs/regression-probe-transcript-for-2026-09-11.md	0
20677a4c-68ee-4aec-a2ec-fe7653994f40	docs/probe-runs/regression-probe-transcript-for-2026-09-16.md	0
20677a4c-68ee-4aec-a2ec-fe7653994f40	docs/process/decisions/0004-coordination-is-a-create-only-claim-and-authority-stays-on-the-tree.md	0
20677a4c-68ee-4aec-a2ec-fe7653994f40	docs/process/decisions/0008-the-board-has-an-owner-of-its-structure-and-its-milestones-are-capped-versions.md	0
20677a4c-68ee-4aec-a2ec-fe7653994f40	docs/process/decisions/0012-the-release-workflows-are-separate-from-ci-one-tag-value-serves-both-entry-points-and-fixtures-read-them-statically.md	0
20677a4c-68ee-4aec-a2ec-fe7653994f40	docs/process/decisions/0017-ci-concurrency-is-per-ref-and-every-ref-but-main-cancels-a-superseded-run.md	0
20677a4c-68ee-4aec-a2ec-fe7653994f40	docs/process/obligations/0209-a-build-order-dispatch-passes-no-isolation-so-a-stage-can-inherit-the-parent-worktree-as-its-working-directory.md	1
20677a4c-68ee-4aec-a2ec-fe7653994f40	docs/process/obligations/0221-subagents-read-skills-from-the-shared-checkout-and-a-worktree-isolated-integrator-cannot-fast-forward-it-after-a-merge.md	0
20677a4c-68ee-4aec-a2ec-fe7653994f40	docs/spec/13-open-obligations.md	0
20677a4c-68ee-4aec-a2ec-fe7653994f40	missing	1
21d103ae-76b2-4acd-af44-449e1485cdea	docs/decisions/0063-every-required-facet-of-a-generated-document-is-derived-and-the-emitter-composes-the-summary.md	0
21d103ae-76b2-4acd-af44-449e1485cdea	docs/decisions/0090-each-release-states-in-its-notes-the-release-digest-that-a-consumer-pins.md	0
21d103ae-76b2-4acd-af44-449e1485cdea	docs/how-to/diagnose-an-isolation-failure.md	0
21d103ae-76b2-4acd-af44-449e1485cdea	docs/obligations/0049-the-meta-schema-closes-eight-value-sets-that-nothing-states.md	0
21d103ae-76b2-4acd-af44-449e1485cdea	docs/obligations/0092-how-a-probe-reaches-a-harvesting-tier-and-what-a-transcript.md	0
21d103ae-76b2-4acd-af44-449e1485cdea	docs/obligations/0093-whether-a-harvesting-tier-owes-conformance-rules-of-its-own.md	0
21d103ae-76b2-4acd-af44-449e1485cdea	docs/obligations/0098-whether-a-withheld-anchor-needs-a-class-beside-its-count.md	0
21d103ae-76b2-4acd-af44-449e1485cdea	docs/obligations/0143-a-specification-sentence-closes-a-set-with-a-count-the-source-exceeds-and-115-of-127-candidates-are-unchecked.md	0
21d103ae-76b2-4acd-af44-449e1485cdea	docs/obligations/0157-the-capture-report-says-two-denominators-over-a-store-that-named-seventeen-taxonomies.md	0
21d103ae-76b2-4acd-af44-449e1485cdea	docs/obligations/0216-two-merge-hooks-of-this-repository-print-a-resolve-flag-that-the-verb-refuses.md	0
21d103ae-76b2-4acd-af44-449e1485cdea	missing	1
22b16dec-d4a3-4546-9280-2d100e892c6d	docs/decisions/0097-a-figure-on-a-hand-built-page-is-measured-when-the-site-is-published-and-the-committed-page-carries-none.md	1
22b16dec-d4a3-4546-9280-2d100e892c6d	docs/evaluations/two-triggers-one-verdict-how-this-repository-s-ci-decides-where-a-job-runs-and-what-it-trusts.md	1
22b16dec-d4a3-4546-9280-2d100e892c6d	docs/how-to/rotate-or-revoke-the-apt-signing-subkey.md	0
22b16dec-d4a3-4546-9280-2d100e892c6d	docs/obligations/0145-the-ci-job-named-advisory-carries-every-blocking-shell-suite-in-the-repository.md	0
22b16dec-d4a3-4546-9280-2d100e892c6d	docs/obligations/0173-four-inline-gates-in-the-workflow-decide-an-exit-status-and-no-suite-provokes-one.md	0
22b16dec-d4a3-4546-9280-2d100e892c6d	docs/obligations/0207-the-plan-usage-of-one-issue-is-known-only-as-the-average-of-its-run.md	0
22b16dec-d4a3-4546-9280-2d100e892c6d	docs/obligations/0212-ci-done-sh-reads-a-cancelled-run-of-another-branch-as-a-red-result-on-a-main-merge-commit.md	1
22b16dec-d4a3-4546-9280-2d100e892c6d	docs/obligations/0216-two-merge-hooks-of-this-repository-print-a-resolve-flag-that-the-verb-refuses.md	1
22b16dec-d4a3-4546-9280-2d100e892c6d	docs/process/decisions/0017-ci-concurrency-is-per-ref-and-every-ref-but-main-cancels-a-superseded-run.md	2
22b16dec-d4a3-4546-9280-2d100e892c6d	docs/process/decisions/0020-merges-go-through-the-github-merge-queue-one-squash-commit-per-pull-request.md	2
22b16dec-d4a3-4546-9280-2d100e892c6d	docs/process/explanations/where-a-ci-job-runs.md	1
22b16dec-d4a3-4546-9280-2d100e892c6d	docs/requirements/0002-every-document-of-a-kind-that-requires-sections-carries-all-of-them.md	0
22b16dec-d4a3-4546-9280-2d100e892c6d	docs/spec/17-orchestration-architecture.md	1
22b16dec-d4a3-4546-9280-2d100e892c6d	missing	1
233bf340-f46a-4428-95b4-51e4af6d61c6	docs/decisions/0061-q61-how-a-recorded-terminal-demonstration-is-held-against-a-run.md	0
233bf340-f46a-4428-95b4-51e4af6d61c6	docs/evaluations/the-build-order-as-a-multi-agent-system.md	1
233bf340-f46a-4428-95b4-51e4af6d61c6	docs/obligations/0072-a-cache-of-check-results-does-not-make-a-run-proportional.md	0
233bf340-f46a-4428-95b4-51e4af6d61c6	docs/obligations/0207-the-plan-usage-of-one-issue-is-known-only-as-the-average-of-its-run.md	1
233bf340-f46a-4428-95b4-51e4af6d61c6	docs/obligations/0220-no-disk-floor-is-stated-for-a-build-order-run-and-nothing-prunes-the-cargo-pool.md	1
233bf340-f46a-4428-95b4-51e4af6d61c6	docs/process/decisions/0023-a-build-order-parent-restarts-every-few-merges-drains-to-zero-first-and-resumes-from-the-handover-files-on-disk.md	2
233bf340-f46a-4428-95b4-51e4af6d61c6	docs/process/explanations/where-a-ci-job-runs.md	1
233bf340-f46a-4428-95b4-51e4af6d61c6	docs/reviews/core-concepts-review-findings-2.md	0
233bf340-f46a-4428-95b4-51e4af6d61c6	docs/reviews/the-sixty-four-restored-help-strings-checked-against-the-binary.md	0
233bf340-f46a-4428-95b4-51e4af6d61c6	docs/spec/17-orchestration-architecture.md	2
233bf340-f46a-4428-95b4-51e4af6d61c6	missing	1
235f559e-d279-4a64-b565-44ac4c93f846	docs/acceptance-criteria/0002-every-required-section-of-every-governed-document-has-a-heading.md	0
235f559e-d279-4a64-b565-44ac4c93f846	docs/decisions/0073-a-verification-is-a-kind-and-its-identity-is-minted-rather-than-found-in-the-code-that-cites-it.md	0
235f559e-d279-4a64-b565-44ac4c93f846	docs/how-to/relocate-a-shelf.md	0
235f559e-d279-4a64-b565-44ac4c93f846	docs/obligations/0130-the-publication-date-of-this-repository-is-unset-and-the-owner-alone-sets-it.md	0
235f559e-d279-4a64-b565-44ac4c93f846	docs/obligations/0163-ten-decision-records-claim-a-q-number-the-decision-register-does-not-carry.md	0
235f559e-d279-4a64-b565-44ac4c93f846	docs/obligations/0222-ten-rules-of-the-editions-ledger-have-one-recorded-corpus-so-a-rule-change-blessed-with-an-edit-to-that-corpus-passes.md	0
235f559e-d279-4a64-b565-44ac4c93f846	docs/probe-results/campaign-of-2026-09-28-campaign-tier-present-arm-navigability.md	0
235f559e-d279-4a64-b565-44ac4c93f846	docs/probe-results/campaign-of-2026-09-28-campaign-tier-present-arm-sufficiency.md	0
235f559e-d279-4a64-b565-44ac4c93f846	docs/probe-results/campaign-of-2026-09-30-campaign-tier-absent-arm-discovery.md	0
235f559e-d279-4a64-b565-44ac4c93f846	docs/probe-results/campaign-of-2026-09-30-campaign-tier-present-arm-discovery.md	0
235f559e-d279-4a64-b565-44ac4c93f846	docs/probe-results/campaign-of-2026-09-30-campaign-tier-present-arm-navigability.md	0
235f559e-d279-4a64-b565-44ac4c93f846	docs/probe-results/campaign-of-2026-09-30-campaign-tier-present-arm-sufficiency.md	0
235f559e-d279-4a64-b565-44ac4c93f846	docs/probes/a-cold-agent-reaches-the-governing-document-through-the-corpus-descriptor.md	0
235f559e-d279-4a64-b565-44ac4c93f846	docs/process/decisions/0008-the-board-has-an-owner-of-its-structure-and-its-milestones-are-capped-versions.md	2
235f559e-d279-4a64-b565-44ac4c93f846	docs/spec/glossary.md	0
235f559e-d279-4a64-b565-44ac4c93f846	missing	0
2382b4a3-bc72-40ca-b0b7-5216df35004a	docs/decisions/0060-the-engine-s-version-stays-one-number-and-a-build-s-exact-commit-is-a-separate-unwired-fact.md	0
2382b4a3-bc72-40ca-b0b7-5216df35004a	docs/decisions/0072-the-binary-is-the-only-interface-an-adopter-must-run-and-every-integration-point-outside-it-is-declared.md	0
2382b4a3-bc72-40ca-b0b7-5216df35004a	docs/decisions/0076-a-probe-budget-prices-a-run-identity-fixed-before-the-run-and-a-committed-transcript-and-a-sweep-has-neither.md	0
2382b4a3-bc72-40ca-b0b7-5216df35004a	docs/decisions/0077-the-consumer-surface-is-what-an-adopter-receives-runs-and-must-have-installed-and-it-is-a-closed-and-declared-list.md	0
2382b4a3-bc72-40ca-b0b7-5216df35004a	docs/evaluations/two-triggers-one-verdict-how-this-repository-s-ci-decides-where-a-job-runs-and-what-it-trusts.md	0
2382b4a3-bc72-40ca-b0b7-5216df35004a	docs/evaluations/why-corpus-counts-are-derived-not-stored.md	1
2382b4a3-bc72-40ca-b0b7-5216df35004a	docs/interfaces/headwater-change.md	0
2382b4a3-bc72-40ca-b0b7-5216df35004a	docs/interfaces/headwater-merge-driver.md	2
2382b4a3-bc72-40ca-b0b7-5216df35004a	docs/obligations/0135-repo-cleanup-names-one-cause-for-a-gone-upstream-and-this-repository-produced-a-second.md	0
2382b4a3-bc72-40ca-b0b7-5216df35004a	docs/obligations/0179-the-commit-gate-checks-prose-with-a-binary-it-never-compares-against-the-engine-sources.md	0
2382b4a3-bc72-40ca-b0b7-5216df35004a	docs/obligations/0182-the-publish-crates-retry-loop-has-no-retry-ceiling.md	0
2382b4a3-bc72-40ca-b0b7-5216df35004a	docs/obligations/0203-three-small-run-tooling-gaps-from-run-20260922-1121-filed-together.md	0
2382b4a3-bc72-40ca-b0b7-5216df35004a	docs/obligations/0206-hw-run-policy-names-a-worktree-add-workaround-that-write-edit-refuses-under-this-harness.md	0
2382b4a3-bc72-40ca-b0b7-5216df35004a	docs/spec/16-harness-support.md	0
2382b4a3-bc72-40ca-b0b7-5216df35004a	missing	1
23860787-19c5-4a44-ab16-0778d943e30d	docs/acceptance-criteria/0002-every-required-section-of-every-governed-document-has-a-heading.md	0
23860787-19c5-4a44-ab16-0778d943e30d	docs/decisions/0030-q30-whether-what-an-obligation-waits-on-is-a-state-or-a-property-and-how-many-values-it-takes.md	0
23860787-19c5-4a44-ab16-0778d943e30d	docs/decisions/0031-q31-whether-this-repository-becomes-public-and-when.md	0
23860787-19c5-4a44-ab16-0778d943e30d	docs/how-to/cut-a-release.md	0
23860787-19c5-4a44-ab16-0778d943e30d	docs/obligations/0021-emitters-3-through-6-have-no-named-consumer.md	0
23860787-19c5-4a44-ab16-0778d943e30d	docs/obligations/0130-the-publication-date-of-this-repository-is-unset-and-the-owner-alone-sets-it.md	0
23860787-19c5-4a44-ab16-0778d943e30d	docs/obligations/0182-the-publish-crates-retry-loop-has-no-retry-ceiling.md	0
23860787-19c5-4a44-ab16-0778d943e30d	docs/obligations/0196-a-relation-writes-a-state-onto-a-kind-that-binds-no-lifecycle-regime-and-nothing-reads-that-pair.md	0
23860787-19c5-4a44-ab16-0778d943e30d	docs/obligations/0198-nothing-states-how-much-of-a-session-s-budget-the-standing-instructions-consume-before-work-starts.md	0
23860787-19c5-4a44-ab16-0778d943e30d	docs/process/decisions/0006-the-entrypoint-keeps-its-name-and-becomes-a-resumable-run.md	0
23860787-19c5-4a44-ab16-0778d943e30d	docs/process/decisions/0007-a-background-wait-caps-below-the-cache-lifetime-and-re-issues-itself.md	0
23860787-19c5-4a44-ab16-0778d943e30d	docs/process/decisions/0021-a-subagent-waits-in-the-foreground-because-a-background-wait-wakes-its-parent.md	0
23860787-19c5-4a44-ab16-0778d943e30d	docs/process/obligations/0207-the-plan-usage-of-one-issue-is-known-only-as-the-average-of-its-run.md	0
23860787-19c5-4a44-ab16-0778d943e30d	docs/process/obligations/0212-ci-done-sh-reads-a-cancelled-run-of-another-branch-as-a-red-result-on-a-main-merge-commit.md	0
23860787-19c5-4a44-ab16-0778d943e30d	docs/spec/03-authoring-and-lifecycle.md	0
23860787-19c5-4a44-ab16-0778d943e30d	missing	0
24d8a4ae-eaa0-4b8e-89e5-50e78a097cdb	docs/decisions/0095-q67-one-library-entry-may-address-the-keys-of-an-entry-it-names-in-requires-and-confluence-holds-over-the-dependency-order.md	0
24d8a4ae-eaa0-4b8e-89e5-50e78a097cdb	docs/how-to/diagnose-an-isolation-failure.md	1
24d8a4ae-eaa0-4b8e-89e5-50e78a097cdb	docs/how-to/mine-the-shadow-mode-routing-log.md	0
24d8a4ae-eaa0-4b8e-89e5-50e78a097cdb	docs/obligations/0073-the-prior-version-still-owes-the-key-edit-that-the-clock.md	0
24d8a4ae-eaa0-4b8e-89e5-50e78a097cdb	docs/obligations/0074-a-check-version-is-raised-by-hand-and-nothing-catches-a-stale.md	0
24d8a4ae-eaa0-4b8e-89e5-50e78a097cdb	docs/obligations/0080-changed-only-is-the-content-addressed-cache-under-another-name.md	0
24d8a4ae-eaa0-4b8e-89e5-50e78a097cdb	docs/obligations/0117-a-cached-verdict-about-an-anchor-survives-the-change-that-falsifies-it.md	0
24d8a4ae-eaa0-4b8e-89e5-50e78a097cdb	docs/obligations/0144-the-cache-identity-test-reads-the-live-working-tree-so-an-edit-during-the-run-reports-the-correctness-root-as-violated.md	0
24d8a4ae-eaa0-4b8e-89e5-50e78a097cdb	docs/obligations/0200-three-graded-regression-runs-are-owed-a-fresh-recording-against-a-moved-taxonomy-lock.md	0
24d8a4ae-eaa0-4b8e-89e5-50e78a097cdb	docs/probes/a-session-names-the-event-that-makes-a-document-accepted.md	0
24d8a4ae-eaa0-4b8e-89e5-50e78a097cdb	docs/process/decisions/0007-a-background-wait-caps-below-the-cache-lifetime-and-re-issues-itself.md	0
24d8a4ae-eaa0-4b8e-89e5-50e78a097cdb	docs/process/decisions/0019-ci-runs-actions-from-the-actions-organization-only-and-carries-no-build-state-between-self-hosted-jobs.md	2
24d8a4ae-eaa0-4b8e-89e5-50e78a097cdb	docs/process/obligations/0203-three-small-run-tooling-gaps-from-run-20260922-1121-filed-together.md	0
24d8a4ae-eaa0-4b8e-89e5-50e78a097cdb	docs/process/obligations/0206-hw-run-policy-names-a-worktree-add-workaround-that-write-edit-refuses-under-this-harness.md	0
24d8a4ae-eaa0-4b8e-89e5-50e78a097cdb	docs/spec/15-the-recorder-contract.md	0
24d8a4ae-eaa0-4b8e-89e5-50e78a097cdb	missing	1
255722d1-78ce-4cdc-81a2-fe36cae102f3	docs/acceptance-criteria/0002-every-required-section-of-every-governed-document-has-a-heading.md	0
255722d1-78ce-4cdc-81a2-fe36cae102f3	docs/decisions/0031-q31-whether-this-repository-becomes-public-and-when.md	0
255722d1-78ce-4cdc-81a2-fe36cae102f3	docs/decisions/0060-the-engine-s-version-stays-one-number-and-a-build-s-exact-commit-is-a-separate-unwired-fact.md	0
255722d1-78ce-4cdc-81a2-fe36cae102f3	docs/evaluations/the-build-order-as-a-multi-agent-system.md	0
255722d1-78ce-4cdc-81a2-fe36cae102f3	docs/how-to/diagnose-an-isolation-failure.md	0
255722d1-78ce-4cdc-81a2-fe36cae102f3	docs/obligations/0026-the-operational-shape-of-a-hosted-server-is-unstated.md	0
255722d1-78ce-4cdc-81a2-fe36cae102f3	docs/obligations/0057-a-retrofit-cannot-recover-the-two-dates-or-the-acceptance.md	0
255722d1-78ce-4cdc-81a2-fe36cae102f3	docs/obligations/0130-the-publication-date-of-this-repository-is-unset-and-the-owner-alone-sets-it.md	0
255722d1-78ce-4cdc-81a2-fe36cae102f3	docs/obligations/0182-the-publish-crates-retry-loop-has-no-retry-ceiling.md	0
255722d1-78ce-4cdc-81a2-fe36cae102f3	docs/obligations/0204-docs-decisions-0077-still-describes-hw-dr-0049-s-rewrite-as-pending-after-574-made-it.md	0
255722d1-78ce-4cdc-81a2-fe36cae102f3	docs/obligations/0205-hw-obl-0002-s-sample-counts-and-voice-rs-s-own-census-predate-the-scent-role-fix-and-need-retaking.md	0
255722d1-78ce-4cdc-81a2-fe36cae102f3	docs/obligations/0207-the-plan-usage-of-one-issue-is-known-only-as-the-average-of-its-run.md	0
255722d1-78ce-4cdc-81a2-fe36cae102f3	docs/probe-runs/regression-probe-transcript-for-2026-09-11.md	0
255722d1-78ce-4cdc-81a2-fe36cae102f3	docs/spec/12-check-layer.md	0
255722d1-78ce-4cdc-81a2-fe36cae102f3	docs/spec/17-orchestration-architecture.md	0
255722d1-78ce-4cdc-81a2-fe36cae102f3	missing	0
257e2eeb-7362-4673-847f-b83e9eafed1b	docs/decisions/0021-terminological-succession-and-validity-under-merge.md	0
257e2eeb-7362-4673-847f-b83e9eafed1b	docs/decisions/0049-a-corpus-wide-fold-is-derived-and-never-stored.md	1
257e2eeb-7362-4673-847f-b83e9eafed1b	docs/decisions/0052-a-document-is-proposed-at-the-state-it-will-hold-and-the-merge-activates-it.md	0
257e2eeb-7362-4673-847f-b83e9eafed1b	docs/evaluations/why-corpus-counts-are-derived-not-stored.md	1
257e2eeb-7362-4673-847f-b83e9eafed1b	docs/interfaces/headwater-merge-driver.md	2
257e2eeb-7362-4673-847f-b83e9eafed1b	docs/obligations/0135-repo-cleanup-names-one-cause-for-a-gone-upstream-and-this-repository-produced-a-second.md	0
257e2eeb-7362-4673-847f-b83e9eafed1b	docs/process/decisions/0004-coordination-is-a-create-only-claim-and-authority-stays-on-the-tree.md	0
257e2eeb-7362-4673-847f-b83e9eafed1b	docs/process/decisions/0017-ci-concurrency-is-per-ref-and-every-ref-but-main-cancels-a-superseded-run.md	0
257e2eeb-7362-4673-847f-b83e9eafed1b	docs/process/decisions/0023-a-build-order-parent-restarts-every-few-merges-drains-to-zero-first-and-resumes-from-the-handover-files-on-disk.md	0
257e2eeb-7362-4673-847f-b83e9eafed1b	docs/process/obligations/0216-two-merge-hooks-of-this-repository-print-a-resolve-flag-that-the-verb-refuses.md	1
257e2eeb-7362-4673-847f-b83e9eafed1b	missing	1
258894be-385c-4229-8468-102fd7642d2d	docs/decisions/0038-q38-which-link-relation-a-rendered-page-carries-to-the-served-corpus-descriptor.md	0
258894be-385c-4229-8468-102fd7642d2d	docs/evaluations/capability-bundle-address-inventory.md	0
258894be-385c-4229-8468-102fd7642d2d	docs/interfaces/headwater-help.md	0
258894be-385c-4229-8468-102fd7642d2d	docs/obligations/0169-the-coverage-report-lists-one-path-twice-so-the-self-assessment-page-publishes-two-unaccounted-files-where-one-exists.md	0
258894be-385c-4229-8468-102fd7642d2d	docs/obligations/0193-admission-criterion-5-has-no-reading-for-an-entry-that-serves-neither-core-purpose.md	0
258894be-385c-4229-8468-102fd7642d2d	docs/probe-runs/regression-probe-transcript-for-2026-09-09.md	0
258894be-385c-4229-8468-102fd7642d2d	docs/probe-runs/status-probe-pilot-of-2026-09-29-campaign-tier-present-arm-sufficiency.md	0
258894be-385c-4229-8468-102fd7642d2d	docs/process/obligations/0224-thirteen-run-tooling-gaps-from-run-20260928-1109-filed-together.md	0
258894be-385c-4229-8468-102fd7642d2d	docs/process/obligations/0225-eight-run-tooling-gaps-from-run-20260929-1205-filed-together.md	0
258894be-385c-4229-8468-102fd7642d2d	docs/process/obligations/0227-seven-run-tooling-gaps-from-run-20260929-2201-filed-together.md	0
258894be-385c-4229-8468-102fd7642d2d	missing	0
25a7227e-818a-4998-a56f-586ed30edd1d	docs/decisions/0044-q44-whether-bundles-decompose-into-capabilities-and-assemblies-compose-practices.md	0
25a7227e-818a-4998-a56f-586ed30edd1d	docs/decisions/0098-an-engine-subsystem-is-described-by-a-technical-design-spec-on-a-shelf-of-its-own-and-its-behavior-stays-where-it-is-already-written.md	1
25a7227e-818a-4998-a56f-586ed30edd1d	docs/evaluations/schema-format-walkthrough.md	0
25a7227e-818a-4998-a56f-586ed30edd1d	docs/evaluations/specifying-the-engine.md	1
25a7227e-818a-4998-a56f-586ed30edd1d	docs/evaluations/the-pointer-probe-grades-a-session-against-the-router-s-own-first-pick-so-a-correct-session-that-declines-a-wrong-pointer-fails.md	0
25a7227e-818a-4998-a56f-586ed30edd1d	docs/explanations/how-a-headwater-release-reaches-an-adopter.md	0
25a7227e-818a-4998-a56f-586ed30edd1d	docs/how-to/relocate-a-shelf.md	0
25a7227e-818a-4998-a56f-586ed30edd1d	docs/obligations/0030-the-provenance-block-belongs-to-the-engine-and-nothing-states.md	0
25a7227e-818a-4998-a56f-586ed30edd1d	docs/obligations/0052-a-document-has-no-identifier-and-every-relation-target-must.md	0
25a7227e-818a-4998-a56f-586ed30edd1d	docs/obligations/0102-two-documents-state-what-voids-a-verdict-and-they-do-not.md	0
25a7227e-818a-4998-a56f-586ed30edd1d	docs/obligations/0162-spec-7-prints-a-package-version-that-no-check-compares-with-the-recipe.md	0
25a7227e-818a-4998-a56f-586ed30edd1d	docs/obligations/0187-the-registered-deviation-edge-of-the-compliance-tradition-cannot-be-declared.md	0
25a7227e-818a-4998-a56f-586ed30edd1d	docs/requirements/0002-every-document-of-a-kind-that-requires-sections-carries-all-of-them.md	0
25a7227e-818a-4998-a56f-586ed30edd1d	docs/reviews/core-concepts-review-findings.md	0
25a7227e-818a-4998-a56f-586ed30edd1d	docs/spec/01-conceptual-model.md	0
25a7227e-818a-4998-a56f-586ed30edd1d	missing	0
25da6b35-6cac-4ecf-856e-96023c4ea2e9	docs/acceptance-criteria/0004-each-list-anchor-in-the-native-export-carries-its-sorted-members-and-a-single-pattern-carries-none.md	0
25da6b35-6cac-4ecf-856e-96023c4ea2e9	docs/decisions/0092-the-citation-comment-of-spec-5-is-for-an-adopter-s-corpus-and-this-repository-does-not-practice-it-on-its-own-code.md	0
25da6b35-6cac-4ecf-856e-96023c4ea2e9	docs/evaluations/a-probe-task-section-is-the-prompt-so-commentary-under-that-heading-is-prompt.md	0
25da6b35-6cac-4ecf-856e-96023c4ea2e9	docs/how-to/cut-a-release.md	0
25da6b35-6cac-4ecf-856e-96023c4ea2e9	docs/how-to/publish-your-corpus-as-a-site.md	0
25da6b35-6cac-4ecf-856e-96023c4ea2e9	docs/interfaces/headwater-neighbors.md	0
25da6b35-6cac-4ecf-856e-96023c4ea2e9	docs/probe-runs/regression-probe-transcript-for-2026-09-17-after-the-probe-corrections.md	0
25da6b35-6cac-4ecf-856e-96023c4ea2e9	docs/process/decisions/0005-the-ledger-is-split-its-tabular-parts-are-jsonl-and-its-totals-are-derived.md	0
25da6b35-6cac-4ecf-856e-96023c4ea2e9	docs/process/obligations/0207-the-plan-usage-of-one-issue-is-known-only-as-the-average-of-its-run.md	0
25da6b35-6cac-4ecf-856e-96023c4ea2e9	docs/process/obligations/0224-thirteen-run-tooling-gaps-from-run-20260928-1109-filed-together.md	0
25da6b35-6cac-4ecf-856e-96023c4ea2e9	docs/process/obligations/0225-eight-run-tooling-gaps-from-run-20260929-1205-filed-together.md	0
25da6b35-6cac-4ecf-856e-96023c4ea2e9	docs/process/obligations/0227-seven-run-tooling-gaps-from-run-20260929-2201-filed-together.md	0
25da6b35-6cac-4ecf-856e-96023c4ea2e9	docs/reviews/core-concepts-review-findings-2.md	0
25da6b35-6cac-4ecf-856e-96023c4ea2e9	docs/spec/07-distribution-and-federation.md	0
25da6b35-6cac-4ecf-856e-96023c4ea2e9	missing	0
25db8bed-0c39-41fa-8530-1ce68a439683	docs/acceptance-criteria/0004-each-list-anchor-in-the-native-export-carries-its-sorted-members-and-a-single-pattern-carries-none.md	0
25db8bed-0c39-41fa-8530-1ce68a439683	docs/decisions/0052-a-document-is-proposed-at-the-state-it-will-hold-and-the-merge-activates-it.md	0
25db8bed-0c39-41fa-8530-1ce68a439683	docs/decisions/0096-harper-does-not-become-part-of-the-engine-now-and-q41-stands.md	0
25db8bed-0c39-41fa-8530-1ce68a439683	docs/how-to/cut-a-release.md	0
25db8bed-0c39-41fa-8530-1ce68a439683	docs/how-to/diagnose-an-isolation-failure.md	0
25db8bed-0c39-41fa-8530-1ce68a439683	docs/interfaces/headwater-show.md	0
25db8bed-0c39-41fa-8530-1ce68a439683	docs/obligations/0011-one-document-has-been-promoted-out-of-the-synthesized-tier-and-no-rate-says-whether-the-tier-drains.md	0
25db8bed-0c39-41fa-8530-1ce68a439683	docs/obligations/0074-a-check-version-is-raised-by-hand-and-nothing-catches-a-stale.md	0
25db8bed-0c39-41fa-8530-1ce68a439683	docs/obligations/0130-the-publication-date-of-this-repository-is-unset-and-the-owner-alone-sets-it.md	0
25db8bed-0c39-41fa-8530-1ce68a439683	docs/obligations/0204-docs-decisions-0077-still-describes-hw-dr-0049-s-rewrite-as-pending-after-574-made-it.md	0
25db8bed-0c39-41fa-8530-1ce68a439683	docs/probe-runs/campaign-of-2026-09-28-campaign-tier-absent-arm-navigability.md	0
25db8bed-0c39-41fa-8530-1ce68a439683	docs/process/evaluations/the-build-order-as-a-multi-agent-system.md	1
25db8bed-0c39-41fa-8530-1ce68a439683	docs/process/obligations/0207-the-plan-usage-of-one-issue-is-known-only-as-the-average-of-its-run.md	0
25db8bed-0c39-41fa-8530-1ce68a439683	docs/process/specs/orchestration-architecture.md	1
25db8bed-0c39-41fa-8530-1ce68a439683	missing	0
26431910-9d54-4988-8b0d-c77ff22a29ee	docs/evaluations/n8n-worked-example.md	0
26431910-9d54-4988-8b0d-c77ff22a29ee	docs/evaluations/two-triggers-one-verdict-how-this-repository-s-ci-decides-where-a-job-runs-and-what-it-trusts.md	0
26431910-9d54-4988-8b0d-c77ff22a29ee	docs/evaluations/what-a-check-can-know.md	1
26431910-9d54-4988-8b0d-c77ff22a29ee	docs/how-to/mine-the-shadow-mode-routing-log.md	0
26431910-9d54-4988-8b0d-c77ff22a29ee	docs/interfaces/headwater-help.md	0
26431910-9d54-4988-8b0d-c77ff22a29ee	docs/interfaces/headwater-infer.md	1
26431910-9d54-4988-8b0d-c77ff22a29ee	docs/obligations/0103-the-front-matter-half-of-a-patch-has-no-writer.md	1
26431910-9d54-4988-8b0d-c77ff22a29ee	docs/obligations/0207-the-plan-usage-of-one-issue-is-known-only-as-the-average-of-its-run.md	0
26431910-9d54-4988-8b0d-c77ff22a29ee	docs/probe-runs/regression-probe-transcript-for-2026-09-09.md	0
26431910-9d54-4988-8b0d-c77ff22a29ee	docs/probe-runs/regression-probe-transcript-for-2026-09-17-after-the-probe-corrections.md	0
26431910-9d54-4988-8b0d-c77ff22a29ee	docs/probe-runs/regression-probe-transcript-for-2026-09-17.md	0
26431910-9d54-4988-8b0d-c77ff22a29ee	docs/requirements/0002-every-document-of-a-kind-that-requires-sections-carries-all-of-them.md	0
26431910-9d54-4988-8b0d-c77ff22a29ee	docs/reviews/core-concepts-review-findings.md	0
26431910-9d54-4988-8b0d-c77ff22a29ee	docs/reviews/core-concepts-review-prompt.md	0
26431910-9d54-4988-8b0d-c77ff22a29ee	docs/spec/08-design-departures.md	0
26431910-9d54-4988-8b0d-c77ff22a29ee	missing	1
26753c75-1cd5-4a06-9ff8-db434f221ab2	docs/decisions/0097-a-figure-on-a-hand-built-page-is-measured-when-the-site-is-published-and-the-committed-page-carries-none.md	0
26753c75-1cd5-4a06-9ff8-db434f221ab2	docs/how-to/cut-a-release.md	0
26753c75-1cd5-4a06-9ff8-db434f221ab2	docs/obligations/0011-nothing-has-been-promoted-out-of-the-synthesized-tier.md	0
26753c75-1cd5-4a06-9ff8-db434f221ab2	docs/obligations/0072-a-cache-of-check-results-does-not-make-a-run-proportional.md	0
26753c75-1cd5-4a06-9ff8-db434f221ab2	docs/obligations/0113-every-check-passes-a-document-that-is-still-the-scaffolder-s-placeholder.md	0
26753c75-1cd5-4a06-9ff8-db434f221ab2	docs/obligations/0204-docs-decisions-0077-still-describes-hw-dr-0049-s-rewrite-as-pending-after-574-made-it.md	0
26753c75-1cd5-4a06-9ff8-db434f221ab2	docs/obligations/0207-the-plan-usage-of-one-issue-is-known-only-as-the-average-of-its-run.md	0
26753c75-1cd5-4a06-9ff8-db434f221ab2	docs/obligations/0212-ci-done-sh-reads-a-cancelled-run-of-another-branch-as-a-red-result-on-a-main-merge-commit.md	0
26753c75-1cd5-4a06-9ff8-db434f221ab2	docs/probe-runs/regression-probe-transcript-for-2026-09-17-after-the-probe-corrections.md	0
26753c75-1cd5-4a06-9ff8-db434f221ab2	docs/process/decisions/0007-a-background-wait-caps-below-the-cache-lifetime-and-re-issues-itself.md	0
26753c75-1cd5-4a06-9ff8-db434f221ab2	missing	0
2705038f-5c1f-4b78-a141-c070575833bc	docs/evaluations/the-build-order-as-a-multi-agent-system.md	1
2705038f-5c1f-4b78-a141-c070575833bc	docs/how-to/diagnose-an-isolation-failure.md	0
2705038f-5c1f-4b78-a141-c070575833bc	docs/how-to/relocate-a-shelf.md	0
2705038f-5c1f-4b78-a141-c070575833bc	docs/obligations/0016-a-cue-has-no-measured-effect-on-traversal-precision.md	0
2705038f-5c1f-4b78-a141-c070575833bc	docs/obligations/0017-publishing-the-read-set-skips-a-re-run-on-two-of-the-eighteen.md	0
2705038f-5c1f-4b78-a141-c070575833bc	docs/obligations/0079-a-correctness-root-that-is-a-type-has-no-failing-fixture.md	0
2705038f-5c1f-4b78-a141-c070575833bc	docs/obligations/0165-a-rendered-page-gate-greps-for-a-string-it-requires-and-states-no-denominator-so-an-empty-build-passes-it.md	0
2705038f-5c1f-4b78-a141-c070575833bc	docs/obligations/0204-docs-decisions-0077-still-describes-hw-dr-0049-s-rewrite-as-pending-after-574-made-it.md	0
2705038f-5c1f-4b78-a141-c070575833bc	docs/probes/what-a-session-writes-points-back-at-the-ruling-it-rests-on.md	0
2705038f-5c1f-4b78-a141-c070575833bc	docs/process/decisions/0006-the-entrypoint-keeps-its-name-and-becomes-a-resumable-run.md	1
2705038f-5c1f-4b78-a141-c070575833bc	docs/reviews/core-concepts-review-findings.md	0
2705038f-5c1f-4b78-a141-c070575833bc	docs/spec/13-open-obligations.md	0
2705038f-5c1f-4b78-a141-c070575833bc	docs/spec/17-orchestration-architecture.md	2
2705038f-5c1f-4b78-a141-c070575833bc	docs/tutorials/your-first-governed-corpus.md	0
2705038f-5c1f-4b78-a141-c070575833bc	missing	1
279bbef2-6f32-44a1-afef-3bebcea86a3a	docs/decisions/0030-q30-whether-what-an-obligation-waits-on-is-a-state-or-a-property-and-how-many-values-it-takes.md	0
279bbef2-6f32-44a1-afef-3bebcea86a3a	docs/decisions/0096-harper-does-not-become-part-of-the-engine-now-and-q41-stands.md	0
279bbef2-6f32-44a1-afef-3bebcea86a3a	docs/evaluations/the-serving-boundary.md	0
279bbef2-6f32-44a1-afef-3bebcea86a3a	docs/evaluations/theoretical-foundations.md	0
279bbef2-6f32-44a1-afef-3bebcea86a3a	docs/interfaces/headwater-json.md	0
279bbef2-6f32-44a1-afef-3bebcea86a3a	docs/obligations/0009-the-shape-origin-finding-rate-is-already-zero.md	0
279bbef2-6f32-44a1-afef-3bebcea86a3a	docs/obligations/0011-one-document-has-been-promoted-out-of-the-synthesized-tier-and-no-rate-says-whether-the-tier-drains.md	0
279bbef2-6f32-44a1-afef-3bebcea86a3a	docs/obligations/0096-whether-anything-is-ever-promoted-out-of-the-asserted-tier.md	0
279bbef2-6f32-44a1-afef-3bebcea86a3a	docs/obligations/0108-an-agent-writes-the-acceptance-stamp-of-every-document-in-this-corpus.md	0
279bbef2-6f32-44a1-afef-3bebcea86a3a	docs/obligations/0144-the-cache-identity-test-reads-the-live-working-tree-so-an-edit-during-the-run-reports-the-correctness-root-as-violated.md	0
279bbef2-6f32-44a1-afef-3bebcea86a3a	docs/obligations/0159-a-sentence-that-opens-with-a-hash-and-an-issue-number-is-folded-into-the-sentence-before-it.md	0
279bbef2-6f32-44a1-afef-3bebcea86a3a	docs/obligations/0204-docs-decisions-0077-still-describes-hw-dr-0049-s-rewrite-as-pending-after-574-made-it.md	0
279bbef2-6f32-44a1-afef-3bebcea86a3a	docs/obligations/0205-hw-obl-0002-s-sample-counts-and-voice-rs-s-own-census-predate-the-scent-role-fix-and-need-retaking.md	0
279bbef2-6f32-44a1-afef-3bebcea86a3a	docs/process/explanations/where-a-ci-job-runs.md	0
279bbef2-6f32-44a1-afef-3bebcea86a3a	docs/requirements/0005-a-code-path-names-every-document-that-governs-it.md	0
279bbef2-6f32-44a1-afef-3bebcea86a3a	missing	0
27a47a29-4e8c-44e9-b0aa-318b7947460b	docs/decisions/0061-q61-how-a-recorded-terminal-demonstration-is-held-against-a-run.md	0
27a47a29-4e8c-44e9-b0aa-318b7947460b	docs/evaluations/the-build-order-as-a-multi-agent-system.md	1
27a47a29-4e8c-44e9-b0aa-318b7947460b	docs/evaluations/two-triggers-one-verdict-how-this-repository-s-ci-decides-where-a-job-runs-and-what-it-trusts.md	1
27a47a29-4e8c-44e9-b0aa-318b7947460b	docs/obligations/0072-a-cache-of-check-results-does-not-make-a-run-proportional.md	0
27a47a29-4e8c-44e9-b0aa-318b7947460b	docs/obligations/0175-two-documents-take-one-sequence-on-a-sequence-declaring-shelf-and-no-rule-reads-it.md	0
27a47a29-4e8c-44e9-b0aa-318b7947460b	docs/obligations/0181-an-unresolved-prose-link-reaches-a-run-as-a-graph-fact-and-no-rule-turns-it-into-a-finding.md	0
27a47a29-4e8c-44e9-b0aa-318b7947460b	docs/process/decisions/0006-the-entrypoint-keeps-its-name-and-becomes-a-resumable-run.md	2
27a47a29-4e8c-44e9-b0aa-318b7947460b	docs/reviews/core-concepts-review-findings-2.md	0
27a47a29-4e8c-44e9-b0aa-318b7947460b	docs/spec/16-harness-support.md	1
27a47a29-4e8c-44e9-b0aa-318b7947460b	docs/spec/17-orchestration-architecture.md	2
27a47a29-4e8c-44e9-b0aa-318b7947460b	missing	1
28a3c2c3-0df4-4058-b795-cc687bfaf7e5	docs/acceptance-criteria/0001-no-engine-source-outside-the-fetch-crate-names-a-network-api-and-no-crate-of-the-checking-loop-reaches-a-network-package.md	0
28a3c2c3-0df4-4058-b795-cc687bfaf7e5	docs/decisions/0100-a-counted-tombstone-lists-a-digest-of-each-withheld-identifier-and-a-sealed-one-lists-nothing.md	0
28a3c2c3-0df4-4058-b795-cc687bfaf7e5	docs/evaluations/external-evaluation-harnesses-and-benchmarks-for-the-probe-campaign.md	0
28a3c2c3-0df4-4058-b795-cc687bfaf7e5	docs/evaluations/schema-format-walkthrough.md	0
28a3c2c3-0df4-4058-b795-cc687bfaf7e5	docs/obligations/0077-a-fragment-on-a-path-needs-a-grain-that-no-scope-supplies.md	0
28a3c2c3-0df4-4058-b795-cc687bfaf7e5	docs/obligations/0131-the-cli-crate-wires-every-verb-and-carries-no-tests-so-two-wiring-defects-passed-a-green-suite.md	0
28a3c2c3-0df4-4058-b795-cc687bfaf7e5	docs/obligations/0133-two-test-helpers-key-a-scratch-directory-on-the-pid-alone-and-the-race-springs-on-the-next-case-added.md	0
28a3c2c3-0df4-4058-b795-cc687bfaf7e5	docs/obligations/0136-seven-rustdoc-relative-links-in-comments-point-at-pages-the-doc-tree-does-not-have.md	0
28a3c2c3-0df4-4058-b795-cc687bfaf7e5	docs/obligations/0141-an-identifier-scheme-names-no-prefix-so-an-rdf-projection-derives-a-document-iri-from-a-file-path.md	0
28a3c2c3-0df4-4058-b795-cc687bfaf7e5	docs/obligations/0148-the-help-assertion-never-asks-a-subcommand-and-no-rust-version-declares-the-floor-clap-now-sits-on.md	0
28a3c2c3-0df4-4058-b795-cc687bfaf7e5	docs/probes/a-session-answers-from-the-register-without-opening-the-question-it-replaced.md	0
28a3c2c3-0df4-4058-b795-cc687bfaf7e5	docs/process/obligations/0203-three-small-run-tooling-gaps-from-run-20260922-1121-filed-together.md	0
28a3c2c3-0df4-4058-b795-cc687bfaf7e5	docs/process/obligations/0213-ci-builds-no-mkdocs-site-so-a-generated-page-under-docs-is-never-checked-against-a-strict-build-before-merge.md	0
28a3c2c3-0df4-4058-b795-cc687bfaf7e5	docs/process/obligations/0221-subagents-read-skills-from-the-shared-checkout-and-a-worktree-isolated-integrator-cannot-fast-forward-it-after-a-merge.md	0
28a3c2c3-0df4-4058-b795-cc687bfaf7e5	docs/process/obligations/0227-seven-run-tooling-gaps-from-run-20260929-2201-filed-together.md	0
28a3c2c3-0df4-4058-b795-cc687bfaf7e5	missing	0
296853d7-663d-4c2f-bc18-78e4da4ad491	docs/acceptance-criteria/0004-each-list-anchor-in-the-native-export-carries-its-sorted-members-and-a-single-pattern-carries-none.md	0
296853d7-663d-4c2f-bc18-78e4da4ad491	docs/decisions/0073-a-verification-is-a-kind-and-its-identity-is-minted-rather-than-found-in-the-code-that-cites-it.md	0
296853d7-663d-4c2f-bc18-78e4da4ad491	docs/evaluations/a-probe-task-section-is-the-prompt-so-commentary-under-that-heading-is-prompt.md	1
296853d7-663d-4c2f-bc18-78e4da4ad491	docs/evaluations/external-evaluation-harnesses-and-benchmarks-for-the-probe-campaign.md	0
296853d7-663d-4c2f-bc18-78e4da4ad491	docs/how-to/diagnose-an-isolation-failure.md	0
296853d7-663d-4c2f-bc18-78e4da4ad491	docs/obligations/0070-one-of-the-four-warrant-values-has-no-instance-in-this-corpus.md	0
296853d7-663d-4c2f-bc18-78e4da4ad491	docs/obligations/0075-a-participation-expectation-needs-depth-one-and-edge.md	0
296853d7-663d-4c2f-bc18-78e4da4ad491	docs/obligations/0201-no-coverage-or-mutation-measurement-has-ever-been-taken-over-the-engine-s-test-suite.md	0
296853d7-663d-4c2f-bc18-78e4da4ad491	docs/probe-runs/campaign-of-2026-09-28-campaign-tier-present-arm-navigability.md	1
296853d7-663d-4c2f-bc18-78e4da4ad491	docs/probe-runs/campaign-of-2026-09-28-campaign-tier-present-arm-sufficiency.md	1
296853d7-663d-4c2f-bc18-78e4da4ad491	docs/probe-runs/status-probe-pilot-of-2026-09-29-campaign-tier-absent-arm-sufficiency.md	1
296853d7-663d-4c2f-bc18-78e4da4ad491	docs/probe-runs/status-probe-pilot-of-2026-09-29-campaign-tier-present-arm-sufficiency.md	1
296853d7-663d-4c2f-bc18-78e4da4ad491	docs/probe-runs/tombstone-probe-pilot-of-2026-09-29-campaign-tier-present-arm-sufficiency.md	1
296853d7-663d-4c2f-bc18-78e4da4ad491	docs/process/obligations/0224-thirteen-run-tooling-gaps-from-run-20260928-1109-filed-together.md	0
296853d7-663d-4c2f-bc18-78e4da4ad491	docs/process/obligations/0225-eight-run-tooling-gaps-from-run-20260929-1205-filed-together.md	0
296853d7-663d-4c2f-bc18-78e4da4ad491	missing	1
2a76a868-50e7-4df8-976d-1d859562d69d	docs/decisions/0063-every-required-facet-of-a-generated-document-is-derived-and-the-emitter-composes-the-summary.md	0
2a76a868-50e7-4df8-976d-1d859562d69d	docs/evaluations/inspect-evals-worked-example.md	0
2a76a868-50e7-4df8-976d-1d859562d69d	docs/evaluations/schema-format-walkthrough.md	0
2a76a868-50e7-4df8-976d-1d859562d69d	docs/evaluations/the-three-discovery-misses-of-2026-09-16-have-three-different-mechanisms-and-only-one-is-routing-precision.md	0
2a76a868-50e7-4df8-976d-1d859562d69d	docs/how-to/diagnose-an-isolation-failure.md	0
2a76a868-50e7-4df8-976d-1d859562d69d	docs/reviews/core-concepts-findings-assessment.md	0
2a76a868-50e7-4df8-976d-1d859562d69d	docs/reviews/core-concepts-review-findings-2.md	0
2a76a868-50e7-4df8-976d-1d859562d69d	docs/reviews/core-concepts-review-findings.md	0
2a76a868-50e7-4df8-976d-1d859562d69d	docs/spec/08-design-departures.md	0
2a76a868-50e7-4df8-976d-1d859562d69d	docs/spec/13-open-obligations.md	1
2a76a868-50e7-4df8-976d-1d859562d69d	missing	0
2a83dbe5-44b1-4704-afa9-2f83468dade1	docs/decisions/0044-q44-whether-bundles-decompose-into-capabilities-and-assemblies-compose-practices.md	0
2a83dbe5-44b1-4704-afa9-2f83468dade1	docs/decisions/0050-q50-where-the-visual-register-of-the-hand-built-pages-lives.md	0
2a83dbe5-44b1-4704-afa9-2f83468dade1	docs/evaluations/adjacent-work.md	0
2a83dbe5-44b1-4704-afa9-2f83468dade1	docs/evaluations/schema-format-walkthrough.md	0
2a83dbe5-44b1-4704-afa9-2f83468dade1	docs/evaluations/specifying-the-engine.md	0
2a83dbe5-44b1-4704-afa9-2f83468dade1	docs/how-to/diagnose-an-isolation-failure.md	0
2a83dbe5-44b1-4704-afa9-2f83468dade1	docs/obligations/0051-downstream-delivery-of-a-standards-corpus.md	0
2a83dbe5-44b1-4704-afa9-2f83468dade1	docs/obligations/0147-the-skills-fixture-suite-passes-on-an-empty-input-set-and-always-fails-in-a-clone-that-has-not-built-the-engine.md	1
2a83dbe5-44b1-4704-afa9-2f83468dade1	docs/obligations/0173-four-inline-gates-in-the-workflow-decide-an-exit-status-and-no-suite-provokes-one.md	0
2a83dbe5-44b1-4704-afa9-2f83468dade1	docs/obligations/0198-nothing-states-how-much-of-a-session-s-budget-the-standing-instructions-consume-before-work-starts.md	2
2a83dbe5-44b1-4704-afa9-2f83468dade1	docs/probe-runs/regression-probe-transcript-for-2026-09-17-after-the-probe-corrections.md	0
2a83dbe5-44b1-4704-afa9-2f83468dade1	docs/process/decisions/0007-a-background-wait-caps-below-the-cache-lifetime-and-re-issues-itself.md	1
2a83dbe5-44b1-4704-afa9-2f83468dade1	docs/requirements/0001-the-engine-reaches-no-network-at-check-time.md	0
2a83dbe5-44b1-4704-afa9-2f83468dade1	docs/reviews/core-concepts-review-findings.md	0
2a83dbe5-44b1-4704-afa9-2f83468dade1	docs/spec/08-design-departures.md	0
2a83dbe5-44b1-4704-afa9-2f83468dade1	missing	1
2bd543e8-7824-4c6d-a80b-c3f4e086a776	docs/acceptance-criteria/0002-every-required-section-of-every-governed-document-has-a-heading.md	0
2bd543e8-7824-4c6d-a80b-c3f4e086a776	docs/decisions/0034-q34-whether-acceptance-means-merged-to-main-and-what-an-agent-may-write-before-that.md	0
2bd543e8-7824-4c6d-a80b-c3f4e086a776	docs/decisions/0073-a-verification-is-a-kind-and-its-identity-is-minted-rather-than-found-in-the-code-that-cites-it.md	2
2bd543e8-7824-4c6d-a80b-c3f4e086a776	docs/evaluations/governs-edges-what-an-anchor-reaches-what-covers-it-when-it-ages-and-where-a-session-meets-it.md	2
2bd543e8-7824-4c6d-a80b-c3f4e086a776	docs/how-to/mine-the-shadow-mode-routing-log.md	0
2bd543e8-7824-4c6d-a80b-c3f4e086a776	docs/obligations/0030-the-provenance-block-belongs-to-the-engine-and-nothing-states.md	0
2bd543e8-7824-4c6d-a80b-c3f4e086a776	docs/obligations/0038-a-corpus-that-never-runs-generate-check-has-no-test.md	0
2bd543e8-7824-4c6d-a80b-c3f4e086a776	docs/obligations/0052-a-document-has-no-identifier-and-every-relation-target-must.md	1
2bd543e8-7824-4c6d-a80b-c3f4e086a776	docs/obligations/0069-a-suppressed-finding-leaves-its-obligation-verified-and-spec-4.md	0
2bd543e8-7824-4c6d-a80b-c3f4e086a776	docs/obligations/0075-a-participation-expectation-needs-depth-one-and-edge.md	1
2bd543e8-7824-4c6d-a80b-c3f4e086a776	docs/obligations/0126-every-asserted-document-carries-the-freshness-date-that-spec-3-says-it-cannot.md	0
2bd543e8-7824-4c6d-a80b-c3f4e086a776	docs/obligations/0144-the-cache-identity-test-reads-the-live-working-tree-so-an-edit-during-the-run-reports-the-correctness-root-as-violated.md	0
2bd543e8-7824-4c6d-a80b-c3f4e086a776	docs/obligations/0215-a-bless-run-of-the-conformance-render-tests-races-two-tests-over-one-fixture-file.md	0
2bd543e8-7824-4c6d-a80b-c3f4e086a776	docs/obligations/0228-the-subsystem-specs-claim-evidence-their-targets-do-not-carry-and-two-rules-of-the-shelf-live-only-in-a-test.md	1
2bd543e8-7824-4c6d-a80b-c3f4e086a776	docs/subsystems/authoring.md	0
2bd543e8-7824-4c6d-a80b-c3f4e086a776	missing	0
2c7ec14a-c1f1-429b-af16-8d59b8190fb4	docs/decisions/0055-a-hook-reads-a-wire-format-through-the-engine-and-not-through-an-interpreter.md	2
2c7ec14a-c1f1-429b-af16-8d59b8190fb4	docs/interfaces/headwater-check.md	0
2c7ec14a-c1f1-429b-af16-8d59b8190fb4	docs/interfaces/headwater-completions.md	0
2c7ec14a-c1f1-429b-af16-8d59b8190fb4	docs/interfaces/headwater-query.md	0
2c7ec14a-c1f1-429b-af16-8d59b8190fb4	docs/interfaces/headwater-sweep.md	0
2c7ec14a-c1f1-429b-af16-8d59b8190fb4	docs/obligations/0093-whether-a-harvesting-tier-owes-conformance-rules-of-its-own.md	0
2c7ec14a-c1f1-429b-af16-8d59b8190fb4	docs/obligations/0107-the-base-package-ships-a-kind-that-the-scaffolder-refuses-to-write.md	0
2c7ec14a-c1f1-429b-af16-8d59b8190fb4	docs/probe-runs/campaign-of-2026-09-30-campaign-tier-absent-arm-sufficiency.md	0
2c7ec14a-c1f1-429b-af16-8d59b8190fb4	docs/probe-runs/campaign-of-2026-09-30-campaign-tier-present-arm-navigability.md	0
2c7ec14a-c1f1-429b-af16-8d59b8190fb4	docs/probe-runs/campaign-of-2026-09-30-campaign-tier-present-arm-sufficiency.md	0
2c7ec14a-c1f1-429b-af16-8d59b8190fb4	docs/probe-runs/campaign-of-2026-09-30-documentation-tier-absent-arm-sufficiency.md	0
2c7ec14a-c1f1-429b-af16-8d59b8190fb4	docs/probe-runs/regression-probe-transcript-for-2026-09-17-after-the-probe-corrections.md	0
2c7ec14a-c1f1-429b-af16-8d59b8190fb4	docs/process/obligations/0207-the-plan-usage-of-one-issue-is-known-only-as-the-average-of-its-run.md	0
2c7ec14a-c1f1-429b-af16-8d59b8190fb4	docs/requirements/0002-every-document-of-a-kind-that-requires-sections-carries-all-of-them.md	0
2c7ec14a-c1f1-429b-af16-8d59b8190fb4	docs/spec/00-vision-and-scope.md	1
2c7ec14a-c1f1-429b-af16-8d59b8190fb4	missing	1
2dedfde5-d43d-4d6b-bbed-dbbbd12a369b	docs/decisions/0061-q61-how-a-recorded-terminal-demonstration-is-held-against-a-run.md	0
2dedfde5-d43d-4d6b-bbed-dbbbd12a369b	docs/evaluations/the-build-order-as-a-multi-agent-system.md	1
2dedfde5-d43d-4d6b-bbed-dbbbd12a369b	docs/interfaces/headwater-check.md	0
2dedfde5-d43d-4d6b-bbed-dbbbd12a369b	docs/obligations/0072-a-cache-of-check-results-does-not-make-a-run-proportional.md	0
2dedfde5-d43d-4d6b-bbed-dbbbd12a369b	docs/obligations/0175-two-documents-take-one-sequence-on-a-sequence-declaring-shelf-and-no-rule-reads-it.md	0
2dedfde5-d43d-4d6b-bbed-dbbbd12a369b	docs/obligations/0181-an-unresolved-prose-link-reaches-a-run-as-a-graph-fact-and-no-rule-turns-it-into-a-finding.md	0
2dedfde5-d43d-4d6b-bbed-dbbbd12a369b	docs/process/decisions/0006-the-entrypoint-keeps-its-name-and-becomes-a-resumable-run.md	2
2dedfde5-d43d-4d6b-bbed-dbbbd12a369b	docs/reviews/core-concepts-review-findings-2.md	0
2dedfde5-d43d-4d6b-bbed-dbbbd12a369b	docs/spec/06-engine-architecture.md	0
2dedfde5-d43d-4d6b-bbed-dbbbd12a369b	docs/spec/16-harness-support.md	0
2dedfde5-d43d-4d6b-bbed-dbbbd12a369b	missing	1
2e00adb4-8818-4bc7-98a1-e51ef2f6b2b0	docs/how-to/diagnose-an-isolation-failure.md	0
2e00adb4-8818-4bc7-98a1-e51ef2f6b2b0	docs/interfaces/headwater-derived.md	0
2e00adb4-8818-4bc7-98a1-e51ef2f6b2b0	docs/obligations/0161-the-validation-block-of-mkdocs-yml-is-a-gate-this-repository-owns-and-no-fixture-drives.md	0
2e00adb4-8818-4bc7-98a1-e51ef2f6b2b0	docs/probe-results/campaign-of-2026-09-28-campaign-tier-present-arm-sufficiency.md	1
2e00adb4-8818-4bc7-98a1-e51ef2f6b2b0	docs/probe-results/campaign-pilot-of-2026-09-28-campaign-tier-absent-arm-discovery.md	1
2e00adb4-8818-4bc7-98a1-e51ef2f6b2b0	docs/probe-results/campaign-pilot-of-2026-09-28-campaign-tier-absent-arm-sufficiency.md	1
2e00adb4-8818-4bc7-98a1-e51ef2f6b2b0	docs/probe-results/campaign-pilot-of-2026-09-28-campaign-tier-present-arm-discovery.md	1
2e00adb4-8818-4bc7-98a1-e51ef2f6b2b0	docs/probe-results/campaign-pilot-of-2026-09-28-campaign-tier-present-arm-navigability.md	1
2e00adb4-8818-4bc7-98a1-e51ef2f6b2b0	docs/probe-results/campaign-pilot-of-2026-09-28-campaign-tier-present-arm-sufficiency.md	1
2e00adb4-8818-4bc7-98a1-e51ef2f6b2b0	docs/probe-results/second-campaign-pilot-of-2026-09-28-campaign-tier-absent-arm-sufficiency.md	1
2e00adb4-8818-4bc7-98a1-e51ef2f6b2b0	docs/probe-results/second-campaign-pilot-of-2026-09-28-campaign-tier-present-arm-discovery.md	1
2e00adb4-8818-4bc7-98a1-e51ef2f6b2b0	docs/probe-results/second-campaign-pilot-of-2026-09-28-campaign-tier-present-arm-navigability.md	1
2e00adb4-8818-4bc7-98a1-e51ef2f6b2b0	docs/probe-results/second-campaign-pilot-of-2026-09-28-campaign-tier-present-arm-sufficiency.md	1
2e00adb4-8818-4bc7-98a1-e51ef2f6b2b0	docs/probe-runs/campaign-of-2026-09-28-campaign-tier-absent-arm-navigability.md	2
2e00adb4-8818-4bc7-98a1-e51ef2f6b2b0	docs/process/decisions/0006-the-entrypoint-keeps-its-name-and-becomes-a-resumable-run.md	0
2e00adb4-8818-4bc7-98a1-e51ef2f6b2b0	missing	1
2e1069bc-3754-4e4a-9df3-7436fabae693	docs/decisions/0034-q34-whether-acceptance-means-merged-to-main-and-what-an-agent-may-write-before-that.md	1
2e1069bc-3754-4e4a-9df3-7436fabae693	docs/evaluations/one-clone-many-agents-how-this-repository-isolates-the-sessions-that-build-it.md	1
2e1069bc-3754-4e4a-9df3-7436fabae693	docs/how-to/diagnose-an-isolation-failure.md	0
2e1069bc-3754-4e4a-9df3-7436fabae693	docs/obligations/0001-the-promotion-fix-has-no-reading-of-the-assisted-fraction.md	0
2e1069bc-3754-4e4a-9df3-7436fabae693	docs/obligations/0014-no-probe-tests-whether-an-agent-reaches-the-adjudication-from.md	0
2e1069bc-3754-4e4a-9df3-7436fabae693	docs/obligations/0035-section-contracts-in-the-base.md	0
2e1069bc-3754-4e4a-9df3-7436fabae693	docs/obligations/0059-kind-resolution-declares-a-fourth-step-that-no-syntax-supports.md	0
2e1069bc-3754-4e4a-9df3-7436fabae693	docs/obligations/0085-headwater-init-cannot-reach-a-package-that-is-not-already.md	0
2e1069bc-3754-4e4a-9df3-7436fabae693	docs/obligations/0108-an-agent-writes-the-acceptance-stamp-of-every-document-in-this-corpus.md	0
2e1069bc-3754-4e4a-9df3-7436fabae693	docs/probes/what-a-session-writes-points-back-at-the-ruling-it-rests-on.md	0
2e1069bc-3754-4e4a-9df3-7436fabae693	docs/process/decisions/0001-orchestration-prose-has-one-owner-per-sentence.md	2
2e1069bc-3754-4e4a-9df3-7436fabae693	docs/spec/05-ai-integration.md	0
2e1069bc-3754-4e4a-9df3-7436fabae693	docs/spec/glossary.md	0
2e1069bc-3754-4e4a-9df3-7436fabae693	missing	1
2ed2b5c9-3d4d-4088-83ee-53915f764835	docs/how-to/relocate-a-shelf.md	0
2ed2b5c9-3d4d-4088-83ee-53915f764835	docs/how-to/wire-headwater-check-into-your-own-workflow.md	0
2ed2b5c9-3d4d-4088-83ee-53915f764835	docs/interfaces/headwater-derived.md	0
2ed2b5c9-3d4d-4088-83ee-53915f764835	docs/obligations/0013-no-probe-tests-whether-a-counted-tombstone-stops-a-confident.md	0
2ed2b5c9-3d4d-4088-83ee-53915f764835	docs/obligations/0057-a-retrofit-cannot-recover-the-two-dates-or-the-acceptance.md	0
2ed2b5c9-3d4d-4088-83ee-53915f764835	docs/obligations/0072-a-cache-of-check-results-does-not-make-a-run-proportional.md	0
2ed2b5c9-3d4d-4088-83ee-53915f764835	docs/obligations/0143-a-specification-sentence-closes-a-set-with-a-count-the-source-exceeds-and-115-of-127-candidates-are-unchecked.md	0
2ed2b5c9-3d4d-4088-83ee-53915f764835	docs/obligations/0181-an-unresolved-prose-link-reaches-a-run-as-a-graph-fact-and-no-rule-turns-it-into-a-finding.md	0
2ed2b5c9-3d4d-4088-83ee-53915f764835	docs/obligations/0205-hw-obl-0002-s-sample-counts-and-voice-rs-s-own-census-predate-the-scent-role-fix-and-need-retaking.md	0
2ed2b5c9-3d4d-4088-83ee-53915f764835	docs/obligations/0206-hw-run-policy-names-a-worktree-add-workaround-that-write-edit-refuses-under-this-harness.md	0
2ed2b5c9-3d4d-4088-83ee-53915f764835	docs/probe-runs/regression-probe-transcript-for-2026-09-11.md	0
2ed2b5c9-3d4d-4088-83ee-53915f764835	docs/probe-runs/regression-probe-transcript-for-2026-09-17-after-the-probe-corrections.md	0
2ed2b5c9-3d4d-4088-83ee-53915f764835	docs/probe-runs/regression-probe-transcript-for-2026-09-17.md	0
2ed2b5c9-3d4d-4088-83ee-53915f764835	docs/reviews/core-concepts-review-findings.md	0
2ed2b5c9-3d4d-4088-83ee-53915f764835	docs/reviews/the-sixty-four-restored-help-strings-checked-against-the-binary.md	0
2ed2b5c9-3d4d-4088-83ee-53915f764835	missing	1
2efcc159-dca6-4d05-a058-b0af24708eb2	docs/acceptance-criteria/0001-no-source-file-of-the-engine-names-a-network-api-and-no-locked-dependency-provides-one.md	0
2efcc159-dca6-4d05-a058-b0af24708eb2	docs/decisions/0019-inbound-integration-an-external-system-of-record.md	0
2efcc159-dca6-4d05-a058-b0af24708eb2	docs/decisions/0025-q25-where-the-namespace-goes-in-an-identifier-and-who-declares-it.md	0
2efcc159-dca6-4d05-a058-b0af24708eb2	docs/decisions/0046-migrating-from-version-carries-a-semver-and-a-release-digest-kept-as-separate-fields.md	0
2efcc159-dca6-4d05-a058-b0af24708eb2	docs/decisions/0047-how-the-two-halves-of-the-site-share-one-host.md	0
2efcc159-dca6-4d05-a058-b0af24708eb2	docs/decisions/0048-the-served-sitemap-is-derived-from-the-served-directory.md	0
2efcc159-dca6-4d05-a058-b0af24708eb2	docs/decisions/0080-q66-the-corpus-dashboard-ships-free-and-self-hosted-with-tenant-isolation-stated-as-a-data-model-constraint-from-day-one.md	0
2efcc159-dca6-4d05-a058-b0af24708eb2	docs/obligations/0019-whether-any-corpus-needs-a-second-export-profile.md	0
2efcc159-dca6-4d05-a058-b0af24708eb2	docs/obligations/0077-a-fragment-on-a-path-needs-a-grain-that-no-scope-supplies.md	0
2efcc159-dca6-4d05-a058-b0af24708eb2	docs/obligations/0096-whether-anything-is-ever-promoted-out-of-the-asserted-tier.md	0
2efcc159-dca6-4d05-a058-b0af24708eb2	docs/obligations/0165-a-rendered-page-gate-greps-for-a-string-it-requires-and-states-no-denominator-so-an-empty-build-passes-it.md	0
2efcc159-dca6-4d05-a058-b0af24708eb2	docs/obligations/0211-two-hand-remedy-lines-for-hw-cargo-in-hw-run-policy-may-no-longer-earn-their-cost-on-every-dispatch.md	0
2efcc159-dca6-4d05-a058-b0af24708eb2	docs/process/decisions/0002-adjudication-is-a-separate-stage-and-refusal-is-licensed.md	0
2efcc159-dca6-4d05-a058-b0af24708eb2	docs/process/decisions/0004-coordination-is-a-create-only-claim-and-authority-stays-on-the-tree.md	0
2efcc159-dca6-4d05-a058-b0af24708eb2	docs/requirements/0001-the-engine-reaches-no-network-at-check-time.md	0
2efcc159-dca6-4d05-a058-b0af24708eb2	missing	0
2fb8ad57-f7fe-47b5-a49e-3104dfb56bf4	docs/how-to/keep-derived-files-from-conflicting-in-parallel-pull-requests.md	1
2fb8ad57-f7fe-47b5-a49e-3104dfb56bf4	docs/how-to/relocate-a-shelf.md	0
2fb8ad57-f7fe-47b5-a49e-3104dfb56bf4	docs/how-to/wire-headwater-check-into-your-own-workflow.md	0
2fb8ad57-f7fe-47b5-a49e-3104dfb56bf4	docs/obligations/0072-a-cache-of-check-results-does-not-make-a-run-proportional.md	0
2fb8ad57-f7fe-47b5-a49e-3104dfb56bf4	docs/obligations/0175-two-documents-take-one-sequence-on-a-sequence-declaring-shelf-and-no-rule-reads-it.md	0
2fb8ad57-f7fe-47b5-a49e-3104dfb56bf4	docs/obligations/0198-nothing-states-how-much-of-a-session-s-budget-the-standing-instructions-consume-before-work-starts.md	0
2fb8ad57-f7fe-47b5-a49e-3104dfb56bf4	docs/obligations/0201-no-coverage-or-mutation-measurement-has-ever-been-taken-over-the-engine-s-test-suite.md	0
2fb8ad57-f7fe-47b5-a49e-3104dfb56bf4	docs/obligations/0230-comments-in-the-command-surface-crates-and-their-subsystem-spec-state-eight-stale-facts.md	0
2fb8ad57-f7fe-47b5-a49e-3104dfb56bf4	docs/process/decisions/0023-a-build-order-parent-restarts-every-few-merges-drains-to-zero-first-and-resumes-from-the-handover-files-on-disk.md	1
2fb8ad57-f7fe-47b5-a49e-3104dfb56bf4	docs/process/obligations/0207-the-plan-usage-of-one-issue-is-known-only-as-the-average-of-its-run.md	1
2fb8ad57-f7fe-47b5-a49e-3104dfb56bf4	docs/process/obligations/0212-ci-done-sh-reads-a-cancelled-run-of-another-branch-as-a-red-result-on-a-main-merge-commit.md	1
2fb8ad57-f7fe-47b5-a49e-3104dfb56bf4	docs/process/obligations/0220-no-disk-floor-is-stated-for-a-build-order-run-and-nothing-prunes-the-cargo-pool.md	1
2fb8ad57-f7fe-47b5-a49e-3104dfb56bf4	docs/reviews/the-sixty-four-restored-help-strings-checked-against-the-binary.md	0
2fb8ad57-f7fe-47b5-a49e-3104dfb56bf4	missing	1
2fe88d40-d903-4a5d-b8c8-58412665c984	docs/decisions/0034-q34-whether-acceptance-means-merged-to-main-and-what-an-agent-may-write-before-that.md	0
2fe88d40-d903-4a5d-b8c8-58412665c984	docs/decisions/0052-a-document-is-proposed-at-the-state-it-will-hold-and-the-merge-activates-it.md	0
2fe88d40-d903-4a5d-b8c8-58412665c984	docs/interfaces/headwater-merge-driver.md	0
2fe88d40-d903-4a5d-b8c8-58412665c984	docs/obligations/0020-whether-a-solution-corpus-vendors-each-source-export.md	0
2fe88d40-d903-4a5d-b8c8-58412665c984	docs/obligations/0081-a-published-read-set-never-says-which-instances-must-run-again.md	0
2fe88d40-d903-4a5d-b8c8-58412665c984	docs/obligations/0093-whether-a-harvesting-tier-owes-conformance-rules-of-its-own.md	0
2fe88d40-d903-4a5d-b8c8-58412665c984	docs/obligations/0131-the-cli-crate-wires-every-verb-and-carries-no-tests-so-two-wiring-defects-passed-a-green-suite.md	0
2fe88d40-d903-4a5d-b8c8-58412665c984	docs/obligations/0135-repo-cleanup-names-one-cause-for-a-gone-upstream-and-this-repository-produced-a-second.md	0
2fe88d40-d903-4a5d-b8c8-58412665c984	docs/obligations/0163-ten-decision-records-claim-a-q-number-the-decision-register-does-not-carry.md	0
2fe88d40-d903-4a5d-b8c8-58412665c984	docs/obligations/0173-four-inline-gates-in-the-workflow-decide-an-exit-status-and-no-suite-provokes-one.md	0
2fe88d40-d903-4a5d-b8c8-58412665c984	missing	1
315932ba-0c5d-4815-9e01-c394df6c0d7b	docs/acceptance-criteria/0002-every-required-section-of-every-governed-document-has-a-heading.md	0
315932ba-0c5d-4815-9e01-c394df6c0d7b	docs/decisions/0040-q40-whether-extends-bundle-requires-and-an-overlay-s-taxonomy-key-are-a-mechanism-or-a-label.md	0
315932ba-0c5d-4815-9e01-c394df6c0d7b	docs/decisions/0055-a-hook-reads-a-wire-format-through-the-engine-and-not-through-an-interpreter.md	0
315932ba-0c5d-4815-9e01-c394df6c0d7b	docs/evaluations/capability-bundle-address-inventory.md	0
315932ba-0c5d-4815-9e01-c394df6c0d7b	docs/evaluations/shacl-worked-example.md	0
315932ba-0c5d-4815-9e01-c394df6c0d7b	docs/how-to/rotate-or-revoke-the-apt-signing-subkey.md	0
315932ba-0c5d-4815-9e01-c394df6c0d7b	docs/obligations/0087-fixable-has-two-readings-inside-one-engine.md	0
315932ba-0c5d-4815-9e01-c394df6c0d7b	docs/obligations/0193-admission-criterion-5-has-no-reading-for-an-entry-that-serves-neither-core-purpose.md	0
315932ba-0c5d-4815-9e01-c394df6c0d7b	docs/process/decisions/0005-the-ledger-is-split-its-tabular-parts-are-jsonl-and-its-totals-are-derived.md	0
315932ba-0c5d-4815-9e01-c394df6c0d7b	docs/process/decisions/0022-the-verify-and-rework-loop-for-one-issue-runs-below-the-parent.md	2
315932ba-0c5d-4815-9e01-c394df6c0d7b	docs/process/obligations/0209-a-build-order-dispatch-passes-no-isolation-so-a-stage-can-inherit-the-parent-worktree-as-its-working-directory.md	1
315932ba-0c5d-4815-9e01-c394df6c0d7b	docs/process/obligations/0211-two-hand-remedy-lines-for-hw-cargo-in-hw-run-policy-may-no-longer-earn-their-cost-on-every-dispatch.md	1
315932ba-0c5d-4815-9e01-c394df6c0d7b	docs/process/obligations/0221-subagents-read-skills-from-the-shared-checkout-and-a-worktree-isolated-integrator-cannot-fast-forward-it-after-a-merge.md	1
315932ba-0c5d-4815-9e01-c394df6c0d7b	docs/process/specs/orchestration-architecture.md	2
315932ba-0c5d-4815-9e01-c394df6c0d7b	docs/verifications/0003-a-fixture-tree-of-three-list-anchors-proves-that-the-export-carries-list-members.md	0
315932ba-0c5d-4815-9e01-c394df6c0d7b	missing	1
320d3750-c1a5-4ff9-84e4-bbc60c826815	docs/how-to/keep-derived-files-from-conflicting-in-parallel-pull-requests.md	0
320d3750-c1a5-4ff9-84e4-bbc60c826815	docs/how-to/publish-your-corpus-as-a-site.md	1
320d3750-c1a5-4ff9-84e4-bbc60c826815	docs/interfaces/headwater-capture.md	2
320d3750-c1a5-4ff9-84e4-bbc60c826815	docs/interfaces/headwater-gate.md	0
320d3750-c1a5-4ff9-84e4-bbc60c826815	docs/obligations/0071-a-corpus-scoped-check-makes-the-coverage-rule-unreachable.md	1
320d3750-c1a5-4ff9-84e4-bbc60c826815	docs/obligations/0108-an-agent-writes-the-acceptance-stamp-of-every-document-in-this-corpus.md	0
320d3750-c1a5-4ff9-84e4-bbc60c826815	docs/obligations/0169-the-coverage-report-lists-one-path-twice-so-the-self-assessment-page-publishes-two-unaccounted-files-where-one-exists.md	2
320d3750-c1a5-4ff9-84e4-bbc60c826815	docs/process/decisions/0022-the-verify-and-rework-loop-for-one-issue-runs-below-the-parent.md	0
320d3750-c1a5-4ff9-84e4-bbc60c826815	docs/process/decisions/0023-a-build-order-parent-restarts-every-few-merges-drains-to-zero-first-and-resumes-from-the-handover-files-on-disk.md	0
320d3750-c1a5-4ff9-84e4-bbc60c826815	docs/process/evaluations/one-clone-many-agents-how-this-repository-isolates-the-sessions-that-build-it.md	0
320d3750-c1a5-4ff9-84e4-bbc60c826815	docs/process/obligations/0207-the-plan-usage-of-one-issue-is-known-only-as-the-average-of-its-run.md	0
320d3750-c1a5-4ff9-84e4-bbc60c826815	docs/process/obligations/0224-thirteen-run-tooling-gaps-from-run-20260928-1109-filed-together.md	0
320d3750-c1a5-4ff9-84e4-bbc60c826815	docs/process/obligations/0225-eight-run-tooling-gaps-from-run-20260929-1205-filed-together.md	0
320d3750-c1a5-4ff9-84e4-bbc60c826815	docs/process/obligations/0227-seven-run-tooling-gaps-from-run-20260929-2201-filed-together.md	0
320d3750-c1a5-4ff9-84e4-bbc60c826815	docs/subsystems/projections-and-export.md	1
320d3750-c1a5-4ff9-84e4-bbc60c826815	missing	1
32a40f45-cf85-4cc7-a0ef-f7fc442da2e2	docs/acceptance-criteria/0001-no-source-file-of-the-engine-names-a-network-api-and-no-locked-dependency-provides-one.md	0
32a40f45-cf85-4cc7-a0ef-f7fc442da2e2	docs/decisions/0031-q31-whether-this-repository-becomes-public-and-when.md	0
32a40f45-cf85-4cc7-a0ef-f7fc442da2e2	docs/evaluations/the-measurement-layer.md	0
32a40f45-cf85-4cc7-a0ef-f7fc442da2e2	docs/how-to/mine-the-shadow-mode-routing-log.md	0
32a40f45-cf85-4cc7-a0ef-f7fc442da2e2	docs/interfaces/headwater-capture.md	0
32a40f45-cf85-4cc7-a0ef-f7fc442da2e2	docs/interfaces/headwater-sweep.md	0
32a40f45-cf85-4cc7-a0ef-f7fc442da2e2	docs/obligations/0040-composition-between-two-library-entries-has-no-add-only-form.md	0
32a40f45-cf85-4cc7-a0ef-f7fc442da2e2	docs/obligations/0093-whether-a-harvesting-tier-owes-conformance-rules-of-its-own.md	0
32a40f45-cf85-4cc7-a0ef-f7fc442da2e2	docs/obligations/0120-no-reader-takes-a-waiver-against-a-check-finding-so-one-arm-of-the-escape-partition-is-empty.md	0
32a40f45-cf85-4cc7-a0ef-f7fc442da2e2	docs/obligations/0122-nothing-holds-the-conformance-rule-set-of-a-package-a-consumer-takes-from-source.md	0
32a40f45-cf85-4cc7-a0ef-f7fc442da2e2	docs/obligations/0140-a-check-can-meet-the-failing-fixture-bar-with-a-fixture-that-cannot-distinguish-the-rule-from-its-neighbour.md	0
32a40f45-cf85-4cc7-a0ef-f7fc442da2e2	docs/obligations/0169-the-coverage-report-lists-one-path-twice-so-the-self-assessment-page-publishes-two-unaccounted-files-where-one-exists.md	0
32a40f45-cf85-4cc7-a0ef-f7fc442da2e2	docs/obligations/0198-nothing-states-how-much-of-a-session-s-budget-the-standing-instructions-consume-before-work-starts.md	0
32a40f45-cf85-4cc7-a0ef-f7fc442da2e2	docs/probes/the-pointer-this-corpus-offers-for-a-task-is-the-document-a-session-opens.md	0
32a40f45-cf85-4cc7-a0ef-f7fc442da2e2	docs/process/decisions/0005-the-ledger-is-split-its-tabular-parts-are-jsonl-and-its-totals-are-derived.md	0
32a40f45-cf85-4cc7-a0ef-f7fc442da2e2	missing	0
33c59ae4-50cf-432d-8f24-901d5dc96346	docs/acceptance-criteria/0003-check-reports-a-document-path-written-as-a-relation-target-once-in-every-spelling-and-through-a-symlink.md	0
33c59ae4-50cf-432d-8f24-901d5dc96346	docs/decisions/0096-harper-does-not-become-part-of-the-engine-now-and-q41-stands.md	0
33c59ae4-50cf-432d-8f24-901d5dc96346	docs/how-to/relocate-a-shelf.md	0
33c59ae4-50cf-432d-8f24-901d5dc96346	docs/obligations/0008-an-adoption-payload-has-a-first-reading-and-no-elapsed-time.md	0
33c59ae4-50cf-432d-8f24-901d5dc96346	docs/obligations/0069-a-suppressed-finding-leaves-its-obligation-verified-and-spec-4.md	0
33c59ae4-50cf-432d-8f24-901d5dc96346	docs/obligations/0087-fixable-has-two-readings-inside-one-engine.md	0
33c59ae4-50cf-432d-8f24-901d5dc96346	docs/obligations/0102-two-documents-state-what-voids-a-verdict-and-they-do-not.md	0
33c59ae4-50cf-432d-8f24-901d5dc96346	docs/obligations/0170-the-blank-facet-value-rule-reaches-no-obligation-so-the-report-names-none.md	0
33c59ae4-50cf-432d-8f24-901d5dc96346	docs/obligations/0179-the-commit-gate-checks-prose-with-a-binary-it-never-compares-against-the-engine-sources.md	0
33c59ae4-50cf-432d-8f24-901d5dc96346	docs/obligations/0199-an-observation-snapshot-records-a-commit-and-nothing-reads-it-back.md	0
33c59ae4-50cf-432d-8f24-901d5dc96346	docs/process/decisions/0008-the-board-has-an-owner-of-its-structure-and-its-milestones-are-capped-versions.md	2
33c59ae4-50cf-432d-8f24-901d5dc96346	docs/process/evaluations/two-triggers-one-verdict-how-this-repository-s-ci-decides-where-a-job-runs-and-what-it-trusts.md	0
33c59ae4-50cf-432d-8f24-901d5dc96346	docs/process/obligations/0211-two-hand-remedy-lines-for-hw-cargo-in-hw-run-policy-may-no-longer-earn-their-cost-on-every-dispatch.md	0
33c59ae4-50cf-432d-8f24-901d5dc96346	docs/reviews/core-concepts-review-findings.md	0
33c59ae4-50cf-432d-8f24-901d5dc96346	docs/spec/15-the-recorder-contract.md	0
33c59ae4-50cf-432d-8f24-901d5dc96346	missing	1
347c80a5-8c12-4d3e-a715-a708e0771071	docs/how-to/diagnose-an-isolation-failure.md	0
347c80a5-8c12-4d3e-a715-a708e0771071	docs/interfaces/headwater-completions.md	0
347c80a5-8c12-4d3e-a715-a708e0771071	docs/interfaces/headwater-merge-driver.md	0
347c80a5-8c12-4d3e-a715-a708e0771071	docs/interfaces/headwater-new.md	0
347c80a5-8c12-4d3e-a715-a708e0771071	docs/obligations/0086-an-inline-quotation-reaches-every-lexical-rule-as-this-authors.md	0
347c80a5-8c12-4d3e-a715-a708e0771071	docs/obligations/0109-the-capture-cost-denominator-is-set-by-declaration-and-not-by-work.md	0
347c80a5-8c12-4d3e-a715-a708e0771071	docs/obligations/0204-docs-decisions-0077-still-describes-hw-dr-0049-s-rewrite-as-pending-after-574-made-it.md	0
347c80a5-8c12-4d3e-a715-a708e0771071	docs/obligations/0216-two-merge-hooks-of-this-repository-print-a-resolve-flag-that-the-verb-refuses.md	0
347c80a5-8c12-4d3e-a715-a708e0771071	docs/obligations/0217-the-site-review-marker-lives-in-the-common-directory-of-a-clone-so-one-worktree-s-unreviewed-merge-blocks-the-push-of-every-worktree.md	0
347c80a5-8c12-4d3e-a715-a708e0771071	docs/reviews/core-concepts-review-prompt.md	0
347c80a5-8c12-4d3e-a715-a708e0771071	missing	0
354a7581-8e87-4329-84de-38f9c3525fc5	docs/decisions/0061-q61-how-a-recorded-terminal-demonstration-is-held-against-a-run.md	0
354a7581-8e87-4329-84de-38f9c3525fc5	docs/evaluations/the-build-order-as-a-multi-agent-system.md	1
354a7581-8e87-4329-84de-38f9c3525fc5	docs/evaluations/two-triggers-one-verdict-how-this-repository-s-ci-decides-where-a-job-runs-and-what-it-trusts.md	0
354a7581-8e87-4329-84de-38f9c3525fc5	docs/obligations/0072-a-cache-of-check-results-does-not-make-a-run-proportional.md	0
354a7581-8e87-4329-84de-38f9c3525fc5	docs/obligations/0175-two-documents-take-one-sequence-on-a-sequence-declaring-shelf-and-no-rule-reads-it.md	0
354a7581-8e87-4329-84de-38f9c3525fc5	docs/obligations/0181-an-unresolved-prose-link-reaches-a-run-as-a-graph-fact-and-no-rule-turns-it-into-a-finding.md	0
354a7581-8e87-4329-84de-38f9c3525fc5	docs/process/decisions/0006-the-entrypoint-keeps-its-name-and-becomes-a-resumable-run.md	2
354a7581-8e87-4329-84de-38f9c3525fc5	docs/reviews/core-concepts-review-findings-2.md	0
354a7581-8e87-4329-84de-38f9c3525fc5	docs/spec/16-harness-support.md	0
354a7581-8e87-4329-84de-38f9c3525fc5	docs/spec/17-orchestration-architecture.md	2
354a7581-8e87-4329-84de-38f9c3525fc5	missing	0
35a10490-08f7-4717-98e7-f0097cdbf661	docs/decisions/0038-q38-which-link-relation-a-rendered-page-carries-to-the-served-corpus-descriptor.md	0
35a10490-08f7-4717-98e7-f0097cdbf661	docs/decisions/0075-the-vendor-verb-may-take-a-location-and-the-fetch-lives-only-in-a-crate-the-checking-loop-never-links.md	0
35a10490-08f7-4717-98e7-f0097cdbf661	docs/evaluations/linkml-worked-example.md	0
35a10490-08f7-4717-98e7-f0097cdbf661	docs/how-to/wire-headwater-check-into-your-own-workflow.md	0
35a10490-08f7-4717-98e7-f0097cdbf661	docs/obligations/0031-list-extension-in-an-add-only-overlay.md	0
35a10490-08f7-4717-98e7-f0097cdbf661	docs/obligations/0107-the-base-package-ships-a-kind-that-the-scaffolder-refuses-to-write.md	0
35a10490-08f7-4717-98e7-f0097cdbf661	docs/obligations/0136-seven-rustdoc-relative-links-in-comments-point-at-pages-the-doc-tree-does-not-have.md	0
35a10490-08f7-4717-98e7-f0097cdbf661	docs/obligations/0174-publishing-the-base-package-reports-51-references-that-resolve-nowhere-and-exits-0.md	0
35a10490-08f7-4717-98e7-f0097cdbf661	docs/obligations/0176-a-blessed-fixture-is-read-by-a-sibling-case-that-runs-while-the-write-truncates-it.md	0
35a10490-08f7-4717-98e7-f0097cdbf661	docs/obligations/0215-a-bless-run-of-the-conformance-render-tests-races-two-tests-over-one-fixture-file.md	0
35a10490-08f7-4717-98e7-f0097cdbf661	docs/process/obligations/0203-three-small-run-tooling-gaps-from-run-20260922-1121-filed-together.md	0
35a10490-08f7-4717-98e7-f0097cdbf661	docs/process/obligations/0216-two-merge-hooks-of-this-repository-print-a-resolve-flag-that-the-verb-refuses.md	0
35a10490-08f7-4717-98e7-f0097cdbf661	docs/process/obligations/0224-thirteen-run-tooling-gaps-from-run-20260928-1109-filed-together.md	0
35a10490-08f7-4717-98e7-f0097cdbf661	docs/process/obligations/0225-eight-run-tooling-gaps-from-run-20260929-1205-filed-together.md	0
35a10490-08f7-4717-98e7-f0097cdbf661	docs/reviews/the-sixty-four-restored-help-strings-checked-against-the-binary.md	0
35a10490-08f7-4717-98e7-f0097cdbf661	missing	1
35f78bb0-038e-4262-a8c8-387c3c064903	docs/evaluations/a-probe-task-section-is-the-prompt-so-commentary-under-that-heading-is-prompt.md	0
35f78bb0-038e-4262-a8c8-387c3c064903	docs/evaluations/governs-edges-what-an-anchor-reaches-what-covers-it-when-it-ages-and-where-a-session-meets-it.md	1
35f78bb0-038e-4262-a8c8-387c3c064903	docs/evaluations/n8n-worked-example.md	0
35f78bb0-038e-4262-a8c8-387c3c064903	docs/how-to/diagnose-an-isolation-failure.md	0
35f78bb0-038e-4262-a8c8-387c3c064903	docs/how-to/wire-headwater-check-into-your-own-workflow.md	0
35f78bb0-038e-4262-a8c8-387c3c064903	docs/obligations/0083-the-pair-grain-absorbs-a-second-violation-inside-one-cell.md	0
35f78bb0-038e-4262-a8c8-387c3c064903	docs/obligations/0086-an-inline-quotation-reaches-every-lexical-rule-as-this-authors.md	0
35f78bb0-038e-4262-a8c8-387c3c064903	docs/obligations/0096-whether-anything-is-ever-promoted-out-of-the-asserted-tier.md	0
35f78bb0-038e-4262-a8c8-387c3c064903	docs/obligations/0113-every-check-passes-a-document-that-is-still-the-scaffolder-s-placeholder.md	0
35f78bb0-038e-4262-a8c8-387c3c064903	docs/obligations/0143-a-specification-sentence-closes-a-set-with-a-count-the-source-exceeds-and-115-of-127-candidates-are-unchecked.md	0
35f78bb0-038e-4262-a8c8-387c3c064903	docs/obligations/0161-the-validation-block-of-mkdocs-yml-is-a-gate-this-repository-owns-and-no-fixture-drives.md	0
35f78bb0-038e-4262-a8c8-387c3c064903	docs/obligations/0196-a-relation-writes-a-state-onto-a-kind-that-binds-no-lifecycle-regime-and-nothing-reads-that-pair.md	0
35f78bb0-038e-4262-a8c8-387c3c064903	docs/probes/a-cold-agent-reaches-the-governing-document-through-the-corpus-descriptor.md	1
35f78bb0-038e-4262-a8c8-387c3c064903	docs/process/obligations/0145-the-ci-job-named-advisory-carries-every-blocking-shell-suite-in-the-repository.md	0
35f78bb0-038e-4262-a8c8-387c3c064903	docs/subsystems/parse-and-census.md	0
35f78bb0-038e-4262-a8c8-387c3c064903	missing	1
36724724-36f8-4cee-8fed-dfb996cd974b	docs/decisions/0021-terminological-succession-and-validity-under-merge.md	0
36724724-36f8-4cee-8fed-dfb996cd974b	docs/decisions/0052-a-document-is-proposed-at-the-state-it-will-hold-and-the-merge-activates-it.md	0
36724724-36f8-4cee-8fed-dfb996cd974b	docs/interfaces/headwater-derived.md	0
36724724-36f8-4cee-8fed-dfb996cd974b	docs/interfaces/headwater-merge-driver.md	0
36724724-36f8-4cee-8fed-dfb996cd974b	docs/interfaces/headwater-show.md	0
36724724-36f8-4cee-8fed-dfb996cd974b	docs/obligations/0017-publishing-the-read-set-skips-a-re-run-on-two-of-the-eighteen.md	0
36724724-36f8-4cee-8fed-dfb996cd974b	docs/obligations/0081-a-published-read-set-never-says-which-instances-must-run-again.md	0
36724724-36f8-4cee-8fed-dfb996cd974b	docs/obligations/0212-ci-done-sh-reads-a-cancelled-run-of-another-branch-as-a-red-result-on-a-main-merge-commit.md	1
36724724-36f8-4cee-8fed-dfb996cd974b	docs/obligations/0216-two-merge-hooks-of-this-repository-print-a-resolve-flag-that-the-verb-refuses.md	0
36724724-36f8-4cee-8fed-dfb996cd974b	docs/obligations/0217-the-site-review-marker-lives-in-the-common-directory-of-a-clone-so-one-worktree-s-unreviewed-merge-blocks-the-push-of-every-worktree.md	0
36724724-36f8-4cee-8fed-dfb996cd974b	docs/obligations/0221-subagents-read-skills-from-the-shared-checkout-and-a-worktree-isolated-integrator-cannot-fast-forward-it-after-a-merge.md	1
36724724-36f8-4cee-8fed-dfb996cd974b	docs/process/decisions/0004-coordination-is-a-create-only-claim-and-authority-stays-on-the-tree.md	1
36724724-36f8-4cee-8fed-dfb996cd974b	docs/process/decisions/0017-ci-concurrency-is-per-ref-and-every-ref-but-main-cancels-a-superseded-run.md	2
36724724-36f8-4cee-8fed-dfb996cd974b	missing	0
371d8fb1-e7ca-462f-9947-a8a12a0fafd1	docs/evaluations/a-probe-task-section-is-the-prompt-so-commentary-under-that-heading-is-prompt.md	0
371d8fb1-e7ca-462f-9947-a8a12a0fafd1	docs/evaluations/one-clone-many-agents-how-this-repository-isolates-the-sessions-that-build-it.md	0
371d8fb1-e7ca-462f-9947-a8a12a0fafd1	docs/how-to/diagnose-an-isolation-failure.md	0
371d8fb1-e7ca-462f-9947-a8a12a0fafd1	docs/how-to/mine-the-shadow-mode-routing-log.md	0
371d8fb1-e7ca-462f-9947-a8a12a0fafd1	docs/how-to/relocate-a-shelf.md	0
371d8fb1-e7ca-462f-9947-a8a12a0fafd1	docs/interfaces/headwater-completions.md	0
371d8fb1-e7ca-462f-9947-a8a12a0fafd1	docs/interfaces/headwater-help.md	0
371d8fb1-e7ca-462f-9947-a8a12a0fafd1	docs/interfaces/headwater-route.md	0
371d8fb1-e7ca-462f-9947-a8a12a0fafd1	docs/obligations/0198-nothing-states-how-much-of-a-session-s-budget-the-standing-instructions-consume-before-work-starts.md	0
371d8fb1-e7ca-462f-9947-a8a12a0fafd1	docs/probes/a-cold-agent-reaches-the-governing-document-through-the-corpus-descriptor.md	0
371d8fb1-e7ca-462f-9947-a8a12a0fafd1	docs/probes/an-agent-reaches-the-adjudication-from-the-document-that-lost-it.md	0
371d8fb1-e7ca-462f-9947-a8a12a0fafd1	docs/tutorials/your-first-governed-corpus.md	0
371d8fb1-e7ca-462f-9947-a8a12a0fafd1	missing	0
37cf6ca1-6f50-4fbe-ad28-34743dd51df6	docs/decisions/0050-q50-where-the-visual-register-of-the-hand-built-pages-lives.md	0
37cf6ca1-6f50-4fbe-ad28-34743dd51df6	docs/decisions/0097-a-figure-on-a-hand-built-page-is-measured-when-the-site-is-published-and-the-committed-page-carries-none.md	1
37cf6ca1-6f50-4fbe-ad28-34743dd51df6	docs/evaluations/the-measurement-layer.md	0
37cf6ca1-6f50-4fbe-ad28-34743dd51df6	docs/how-to/relocate-a-shelf.md	0
37cf6ca1-6f50-4fbe-ad28-34743dd51df6	docs/how-to/rotate-or-revoke-the-apt-signing-subkey.md	0
37cf6ca1-6f50-4fbe-ad28-34743dd51df6	docs/obligations/0099-whether-an-adjudication-is-ever-partial.md	0
37cf6ca1-6f50-4fbe-ad28-34743dd51df6	docs/obligations/0127-a-deletion-is-invisible-where-the-version-that-stood-there-does-not-parse.md	0
37cf6ca1-6f50-4fbe-ad28-34743dd51df6	docs/obligations/0160-the-generated-half-of-the-site-loads-highlight-js-from-a-third-party-with-no-subresource-integrity.md	0
37cf6ca1-6f50-4fbe-ad28-34743dd51df6	docs/obligations/0217-the-site-review-marker-lives-in-the-common-directory-of-a-clone-so-one-worktree-s-unreviewed-merge-blocks-the-push-of-every-worktree.md	0
37cf6ca1-6f50-4fbe-ad28-34743dd51df6	docs/obligations/0223-no-run-measures-whether-the-documents-under-docs-change-what-an-agent-builds.md	0
37cf6ca1-6f50-4fbe-ad28-34743dd51df6	docs/process/decisions/0017-ci-concurrency-is-per-ref-and-every-ref-but-main-cancels-a-superseded-run.md	0
37cf6ca1-6f50-4fbe-ad28-34743dd51df6	docs/process/decisions/0020-merges-go-through-the-github-merge-queue-one-squash-commit-per-pull-request.md	0
37cf6ca1-6f50-4fbe-ad28-34743dd51df6	docs/process/obligations/0212-ci-done-sh-reads-a-cancelled-run-of-another-branch-as-a-red-result-on-a-main-merge-commit.md	0
37cf6ca1-6f50-4fbe-ad28-34743dd51df6	docs/process/obligations/0213-ci-builds-no-mkdocs-site-so-a-generated-page-under-docs-is-never-checked-against-a-strict-build-before-merge.md	0
37cf6ca1-6f50-4fbe-ad28-34743dd51df6	docs/process/specs/orchestration-architecture.md	0
37cf6ca1-6f50-4fbe-ad28-34743dd51df6	missing	1
37d0f48a-3ce5-42ee-a148-a8f391d8d551	docs/decisions/0050-q50-where-the-visual-register-of-the-hand-built-pages-lives.md	0
37d0f48a-3ce5-42ee-a148-a8f391d8d551	docs/decisions/0052-a-document-is-proposed-at-the-state-it-will-hold-and-the-merge-activates-it.md	0
37d0f48a-3ce5-42ee-a148-a8f391d8d551	docs/evaluations/why-corpus-counts-are-derived-not-stored.md	0
37d0f48a-3ce5-42ee-a148-a8f391d8d551	docs/how-to/relocate-a-shelf.md	0
37d0f48a-3ce5-42ee-a148-a8f391d8d551	docs/interfaces/headwater-completions.md	0
37d0f48a-3ce5-42ee-a148-a8f391d8d551	docs/obligations/0080-changed-only-is-the-content-addressed-cache-under-another-name.md	0
37d0f48a-3ce5-42ee-a148-a8f391d8d551	docs/obligations/0136-seven-rustdoc-relative-links-in-comments-point-at-pages-the-doc-tree-does-not-have.md	0
37d0f48a-3ce5-42ee-a148-a8f391d8d551	docs/obligations/0155-probe-s-fourteen-refusals-have-no-coverage-test-and-three-of-them-are-named-by-no-test-at-all.md	0
37d0f48a-3ce5-42ee-a148-a8f391d8d551	docs/obligations/0209-a-build-order-dispatch-passes-no-isolation-so-a-stage-can-inherit-the-parent-worktree-as-its-working-directory.md	0
37d0f48a-3ce5-42ee-a148-a8f391d8d551	docs/obligations/0211-two-hand-remedy-lines-for-hw-cargo-in-hw-run-policy-may-no-longer-earn-their-cost-on-every-dispatch.md	0
37d0f48a-3ce5-42ee-a148-a8f391d8d551	docs/obligations/0213-ci-builds-no-mkdocs-site-so-a-generated-page-under-docs-is-never-checked-against-a-strict-build-before-merge.md	0
37d0f48a-3ce5-42ee-a148-a8f391d8d551	docs/process/decisions/0008-the-board-has-an-owner-of-its-structure-and-its-milestones-are-capped-versions.md	0
37d0f48a-3ce5-42ee-a148-a8f391d8d551	docs/process/decisions/0015-a-condition-in-ci-may-take-work-away-and-never-grant-it-so-one-run-per-commit-comes-from-a-job-level-if.md	0
37d0f48a-3ce5-42ee-a148-a8f391d8d551	docs/process/decisions/0019-ci-runs-actions-from-the-actions-organization-only-and-carries-no-build-state-between-self-hosted-jobs.md	0
37d0f48a-3ce5-42ee-a148-a8f391d8d551	missing	1
37e1ee22-a1c3-4788-9e17-728acaff9922	docs/decisions/0020-where-scent-lives.md	0
37e1ee22-a1c3-4788-9e17-728acaff9922	docs/decisions/0095-q67-one-library-entry-may-address-the-keys-of-an-entry-it-names-in-requires-and-confluence-holds-over-the-dependency-order.md	0
37e1ee22-a1c3-4788-9e17-728acaff9922	docs/evaluations/the-pointer-probe-grades-a-session-against-the-router-s-own-first-pick-so-a-correct-session-that-declines-a-wrong-pointer-fails.md	0
37e1ee22-a1c3-4788-9e17-728acaff9922	docs/obligations/0016-a-cue-has-no-measured-effect-on-traversal-precision.md	0
37e1ee22-a1c3-4788-9e17-728acaff9922	docs/obligations/0034-two-rules-of-taxonomy-validate-name-a-declaration.md	0
37e1ee22-a1c3-4788-9e17-728acaff9922	docs/obligations/0094-where-a-commercial-tier-could-sit-and-how-thin-the-trademark.md	0
37e1ee22-a1c3-4788-9e17-728acaff9922	docs/obligations/0134-the-comment-prose-defines-by-contrast-979-times-in-179-000-words-and-no-mechanism-here-performs-an-editorial-pass.md	0
37e1ee22-a1c3-4788-9e17-728acaff9922	docs/obligations/0140-a-check-can-meet-the-failing-fixture-bar-with-a-fixture-that-cannot-distinguish-the-rule-from-its-neighbour.md	0
37e1ee22-a1c3-4788-9e17-728acaff9922	docs/probe-runs/second-campaign-pilot-of-2026-09-28-campaign-tier-present-arm-sufficiency.md	0
37e1ee22-a1c3-4788-9e17-728acaff9922	docs/requirements/0002-every-document-of-a-kind-that-requires-sections-carries-all-of-them.md	0
37e1ee22-a1c3-4788-9e17-728acaff9922	docs/spec/08-design-departures.md	0
37e1ee22-a1c3-4788-9e17-728acaff9922	missing	0
3841ff9a-a873-4975-8153-6d041f4af8f4	docs/acceptance-criteria/0002-every-required-section-of-every-governed-document-has-a-heading.md	0
3841ff9a-a873-4975-8153-6d041f4af8f4	docs/decisions/0025-q25-where-the-namespace-goes-in-an-identifier-and-who-declares-it.md	0
3841ff9a-a873-4975-8153-6d041f4af8f4	docs/evaluations/default-taxonomy-first-run.md	0
3841ff9a-a873-4975-8153-6d041f4af8f4	docs/evaluations/schema-format-walkthrough.md	0
3841ff9a-a873-4975-8153-6d041f4af8f4	docs/evaluations/the-pointer-probe-grades-a-session-against-the-router-s-own-first-pick-so-a-correct-session-that-declines-a-wrong-pointer-fails.md	0
3841ff9a-a873-4975-8153-6d041f4af8f4	docs/interfaces/headwater-change.md	0
3841ff9a-a873-4975-8153-6d041f4af8f4	docs/interfaces/headwater-init.md	0
3841ff9a-a873-4975-8153-6d041f4af8f4	docs/obligations/0021-emitters-3-through-6-have-no-named-consumer.md	0
3841ff9a-a873-4975-8153-6d041f4af8f4	docs/obligations/0104-a-governs-edge-reaches-the-path-it-names-and-nothing.md	0
3841ff9a-a873-4975-8153-6d041f4af8f4	docs/obligations/0111-the-capture-cost-surface-names-an-entry-point-and-never-the-caller.md	0
3841ff9a-a873-4975-8153-6d041f4af8f4	docs/probe-runs/regression-probe-transcript-for-2026-09-17.md	0
3841ff9a-a873-4975-8153-6d041f4af8f4	docs/process/decisions/0003-a-dispatch-pays-when-it-retires-more-parent-turns-than-it-costs.md	0
3841ff9a-a873-4975-8153-6d041f4af8f4	docs/process/decisions/0006-the-entrypoint-keeps-its-name-and-becomes-a-resumable-run.md	0
3841ff9a-a873-4975-8153-6d041f4af8f4	docs/reviews/core-concepts-independent-review.md	0
3841ff9a-a873-4975-8153-6d041f4af8f4	docs/reviews/core-concepts-review-findings-2.md	0
3841ff9a-a873-4975-8153-6d041f4af8f4	missing	0
38ac739f-3160-41f0-9703-9ba9addb9f17	docs/decisions/0078-a-recorded-terminal-demonstration-may-show-a-frozen-number-behind-a-recorded-on-date-marker.md	0
38ac739f-3160-41f0-9703-9ba9addb9f17	docs/how-to/rotate-or-revoke-the-apt-signing-subkey.md	0
38ac739f-3160-41f0-9703-9ba9addb9f17	docs/interfaces/headwater-show.md	0
38ac739f-3160-41f0-9703-9ba9addb9f17	docs/obligations/0131-the-cli-crate-wires-every-verb-and-carries-no-tests-so-two-wiring-defects-passed-a-green-suite.md	0
38ac739f-3160-41f0-9703-9ba9addb9f17	docs/obligations/0164-the-regeneration-check-tests-byte-equality-before-the-marker-so-a-file-the-census-stopped-counting-as-generated-still-passes.md	0
38ac739f-3160-41f0-9703-9ba9addb9f17	docs/obligations/0223-no-run-measures-whether-the-documents-under-docs-change-what-an-agent-builds.md	0
38ac739f-3160-41f0-9703-9ba9addb9f17	docs/process/decisions/0007-a-background-wait-caps-below-the-cache-lifetime-and-re-issues-itself.md	1
38ac739f-3160-41f0-9703-9ba9addb9f17	docs/process/decisions/0008-the-board-has-an-owner-of-its-structure-and-its-milestones-are-capped-versions.md	0
38ac739f-3160-41f0-9703-9ba9addb9f17	docs/process/decisions/0022-the-verify-and-rework-loop-for-one-issue-runs-below-the-parent.md	1
38ac739f-3160-41f0-9703-9ba9addb9f17	docs/process/evaluations/one-clone-many-agents-how-this-repository-isolates-the-sessions-that-build-it.md	1
38ac739f-3160-41f0-9703-9ba9addb9f17	docs/process/obligations/0209-a-build-order-dispatch-passes-no-isolation-so-a-stage-can-inherit-the-parent-worktree-as-its-working-directory.md	0
38ac739f-3160-41f0-9703-9ba9addb9f17	docs/process/obligations/0221-subagents-read-skills-from-the-shared-checkout-and-a-worktree-isolated-integrator-cannot-fast-forward-it-after-a-merge.md	1
38ac739f-3160-41f0-9703-9ba9addb9f17	docs/process/obligations/0224-thirteen-run-tooling-gaps-from-run-20260928-1109-filed-together.md	0
38ac739f-3160-41f0-9703-9ba9addb9f17	docs/process/obligations/0225-eight-run-tooling-gaps-from-run-20260929-1205-filed-together.md	0
38ac739f-3160-41f0-9703-9ba9addb9f17	docs/requirements/0001-the-engine-reaches-no-network-at-check-time.md	0
38ac739f-3160-41f0-9703-9ba9addb9f17	missing	0
3ab2fb2b-f2a7-429b-a6a6-770681f88ecb	docs/decisions/0032-q32-which-test-the-self-audit-label-states.md	1
3ab2fb2b-f2a7-429b-a6a6-770681f88ecb	docs/decisions/0089-a-taxonomy-release-publishes-the-source-at-the-tagged-commit-and-never-ships-the-vendored-copy.md	0
3ab2fb2b-f2a7-429b-a6a6-770681f88ecb	docs/how-to/diagnose-an-isolation-failure.md	0
3ab2fb2b-f2a7-429b-a6a6-770681f88ecb	docs/interfaces/headwater-change.md	0
3ab2fb2b-f2a7-429b-a6a6-770681f88ecb	docs/interfaces/headwater-probe.md	2
3ab2fb2b-f2a7-429b-a6a6-770681f88ecb	docs/obligations/0076-a-generated-check-reads-its-severity-from-the-taxonomy.md	0
3ab2fb2b-f2a7-429b-a6a6-770681f88ecb	docs/obligations/0115-a-pinned-digest-authenticates-the-pin-and-never-the-publisher.md	0
3ab2fb2b-f2a7-429b-a6a6-770681f88ecb	docs/obligations/0176-a-blessed-fixture-is-read-by-a-sibling-case-that-runs-while-the-write-truncates-it.md	0
3ab2fb2b-f2a7-429b-a6a6-770681f88ecb	docs/obligations/0199-an-observation-snapshot-records-a-commit-and-nothing-reads-it-back.md	0
3ab2fb2b-f2a7-429b-a6a6-770681f88ecb	docs/obligations/0214-the-commit-gate-does-not-see-docs-taxonomies-readme-md-drift-from-its-vendored-copy.md	0
3ab2fb2b-f2a7-429b-a6a6-770681f88ecb	docs/obligations/0215-a-bless-run-of-the-conformance-render-tests-races-two-tests-over-one-fixture-file.md	0
3ab2fb2b-f2a7-429b-a6a6-770681f88ecb	docs/probe-results/campaign-pilot-of-2026-09-28-campaign-tier-absent-arm-discovery.md	1
3ab2fb2b-f2a7-429b-a6a6-770681f88ecb	docs/process/decisions/0024-a-document-that-moves-to-a-process-shelf-keeps-its-identifier.md	0
3ab2fb2b-f2a7-429b-a6a6-770681f88ecb	docs/process/obligations/0224-thirteen-run-tooling-gaps-from-run-20260928-1109-filed-together.md	0
3ab2fb2b-f2a7-429b-a6a6-770681f88ecb	docs/requirements/0002-every-document-of-a-kind-that-requires-sections-carries-all-of-them.md	0
3ab2fb2b-f2a7-429b-a6a6-770681f88ecb	missing	1
3b19be3b-f47e-44c6-ae53-61e138b2155b	docs/decisions/0029-q29-whether-a-corpus-root-may-contain-code-and-what-an-interface-contract-may-reach.md	0
3b19be3b-f47e-44c6-ae53-61e138b2155b	docs/decisions/0031-q31-whether-this-repository-becomes-public-and-when.md	1
3b19be3b-f47e-44c6-ae53-61e138b2155b	docs/decisions/0080-q66-the-corpus-dashboard-ships-free-and-self-hosted-with-tenant-isolation-stated-as-a-data-model-constraint-from-day-one.md	0
3b19be3b-f47e-44c6-ae53-61e138b2155b	docs/how-to/cut-a-release.md	0
3b19be3b-f47e-44c6-ae53-61e138b2155b	docs/how-to/keep-derived-files-from-conflicting-in-parallel-pull-requests.md	0
3b19be3b-f47e-44c6-ae53-61e138b2155b	docs/interfaces/headwater-site.md	0
3b19be3b-f47e-44c6-ae53-61e138b2155b	docs/obligations/0023-no-corpus-has-authored-enough-cues-to-grade.md	0
3b19be3b-f47e-44c6-ae53-61e138b2155b	docs/obligations/0096-whether-anything-is-ever-promoted-out-of-the-asserted-tier.md	0
3b19be3b-f47e-44c6-ae53-61e138b2155b	docs/obligations/0130-the-publication-date-of-this-repository-is-unset-and-the-owner-alone-sets-it.md	1
3b19be3b-f47e-44c6-ae53-61e138b2155b	docs/obligations/0182-the-publish-crates-retry-loop-has-no-retry-ceiling.md	0
3b19be3b-f47e-44c6-ae53-61e138b2155b	docs/obligations/0204-docs-decisions-0077-still-describes-hw-dr-0049-s-rewrite-as-pending-after-574-made-it.md	0
3b19be3b-f47e-44c6-ae53-61e138b2155b	docs/process/decisions/0013-self-hosted-eligibility-in-ci-is-decided-by-the-event-alone-and-a-push-to-any-branch-is-eligible.md	0
3b19be3b-f47e-44c6-ae53-61e138b2155b	docs/process/evaluations/the-build-order-as-a-multi-agent-system.md	0
3b19be3b-f47e-44c6-ae53-61e138b2155b	docs/process/obligations/0207-the-plan-usage-of-one-issue-is-known-only-as-the-average-of-its-run.md	0
3b19be3b-f47e-44c6-ae53-61e138b2155b	docs/subsystems/taxonomy-resolution.md	0
3b19be3b-f47e-44c6-ae53-61e138b2155b	missing	0
3b2ed4ed-c7a7-4382-9b35-743fcdd713ff	docs/decisions/0061-q61-how-a-recorded-terminal-demonstration-is-held-against-a-run.md	0
3b2ed4ed-c7a7-4382-9b35-743fcdd713ff	docs/how-to/mine-the-shadow-mode-routing-log.md	0
3b2ed4ed-c7a7-4382-9b35-743fcdd713ff	docs/obligations/0013-no-probe-tests-whether-a-counted-tombstone-stops-a-confident.md	0
3b2ed4ed-c7a7-4382-9b35-743fcdd713ff	docs/obligations/0146-the-stop-hook-reads-its-re-entry-guard-with-an-interpreter-it-does-not-require-so-a-machine-with-no-python3-re-blocks-the-same-turn.md	0
3b2ed4ed-c7a7-4382-9b35-743fcdd713ff	docs/obligations/0173-four-inline-gates-in-the-workflow-decide-an-exit-status-and-no-suite-provokes-one.md	0
3b2ed4ed-c7a7-4382-9b35-743fcdd713ff	docs/obligations/0198-nothing-states-how-much-of-a-session-s-budget-the-standing-instructions-consume-before-work-starts.md	0
3b2ed4ed-c7a7-4382-9b35-743fcdd713ff	docs/probe-runs/tombstone-probe-pilot-of-2026-09-29-campaign-tier-absent-arm-sufficiency.md	0
3b2ed4ed-c7a7-4382-9b35-743fcdd713ff	docs/process/decisions/0007-a-background-wait-caps-below-the-cache-lifetime-and-re-issues-itself.md	1
3b2ed4ed-c7a7-4382-9b35-743fcdd713ff	docs/process/decisions/0017-ci-concurrency-is-per-ref-and-every-ref-but-main-cancels-a-superseded-run.md	0
3b2ed4ed-c7a7-4382-9b35-743fcdd713ff	docs/process/decisions/0021-a-subagent-waits-in-the-foreground-because-a-background-wait-wakes-its-parent.md	1
3b2ed4ed-c7a7-4382-9b35-743fcdd713ff	docs/process/evaluations/two-triggers-one-verdict-how-this-repository-s-ci-decides-where-a-job-runs-and-what-it-trusts.md	0
3b2ed4ed-c7a7-4382-9b35-743fcdd713ff	docs/process/obligations/0145-the-ci-job-named-advisory-carries-every-blocking-shell-suite-in-the-repository.md	0
3b2ed4ed-c7a7-4382-9b35-743fcdd713ff	docs/process/obligations/0212-ci-done-sh-reads-a-cancelled-run-of-another-branch-as-a-red-result-on-a-main-merge-commit.md	0
3b2ed4ed-c7a7-4382-9b35-743fcdd713ff	docs/spec/05-ai-integration.md	0
3b2ed4ed-c7a7-4382-9b35-743fcdd713ff	docs/tutorials/your-first-governed-corpus.md	0
3b2ed4ed-c7a7-4382-9b35-743fcdd713ff	missing	1
3b632708-cf82-42cf-8533-d79588d4ff00	docs/decisions/0034-q34-whether-acceptance-means-merged-to-main-and-what-an-agent-may-write-before-that.md	0
3b632708-cf82-42cf-8533-d79588d4ff00	docs/decisions/0052-a-document-is-proposed-at-the-state-it-will-hold-and-the-merge-activates-it.md	0
3b632708-cf82-42cf-8533-d79588d4ff00	docs/decisions/0080-q66-the-corpus-dashboard-ships-free-and-self-hosted-with-tenant-isolation-stated-as-a-data-model-constraint-from-day-one.md	0
3b632708-cf82-42cf-8533-d79588d4ff00	docs/evaluations/a-probe-task-section-is-the-prompt-so-commentary-under-that-heading-is-prompt.md	0
3b632708-cf82-42cf-8533-d79588d4ff00	docs/how-to/relocate-a-shelf.md	0
3b632708-cf82-42cf-8533-d79588d4ff00	docs/interfaces/headwater-merge-driver.md	0
3b632708-cf82-42cf-8533-d79588d4ff00	docs/obligations/0081-a-published-read-set-never-says-which-instances-must-run-again.md	0
3b632708-cf82-42cf-8533-d79588d4ff00	docs/obligations/0135-repo-cleanup-names-one-cause-for-a-gone-upstream-and-this-repository-produced-a-second.md	0
3b632708-cf82-42cf-8533-d79588d4ff00	docs/obligations/0159-a-sentence-that-opens-with-a-hash-and-an-issue-number-is-folded-into-the-sentence-before-it.md	0
3b632708-cf82-42cf-8533-d79588d4ff00	docs/obligations/0216-two-merge-hooks-of-this-repository-print-a-resolve-flag-that-the-verb-refuses.md	0
3b632708-cf82-42cf-8533-d79588d4ff00	docs/obligations/0217-the-site-review-marker-lives-in-the-common-directory-of-a-clone-so-one-worktree-s-unreviewed-merge-blocks-the-push-of-every-worktree.md	1
3b632708-cf82-42cf-8533-d79588d4ff00	docs/process/decisions/0017-ci-concurrency-is-per-ref-and-every-ref-but-main-cancels-a-superseded-run.md	1
3b632708-cf82-42cf-8533-d79588d4ff00	docs/process/decisions/0020-merges-go-through-the-github-merge-queue-one-squash-commit-per-pull-request.md	1
3b632708-cf82-42cf-8533-d79588d4ff00	docs/reviews/core-concepts-review-findings.md	0
3b632708-cf82-42cf-8533-d79588d4ff00	docs/spec/05-ai-integration.md	0
3b632708-cf82-42cf-8533-d79588d4ff00	missing	0
3c25d8ed-ab07-4e3a-b099-0e32b5f4ea93	docs/acceptance-criteria/0002-every-required-section-of-every-governed-document-has-a-heading.md	0
3c25d8ed-ab07-4e3a-b099-0e32b5f4ea93	docs/decisions/0016-public-presence.md	0
3c25d8ed-ab07-4e3a-b099-0e32b5f4ea93	docs/decisions/0058-a-blank-facet-value-is-a-rule-of-its-own-and-it-reads-every-string-facet.md	0
3c25d8ed-ab07-4e3a-b099-0e32b5f4ea93	docs/interfaces/headwater-sweep.md	0
3c25d8ed-ab07-4e3a-b099-0e32b5f4ea93	docs/obligations/0007-no-count-exists-of-adopters-who-stopped-at-the-license-terms.md	0
3c25d8ed-ab07-4e3a-b099-0e32b5f4ea93	docs/obligations/0069-a-suppressed-finding-leaves-its-obligation-verified-and-spec-4.md	0
3c25d8ed-ab07-4e3a-b099-0e32b5f4ea93	docs/obligations/0082-the-lock-is-half-generated-and-half-authored-and-nothing.md	0
3c25d8ed-ab07-4e3a-b099-0e32b5f4ea93	docs/obligations/0108-an-agent-writes-the-acceptance-stamp-of-every-document-in-this-corpus.md	0
3c25d8ed-ab07-4e3a-b099-0e32b5f4ea93	docs/obligations/0122-nothing-holds-the-conformance-rule-set-of-a-package-a-consumer-takes-from-source.md	0
3c25d8ed-ab07-4e3a-b099-0e32b5f4ea93	docs/obligations/0134-the-comment-prose-defines-by-contrast-979-times-in-179-000-words-and-no-mechanism-here-performs-an-editorial-pass.md	0
3c25d8ed-ab07-4e3a-b099-0e32b5f4ea93	docs/obligations/0167-the-default-branch-requires-no-approving-review-which-is-the-condition-hw-dr-0034-named-as-reopening-it.md	0
3c25d8ed-ab07-4e3a-b099-0e32b5f4ea93	docs/obligations/0185-whether-an-admitted-library-entry-may-require-a-bundle-that-admission-refuses.md	0
3c25d8ed-ab07-4e3a-b099-0e32b5f4ea93	docs/obligations/0196-a-relation-writes-a-state-onto-a-kind-that-binds-no-lifecycle-regime-and-nothing-reads-that-pair.md	0
3c25d8ed-ab07-4e3a-b099-0e32b5f4ea93	docs/obligations/0206-hw-run-policy-names-a-worktree-add-workaround-that-write-edit-refuses-under-this-harness.md	1
3c25d8ed-ab07-4e3a-b099-0e32b5f4ea93	docs/requirements/0002-every-document-of-a-kind-that-requires-sections-carries-all-of-them.md	0
3c25d8ed-ab07-4e3a-b099-0e32b5f4ea93	missing	0
3e69f8d7-8344-4534-bd06-76025eeb5552	docs/decisions/0076-a-probe-budget-prices-a-run-identity-fixed-before-the-run-and-a-committed-transcript-and-a-sweep-has-neither.md	0
3e69f8d7-8344-4534-bd06-76025eeb5552	docs/evaluations/the-measurement-layer.md	0
3e69f8d7-8344-4534-bd06-76025eeb5552	docs/evaluations/theoretical-foundations.md	0
3e69f8d7-8344-4534-bd06-76025eeb5552	docs/evaluations/two-triggers-one-verdict-how-this-repository-s-ci-decides-where-a-job-runs-and-what-it-trusts.md	0
3e69f8d7-8344-4534-bd06-76025eeb5552	docs/how-to/wire-headwater-check-into-your-own-workflow.md	0
3e69f8d7-8344-4534-bd06-76025eeb5552	docs/interfaces/headwater-change.md	0
3e69f8d7-8344-4534-bd06-76025eeb5552	docs/obligations/0006-route-latency-at-a-harvesting-tier-is-unmeasured.md	0
3e69f8d7-8344-4534-bd06-76025eeb5552	docs/obligations/0076-a-generated-check-reads-its-severity-from-the-taxonomy.md	0
3e69f8d7-8344-4534-bd06-76025eeb5552	docs/obligations/0198-nothing-states-how-much-of-a-session-s-budget-the-standing-instructions-consume-before-work-starts.md	1
3e69f8d7-8344-4534-bd06-76025eeb5552	docs/obligations/0207-the-plan-usage-of-one-issue-is-known-only-as-the-average-of-its-run.md	2
3e69f8d7-8344-4534-bd06-76025eeb5552	docs/obligations/0209-a-build-order-dispatch-passes-no-isolation-so-a-stage-can-inherit-the-parent-worktree-as-its-working-directory.md	1
3e69f8d7-8344-4534-bd06-76025eeb5552	docs/probe-runs/regression-probe-transcript-for-2026-09-17-after-the-probe-corrections.md	0
3e69f8d7-8344-4534-bd06-76025eeb5552	docs/process/decisions/0008-the-board-has-an-owner-of-its-structure-and-its-milestones-are-capped-versions.md	0
3e69f8d7-8344-4534-bd06-76025eeb5552	docs/reviews/core-concepts-review-findings.md	0
3e69f8d7-8344-4534-bd06-76025eeb5552	docs/spec/04-assurance-model.md	0
3e69f8d7-8344-4534-bd06-76025eeb5552	missing	1
3ea33360-f36e-4041-bd98-0f9e6856a573	docs/decisions/0031-q31-whether-this-repository-becomes-public-and-when.md	0
3ea33360-f36e-4041-bd98-0f9e6856a573	docs/decisions/0038-q38-which-link-relation-a-rendered-page-carries-to-the-served-corpus-descriptor.md	0
3ea33360-f36e-4041-bd98-0f9e6856a573	docs/how-to/diagnose-an-isolation-failure.md	0
3ea33360-f36e-4041-bd98-0f9e6856a573	docs/how-to/mine-the-shadow-mode-routing-log.md	0
3ea33360-f36e-4041-bd98-0f9e6856a573	docs/obligations/0163-ten-decision-records-claim-a-q-number-the-decision-register-does-not-carry.md	0
3ea33360-f36e-4041-bd98-0f9e6856a573	docs/obligations/0204-docs-decisions-0077-still-describes-hw-dr-0049-s-rewrite-as-pending-after-574-made-it.md	0
3ea33360-f36e-4041-bd98-0f9e6856a573	docs/obligations/0205-hw-obl-0002-s-sample-counts-and-voice-rs-s-own-census-predate-the-scent-role-fix-and-need-retaking.md	0
3ea33360-f36e-4041-bd98-0f9e6856a573	docs/probe-results/campaign-pilot-of-2026-09-28-campaign-tier-present-arm-discovery.md	0
3ea33360-f36e-4041-bd98-0f9e6856a573	docs/process/obligations/0224-thirteen-run-tooling-gaps-from-run-20260928-1109-filed-together.md	1
3ea33360-f36e-4041-bd98-0f9e6856a573	docs/reviews/core-concepts-review-findings-2.md	0
3ea33360-f36e-4041-bd98-0f9e6856a573	missing	1
3f0c59cd-a7f3-4518-8d30-4ea4efdc52d0	docs/decisions/0029-q29-whether-a-corpus-root-may-contain-code-and-what-an-interface-contract-may-reach.md	1
3f0c59cd-a7f3-4518-8d30-4ea4efdc52d0	docs/evaluations/governs-edges-what-an-anchor-reaches-what-covers-it-when-it-ages-and-where-a-session-meets-it.md	2
3f0c59cd-a7f3-4518-8d30-4ea4efdc52d0	docs/evaluations/inspect-evals-worked-example.md	0
3f0c59cd-a7f3-4518-8d30-4ea4efdc52d0	docs/evaluations/n8n-worked-example.md	1
3f0c59cd-a7f3-4518-8d30-4ea4efdc52d0	docs/evaluations/what-a-check-can-know.md	0
3f0c59cd-a7f3-4518-8d30-4ea4efdc52d0	docs/how-to/diagnose-an-isolation-failure.md	0
3f0c59cd-a7f3-4518-8d30-4ea4efdc52d0	docs/interfaces/headwater-change.md	0
3f0c59cd-a7f3-4518-8d30-4ea4efdc52d0	docs/obligations/0034-two-rules-of-taxonomy-validate-name-a-declaration.md	0
3f0c59cd-a7f3-4518-8d30-4ea4efdc52d0	docs/obligations/0070-one-of-the-four-warrant-values-has-no-instance-in-this-corpus.md	0
3f0c59cd-a7f3-4518-8d30-4ea4efdc52d0	docs/obligations/0071-a-corpus-scoped-check-makes-the-coverage-rule-unreachable.md	0
3f0c59cd-a7f3-4518-8d30-4ea4efdc52d0	docs/obligations/0188-the-negative-compliance-edge-and-the-governance-precedence-clause-contradict.md	0
3f0c59cd-a7f3-4518-8d30-4ea4efdc52d0	docs/requirements/0002-every-document-of-a-kind-that-requires-sections-carries-all-of-them.md	0
3f0c59cd-a7f3-4518-8d30-4ea4efdc52d0	docs/spec/07-distribution-and-federation.md	0
3f0c59cd-a7f3-4518-8d30-4ea4efdc52d0	missing	1
3fc05ed9-8cdb-4b39-95c7-9c66681eb1c9	docs/acceptance-criteria/0001-no-source-file-of-the-engine-names-a-network-api-and-no-locked-dependency-provides-one.md	0
3fc05ed9-8cdb-4b39-95c7-9c66681eb1c9	docs/decisions/0070-the-matched-purposes-take-turns-at-a-route-budget-and-each-pointer-states-what-reached-it.md	0
3fc05ed9-8cdb-4b39-95c7-9c66681eb1c9	docs/evaluations/two-triggers-one-verdict-how-this-repository-s-ci-decides-where-a-job-runs-and-what-it-trusts.md	0
3fc05ed9-8cdb-4b39-95c7-9c66681eb1c9	docs/how-to/mine-the-shadow-mode-routing-log.md	0
3fc05ed9-8cdb-4b39-95c7-9c66681eb1c9	docs/interfaces/headwater-route.md	0
3fc05ed9-8cdb-4b39-95c7-9c66681eb1c9	docs/obligations/0015-imported-edge-staleness-is-unmeasured-against-scaffolded-edges.md	0
3fc05ed9-8cdb-4b39-95c7-9c66681eb1c9	docs/obligations/0117-a-cached-verdict-about-an-anchor-survives-the-change-that-falsifies-it.md	0
3fc05ed9-8cdb-4b39-95c7-9c66681eb1c9	docs/obligations/0149-the-write-time-hook-still-picks-pointer-lines-out-of-prose-by-their-em-dash.md	0
3fc05ed9-8cdb-4b39-95c7-9c66681eb1c9	docs/obligations/0198-nothing-states-how-much-of-a-session-s-budget-the-standing-instructions-consume-before-work-starts.md	0
3fc05ed9-8cdb-4b39-95c7-9c66681eb1c9	docs/probes/a-cold-agent-reaches-the-governing-document-through-the-corpus-descriptor.md	0
3fc05ed9-8cdb-4b39-95c7-9c66681eb1c9	docs/probes/a-session-answers-from-the-register-without-opening-the-question-it-replaced.md	0
3fc05ed9-8cdb-4b39-95c7-9c66681eb1c9	docs/probes/the-pointer-this-corpus-offers-for-a-task-is-the-document-a-session-opens.md	0
3fc05ed9-8cdb-4b39-95c7-9c66681eb1c9	docs/process/decisions/0005-the-ledger-is-split-its-tabular-parts-are-jsonl-and-its-totals-are-derived.md	0
3fc05ed9-8cdb-4b39-95c7-9c66681eb1c9	docs/spec/16-harness-support.md	0
3fc05ed9-8cdb-4b39-95c7-9c66681eb1c9	missing	0
3fc8160a-6b74-43e8-bf6d-8602084c5557	docs/decisions/0050-q50-where-the-visual-register-of-the-hand-built-pages-lives.md	0
3fc8160a-6b74-43e8-bf6d-8602084c5557	docs/decisions/0060-the-engine-s-version-stays-one-number-and-a-build-s-exact-commit-is-a-separate-unwired-fact.md	0
3fc8160a-6b74-43e8-bf6d-8602084c5557	docs/decisions/0074-a-code-path-anchor-is-a-pattern-over-the-tree-and-it-binds-when-the-pattern-matches-at-least-one-entry.md	0
3fc8160a-6b74-43e8-bf6d-8602084c5557	docs/evaluations/why-corpus-counts-are-derived-not-stored.md	0
3fc8160a-6b74-43e8-bf6d-8602084c5557	docs/explanations/how-a-headwater-release-reaches-an-adopter.md	0
3fc8160a-6b74-43e8-bf6d-8602084c5557	docs/interfaces/headwater-derived.md	0
3fc8160a-6b74-43e8-bf6d-8602084c5557	docs/obligations/0131-the-cli-crate-wires-every-verb-and-carries-no-tests-so-two-wiring-defects-passed-a-green-suite.md	0
3fc8160a-6b74-43e8-bf6d-8602084c5557	docs/obligations/0161-the-validation-block-of-mkdocs-yml-is-a-gate-this-repository-owns-and-no-fixture-drives.md	0
3fc8160a-6b74-43e8-bf6d-8602084c5557	docs/obligations/0230-comments-in-the-command-surface-crates-and-their-subsystem-spec-state-eight-stale-facts.md	0
3fc8160a-6b74-43e8-bf6d-8602084c5557	docs/process/obligations/0173-four-inline-gates-in-the-workflow-decide-an-exit-status-and-no-suite-provokes-one.md	0
3fc8160a-6b74-43e8-bf6d-8602084c5557	docs/reviews/core-concepts-review-findings-2.md	0
3fc8160a-6b74-43e8-bf6d-8602084c5557	docs/reviews/the-sixty-four-restored-help-strings-checked-against-the-binary.md	0
3fc8160a-6b74-43e8-bf6d-8602084c5557	docs/spec/15-the-recorder-contract.md	0
3fc8160a-6b74-43e8-bf6d-8602084c5557	docs/spec/16-harness-support.md	1
3fc8160a-6b74-43e8-bf6d-8602084c5557	docs/subsystems/queries-and-explain.md	1
3fc8160a-6b74-43e8-bf6d-8602084c5557	missing	1
40155ad5-cccf-41aa-9f54-19f07a8c3392	docs/decisions/0051-q51-what-licenses-a-term-into-the-public-glossary-and-what-licenses-a-sixteenth.md	0
40155ad5-cccf-41aa-9f54-19f07a8c3392	docs/evaluations/external-evaluation-harnesses-and-benchmarks-for-the-probe-campaign.md	0
40155ad5-cccf-41aa-9f54-19f07a8c3392	docs/evaluations/schema-format-walkthrough.md	0
40155ad5-cccf-41aa-9f54-19f07a8c3392	docs/how-to/mine-the-shadow-mode-routing-log.md	0
40155ad5-cccf-41aa-9f54-19f07a8c3392	docs/interfaces/headwater-capture.md	0
40155ad5-cccf-41aa-9f54-19f07a8c3392	docs/obligations/0076-a-generated-check-reads-its-severity-from-the-taxonomy.md	0
40155ad5-cccf-41aa-9f54-19f07a8c3392	docs/obligations/0112-a-surface-cannot-move-the-assisted-fraction-of-a-run.md	0
40155ad5-cccf-41aa-9f54-19f07a8c3392	docs/obligations/0214-the-commit-gate-does-not-see-docs-taxonomies-readme-md-drift-from-its-vendored-copy.md	0
40155ad5-cccf-41aa-9f54-19f07a8c3392	docs/probe-results/regression-probe-transcript-for-2026-09-17-after-the-probe-corrections.md	0
40155ad5-cccf-41aa-9f54-19f07a8c3392	docs/process/obligations/0224-thirteen-run-tooling-gaps-from-run-20260928-1109-filed-together.md	0
40155ad5-cccf-41aa-9f54-19f07a8c3392	docs/process/obligations/0225-eight-run-tooling-gaps-from-run-20260929-1205-filed-together.md	0
40155ad5-cccf-41aa-9f54-19f07a8c3392	docs/process/obligations/0227-seven-run-tooling-gaps-from-run-20260929-2201-filed-together.md	0
40155ad5-cccf-41aa-9f54-19f07a8c3392	docs/spec/00-vision-and-scope.md	1
40155ad5-cccf-41aa-9f54-19f07a8c3392	docs/spec/08-design-departures.md	0
40155ad5-cccf-41aa-9f54-19f07a8c3392	docs/spec/15-the-recorder-contract.md	0
40155ad5-cccf-41aa-9f54-19f07a8c3392	missing	1
4169f617-a0d6-4ccc-9e5f-dff2d82d90bb	docs/evaluations/two-triggers-one-verdict-how-this-repository-s-ci-decides-where-a-job-runs-and-what-it-trusts.md	0
4169f617-a0d6-4ccc-9e5f-dff2d82d90bb	docs/how-to/diagnose-an-isolation-failure.md	1
4169f617-a0d6-4ccc-9e5f-dff2d82d90bb	docs/how-to/mine-the-shadow-mode-routing-log.md	0
4169f617-a0d6-4ccc-9e5f-dff2d82d90bb	docs/interfaces/headwater-generate.md	0
4169f617-a0d6-4ccc-9e5f-dff2d82d90bb	docs/obligations/0074-a-check-version-is-raised-by-hand-and-nothing-catches-a-stale.md	0
4169f617-a0d6-4ccc-9e5f-dff2d82d90bb	docs/obligations/0131-the-cli-crate-wires-every-verb-and-carries-no-tests-so-two-wiring-defects-passed-a-green-suite.md	0
4169f617-a0d6-4ccc-9e5f-dff2d82d90bb	docs/obligations/0143-a-specification-sentence-closes-a-set-with-a-count-the-source-exceeds-and-115-of-127-candidates-are-unchecked.md	0
4169f617-a0d6-4ccc-9e5f-dff2d82d90bb	docs/obligations/0144-the-cache-identity-test-reads-the-live-working-tree-so-an-edit-during-the-run-reports-the-correctness-root-as-violated.md	0
4169f617-a0d6-4ccc-9e5f-dff2d82d90bb	docs/obligations/0175-two-documents-take-one-sequence-on-a-sequence-declaring-shelf-and-no-rule-reads-it.md	0
4169f617-a0d6-4ccc-9e5f-dff2d82d90bb	docs/obligations/0176-a-blessed-fixture-is-read-by-a-sibling-case-that-runs-while-the-write-truncates-it.md	0
4169f617-a0d6-4ccc-9e5f-dff2d82d90bb	docs/obligations/0200-three-graded-regression-runs-are-owed-a-fresh-recording-against-a-moved-taxonomy-lock.md	0
4169f617-a0d6-4ccc-9e5f-dff2d82d90bb	docs/obligations/0206-hw-run-policy-names-a-worktree-add-workaround-that-write-edit-refuses-under-this-harness.md	1
4169f617-a0d6-4ccc-9e5f-dff2d82d90bb	docs/probe-runs/regression-probe-transcript-for-2026-09-17-after-the-probe-corrections.md	0
4169f617-a0d6-4ccc-9e5f-dff2d82d90bb	docs/process/decisions/0006-the-entrypoint-keeps-its-name-and-becomes-a-resumable-run.md	1
4169f617-a0d6-4ccc-9e5f-dff2d82d90bb	docs/reviews/core-concepts-review-findings-2.md	0
4169f617-a0d6-4ccc-9e5f-dff2d82d90bb	missing	1
41ca5ace-b2da-4d8f-926d-d9c58ca37064	docs/evaluations/the-build-order-as-a-multi-agent-system.md	0
41ca5ace-b2da-4d8f-926d-d9c58ca37064	docs/how-to/cut-a-release.md	0
41ca5ace-b2da-4d8f-926d-d9c58ca37064	docs/how-to/diagnose-an-isolation-failure.md	0
41ca5ace-b2da-4d8f-926d-d9c58ca37064	docs/how-to/relocate-a-shelf.md	0
41ca5ace-b2da-4d8f-926d-d9c58ca37064	docs/interfaces/headwater-merge-driver.md	0
41ca5ace-b2da-4d8f-926d-d9c58ca37064	docs/interfaces/headwater-new.md	0
41ca5ace-b2da-4d8f-926d-d9c58ca37064	docs/obligations/0088-correcting-an-identifier-is-mechanical-and-it-is-not-local.md	0
41ca5ace-b2da-4d8f-926d-d9c58ca37064	docs/obligations/0177-the-value-rule-writes-adopter-on-every-self-audit-record-and-most-of-them-wait-on-a-build.md	0
41ca5ace-b2da-4d8f-926d-d9c58ca37064	docs/obligations/0216-two-merge-hooks-of-this-repository-print-a-resolve-flag-that-the-verb-refuses.md	0
41ca5ace-b2da-4d8f-926d-d9c58ca37064	docs/obligations/0222-ten-rules-of-the-editions-ledger-have-one-recorded-corpus-so-a-rule-change-blessed-with-an-edit-to-that-corpus-passes.md	0
41ca5ace-b2da-4d8f-926d-d9c58ca37064	docs/process/decisions/0016-ci-runner-is-an-opt-in-that-only-a-push-or-a-merge-group-reads-and-an-unset-value-falls-back-to-ubuntu-latest.md	0
41ca5ace-b2da-4d8f-926d-d9c58ca37064	docs/process/decisions/0017-ci-concurrency-is-per-ref-and-every-ref-but-main-cancels-a-superseded-run.md	1
41ca5ace-b2da-4d8f-926d-d9c58ca37064	docs/requirements/0002-every-document-of-a-kind-that-requires-sections-carries-all-of-them.md	0
41ca5ace-b2da-4d8f-926d-d9c58ca37064	docs/spec/02-taxonomy-model.md	0
41ca5ace-b2da-4d8f-926d-d9c58ca37064	docs/spec/09-open-questions.md	0
41ca5ace-b2da-4d8f-926d-d9c58ca37064	missing	1
429bb28a-673b-48d9-838c-6809e0cab984	docs/decisions/0026-q26-whether-terminality-belongs-to-a-state-or-to-a-state-and-a-regime.md	0
429bb28a-673b-48d9-838c-6809e0cab984	docs/decisions/0034-q34-whether-acceptance-means-merged-to-main-and-what-an-agent-may-write-before-that.md	0
429bb28a-673b-48d9-838c-6809e0cab984	docs/decisions/0041-q41-whether-vale-becomes-a-declared-regime-backend.md	0
429bb28a-673b-48d9-838c-6809e0cab984	docs/evaluations/relation-storage.md	0
429bb28a-673b-48d9-838c-6809e0cab984	docs/evaluations/two-triggers-one-verdict-how-this-repository-s-ci-decides-where-a-job-runs-and-what-it-trusts.md	0
429bb28a-673b-48d9-838c-6809e0cab984	docs/evaluations/warrant-and-adjudication.md	0
429bb28a-673b-48d9-838c-6809e0cab984	docs/obligations/0042-a-declared-invalid-when-reaches-no-check-and-two-live.md	0
429bb28a-673b-48d9-838c-6809e0cab984	docs/obligations/0074-a-check-version-is-raised-by-hand-and-nothing-catches-a-stale.md	0
429bb28a-673b-48d9-838c-6809e0cab984	docs/obligations/0081-a-published-read-set-never-says-which-instances-must-run-again.md	0
429bb28a-673b-48d9-838c-6809e0cab984	docs/obligations/0099-whether-an-adjudication-is-ever-partial.md	0
429bb28a-673b-48d9-838c-6809e0cab984	docs/obligations/0204-docs-decisions-0077-still-describes-hw-dr-0049-s-rewrite-as-pending-after-574-made-it.md	0
429bb28a-673b-48d9-838c-6809e0cab984	docs/probes/an-agent-reaches-the-adjudication-from-the-document-that-lost-it.md	0
429bb28a-673b-48d9-838c-6809e0cab984	docs/process/decisions/0002-adjudication-is-a-separate-stage-and-refusal-is-licensed.md	0
429bb28a-673b-48d9-838c-6809e0cab984	docs/spec/00-vision-and-scope.md	0
429bb28a-673b-48d9-838c-6809e0cab984	docs/spec/13-open-obligations.md	0
429bb28a-673b-48d9-838c-6809e0cab984	missing	1
4311aea4-3462-42a6-a610-0a5b79442b56	docs/decisions/0039-q39-how-a-figure-reaches-a-hand-built-page.md	0
4311aea4-3462-42a6-a610-0a5b79442b56	docs/evaluations/the-build-order-as-a-multi-agent-system.md	1
4311aea4-3462-42a6-a610-0a5b79442b56	docs/evaluations/two-triggers-one-verdict-how-this-repository-s-ci-decides-where-a-job-runs-and-what-it-trusts.md	0
4311aea4-3462-42a6-a610-0a5b79442b56	docs/how-to/mine-the-shadow-mode-routing-log.md	0
4311aea4-3462-42a6-a610-0a5b79442b56	docs/how-to/wire-headwater-check-into-your-own-workflow.md	0
4311aea4-3462-42a6-a610-0a5b79442b56	docs/interfaces/headwater-completions.md	0
4311aea4-3462-42a6-a610-0a5b79442b56	docs/interfaces/headwater-mcp.md	0
4311aea4-3462-42a6-a610-0a5b79442b56	docs/obligations/0144-the-cache-identity-test-reads-the-live-working-tree-so-an-edit-during-the-run-reports-the-correctness-root-as-violated.md	0
4311aea4-3462-42a6-a610-0a5b79442b56	docs/obligations/0165-a-rendered-page-gate-greps-for-a-string-it-requires-and-states-no-denominator-so-an-empty-build-passes-it.md	0
4311aea4-3462-42a6-a610-0a5b79442b56	docs/obligations/0198-nothing-states-how-much-of-a-session-s-budget-the-standing-instructions-consume-before-work-starts.md	0
4311aea4-3462-42a6-a610-0a5b79442b56	docs/obligations/0200-three-graded-regression-runs-are-owed-a-fresh-recording-against-a-moved-taxonomy-lock.md	0
4311aea4-3462-42a6-a610-0a5b79442b56	docs/obligations/0202-a-bare-none-footprint-is-claimed-as-a-literal-path-so-two-disjoint-issues-collide.md	1
4311aea4-3462-42a6-a610-0a5b79442b56	docs/process/decisions/0006-the-entrypoint-keeps-its-name-and-becomes-a-resumable-run.md	2
4311aea4-3462-42a6-a610-0a5b79442b56	docs/process/decisions/0007-a-background-wait-caps-below-the-cache-lifetime-and-re-issues-itself.md	1
4311aea4-3462-42a6-a610-0a5b79442b56	docs/requirements/0001-the-engine-reaches-no-network-at-check-time.md	0
4311aea4-3462-42a6-a610-0a5b79442b56	missing	1
44effdf1-7830-4504-aad2-e75907bd2caa	docs/acceptance-criteria/0001-no-source-file-of-the-engine-names-a-network-api-and-no-locked-dependency-provides-one.md	0
44effdf1-7830-4504-aad2-e75907bd2caa	docs/evaluations/inspect-evals-worked-example.md	0
44effdf1-7830-4504-aad2-e75907bd2caa	docs/obligations/0030-the-provenance-block-belongs-to-the-engine-and-nothing-states.md	0
44effdf1-7830-4504-aad2-e75907bd2caa	docs/obligations/0069-a-suppressed-finding-leaves-its-obligation-verified-and-spec-4.md	0
44effdf1-7830-4504-aad2-e75907bd2caa	docs/obligations/0100-the-size-of-a-committed-snapshot-with-full-requirement-text.md	0
44effdf1-7830-4504-aad2-e75907bd2caa	docs/obligations/0208-four-small-test-and-wording-gaps-from-run-20260923-0733-filed-together.md	0
44effdf1-7830-4504-aad2-e75907bd2caa	docs/probes/a-session-answers-from-the-register-without-opening-the-question-it-replaced.md	0
44effdf1-7830-4504-aad2-e75907bd2caa	docs/probes/the-pointer-this-corpus-offers-for-a-task-is-the-document-a-session-opens.md	0
44effdf1-7830-4504-aad2-e75907bd2caa	docs/requirements/0001-the-engine-reaches-no-network-at-check-time.md	0
44effdf1-7830-4504-aad2-e75907bd2caa	docs/spec/15-the-recorder-contract.md	0
44effdf1-7830-4504-aad2-e75907bd2caa	missing	0
45f82068-4e45-40ea-9d69-92bf89538309	docs/decisions/0007-scope-of-the-mcp-surface.md	0
45f82068-4e45-40ea-9d69-92bf89538309	docs/decisions/0021-terminological-succession-and-validity-under-merge.md	0
45f82068-4e45-40ea-9d69-92bf89538309	docs/decisions/0061-q61-how-a-recorded-terminal-demonstration-is-held-against-a-run.md	0
45f82068-4e45-40ea-9d69-92bf89538309	docs/decisions/0081-the-hand-authored-decision-register-indexes-a-subset-of-the-shelf-and-stops-asserting-it-supersedes-the-complete-one.md	0
45f82068-4e45-40ea-9d69-92bf89538309	docs/interfaces/headwater-change.md	0
45f82068-4e45-40ea-9d69-92bf89538309	docs/interfaces/headwater-infer.md	0
45f82068-4e45-40ea-9d69-92bf89538309	docs/obligations/0003-the-rebuild-and-cache-design-is-measured-at-spike-scale-alone.md	0
45f82068-4e45-40ea-9d69-92bf89538309	docs/obligations/0015-imported-edge-staleness-is-unmeasured-against-scaffolded-edges.md	0
45f82068-4e45-40ea-9d69-92bf89538309	docs/obligations/0131-the-cli-crate-wires-every-verb-and-carries-no-tests-so-two-wiring-defects-passed-a-green-suite.md	0
45f82068-4e45-40ea-9d69-92bf89538309	docs/obligations/0133-two-test-helpers-key-a-scratch-directory-on-the-pid-alone-and-the-race-springs-on-the-next-case-added.md	0
45f82068-4e45-40ea-9d69-92bf89538309	docs/obligations/0196-a-relation-writes-a-state-onto-a-kind-that-binds-no-lifecycle-regime-and-nothing-reads-that-pair.md	0
45f82068-4e45-40ea-9d69-92bf89538309	docs/probes/an-agent-reaches-the-adjudication-from-the-document-that-lost-it.md	0
45f82068-4e45-40ea-9d69-92bf89538309	docs/requirements/0002-every-document-of-a-kind-that-requires-sections-carries-all-of-them.md	0
45f82068-4e45-40ea-9d69-92bf89538309	docs/spec/01-conceptual-model.md	0
45f82068-4e45-40ea-9d69-92bf89538309	docs/spec/08-design-departures.md	0
45f82068-4e45-40ea-9d69-92bf89538309	missing	0
4626b769-c921-4189-945d-4d287ed5791e	docs/acceptance-criteria/0003-check-reports-a-document-path-written-as-a-relation-target-once-in-every-spelling-and-through-a-symlink.md	0
4626b769-c921-4189-945d-4d287ed5791e	docs/decisions/0038-q38-which-link-relation-a-rendered-page-carries-to-the-served-corpus-descriptor.md	0
4626b769-c921-4189-945d-4d287ed5791e	docs/decisions/0083-governs-and-traces-to-are-created-by-an-agent-because-a-session-proposes-the-line-and-a-person-types-it.md	0
4626b769-c921-4189-945d-4d287ed5791e	docs/evaluations/governs-edges-what-an-anchor-reaches-what-covers-it-when-it-ages-and-where-a-session-meets-it.md	0
4626b769-c921-4189-945d-4d287ed5791e	docs/how-to/publish-your-corpus-as-a-site.md	0
4626b769-c921-4189-945d-4d287ed5791e	docs/interfaces/headwater-check.md	0
4626b769-c921-4189-945d-4d287ed5791e	docs/interfaces/headwater-show.md	0
4626b769-c921-4189-945d-4d287ed5791e	docs/interfaces/headwater-sweep.md	0
4626b769-c921-4189-945d-4d287ed5791e	docs/obligations/0029-what-headwater-query-takes.md	0
4626b769-c921-4189-945d-4d287ed5791e	docs/obligations/0176-a-blessed-fixture-is-read-by-a-sibling-case-that-runs-while-the-write-truncates-it.md	0
4626b769-c921-4189-945d-4d287ed5791e	docs/process/obligations/0203-three-small-run-tooling-gaps-from-run-20260922-1121-filed-together.md	1
4626b769-c921-4189-945d-4d287ed5791e	docs/process/obligations/0207-the-plan-usage-of-one-issue-is-known-only-as-the-average-of-its-run.md	0
4626b769-c921-4189-945d-4d287ed5791e	docs/process/obligations/0220-no-disk-floor-is-stated-for-a-build-order-run-and-nothing-prunes-the-cargo-pool.md	2
4626b769-c921-4189-945d-4d287ed5791e	docs/process/obligations/0224-thirteen-run-tooling-gaps-from-run-20260928-1109-filed-together.md	1
4626b769-c921-4189-945d-4d287ed5791e	docs/process/obligations/0225-eight-run-tooling-gaps-from-run-20260929-1205-filed-together.md	1
4626b769-c921-4189-945d-4d287ed5791e	missing	0
479a12c5-5407-4237-8441-3fde25e8fe08	docs/evaluations/schema-format-walkthrough.md	0
479a12c5-5407-4237-8441-3fde25e8fe08	docs/how-to/cut-a-release.md	0
479a12c5-5407-4237-8441-3fde25e8fe08	docs/how-to/diagnose-an-isolation-failure.md	0
479a12c5-5407-4237-8441-3fde25e8fe08	docs/obligations/0131-the-cli-crate-wires-every-verb-and-carries-no-tests-so-two-wiring-defects-passed-a-green-suite.md	0
479a12c5-5407-4237-8441-3fde25e8fe08	docs/obligations/0176-a-blessed-fixture-is-read-by-a-sibling-case-that-runs-while-the-write-truncates-it.md	0
479a12c5-5407-4237-8441-3fde25e8fe08	docs/obligations/0203-three-small-run-tooling-gaps-from-run-20260922-1121-filed-together.md	0
479a12c5-5407-4237-8441-3fde25e8fe08	docs/obligations/0207-the-plan-usage-of-one-issue-is-known-only-as-the-average-of-its-run.md	0
479a12c5-5407-4237-8441-3fde25e8fe08	docs/reviews/core-concepts-review-findings.md	0
479a12c5-5407-4237-8441-3fde25e8fe08	docs/spec/13-open-obligations.md	0
479a12c5-5407-4237-8441-3fde25e8fe08	docs/spec/17-orchestration-architecture.md	1
479a12c5-5407-4237-8441-3fde25e8fe08	missing	0
483e4633-356c-44dd-8c24-a521cd41c126	docs/decisions/0031-q31-whether-this-repository-becomes-public-and-when.md	0
483e4633-356c-44dd-8c24-a521cd41c126	docs/how-to/cut-a-release.md	0
483e4633-356c-44dd-8c24-a521cd41c126	docs/how-to/diagnose-an-isolation-failure.md	0
483e4633-356c-44dd-8c24-a521cd41c126	docs/how-to/keep-derived-files-from-conflicting-in-parallel-pull-requests.md	0
483e4633-356c-44dd-8c24-a521cd41c126	docs/how-to/mine-the-shadow-mode-routing-log.md	0
483e4633-356c-44dd-8c24-a521cd41c126	docs/how-to/rotate-or-revoke-the-apt-signing-subkey.md	0
483e4633-356c-44dd-8c24-a521cd41c126	docs/obligations/0182-the-publish-crates-retry-loop-has-no-retry-ceiling.md	0
483e4633-356c-44dd-8c24-a521cd41c126	docs/obligations/0198-nothing-states-how-much-of-a-session-s-budget-the-standing-instructions-consume-before-work-starts.md	0
483e4633-356c-44dd-8c24-a521cd41c126	docs/process/decisions/0006-the-entrypoint-keeps-its-name-and-becomes-a-resumable-run.md	0
483e4633-356c-44dd-8c24-a521cd41c126	docs/process/decisions/0007-a-background-wait-caps-below-the-cache-lifetime-and-re-issues-itself.md	0
483e4633-356c-44dd-8c24-a521cd41c126	docs/process/decisions/0023-a-build-order-parent-restarts-every-few-merges-drains-to-zero-first-and-resumes-from-the-handover-files-on-disk.md	1
483e4633-356c-44dd-8c24-a521cd41c126	docs/process/evaluations/the-build-order-as-a-multi-agent-system.md	1
483e4633-356c-44dd-8c24-a521cd41c126	docs/process/obligations/0207-the-plan-usage-of-one-issue-is-known-only-as-the-average-of-its-run.md	1
483e4633-356c-44dd-8c24-a521cd41c126	docs/process/obligations/0212-ci-done-sh-reads-a-cancelled-run-of-another-branch-as-a-red-result-on-a-main-merge-commit.md	0
483e4633-356c-44dd-8c24-a521cd41c126	docs/process/specs/orchestration-architecture.md	1
483e4633-356c-44dd-8c24-a521cd41c126	missing	0
48789962-e9fe-4468-93ff-071a877d6cc5	docs/decisions/0044-q44-whether-bundles-decompose-into-capabilities-and-assemblies-compose-practices.md	0
48789962-e9fe-4468-93ff-071a877d6cc5	docs/evaluations/adjacent-work.md	0
48789962-e9fe-4468-93ff-071a877d6cc5	docs/evaluations/specifying-the-engine.md	0
48789962-e9fe-4468-93ff-071a877d6cc5	docs/evaluations/theoretical-foundations.md	0
48789962-e9fe-4468-93ff-071a877d6cc5	docs/reviews/core-concepts-review-findings.md	0
48789962-e9fe-4468-93ff-071a877d6cc5	docs/reviews/core-concepts-review-prompt.md	0
48789962-e9fe-4468-93ff-071a877d6cc5	docs/spec/00-vision-and-scope.md	0
48789962-e9fe-4468-93ff-071a877d6cc5	docs/spec/02-taxonomy-model.md	0
48789962-e9fe-4468-93ff-071a877d6cc5	docs/spec/09-decisions.md	1
48789962-e9fe-4468-93ff-071a877d6cc5	docs/taxonomies/design-spec/doctrine.md	0
48789962-e9fe-4468-93ff-071a877d6cc5	missing	1
48ad9769-ae68-48f8-939c-ebc9364d54d5	docs/how-to/wire-headwater-check-into-your-own-workflow.md	0
48ad9769-ae68-48f8-939c-ebc9364d54d5	docs/obligations/0013-no-probe-tests-whether-a-counted-tombstone-stops-a-confident.md	0
48ad9769-ae68-48f8-939c-ebc9364d54d5	docs/obligations/0110-the-loss-census-carries-a-finding-by-substring-so-an-index-of-rules-and-paths-passes-it.md	0
48ad9769-ae68-48f8-939c-ebc9364d54d5	docs/obligations/0119-an-audit-reading-carries-no-declared-bar-so-a-distribution-cannot-become-a-finding.md	0
48ad9769-ae68-48f8-939c-ebc9364d54d5	docs/obligations/0125-nine-documents-state-a-warrant-the-closed-set-does-not-hold-and-no-check-reads-one.md	0
48ad9769-ae68-48f8-939c-ebc9364d54d5	docs/obligations/0143-a-specification-sentence-closes-a-set-with-a-count-the-source-exceeds-and-115-of-127-candidates-are-unchecked.md	0
48ad9769-ae68-48f8-939c-ebc9364d54d5	docs/obligations/0157-the-capture-report-says-two-denominators-over-a-store-that-named-seventeen-taxonomies.md	0
48ad9769-ae68-48f8-939c-ebc9364d54d5	docs/obligations/0163-ten-decision-records-claim-a-q-number-the-decision-register-does-not-carry.md	0
48ad9769-ae68-48f8-939c-ebc9364d54d5	docs/obligations/0169-the-coverage-report-lists-one-path-twice-so-the-self-assessment-page-publishes-two-unaccounted-files-where-one-exists.md	0
48ad9769-ae68-48f8-939c-ebc9364d54d5	docs/process/decisions/0002-adjudication-is-a-separate-stage-and-refusal-is-licensed.md	0
48ad9769-ae68-48f8-939c-ebc9364d54d5	docs/reviews/the-sixty-four-restored-help-strings-checked-against-the-binary.md	0
48ad9769-ae68-48f8-939c-ebc9364d54d5	docs/tutorials/your-first-governed-corpus.md	0
48ad9769-ae68-48f8-939c-ebc9364d54d5	missing	0
49702949-98f3-4611-a859-a12c00881f13	docs/decisions/0031-q31-whether-this-repository-becomes-public-and-when.md	0
49702949-98f3-4611-a859-a12c00881f13	docs/decisions/0078-a-recorded-terminal-demonstration-may-show-a-frozen-number-behind-a-recorded-on-date-marker.md	0
49702949-98f3-4611-a859-a12c00881f13	docs/decisions/0080-q66-the-corpus-dashboard-ships-free-and-self-hosted-with-tenant-isolation-stated-as-a-data-model-constraint-from-day-one.md	0
49702949-98f3-4611-a859-a12c00881f13	docs/evaluations/graph-export-and-federation.md	0
49702949-98f3-4611-a859-a12c00881f13	docs/obligations/0009-the-shape-origin-finding-rate-is-already-zero.md	0
49702949-98f3-4611-a859-a12c00881f13	docs/obligations/0101-whether-the-read-set-of-a-real-corpus-is-small-enough.md	0
49702949-98f3-4611-a859-a12c00881f13	docs/obligations/0112-a-surface-cannot-move-the-assisted-fraction-of-a-run.md	0
49702949-98f3-4611-a859-a12c00881f13	docs/obligations/0157-the-capture-report-says-two-denominators-over-a-store-that-named-seventeen-taxonomies.md	0
49702949-98f3-4611-a859-a12c00881f13	docs/probes/the-pointer-this-corpus-offers-for-a-task-is-the-document-a-session-opens.md	0
49702949-98f3-4611-a859-a12c00881f13	docs/process/decisions/0005-the-ledger-is-split-its-tabular-parts-are-jsonl-and-its-totals-are-derived.md	0
49702949-98f3-4611-a859-a12c00881f13	missing	0
4abca0ca-d947-47d1-8cbc-b95f2fa067c2	docs/decisions/0021-terminological-succession-and-validity-under-merge.md	0
4abca0ca-d947-47d1-8cbc-b95f2fa067c2	docs/decisions/0034-q34-whether-acceptance-means-merged-to-main-and-what-an-agent-may-write-before-that.md	0
4abca0ca-d947-47d1-8cbc-b95f2fa067c2	docs/decisions/0052-a-document-is-proposed-at-the-state-it-will-hold-and-the-merge-activates-it.md	0
4abca0ca-d947-47d1-8cbc-b95f2fa067c2	docs/evaluations/warrant-and-adjudication.md	0
4abca0ca-d947-47d1-8cbc-b95f2fa067c2	docs/how-to/mine-the-shadow-mode-routing-log.md	0
4abca0ca-d947-47d1-8cbc-b95f2fa067c2	docs/obligations/0097-whether-the-four-modes-of-di-taxis-are-the-kind-set.md	0
4abca0ca-d947-47d1-8cbc-b95f2fa067c2	docs/probe-results/regression-probe-transcript-for-2026-09-17-after-the-probe-corrections.md	0
4abca0ca-d947-47d1-8cbc-b95f2fa067c2	docs/probes/a-session-names-the-status-a-settled-decision-carries-in-its-pull-request.md	0
4abca0ca-d947-47d1-8cbc-b95f2fa067c2	docs/process/decisions/0017-ci-concurrency-is-per-ref-and-every-ref-but-main-cancels-a-superseded-run.md	0
4abca0ca-d947-47d1-8cbc-b95f2fa067c2	docs/process/decisions/0020-merges-go-through-the-github-merge-queue-one-squash-commit-per-pull-request.md	0
4abca0ca-d947-47d1-8cbc-b95f2fa067c2	docs/process/obligations/0207-the-plan-usage-of-one-issue-is-known-only-as-the-average-of-its-run.md	0
4abca0ca-d947-47d1-8cbc-b95f2fa067c2	docs/process/obligations/0216-two-merge-hooks-of-this-repository-print-a-resolve-flag-that-the-verb-refuses.md	0
4abca0ca-d947-47d1-8cbc-b95f2fa067c2	docs/reviews/core-concepts-review-findings.md	0
4abca0ca-d947-47d1-8cbc-b95f2fa067c2	docs/spec/02-taxonomy-model.md	0
4abca0ca-d947-47d1-8cbc-b95f2fa067c2	docs/spec/13-open-obligations.md	1
4abca0ca-d947-47d1-8cbc-b95f2fa067c2	missing	0
4be1ac98-ea4f-460f-bf66-c8ba73439dae	docs/decisions/0009-multi-repository-corpora.md	0
4be1ac98-ea4f-460f-bf66-c8ba73439dae	docs/decisions/0033-q33-whether-the-command-line-is-derived-and-who-a-flag-belongs-to.md	0
4be1ac98-ea4f-460f-bf66-c8ba73439dae	docs/evaluations/one-clone-many-agents-how-this-repository-isolates-the-sessions-that-build-it.md	1
4be1ac98-ea4f-460f-bf66-c8ba73439dae	docs/evaluations/why-corpus-counts-are-derived-not-stored.md	0
4be1ac98-ea4f-460f-bf66-c8ba73439dae	docs/how-to/mine-the-shadow-mode-routing-log.md	0
4be1ac98-ea4f-460f-bf66-c8ba73439dae	docs/interfaces/headwater-completions.md	0
4be1ac98-ea4f-460f-bf66-c8ba73439dae	docs/interfaces/headwater-merge-driver.md	0
4be1ac98-ea4f-460f-bf66-c8ba73439dae	docs/obligations/0030-the-provenance-block-belongs-to-the-engine-and-nothing-states.md	0
4be1ac98-ea4f-460f-bf66-c8ba73439dae	docs/obligations/0081-a-published-read-set-never-says-which-instances-must-run-again.md	0
4be1ac98-ea4f-460f-bf66-c8ba73439dae	docs/obligations/0157-the-capture-report-says-two-denominators-over-a-store-that-named-seventeen-taxonomies.md	0
4be1ac98-ea4f-460f-bf66-c8ba73439dae	docs/obligations/0212-ci-done-sh-reads-a-cancelled-run-of-another-branch-as-a-red-result-on-a-main-merge-commit.md	1
4be1ac98-ea4f-460f-bf66-c8ba73439dae	docs/obligations/0216-two-merge-hooks-of-this-repository-print-a-resolve-flag-that-the-verb-refuses.md	0
4be1ac98-ea4f-460f-bf66-c8ba73439dae	docs/obligations/0220-no-disk-floor-is-stated-for-a-build-order-run-and-nothing-prunes-the-cargo-pool.md	1
4be1ac98-ea4f-460f-bf66-c8ba73439dae	docs/probes/the-authoring-skill-reaches-an-agent-that-is-about-to-write-a-governed-document.md	0
4be1ac98-ea4f-460f-bf66-c8ba73439dae	docs/spec/17-orchestration-architecture.md	2
4be1ac98-ea4f-460f-bf66-c8ba73439dae	missing	1
4c6f1466-bd3a-4cfe-85c8-21c2aca1a55e	docs/decisions/0021-terminological-succession-and-validity-under-merge.md	0
4c6f1466-bd3a-4cfe-85c8-21c2aca1a55e	docs/decisions/0100-a-counted-tombstone-lists-a-digest-of-each-withheld-identifier-and-a-sealed-one-lists-nothing.md	0
4c6f1466-bd3a-4cfe-85c8-21c2aca1a55e	docs/evaluations/what-a-check-can-know.md	0
4c6f1466-bd3a-4cfe-85c8-21c2aca1a55e	docs/how-to/mine-the-shadow-mode-routing-log.md	1
4c6f1466-bd3a-4cfe-85c8-21c2aca1a55e	docs/how-to/wire-headwater-check-into-your-own-workflow.md	0
4c6f1466-bd3a-4cfe-85c8-21c2aca1a55e	docs/interfaces/headwater-infer.md	0
4c6f1466-bd3a-4cfe-85c8-21c2aca1a55e	docs/obligations/0061-an-anchor-resolver-normalizes-and-nothing-states-how.md	0
4c6f1466-bd3a-4cfe-85c8-21c2aca1a55e	docs/obligations/0088-correcting-an-identifier-is-mechanical-and-it-is-not-local.md	0
4c6f1466-bd3a-4cfe-85c8-21c2aca1a55e	docs/obligations/0102-two-documents-state-what-voids-a-verdict-and-they-do-not.md	0
4c6f1466-bd3a-4cfe-85c8-21c2aca1a55e	docs/obligations/0137-a-british-spelling-reaches-a-serialized-grain-string-so-the-rename-is-a-corpus-change-and-a-derived-bytes-change-at-once.md	0
4c6f1466-bd3a-4cfe-85c8-21c2aca1a55e	docs/probe-results/tombstone-probe-pilot-of-2026-09-29-campaign-tier-absent-arm-sufficiency.md	0
4c6f1466-bd3a-4cfe-85c8-21c2aca1a55e	docs/probes/a-session-records-an-unmeasured-claim-in-the-shape-this-corpus-checks.md	0
4c6f1466-bd3a-4cfe-85c8-21c2aca1a55e	docs/process/evaluations/one-clone-many-agents-how-this-repository-isolates-the-sessions-that-build-it.md	0
4c6f1466-bd3a-4cfe-85c8-21c2aca1a55e	docs/spec/00-vision-and-scope.md	2
4c6f1466-bd3a-4cfe-85c8-21c2aca1a55e	docs/spec/08-design-departures.md	2
4c6f1466-bd3a-4cfe-85c8-21c2aca1a55e	missing	1
4cbf4b06-56b3-455f-9abe-b7b73f648056	docs/decisions/0024-q24-readability-and-what-a-sweep-can-be-asked-about.md	1
4cbf4b06-56b3-455f-9abe-b7b73f648056	docs/how-to/diagnose-an-isolation-failure.md	0
4cbf4b06-56b3-455f-9abe-b7b73f648056	docs/obligations/0230-comments-in-the-command-surface-crates-and-their-subsystem-spec-state-eight-stale-facts.md	0
4cbf4b06-56b3-455f-9abe-b7b73f648056	docs/probe-runs/campaign-of-2026-09-28-campaign-tier-present-arm-sufficiency.md	0
4cbf4b06-56b3-455f-9abe-b7b73f648056	docs/probe-runs/campaign-of-2026-09-30-campaign-tier-absent-arm-sufficiency.md	0
4cbf4b06-56b3-455f-9abe-b7b73f648056	docs/probe-runs/campaign-of-2026-09-30-campaign-tier-present-arm-sufficiency.md	0
4cbf4b06-56b3-455f-9abe-b7b73f648056	docs/probe-runs/second-campaign-pilot-of-2026-09-28-campaign-tier-present-arm-sufficiency.md	0
4cbf4b06-56b3-455f-9abe-b7b73f648056	docs/probe-runs/status-probe-pilot-of-2026-09-29-campaign-tier-absent-arm-sufficiency.md	0
4cbf4b06-56b3-455f-9abe-b7b73f648056	docs/probe-runs/status-probe-pilot-of-2026-09-29-campaign-tier-present-arm-sufficiency.md	0
4cbf4b06-56b3-455f-9abe-b7b73f648056	docs/probe-runs/tombstone-probe-pilot-of-2026-09-29-campaign-tier-present-arm-sufficiency.md	0
4cbf4b06-56b3-455f-9abe-b7b73f648056	docs/probes/what-a-session-writes-points-back-at-the-ruling-it-rests-on.md	0
4cbf4b06-56b3-455f-9abe-b7b73f648056	docs/process/explanations/where-a-ci-job-runs.md	0
4cbf4b06-56b3-455f-9abe-b7b73f648056	docs/process/obligations/0206-hw-run-policy-names-a-worktree-add-workaround-that-write-edit-refuses-under-this-harness.md	1
4cbf4b06-56b3-455f-9abe-b7b73f648056	docs/process/obligations/0209-a-build-order-dispatch-passes-no-isolation-so-a-stage-can-inherit-the-parent-worktree-as-its-working-directory.md	1
4cbf4b06-56b3-455f-9abe-b7b73f648056	docs/requirements/0003-a-relation-target-written-as-the-path-of-a-document-is-reported-and-never-bound-as-an-anchor-onto-that-file.md	0
4cbf4b06-56b3-455f-9abe-b7b73f648056	missing	1
4d1a84fd-cb2d-438a-9895-528f956c94e0	docs/acceptance-criteria/0003-check-reports-a-document-path-written-as-a-relation-target-once-in-every-spelling-and-through-a-symlink.md	0
4d1a84fd-cb2d-438a-9895-528f956c94e0	docs/decisions/0029-q29-whether-a-corpus-root-may-contain-code-and-what-an-interface-contract-may-reach.md	0
4d1a84fd-cb2d-438a-9895-528f956c94e0	docs/decisions/0088-an-engine-release-and-a-taxonomy-release-have-disjoint-tag-namespaces-and-are-cut-independently.md	2
4d1a84fd-cb2d-438a-9895-528f956c94e0	docs/decisions/0089-a-taxonomy-release-publishes-the-source-at-the-tagged-commit-and-never-ships-the-vendored-copy.md	1
4d1a84fd-cb2d-438a-9895-528f956c94e0	docs/how-to/cut-a-release.md	1
4d1a84fd-cb2d-438a-9895-528f956c94e0	docs/how-to/keep-derived-files-from-conflicting-in-parallel-pull-requests.md	0
4d1a84fd-cb2d-438a-9895-528f956c94e0	docs/interfaces/headwater-generate.md	0
4d1a84fd-cb2d-438a-9895-528f956c94e0	docs/interfaces/headwater-infer.md	0
4d1a84fd-cb2d-438a-9895-528f956c94e0	docs/interfaces/headwater-show.md	0
4d1a84fd-cb2d-438a-9895-528f956c94e0	docs/interfaces/headwater-taxonomy.md	1
4d1a84fd-cb2d-438a-9895-528f956c94e0	docs/obligations/0034-two-rules-of-taxonomy-validate-name-a-declaration.md	0
4d1a84fd-cb2d-438a-9895-528f956c94e0	docs/obligations/0087-fixable-has-two-readings-inside-one-engine.md	0
4d1a84fd-cb2d-438a-9895-528f956c94e0	docs/obligations/0214-the-commit-gate-does-not-see-docs-taxonomies-readme-md-drift-from-its-vendored-copy.md	0
4d1a84fd-cb2d-438a-9895-528f956c94e0	docs/subsystems/taxonomy-distribution-and-audit.md	1
4d1a84fd-cb2d-438a-9895-528f956c94e0	docs/subsystems/taxonomy-resolution.md	1
4d1a84fd-cb2d-438a-9895-528f956c94e0	missing	1
4e9180bc-7a9c-4413-aeda-e050a5f861f4	docs/decisions/0020-where-scent-lives.md	0
4e9180bc-7a9c-4413-aeda-e050a5f861f4	docs/decisions/0026-q26-whether-terminality-belongs-to-a-state-or-to-a-state-and-a-regime.md	0
4e9180bc-7a9c-4413-aeda-e050a5f861f4	docs/decisions/0034-q34-whether-acceptance-means-merged-to-main-and-what-an-agent-may-write-before-that.md	0
4e9180bc-7a9c-4413-aeda-e050a5f861f4	docs/evaluations/relation-storage.md	0
4e9180bc-7a9c-4413-aeda-e050a5f861f4	docs/evaluations/two-triggers-one-verdict-how-this-repository-s-ci-decides-where-a-job-runs-and-what-it-trusts.md	0
4e9180bc-7a9c-4413-aeda-e050a5f861f4	docs/evaluations/warrant-and-adjudication.md	0
4e9180bc-7a9c-4413-aeda-e050a5f861f4	docs/obligations/0042-a-declared-invalid-when-reaches-no-check-and-two-live.md	0
4e9180bc-7a9c-4413-aeda-e050a5f861f4	docs/obligations/0081-a-published-read-set-never-says-which-instances-must-run-again.md	0
4e9180bc-7a9c-4413-aeda-e050a5f861f4	docs/obligations/0099-whether-an-adjudication-is-ever-partial.md	0
4e9180bc-7a9c-4413-aeda-e050a5f861f4	docs/obligations/0127-a-deletion-is-invisible-where-the-version-that-stood-there-does-not-parse.md	0
4e9180bc-7a9c-4413-aeda-e050a5f861f4	docs/obligations/0150-a-current-decision-declares-no-required-edge-to-the-document-it-settled-so-22-of-23-reach-no-specification-at-all.md	0
4e9180bc-7a9c-4413-aeda-e050a5f861f4	docs/process/decisions/0002-adjudication-is-a-separate-stage-and-refusal-is-licensed.md	0
4e9180bc-7a9c-4413-aeda-e050a5f861f4	docs/process/decisions/0004-coordination-is-a-create-only-claim-and-authority-stays-on-the-tree.md	1
4e9180bc-7a9c-4413-aeda-e050a5f861f4	docs/spec/00-vision-and-scope.md	0
4e9180bc-7a9c-4413-aeda-e050a5f861f4	docs/spec/13-open-obligations.md	0
4e9180bc-7a9c-4413-aeda-e050a5f861f4	missing	1
4eaf3ef4-3d52-437a-8001-4b1857d40814	docs/acceptance-criteria/0002-every-required-section-of-every-governed-document-has-a-heading.md	0
4eaf3ef4-3d52-437a-8001-4b1857d40814	docs/decisions/0016-public-presence.md	0
4eaf3ef4-3d52-437a-8001-4b1857d40814	docs/decisions/0078-a-recorded-terminal-demonstration-may-show-a-frozen-number-behind-a-recorded-on-date-marker.md	0
4eaf3ef4-3d52-437a-8001-4b1857d40814	docs/decisions/0080-q66-the-corpus-dashboard-ships-free-and-self-hosted-with-tenant-isolation-stated-as-a-data-model-constraint-from-day-one.md	0
4eaf3ef4-3d52-437a-8001-4b1857d40814	docs/evaluations/external-evaluation-harnesses-and-benchmarks-for-the-probe-campaign.md	0
4eaf3ef4-3d52-437a-8001-4b1857d40814	docs/how-to/diagnose-an-isolation-failure.md	0
4eaf3ef4-3d52-437a-8001-4b1857d40814	docs/how-to/relocate-a-shelf.md	0
4eaf3ef4-3d52-437a-8001-4b1857d40814	docs/interfaces/headwater-change.md	0
4eaf3ef4-3d52-437a-8001-4b1857d40814	docs/obligations/0096-whether-anything-is-ever-promoted-out-of-the-asserted-tier.md	0
4eaf3ef4-3d52-437a-8001-4b1857d40814	docs/obligations/0112-a-surface-cannot-move-the-assisted-fraction-of-a-run.md	0
4eaf3ef4-3d52-437a-8001-4b1857d40814	docs/obligations/0161-the-validation-block-of-mkdocs-yml-is-a-gate-this-repository-owns-and-no-fixture-drives.md	0
4eaf3ef4-3d52-437a-8001-4b1857d40814	docs/probe-runs/status-probe-pilot-of-2026-09-29-campaign-tier-absent-arm-sufficiency.md	0
4eaf3ef4-3d52-437a-8001-4b1857d40814	docs/probe-runs/status-probe-pilot-of-2026-09-29-campaign-tier-present-arm-sufficiency.md	0
4eaf3ef4-3d52-437a-8001-4b1857d40814	docs/process/decisions/0007-a-background-wait-caps-below-the-cache-lifetime-and-re-issues-itself.md	0
4eaf3ef4-3d52-437a-8001-4b1857d40814	docs/process/obligations/0207-the-plan-usage-of-one-issue-is-known-only-as-the-average-of-its-run.md	0
4eaf3ef4-3d52-437a-8001-4b1857d40814	missing	0
4ed90c89-3db3-40a4-8da6-81bbadfd17e2	docs/acceptance-criteria/0002-every-required-section-of-every-governed-document-has-a-heading.md	0
4ed90c89-3db3-40a4-8da6-81bbadfd17e2	docs/decisions/0031-q31-whether-this-repository-becomes-public-and-when.md	0
4ed90c89-3db3-40a4-8da6-81bbadfd17e2	docs/decisions/0060-the-engine-s-version-stays-one-number-and-a-build-s-exact-commit-is-a-separate-unwired-fact.md	0
4ed90c89-3db3-40a4-8da6-81bbadfd17e2	docs/evaluations/the-build-order-as-a-multi-agent-system.md	1
4ed90c89-3db3-40a4-8da6-81bbadfd17e2	docs/how-to/diagnose-an-isolation-failure.md	0
4ed90c89-3db3-40a4-8da6-81bbadfd17e2	docs/obligations/0026-the-operational-shape-of-a-hosted-server-is-unstated.md	0
4ed90c89-3db3-40a4-8da6-81bbadfd17e2	docs/obligations/0057-a-retrofit-cannot-recover-the-two-dates-or-the-acceptance.md	0
4ed90c89-3db3-40a4-8da6-81bbadfd17e2	docs/obligations/0130-the-publication-date-of-this-repository-is-unset-and-the-owner-alone-sets-it.md	0
4ed90c89-3db3-40a4-8da6-81bbadfd17e2	docs/obligations/0182-the-publish-crates-retry-loop-has-no-retry-ceiling.md	0
4ed90c89-3db3-40a4-8da6-81bbadfd17e2	docs/obligations/0204-docs-decisions-0077-still-describes-hw-dr-0049-s-rewrite-as-pending-after-574-made-it.md	0
4ed90c89-3db3-40a4-8da6-81bbadfd17e2	docs/obligations/0205-hw-obl-0002-s-sample-counts-and-voice-rs-s-own-census-predate-the-scent-role-fix-and-need-retaking.md	0
4ed90c89-3db3-40a4-8da6-81bbadfd17e2	docs/obligations/0207-the-plan-usage-of-one-issue-is-known-only-as-the-average-of-its-run.md	0
4ed90c89-3db3-40a4-8da6-81bbadfd17e2	docs/probe-runs/regression-probe-transcript-for-2026-09-11.md	0
4ed90c89-3db3-40a4-8da6-81bbadfd17e2	docs/spec/12-check-layer.md	0
4ed90c89-3db3-40a4-8da6-81bbadfd17e2	docs/spec/17-orchestration-architecture.md	1
4ed90c89-3db3-40a4-8da6-81bbadfd17e2	missing	0
4fac2886-577e-449f-9eb6-2683cb8e2ee5	docs/decisions/0030-q30-whether-what-an-obligation-waits-on-is-a-state-or-a-property-and-how-many-values-it-takes.md	0
4fac2886-577e-449f-9eb6-2683cb8e2ee5	docs/decisions/0061-q61-how-a-recorded-terminal-demonstration-is-held-against-a-run.md	0
4fac2886-577e-449f-9eb6-2683cb8e2ee5	docs/obligations/0021-emitters-3-through-6-have-no-named-consumer.md	0
4fac2886-577e-449f-9eb6-2683cb8e2ee5	docs/obligations/0028-a-run-cannot-report-the-corpus-tree-because-nothing-computes.md	0
4fac2886-577e-449f-9eb6-2683cb8e2ee5	docs/obligations/0037-the-register-is-not-a-projection-of-the-lock-alone-so-generate.md	0
4fac2886-577e-449f-9eb6-2683cb8e2ee5	docs/obligations/0146-the-stop-hook-reads-its-re-entry-guard-with-an-interpreter-it-does-not-require-so-a-machine-with-no-python3-re-blocks-the-same-turn.md	0
4fac2886-577e-449f-9eb6-2683cb8e2ee5	docs/obligations/0182-the-publish-crates-retry-loop-has-no-retry-ceiling.md	0
4fac2886-577e-449f-9eb6-2683cb8e2ee5	docs/obligations/0212-ci-done-sh-reads-a-cancelled-run-of-another-branch-as-a-red-result-on-a-main-merge-commit.md	0
4fac2886-577e-449f-9eb6-2683cb8e2ee5	docs/process/decisions/0007-a-background-wait-caps-below-the-cache-lifetime-and-re-issues-itself.md	1
4fac2886-577e-449f-9eb6-2683cb8e2ee5	docs/reviews/the-sixty-four-restored-help-strings-checked-against-the-binary.md	0
4fac2886-577e-449f-9eb6-2683cb8e2ee5	missing	1
4fe9cbe2-d061-4814-951f-18eaa7d31c1f	docs/decisions/0094-the-apt-repository-is-served-from-headwater-tools-and-signed-by-a-subkey-the-owner-s-offline-key-certifies.md	0
4fe9cbe2-d061-4814-951f-18eaa7d31c1f	docs/how-to/diagnose-an-isolation-failure.md	0
4fe9cbe2-d061-4814-951f-18eaa7d31c1f	docs/obligations/0036-identity-below-the-grain-of-a-document.md	0
4fe9cbe2-d061-4814-951f-18eaa7d31c1f	docs/obligations/0049-the-meta-schema-closes-eight-value-sets-that-nothing-states.md	0
4fe9cbe2-d061-4814-951f-18eaa7d31c1f	docs/obligations/0072-a-cache-of-check-results-does-not-make-a-run-proportional.md	0
4fe9cbe2-d061-4814-951f-18eaa7d31c1f	docs/obligations/0096-whether-anything-is-ever-promoted-out-of-the-asserted-tier.md	0
4fe9cbe2-d061-4814-951f-18eaa7d31c1f	docs/obligations/0131-the-cli-crate-wires-every-verb-and-carries-no-tests-so-two-wiring-defects-passed-a-green-suite.md	0
4fe9cbe2-d061-4814-951f-18eaa7d31c1f	docs/obligations/0149-the-write-time-hook-still-picks-pointer-lines-out-of-prose-by-their-em-dash.md	0
4fe9cbe2-d061-4814-951f-18eaa7d31c1f	docs/obligations/0151-the-glossary-s-package-entry-omits-conformance-and-still-lists-plugins-which-367-dropped.md	0
4fe9cbe2-d061-4814-951f-18eaa7d31c1f	docs/obligations/0164-the-regeneration-check-tests-byte-equality-before-the-marker-so-a-file-the-census-stopped-counting-as-generated-still-passes.md	0
4fe9cbe2-d061-4814-951f-18eaa7d31c1f	docs/obligations/0200-three-graded-regression-runs-are-owed-a-fresh-recording-against-a-moved-taxonomy-lock.md	0
4fe9cbe2-d061-4814-951f-18eaa7d31c1f	docs/obligations/0204-docs-decisions-0077-still-describes-hw-dr-0049-s-rewrite-as-pending-after-574-made-it.md	0
4fe9cbe2-d061-4814-951f-18eaa7d31c1f	docs/obligations/0205-hw-obl-0002-s-sample-counts-and-voice-rs-s-own-census-predate-the-scent-role-fix-and-need-retaking.md	0
4fe9cbe2-d061-4814-951f-18eaa7d31c1f	docs/probe-runs/status-probe-pilot-of-2026-09-29-campaign-tier-absent-arm-sufficiency.md	0
4fe9cbe2-d061-4814-951f-18eaa7d31c1f	docs/probe-runs/status-probe-pilot-of-2026-09-29-campaign-tier-present-arm-sufficiency.md	0
4fe9cbe2-d061-4814-951f-18eaa7d31c1f	missing	0
5111695a-830e-4e0f-81fa-abb093a18888	docs/decisions/0009-multi-repository-corpora.md	0
5111695a-830e-4e0f-81fa-abb093a18888	docs/decisions/0049-a-corpus-wide-fold-is-derived-and-never-stored.md	0
5111695a-830e-4e0f-81fa-abb093a18888	docs/evaluations/why-corpus-counts-are-derived-not-stored.md	0
5111695a-830e-4e0f-81fa-abb093a18888	docs/how-to/diagnose-an-isolation-failure.md	0
5111695a-830e-4e0f-81fa-abb093a18888	docs/interfaces/headwater-capture.md	0
5111695a-830e-4e0f-81fa-abb093a18888	docs/interfaces/headwater-change.md	0
5111695a-830e-4e0f-81fa-abb093a18888	docs/interfaces/headwater-check.md	1
5111695a-830e-4e0f-81fa-abb093a18888	docs/interfaces/headwater-completions.md	0
5111695a-830e-4e0f-81fa-abb093a18888	docs/interfaces/headwater-conformance.md	0
5111695a-830e-4e0f-81fa-abb093a18888	docs/interfaces/headwater-merge-driver.md	0
5111695a-830e-4e0f-81fa-abb093a18888	docs/obligations/0207-the-plan-usage-of-one-issue-is-known-only-as-the-average-of-its-run.md	0
5111695a-830e-4e0f-81fa-abb093a18888	docs/obligations/0212-ci-done-sh-reads-a-cancelled-run-of-another-branch-as-a-red-result-on-a-main-merge-commit.md	1
5111695a-830e-4e0f-81fa-abb093a18888	docs/obligations/0216-two-merge-hooks-of-this-repository-print-a-resolve-flag-that-the-verb-refuses.md	0
5111695a-830e-4e0f-81fa-abb093a18888	docs/process/decisions/0006-the-entrypoint-keeps-its-name-and-becomes-a-resumable-run.md	1
5111695a-830e-4e0f-81fa-abb093a18888	docs/spec/17-orchestration-architecture.md	1
5111695a-830e-4e0f-81fa-abb093a18888	missing	1
5118ad3d-d9d3-4246-a56a-6d88464002ad	docs/how-to/mine-the-shadow-mode-routing-log.md	0
5118ad3d-d9d3-4246-a56a-6d88464002ad	docs/obligations/0013-no-probe-tests-whether-a-counted-tombstone-stops-a-confident.md	0
5118ad3d-d9d3-4246-a56a-6d88464002ad	docs/obligations/0062-a-relation-may-admit-a-document-and-an-anchor-and-no-rule.md	0
5118ad3d-d9d3-4246-a56a-6d88464002ad	docs/obligations/0112-a-surface-cannot-move-the-assisted-fraction-of-a-run.md	0
5118ad3d-d9d3-4246-a56a-6d88464002ad	docs/obligations/0143-a-specification-sentence-closes-a-set-with-a-count-the-source-exceeds-and-115-of-127-candidates-are-unchecked.md	0
5118ad3d-d9d3-4246-a56a-6d88464002ad	docs/obligations/0157-the-capture-report-says-two-denominators-over-a-store-that-named-seventeen-taxonomies.md	0
5118ad3d-d9d3-4246-a56a-6d88464002ad	docs/obligations/0159-a-sentence-that-opens-with-a-hash-and-an-issue-number-is-folded-into-the-sentence-before-it.md	0
5118ad3d-d9d3-4246-a56a-6d88464002ad	docs/obligations/0175-two-documents-take-one-sequence-on-a-sequence-declaring-shelf-and-no-rule-reads-it.md	0
5118ad3d-d9d3-4246-a56a-6d88464002ad	docs/obligations/0179-the-commit-gate-checks-prose-with-a-binary-it-never-compares-against-the-engine-sources.md	0
5118ad3d-d9d3-4246-a56a-6d88464002ad	docs/obligations/0201-no-coverage-or-mutation-measurement-has-ever-been-taken-over-the-engine-s-test-suite.md	0
5118ad3d-d9d3-4246-a56a-6d88464002ad	docs/probe-runs/campaign-of-2026-09-30-campaign-tier-absent-arm-discovery.md	0
5118ad3d-d9d3-4246-a56a-6d88464002ad	docs/process/decisions/0003-a-dispatch-pays-when-it-retires-more-parent-turns-than-it-costs.md	0
5118ad3d-d9d3-4246-a56a-6d88464002ad	docs/process/evaluations/the-build-order-as-a-multi-agent-system.md	1
5118ad3d-d9d3-4246-a56a-6d88464002ad	docs/process/specs/orchestration-architecture.md	1
5118ad3d-d9d3-4246-a56a-6d88464002ad	docs/reviews/the-sixty-four-restored-help-strings-checked-against-the-binary.md	0
5118ad3d-d9d3-4246-a56a-6d88464002ad	missing	0
51debab0-c8c3-400d-9a3e-7b2193274250	docs/decisions/0061-q61-how-a-recorded-terminal-demonstration-is-held-against-a-run.md	0
51debab0-c8c3-400d-9a3e-7b2193274250	docs/evaluations/the-build-order-as-a-multi-agent-system.md	2
51debab0-c8c3-400d-9a3e-7b2193274250	docs/obligations/0072-a-cache-of-check-results-does-not-make-a-run-proportional.md	0
51debab0-c8c3-400d-9a3e-7b2193274250	docs/obligations/0157-the-capture-report-says-two-denominators-over-a-store-that-named-seventeen-taxonomies.md	0
51debab0-c8c3-400d-9a3e-7b2193274250	docs/obligations/0175-two-documents-take-one-sequence-on-a-sequence-declaring-shelf-and-no-rule-reads-it.md	0
51debab0-c8c3-400d-9a3e-7b2193274250	docs/obligations/0181-an-unresolved-prose-link-reaches-a-run-as-a-graph-fact-and-no-rule-turns-it-into-a-finding.md	0
51debab0-c8c3-400d-9a3e-7b2193274250	docs/obligations/0209-a-build-order-dispatch-passes-no-isolation-so-a-stage-can-inherit-the-parent-worktree-as-its-working-directory.md	1
51debab0-c8c3-400d-9a3e-7b2193274250	docs/process/decisions/0006-the-entrypoint-keeps-its-name-and-becomes-a-resumable-run.md	2
51debab0-c8c3-400d-9a3e-7b2193274250	docs/reviews/core-concepts-review-findings-2.md	0
51debab0-c8c3-400d-9a3e-7b2193274250	docs/spec/17-orchestration-architecture.md	2
51debab0-c8c3-400d-9a3e-7b2193274250	missing	0
51fc8a45-12f2-429d-9916-5902bc4f8ec3	docs/evaluations/schema-format-walkthrough.md	0
51fc8a45-12f2-429d-9916-5902bc4f8ec3	docs/how-to/diagnose-an-isolation-failure.md	0
51fc8a45-12f2-429d-9916-5902bc4f8ec3	docs/interfaces/headwater-new.md	0
51fc8a45-12f2-429d-9916-5902bc4f8ec3	docs/obligations/0085-headwater-init-cannot-reach-a-package-that-is-not-already.md	0
51fc8a45-12f2-429d-9916-5902bc4f8ec3	docs/obligations/0088-correcting-an-identifier-is-mechanical-and-it-is-not-local.md	0
51fc8a45-12f2-429d-9916-5902bc4f8ec3	docs/obligations/0131-the-cli-crate-wires-every-verb-and-carries-no-tests-so-two-wiring-defects-passed-a-green-suite.md	0
51fc8a45-12f2-429d-9916-5902bc4f8ec3	docs/obligations/0133-two-test-helpers-key-a-scratch-directory-on-the-pid-alone-and-the-race-springs-on-the-next-case-added.md	0
51fc8a45-12f2-429d-9916-5902bc4f8ec3	docs/obligations/0176-a-blessed-fixture-is-read-by-a-sibling-case-that-runs-while-the-write-truncates-it.md	0
51fc8a45-12f2-429d-9916-5902bc4f8ec3	docs/obligations/0200-three-graded-regression-runs-are-owed-a-fresh-recording-against-a-moved-taxonomy-lock.md	1
51fc8a45-12f2-429d-9916-5902bc4f8ec3	docs/obligations/0202-a-bare-none-footprint-is-claimed-as-a-literal-path-so-two-disjoint-issues-collide.md	1
51fc8a45-12f2-429d-9916-5902bc4f8ec3	docs/obligations/0203-three-small-run-tooling-gaps-from-run-20260922-1121-filed-together.md	0
51fc8a45-12f2-429d-9916-5902bc4f8ec3	docs/reviews/core-concepts-findings-assessment.md	0
51fc8a45-12f2-429d-9916-5902bc4f8ec3	docs/reviews/core-concepts-independent-review.md	0
51fc8a45-12f2-429d-9916-5902bc4f8ec3	docs/reviews/core-concepts-review-findings.md	0
51fc8a45-12f2-429d-9916-5902bc4f8ec3	docs/spec/05-ai-integration.md	0
51fc8a45-12f2-429d-9916-5902bc4f8ec3	missing	1
52233e1e-29e1-461b-9b29-57f32df1cd72	docs/acceptance-criteria/0001-no-engine-source-outside-the-fetch-crate-names-a-network-api-and-no-crate-of-the-checking-loop-reaches-a-network-package.md	0
52233e1e-29e1-461b-9b29-57f32df1cd72	docs/decisions/0007-scope-of-the-mcp-surface.md	0
52233e1e-29e1-461b-9b29-57f32df1cd72	docs/decisions/0055-a-hook-reads-a-wire-format-through-the-engine-and-not-through-an-interpreter.md	0
52233e1e-29e1-461b-9b29-57f32df1cd72	docs/decisions/0085-a-live-document-that-rests-on-a-draft-one-is-reported-over-every-relation-because-a-draft-leaves-no-record-to-cite.md	0
52233e1e-29e1-461b-9b29-57f32df1cd72	docs/how-to/diagnose-an-isolation-failure.md	0
52233e1e-29e1-461b-9b29-57f32df1cd72	docs/interfaces/headwater-init.md	0
52233e1e-29e1-461b-9b29-57f32df1cd72	docs/obligations/0087-fixable-has-two-readings-inside-one-engine.md	0
52233e1e-29e1-461b-9b29-57f32df1cd72	docs/obligations/0132-survey-the-wiring-decisions-of-main-rs-verb-by-verb-and-cover-the-quiet-ones.md	0
52233e1e-29e1-461b-9b29-57f32df1cd72	docs/obligations/0136-seven-rustdoc-relative-links-in-comments-point-at-pages-the-doc-tree-does-not-have.md	0
52233e1e-29e1-461b-9b29-57f32df1cd72	docs/process/decisions/0008-the-board-has-an-owner-of-its-structure-and-its-milestones-are-capped-versions.md	0
52233e1e-29e1-461b-9b29-57f32df1cd72	docs/process/obligations/0203-three-small-run-tooling-gaps-from-run-20260922-1121-filed-together.md	0
52233e1e-29e1-461b-9b29-57f32df1cd72	docs/process/obligations/0224-thirteen-run-tooling-gaps-from-run-20260928-1109-filed-together.md	0
52233e1e-29e1-461b-9b29-57f32df1cd72	docs/process/obligations/0225-eight-run-tooling-gaps-from-run-20260929-1205-filed-together.md	0
52233e1e-29e1-461b-9b29-57f32df1cd72	docs/process/obligations/0227-seven-run-tooling-gaps-from-run-20260929-2201-filed-together.md	0
52233e1e-29e1-461b-9b29-57f32df1cd72	docs/spec/13-open-obligations.md	0
52233e1e-29e1-461b-9b29-57f32df1cd72	missing	0
526f2069-1c78-44bb-bb9f-abc01f5ca21f	docs/evaluations/adjacent-work.md	0
526f2069-1c78-44bb-bb9f-abc01f5ca21f	docs/evaluations/one-clone-many-agents-how-this-repository-isolates-the-sessions-that-build-it.md	1
526f2069-1c78-44bb-bb9f-abc01f5ca21f	docs/how-to/diagnose-an-isolation-failure.md	0
526f2069-1c78-44bb-bb9f-abc01f5ca21f	docs/how-to/mine-the-shadow-mode-routing-log.md	0
526f2069-1c78-44bb-bb9f-abc01f5ca21f	docs/obligations/0088-correcting-an-identifier-is-mechanical-and-it-is-not-local.md	0
526f2069-1c78-44bb-bb9f-abc01f5ca21f	docs/obligations/0103-the-front-matter-half-of-a-patch-has-no-writer.md	0
526f2069-1c78-44bb-bb9f-abc01f5ca21f	docs/obligations/0156-a-help-string-and-the-interface-contract-that-restates-it-can-both-be-false-with-the-whole-suite-green.md	0
526f2069-1c78-44bb-bb9f-abc01f5ca21f	docs/obligations/0163-ten-decision-records-claim-a-q-number-the-decision-register-does-not-carry.md	0
526f2069-1c78-44bb-bb9f-abc01f5ca21f	docs/obligations/0193-admission-criterion-5-has-no-reading-for-an-entry-that-serves-neither-core-purpose.md	0
526f2069-1c78-44bb-bb9f-abc01f5ca21f	docs/obligations/0205-hw-obl-0002-s-sample-counts-and-voice-rs-s-own-census-predate-the-scent-role-fix-and-need-retaking.md	0
526f2069-1c78-44bb-bb9f-abc01f5ca21f	docs/probe-results/regression-probe-transcript-for-2026-09-17-after-the-probe-corrections.md	0
526f2069-1c78-44bb-bb9f-abc01f5ca21f	docs/probe-runs/regression-probe-transcript-for-2026-09-17-after-the-probe-corrections.md	0
526f2069-1c78-44bb-bb9f-abc01f5ca21f	docs/probes/the-authoring-skill-reaches-an-agent-that-is-about-to-write-a-governed-document.md	0
526f2069-1c78-44bb-bb9f-abc01f5ca21f	docs/reviews/core-concepts-findings-assessment.md	0
526f2069-1c78-44bb-bb9f-abc01f5ca21f	docs/spec/16-harness-support.md	0
526f2069-1c78-44bb-bb9f-abc01f5ca21f	missing	1
5279fedb-d1e3-42b0-b598-9c17a032c016	docs/acceptance-criteria/0002-every-required-section-of-every-governed-document-has-a-heading.md	0
5279fedb-d1e3-42b0-b598-9c17a032c016	docs/decisions/0050-q50-where-the-visual-register-of-the-hand-built-pages-lives.md	0
5279fedb-d1e3-42b0-b598-9c17a032c016	docs/evaluations/the-build-order-as-a-multi-agent-system.md	1
5279fedb-d1e3-42b0-b598-9c17a032c016	docs/evaluations/two-triggers-one-verdict-how-this-repository-s-ci-decides-where-a-job-runs-and-what-it-trusts.md	0
5279fedb-d1e3-42b0-b598-9c17a032c016	docs/how-to/diagnose-an-isolation-failure.md	1
5279fedb-d1e3-42b0-b598-9c17a032c016	docs/how-to/wire-headwater-check-into-your-own-workflow.md	0
5279fedb-d1e3-42b0-b598-9c17a032c016	docs/interfaces/headwater-sweep.md	0
5279fedb-d1e3-42b0-b598-9c17a032c016	docs/obligations/0176-a-blessed-fixture-is-read-by-a-sibling-case-that-runs-while-the-write-truncates-it.md	0
5279fedb-d1e3-42b0-b598-9c17a032c016	docs/obligations/0206-hw-run-policy-names-a-worktree-add-workaround-that-write-edit-refuses-under-this-harness.md	1
5279fedb-d1e3-42b0-b598-9c17a032c016	docs/obligations/0207-the-plan-usage-of-one-issue-is-known-only-as-the-average-of-its-run.md	0
5279fedb-d1e3-42b0-b598-9c17a032c016	docs/obligations/0209-a-build-order-dispatch-passes-no-isolation-so-a-stage-can-inherit-the-parent-worktree-as-its-working-directory.md	1
5279fedb-d1e3-42b0-b598-9c17a032c016	docs/obligations/0211-two-hand-remedy-lines-for-hw-cargo-in-hw-run-policy-may-no-longer-earn-their-cost-on-every-dispatch.md	1
5279fedb-d1e3-42b0-b598-9c17a032c016	docs/process/decisions/0006-the-entrypoint-keeps-its-name-and-becomes-a-resumable-run.md	1
5279fedb-d1e3-42b0-b598-9c17a032c016	missing	1
52dd0621-da54-484e-b861-84f1a911c102	docs/decisions/0096-harper-does-not-become-part-of-the-engine-now-and-q41-stands.md	0
52dd0621-da54-484e-b861-84f1a911c102	docs/how-to/diagnose-an-isolation-failure.md	0
52dd0621-da54-484e-b861-84f1a911c102	docs/how-to/mine-the-shadow-mode-routing-log.md	0
52dd0621-da54-484e-b861-84f1a911c102	docs/obligations/0085-headwater-init-cannot-reach-a-package-that-is-not-already.md	0
52dd0621-da54-484e-b861-84f1a911c102	docs/obligations/0131-the-cli-crate-wires-every-verb-and-carries-no-tests-so-two-wiring-defects-passed-a-green-suite.md	0
52dd0621-da54-484e-b861-84f1a911c102	docs/obligations/0143-a-specification-sentence-closes-a-set-with-a-count-the-source-exceeds-and-115-of-127-candidates-are-unchecked.md	0
52dd0621-da54-484e-b861-84f1a911c102	docs/obligations/0144-the-cache-identity-test-reads-the-live-working-tree-so-an-edit-during-the-run-reports-the-correctness-root-as-violated.md	0
52dd0621-da54-484e-b861-84f1a911c102	docs/obligations/0200-three-graded-regression-runs-are-owed-a-fresh-recording-against-a-moved-taxonomy-lock.md	0
52dd0621-da54-484e-b861-84f1a911c102	docs/probe-results/regression-probe-transcript-for-2026-09-17-after-the-probe-corrections.md	0
52dd0621-da54-484e-b861-84f1a911c102	docs/probes/a-session-names-the-status-a-settled-decision-carries-in-its-pull-request.md	0
52dd0621-da54-484e-b861-84f1a911c102	docs/process/explanations/where-a-ci-job-runs.md	0
52dd0621-da54-484e-b861-84f1a911c102	docs/process/obligations/0203-three-small-run-tooling-gaps-from-run-20260922-1121-filed-together.md	0
52dd0621-da54-484e-b861-84f1a911c102	docs/process/obligations/0211-two-hand-remedy-lines-for-hw-cargo-in-hw-run-policy-may-no-longer-earn-their-cost-on-every-dispatch.md	0
52dd0621-da54-484e-b861-84f1a911c102	docs/process/obligations/0213-ci-builds-no-mkdocs-site-so-a-generated-page-under-docs-is-never-checked-against-a-strict-build-before-merge.md	0
52dd0621-da54-484e-b861-84f1a911c102	docs/tutorials/your-first-governed-corpus.md	0
52dd0621-da54-484e-b861-84f1a911c102	missing	0
531c8a4d-06dc-4024-b794-3f92d66e5186	docs/evaluations/first-contact.md	0
531c8a4d-06dc-4024-b794-3f92d66e5186	docs/evaluations/n8n-worked-example.md	0
531c8a4d-06dc-4024-b794-3f92d66e5186	docs/evaluations/what-a-check-can-know.md	0
531c8a4d-06dc-4024-b794-3f92d66e5186	docs/how-to/wire-headwater-check-into-your-own-workflow.md	0
531c8a4d-06dc-4024-b794-3f92d66e5186	docs/interfaces/headwater-check.md	1
531c8a4d-06dc-4024-b794-3f92d66e5186	docs/obligations/0070-one-of-the-four-warrant-values-has-no-instance-in-this-corpus.md	0
531c8a4d-06dc-4024-b794-3f92d66e5186	docs/obligations/0074-a-check-version-is-raised-by-hand-and-nothing-catches-a-stale.md	0
531c8a4d-06dc-4024-b794-3f92d66e5186	docs/obligations/0178-the-every-instance-report-detail-reaches-four-test-files-and-no-caller-outside-them.md	0
531c8a4d-06dc-4024-b794-3f92d66e5186	docs/probe-runs/regression-probe-transcript-for-2026-09-17-after-the-probe-corrections.md	0
531c8a4d-06dc-4024-b794-3f92d66e5186	docs/process/evaluations/one-clone-many-agents-how-this-repository-isolates-the-sessions-that-build-it.md	0
531c8a4d-06dc-4024-b794-3f92d66e5186	docs/process/obligations/0224-thirteen-run-tooling-gaps-from-run-20260928-1109-filed-together.md	0
531c8a4d-06dc-4024-b794-3f92d66e5186	docs/process/obligations/0225-eight-run-tooling-gaps-from-run-20260929-1205-filed-together.md	0
531c8a4d-06dc-4024-b794-3f92d66e5186	docs/process/obligations/0227-seven-run-tooling-gaps-from-run-20260929-2201-filed-together.md	0
531c8a4d-06dc-4024-b794-3f92d66e5186	docs/process/obligations/0231-five-run-tooling-gaps-from-run-20261001-1107-filed-together.md	0
531c8a4d-06dc-4024-b794-3f92d66e5186	docs/verifications/0001-the-section-heading-rule-has-no-case-table-and-a-golden-fixture-report-is-what-proves-it-runs.md	0
531c8a4d-06dc-4024-b794-3f92d66e5186	missing	0
532a1119-bf37-42ed-9878-2c77c5b86af8	docs/acceptance-criteria/0002-every-required-section-of-every-governed-document-has-a-heading.md	0
532a1119-bf37-42ed-9878-2c77c5b86af8	docs/decisions/0016-public-presence.md	0
532a1119-bf37-42ed-9878-2c77c5b86af8	docs/decisions/0019-inbound-integration-an-external-system-of-record.md	0
532a1119-bf37-42ed-9878-2c77c5b86af8	docs/decisions/0030-q30-whether-what-an-obligation-waits-on-is-a-state-or-a-property-and-how-many-values-it-takes.md	0
532a1119-bf37-42ed-9878-2c77c5b86af8	docs/decisions/0038-q38-which-link-relation-a-rendered-page-carries-to-the-served-corpus-descriptor.md	0
532a1119-bf37-42ed-9878-2c77c5b86af8	docs/evaluations/the-three-discovery-misses-of-2026-09-16-have-three-different-mechanisms-and-only-one-is-routing-precision.md	0
532a1119-bf37-42ed-9878-2c77c5b86af8	docs/obligations/0077-a-fragment-on-a-path-needs-a-grain-that-no-scope-supplies.md	0
532a1119-bf37-42ed-9878-2c77c5b86af8	docs/obligations/0159-a-sentence-that-opens-with-a-hash-and-an-issue-number-is-folded-into-the-sentence-before-it.md	0
532a1119-bf37-42ed-9878-2c77c5b86af8	docs/obligations/0173-four-inline-gates-in-the-workflow-decide-an-exit-status-and-no-suite-provokes-one.md	0
532a1119-bf37-42ed-9878-2c77c5b86af8	docs/obligations/0176-a-blessed-fixture-is-read-by-a-sibling-case-that-runs-while-the-write-truncates-it.md	0
532a1119-bf37-42ed-9878-2c77c5b86af8	docs/obligations/0203-three-small-run-tooling-gaps-from-run-20260922-1121-filed-together.md	0
532a1119-bf37-42ed-9878-2c77c5b86af8	docs/probe-runs/regression-probe-transcript-for-2026-09-17.md	0
532a1119-bf37-42ed-9878-2c77c5b86af8	docs/requirements/0001-the-engine-reaches-no-network-at-check-time.md	0
532a1119-bf37-42ed-9878-2c77c5b86af8	docs/reviews/the-sixty-four-restored-help-strings-checked-against-the-binary.md	0
532a1119-bf37-42ed-9878-2c77c5b86af8	docs/spec/08-design-departures.md	0
532a1119-bf37-42ed-9878-2c77c5b86af8	missing	0
53df1b48-0784-49df-9a34-fa89c0f565d3	docs/decisions/0041-q41-whether-vale-becomes-a-declared-regime-backend.md	0
53df1b48-0784-49df-9a34-fa89c0f565d3	docs/decisions/0042-q42-what-one-screen-means-for-the-first-help-screen.md	1
53df1b48-0784-49df-9a34-fa89c0f565d3	docs/decisions/0096-harper-does-not-become-part-of-the-engine-now-and-q41-stands.md	0
53df1b48-0784-49df-9a34-fa89c0f565d3	docs/evaluations/two-triggers-one-verdict-how-this-repository-s-ci-decides-where-a-job-runs-and-what-it-trusts.md	0
53df1b48-0784-49df-9a34-fa89c0f565d3	docs/how-to/diagnose-an-isolation-failure.md	0
53df1b48-0784-49df-9a34-fa89c0f565d3	docs/how-to/relocate-a-shelf.md	0
53df1b48-0784-49df-9a34-fa89c0f565d3	docs/obligations/0072-a-cache-of-check-results-does-not-make-a-run-proportional.md	0
53df1b48-0784-49df-9a34-fa89c0f565d3	docs/obligations/0207-the-plan-usage-of-one-issue-is-known-only-as-the-average-of-its-run.md	0
53df1b48-0784-49df-9a34-fa89c0f565d3	docs/obligations/0211-two-hand-remedy-lines-for-hw-cargo-in-hw-run-policy-may-no-longer-earn-their-cost-on-every-dispatch.md	0
53df1b48-0784-49df-9a34-fa89c0f565d3	docs/probe-runs/campaign-of-2026-09-28-campaign-tier-present-arm-navigability.md	1
53df1b48-0784-49df-9a34-fa89c0f565d3	docs/probe-runs/campaign-of-2026-09-28-campaign-tier-present-arm-sufficiency.md	1
53df1b48-0784-49df-9a34-fa89c0f565d3	docs/probe-runs/regression-probe-transcript-for-2026-09-17-after-the-probe-corrections.md	0
53df1b48-0784-49df-9a34-fa89c0f565d3	docs/process/decisions/0009-a-release-gets-all-its-assets-in-one-create-call-and-a-person-deletes-it-to-run-again.md	0
53df1b48-0784-49df-9a34-fa89c0f565d3	docs/process/decisions/0017-ci-concurrency-is-per-ref-and-every-ref-but-main-cancels-a-superseded-run.md	0
53df1b48-0784-49df-9a34-fa89c0f565d3	docs/process/explanations/where-a-ci-job-runs.md	0
53df1b48-0784-49df-9a34-fa89c0f565d3	missing	0
559b57f4-9cc3-4947-9cb0-e6442e949d35	docs/decisions/0003-how-much-of-the-default-taxonomy-ships-in-the-box.md	0
559b57f4-9cc3-4947-9cb0-e6442e949d35	docs/decisions/0011-license-and-distribution-posture.md	0
559b57f4-9cc3-4947-9cb0-e6442e949d35	docs/decisions/0047-how-the-two-halves-of-the-site-share-one-host.md	0
559b57f4-9cc3-4947-9cb0-e6442e949d35	docs/decisions/0060-the-engine-s-version-stays-one-number-and-a-build-s-exact-commit-is-a-separate-unwired-fact.md	0
559b57f4-9cc3-4947-9cb0-e6442e949d35	docs/decisions/0079-criterion-5-admits-naming-or-extending-a-core-serving-kind-and-a-facet-only-entry-ships-no-templates-directory-under-criterion-2.md	0
559b57f4-9cc3-4947-9cb0-e6442e949d35	docs/how-to/cut-a-release.md	0
559b57f4-9cc3-4947-9cb0-e6442e949d35	docs/how-to/keep-derived-files-from-conflicting-in-parallel-pull-requests.md	1
559b57f4-9cc3-4947-9cb0-e6442e949d35	docs/interfaces/headwater-json.md	0
559b57f4-9cc3-4947-9cb0-e6442e949d35	docs/obligations/0073-the-prior-version-still-owes-the-key-edit-that-the-clock.md	0
559b57f4-9cc3-4947-9cb0-e6442e949d35	docs/obligations/0161-the-validation-block-of-mkdocs-yml-is-a-gate-this-repository-owns-and-no-fixture-drives.md	0
559b57f4-9cc3-4947-9cb0-e6442e949d35	docs/obligations/0201-no-coverage-or-mutation-measurement-has-ever-been-taken-over-the-engine-s-test-suite.md	0
559b57f4-9cc3-4947-9cb0-e6442e949d35	docs/obligations/0207-the-plan-usage-of-one-issue-is-known-only-as-the-average-of-its-run.md	0
559b57f4-9cc3-4947-9cb0-e6442e949d35	docs/obligations/0211-two-hand-remedy-lines-for-hw-cargo-in-hw-run-policy-may-no-longer-earn-their-cost-on-every-dispatch.md	0
559b57f4-9cc3-4947-9cb0-e6442e949d35	docs/requirements/0002-every-document-of-a-kind-that-requires-sections-carries-all-of-them.md	0
559b57f4-9cc3-4947-9cb0-e6442e949d35	docs/spec/17-orchestration-architecture.md	1
559b57f4-9cc3-4947-9cb0-e6442e949d35	missing	0
566522ac-4978-4f76-8049-879e310a7986	docs/decisions/0050-q50-where-the-visual-register-of-the-hand-built-pages-lives.md	0
566522ac-4978-4f76-8049-879e310a7986	docs/decisions/0085-a-live-document-that-rests-on-a-draft-one-is-reported-over-every-relation-because-a-draft-leaves-no-record-to-cite.md	0
566522ac-4978-4f76-8049-879e310a7986	docs/evaluations/governs-edges-what-an-anchor-reaches-what-covers-it-when-it-ages-and-where-a-session-meets-it.md	0
566522ac-4978-4f76-8049-879e310a7986	docs/how-to/diagnose-an-isolation-failure.md	0
566522ac-4978-4f76-8049-879e310a7986	docs/interfaces/headwater-derived.md	0
566522ac-4978-4f76-8049-879e310a7986	docs/interfaces/headwater-export.md	0
566522ac-4978-4f76-8049-879e310a7986	docs/interfaces/headwater-infer.md	0
566522ac-4978-4f76-8049-879e310a7986	docs/interfaces/headwater-neighbors.md	0
566522ac-4978-4f76-8049-879e310a7986	docs/obligations/0087-fixable-has-two-readings-inside-one-engine.md	0
566522ac-4978-4f76-8049-879e310a7986	docs/obligations/0129-spec-12-calls-two-phase-a-outcomes-structural-findings-and-the-engine-emits-none.md	0
566522ac-4978-4f76-8049-879e310a7986	docs/obligations/0133-two-test-helpers-key-a-scratch-directory-on-the-pid-alone-and-the-race-springs-on-the-next-case-added.md	0
566522ac-4978-4f76-8049-879e310a7986	docs/obligations/0163-ten-decision-records-claim-a-q-number-the-decision-register-does-not-carry.md	0
566522ac-4978-4f76-8049-879e310a7986	docs/probes/a-session-answers-from-the-register-without-opening-the-question-it-replaced.md	0
566522ac-4978-4f76-8049-879e310a7986	docs/spec/15-the-recorder-contract.md	0
566522ac-4978-4f76-8049-879e310a7986	missing	0
57a5a8c1-4bc4-4499-9838-3de28ed9cced	docs/decisions/0036-q36-which-of-mkdocs-docusaurus-or-astro-this-corpus-emits-navigation-for-and-why.md	0
57a5a8c1-4bc4-4499-9838-3de28ed9cced	docs/decisions/0042-q42-what-one-screen-means-for-the-first-help-screen.md	0
57a5a8c1-4bc4-4499-9838-3de28ed9cced	docs/decisions/0075-the-vendor-verb-may-take-a-location-and-the-fetch-lives-only-in-a-crate-the-checking-loop-never-links.md	0
57a5a8c1-4bc4-4499-9838-3de28ed9cced	docs/evaluations/a-probe-task-section-is-the-prompt-so-commentary-under-that-heading-is-prompt.md	0
57a5a8c1-4bc4-4499-9838-3de28ed9cced	docs/evaluations/linkml-worked-example.md	0
57a5a8c1-4bc4-4499-9838-3de28ed9cced	docs/evaluations/the-pointer-probe-grades-a-session-against-the-router-s-own-first-pick-so-a-correct-session-that-declines-a-wrong-pointer-fails.md	0
57a5a8c1-4bc4-4499-9838-3de28ed9cced	docs/evaluations/what-a-check-can-know.md	0
57a5a8c1-4bc4-4499-9838-3de28ed9cced	docs/interfaces/headwater-check.md	0
57a5a8c1-4bc4-4499-9838-3de28ed9cced	docs/interfaces/headwater-json.md	0
57a5a8c1-4bc4-4499-9838-3de28ed9cced	docs/obligations/0012-the-human-half-of-the-public-presence-claim-has-no-instrument.md	0
57a5a8c1-4bc4-4499-9838-3de28ed9cced	docs/obligations/0026-the-operational-shape-of-a-hosted-server-is-unstated.md	0
57a5a8c1-4bc4-4499-9838-3de28ed9cced	docs/obligations/0027-what-optional-holds-under-the-package-root.md	0
57a5a8c1-4bc4-4499-9838-3de28ed9cced	docs/obligations/0208-four-small-test-and-wording-gaps-from-run-20260923-0733-filed-together.md	0
57a5a8c1-4bc4-4499-9838-3de28ed9cced	docs/spec/00-vision-and-scope.md	0
57a5a8c1-4bc4-4499-9838-3de28ed9cced	docs/verifications/0001-the-section-heading-rule-has-no-case-table-and-a-golden-fixture-report-is-what-proves-it-runs.md	0
57a5a8c1-4bc4-4499-9838-3de28ed9cced	missing	0
5986c1b4-9b7a-43fe-8b16-83b0f63c623f	docs/decisions/0031-q31-whether-this-repository-becomes-public-and-when.md	0
5986c1b4-9b7a-43fe-8b16-83b0f63c623f	docs/how-to/cut-a-release.md	0
5986c1b4-9b7a-43fe-8b16-83b0f63c623f	docs/obligations/0011-nothing-has-been-promoted-out-of-the-synthesized-tier.md	0
5986c1b4-9b7a-43fe-8b16-83b0f63c623f	docs/obligations/0072-a-cache-of-check-results-does-not-make-a-run-proportional.md	0
5986c1b4-9b7a-43fe-8b16-83b0f63c623f	docs/obligations/0096-whether-anything-is-ever-promoted-out-of-the-asserted-tier.md	0
5986c1b4-9b7a-43fe-8b16-83b0f63c623f	docs/obligations/0113-every-check-passes-a-document-that-is-still-the-scaffolder-s-placeholder.md	0
5986c1b4-9b7a-43fe-8b16-83b0f63c623f	docs/obligations/0207-the-plan-usage-of-one-issue-is-known-only-as-the-average-of-its-run.md	0
5986c1b4-9b7a-43fe-8b16-83b0f63c623f	docs/obligations/0212-ci-done-sh-reads-a-cancelled-run-of-another-branch-as-a-red-result-on-a-main-merge-commit.md	0
5986c1b4-9b7a-43fe-8b16-83b0f63c623f	docs/probe-runs/regression-probe-transcript-for-2026-09-17-after-the-probe-corrections.md	0
5986c1b4-9b7a-43fe-8b16-83b0f63c623f	docs/process/decisions/0007-a-background-wait-caps-below-the-cache-lifetime-and-re-issues-itself.md	0
5986c1b4-9b7a-43fe-8b16-83b0f63c623f	missing	0
598ab39b-c0e2-4590-8ce0-1ba1a88d74d2	docs/decisions/0007-scope-of-the-mcp-surface.md	0
598ab39b-c0e2-4590-8ce0-1ba1a88d74d2	docs/decisions/0015-a-synthesized-content-tier.md	0
598ab39b-c0e2-4590-8ce0-1ba1a88d74d2	docs/decisions/0096-harper-does-not-become-part-of-the-engine-now-and-q41-stands.md	0
598ab39b-c0e2-4590-8ce0-1ba1a88d74d2	docs/evaluations/what-a-check-can-know.md	0
598ab39b-c0e2-4590-8ce0-1ba1a88d74d2	docs/how-to/keep-derived-files-from-conflicting-in-parallel-pull-requests.md	0
598ab39b-c0e2-4590-8ce0-1ba1a88d74d2	docs/obligations/0109-the-capture-cost-denominator-is-set-by-declaration-and-not-by-work.md	0
598ab39b-c0e2-4590-8ce0-1ba1a88d74d2	docs/obligations/0112-a-surface-cannot-move-the-assisted-fraction-of-a-run.md	0
598ab39b-c0e2-4590-8ce0-1ba1a88d74d2	docs/obligations/0121-three-conformance-rules-name-an-attestation-that-no-record-format-exists-for.md	0
598ab39b-c0e2-4590-8ce0-1ba1a88d74d2	docs/obligations/0157-the-capture-report-says-two-denominators-over-a-store-that-named-seventeen-taxonomies.md	0
598ab39b-c0e2-4590-8ce0-1ba1a88d74d2	docs/obligations/0218-the-opening-sentence-of-the-self-found-list-in-spec-13-counts-forty-nine-items-in-ranges-that-do-not-match-the-list.md	0
598ab39b-c0e2-4590-8ce0-1ba1a88d74d2	docs/probe-runs/second-campaign-pilot-of-2026-09-28-campaign-tier-present-arm-sufficiency.md	0
598ab39b-c0e2-4590-8ce0-1ba1a88d74d2	docs/process/evaluations/one-clone-many-agents-how-this-repository-isolates-the-sessions-that-build-it.md	0
598ab39b-c0e2-4590-8ce0-1ba1a88d74d2	docs/process/explanations/where-a-ci-job-runs.md	0
598ab39b-c0e2-4590-8ce0-1ba1a88d74d2	docs/process/specs/orchestration-architecture.md	0
598ab39b-c0e2-4590-8ce0-1ba1a88d74d2	docs/spec/16-harness-support.md	0
598ab39b-c0e2-4590-8ce0-1ba1a88d74d2	missing	0
5a6d33ac-4f6a-4113-8aa0-2af1f15eebaa	docs/decisions/0061-q61-how-a-recorded-terminal-demonstration-is-held-against-a-run.md	0
5a6d33ac-4f6a-4113-8aa0-2af1f15eebaa	docs/how-to/relocate-a-shelf.md	0
5a6d33ac-4f6a-4113-8aa0-2af1f15eebaa	docs/how-to/rotate-or-revoke-the-apt-signing-subkey.md	0
5a6d33ac-4f6a-4113-8aa0-2af1f15eebaa	docs/obligations/0072-a-cache-of-check-results-does-not-make-a-run-proportional.md	0
5a6d33ac-4f6a-4113-8aa0-2af1f15eebaa	docs/obligations/0181-an-unresolved-prose-link-reaches-a-run-as-a-graph-fact-and-no-rule-turns-it-into-a-finding.md	0
5a6d33ac-4f6a-4113-8aa0-2af1f15eebaa	docs/obligations/0223-no-run-measures-whether-the-documents-under-docs-change-what-an-agent-builds.md	0
5a6d33ac-4f6a-4113-8aa0-2af1f15eebaa	docs/probes/a-session-answers-from-the-register-without-opening-the-question-it-replaced.md	0
5a6d33ac-4f6a-4113-8aa0-2af1f15eebaa	docs/process/decisions/0005-the-ledger-is-split-its-tabular-parts-are-jsonl-and-its-totals-are-derived.md	0
5a6d33ac-4f6a-4113-8aa0-2af1f15eebaa	docs/process/evaluations/the-build-order-as-a-multi-agent-system.md	2
5a6d33ac-4f6a-4113-8aa0-2af1f15eebaa	docs/process/evaluations/two-triggers-one-verdict-how-this-repository-s-ci-decides-where-a-job-runs-and-what-it-trusts.md	1
5a6d33ac-4f6a-4113-8aa0-2af1f15eebaa	docs/process/explanations/where-a-ci-job-runs.md	1
5a6d33ac-4f6a-4113-8aa0-2af1f15eebaa	docs/process/obligations/0207-the-plan-usage-of-one-issue-is-known-only-as-the-average-of-its-run.md	1
5a6d33ac-4f6a-4113-8aa0-2af1f15eebaa	docs/process/obligations/0220-no-disk-floor-is-stated-for-a-build-order-run-and-nothing-prunes-the-cargo-pool.md	1
5a6d33ac-4f6a-4113-8aa0-2af1f15eebaa	docs/process/specs/orchestration-architecture.md	2
5a6d33ac-4f6a-4113-8aa0-2af1f15eebaa	docs/reviews/core-concepts-review-findings-2.md	0
5a6d33ac-4f6a-4113-8aa0-2af1f15eebaa	missing	0
5ad9d2fc-2976-4311-9051-2c023b680f31	docs/decisions/0009-multi-repository-corpora.md	0
5ad9d2fc-2976-4311-9051-2c023b680f31	docs/decisions/0031-q31-whether-this-repository-becomes-public-and-when.md	0
5ad9d2fc-2976-4311-9051-2c023b680f31	docs/decisions/0033-q33-whether-the-command-line-is-derived-and-who-a-flag-belongs-to.md	0
5ad9d2fc-2976-4311-9051-2c023b680f31	docs/evaluations/capability-bundle-address-inventory.md	0
5ad9d2fc-2976-4311-9051-2c023b680f31	docs/evaluations/first-contact.md	0
5ad9d2fc-2976-4311-9051-2c023b680f31	docs/evaluations/graph-export-and-federation.md	0
5ad9d2fc-2976-4311-9051-2c023b680f31	docs/evaluations/inspect-evals-worked-example.md	0
5ad9d2fc-2976-4311-9051-2c023b680f31	docs/how-to/mine-the-shadow-mode-routing-log.md	0
5ad9d2fc-2976-4311-9051-2c023b680f31	docs/interfaces/headwater-gate.md	0
5ad9d2fc-2976-4311-9051-2c023b680f31	docs/interfaces/headwater-infer.md	0
5ad9d2fc-2976-4311-9051-2c023b680f31	docs/obligations/0019-whether-any-corpus-needs-a-second-export-profile.md	0
5ad9d2fc-2976-4311-9051-2c023b680f31	docs/obligations/0057-a-retrofit-cannot-recover-the-two-dates-or-the-acceptance.md	0
5ad9d2fc-2976-4311-9051-2c023b680f31	docs/obligations/0092-how-a-probe-reaches-a-harvesting-tier-and-what-a-transcript.md	0
5ad9d2fc-2976-4311-9051-2c023b680f31	docs/spec/00-vision-and-scope.md	0
5ad9d2fc-2976-4311-9051-2c023b680f31	docs/spec/07-distribution-and-federation.md	0
5ad9d2fc-2976-4311-9051-2c023b680f31	missing	0
5b459d10-c106-48e9-b916-40b909c279ec	docs/decisions/0052-a-document-is-proposed-at-the-state-it-will-hold-and-the-merge-activates-it.md	0
5b459d10-c106-48e9-b916-40b909c279ec	docs/how-to/publish-your-corpus-as-a-site.md	0
5b459d10-c106-48e9-b916-40b909c279ec	docs/interfaces/headwater-json.md	0
5b459d10-c106-48e9-b916-40b909c279ec	docs/obligations/0011-one-document-has-been-promoted-out-of-the-synthesized-tier-and-no-rate-says-whether-the-tier-drains.md	0
5b459d10-c106-48e9-b916-40b909c279ec	docs/obligations/0017-publishing-the-read-set-skips-a-re-run-on-two-of-the-eighteen.md	0
5b459d10-c106-48e9-b916-40b909c279ec	docs/obligations/0072-a-cache-of-check-results-does-not-make-a-run-proportional.md	0
5b459d10-c106-48e9-b916-40b909c279ec	docs/obligations/0146-the-stop-hook-reads-its-re-entry-guard-with-an-interpreter-it-does-not-require-so-a-machine-with-no-python3-re-blocks-the-same-turn.md	0
5b459d10-c106-48e9-b916-40b909c279ec	docs/obligations/0189-a-base-shelf-path-is-closed-to-every-later-entry-over-the-same-ground.md	0
5b459d10-c106-48e9-b916-40b909c279ec	docs/obligations/0204-docs-decisions-0077-still-describes-hw-dr-0049-s-rewrite-as-pending-after-574-made-it.md	0
5b459d10-c106-48e9-b916-40b909c279ec	docs/probe-results/regression-probe-transcript-for-2026-09-09.md	0
5b459d10-c106-48e9-b916-40b909c279ec	docs/probe-runs/regression-probe-transcript-for-2026-09-17-after-the-probe-corrections.md	0
5b459d10-c106-48e9-b916-40b909c279ec	docs/probes/a-cold-agent-reaches-the-governing-document-through-the-corpus-descriptor.md	0
5b459d10-c106-48e9-b916-40b909c279ec	docs/process/decisions/0007-a-background-wait-caps-below-the-cache-lifetime-and-re-issues-itself.md	0
5b459d10-c106-48e9-b916-40b909c279ec	docs/process/decisions/0017-ci-concurrency-is-per-ref-and-every-ref-but-main-cancels-a-superseded-run.md	1
5b459d10-c106-48e9-b916-40b909c279ec	docs/process/decisions/0020-merges-go-through-the-github-merge-queue-one-squash-commit-per-pull-request.md	1
5b459d10-c106-48e9-b916-40b909c279ec	missing	1
5c03abc7-2081-4b54-aa14-900113b1def7	docs/acceptance-criteria/0003-check-reports-a-document-path-written-as-a-relation-target-once-in-every-spelling-and-through-a-symlink.md	0
5c03abc7-2081-4b54-aa14-900113b1def7	docs/evaluations/capability-bundle-address-inventory.md	0
5c03abc7-2081-4b54-aa14-900113b1def7	docs/evaluations/schema-format-walkthrough.md	0
5c03abc7-2081-4b54-aa14-900113b1def7	docs/how-to/diagnose-an-isolation-failure.md	0
5c03abc7-2081-4b54-aa14-900113b1def7	docs/obligations/0097-whether-the-four-modes-of-di-taxis-are-the-kind-set.md	0
5c03abc7-2081-4b54-aa14-900113b1def7	docs/obligations/0131-the-cli-crate-wires-every-verb-and-carries-no-tests-so-two-wiring-defects-passed-a-green-suite.md	0
5c03abc7-2081-4b54-aa14-900113b1def7	docs/probes/what-a-session-writes-points-back-at-the-ruling-it-rests-on.md	0
5c03abc7-2081-4b54-aa14-900113b1def7	docs/process/decisions/0001-orchestration-prose-has-one-owner-per-sentence.md	0
5c03abc7-2081-4b54-aa14-900113b1def7	docs/process/decisions/0017-ci-concurrency-is-per-ref-and-every-ref-but-main-cancels-a-superseded-run.md	0
5c03abc7-2081-4b54-aa14-900113b1def7	docs/process/obligations/0203-three-small-run-tooling-gaps-from-run-20260922-1121-filed-together.md	0
5c03abc7-2081-4b54-aa14-900113b1def7	docs/process/obligations/0211-two-hand-remedy-lines-for-hw-cargo-in-hw-run-policy-may-no-longer-earn-their-cost-on-every-dispatch.md	0
5c03abc7-2081-4b54-aa14-900113b1def7	docs/process/obligations/0212-ci-done-sh-reads-a-cancelled-run-of-another-branch-as-a-red-result-on-a-main-merge-commit.md	0
5c03abc7-2081-4b54-aa14-900113b1def7	docs/process/obligations/0227-seven-run-tooling-gaps-from-run-20260929-2201-filed-together.md	0
5c03abc7-2081-4b54-aa14-900113b1def7	docs/reviews/core-concepts-findings-assessment.md	0
5c03abc7-2081-4b54-aa14-900113b1def7	docs/spec/glossary.md	0
5c03abc7-2081-4b54-aa14-900113b1def7	missing	1
5d11c0df-f667-4cfb-a9c3-4abd3e75df63	docs/acceptance-criteria/0002-every-required-section-of-every-governed-document-has-a-heading.md	0
5d11c0df-f667-4cfb-a9c3-4abd3e75df63	docs/decisions/0011-license-and-distribution-posture.md	0
5d11c0df-f667-4cfb-a9c3-4abd3e75df63	docs/decisions/0059-a-transform-over-a-harness-session-log-is-an-observed-transcript-when-the-log-arrives-by-a-channel-the-model-cannot-write-to.md	0
5d11c0df-f667-4cfb-a9c3-4abd3e75df63	docs/evaluations/default-taxonomy-first-run.md	0
5d11c0df-f667-4cfb-a9c3-4abd3e75df63	docs/evaluations/language-spike-results.md	0
5d11c0df-f667-4cfb-a9c3-4abd3e75df63	docs/obligations/0018-the-bundle-set-is-a-guess-about-how-adopters-cluster.md	0
5d11c0df-f667-4cfb-a9c3-4abd3e75df63	docs/obligations/0019-whether-any-corpus-needs-a-second-export-profile.md	0
5d11c0df-f667-4cfb-a9c3-4abd3e75df63	docs/obligations/0063-an-anchor-that-resolves-inside-a-declared-exclusion.md	0
5d11c0df-f667-4cfb-a9c3-4abd3e75df63	docs/obligations/0074-a-check-version-is-raised-by-hand-and-nothing-catches-a-stale.md	0
5d11c0df-f667-4cfb-a9c3-4abd3e75df63	docs/obligations/0082-the-lock-is-half-generated-and-half-authored-and-nothing.md	0
5d11c0df-f667-4cfb-a9c3-4abd3e75df63	docs/obligations/0085-headwater-init-cannot-reach-a-package-that-is-not-already.md	0
5d11c0df-f667-4cfb-a9c3-4abd3e75df63	docs/obligations/0107-the-base-package-ships-a-kind-that-the-scaffolder-refuses-to-write.md	0
5d11c0df-f667-4cfb-a9c3-4abd3e75df63	docs/obligations/0113-every-check-passes-a-document-that-is-still-the-scaffolder-s-placeholder.md	0
5d11c0df-f667-4cfb-a9c3-4abd3e75df63	docs/obligations/0162-spec-7-prints-a-package-version-that-no-check-compares-with-the-recipe.md	0
5d11c0df-f667-4cfb-a9c3-4abd3e75df63	docs/verifications/0001-the-section-heading-rule-has-no-case-table-and-a-golden-fixture-report-is-what-proves-it-runs.md	0
5d11c0df-f667-4cfb-a9c3-4abd3e75df63	missing	1
5d7d00f3-ad76-4ff0-8b20-a1e78e530a68	docs/decisions/0031-q31-whether-this-repository-becomes-public-and-when.md	0
5d7d00f3-ad76-4ff0-8b20-a1e78e530a68	docs/decisions/0050-q50-where-the-visual-register-of-the-hand-built-pages-lives.md	0
5d7d00f3-ad76-4ff0-8b20-a1e78e530a68	docs/decisions/0078-a-recorded-terminal-demonstration-may-show-a-frozen-number-behind-a-recorded-on-date-marker.md	0
5d7d00f3-ad76-4ff0-8b20-a1e78e530a68	docs/how-to/diagnose-an-isolation-failure.md	0
5d7d00f3-ad76-4ff0-8b20-a1e78e530a68	docs/how-to/mine-the-shadow-mode-routing-log.md	0
5d7d00f3-ad76-4ff0-8b20-a1e78e530a68	docs/obligations/0072-a-cache-of-check-results-does-not-make-a-run-proportional.md	0
5d7d00f3-ad76-4ff0-8b20-a1e78e530a68	docs/obligations/0076-a-generated-check-reads-its-severity-from-the-taxonomy.md	0
5d7d00f3-ad76-4ff0-8b20-a1e78e530a68	docs/obligations/0082-the-lock-is-half-generated-and-half-authored-and-nothing.md	0
5d7d00f3-ad76-4ff0-8b20-a1e78e530a68	docs/obligations/0110-the-loss-census-carries-a-finding-by-substring-so-an-index-of-rules-and-paths-passes-it.md	0
5d7d00f3-ad76-4ff0-8b20-a1e78e530a68	docs/obligations/0115-a-pinned-digest-authenticates-the-pin-and-never-the-publisher.md	0
5d7d00f3-ad76-4ff0-8b20-a1e78e530a68	docs/obligations/0133-two-test-helpers-key-a-scratch-directory-on-the-pid-alone-and-the-race-springs-on-the-next-case-added.md	0
5d7d00f3-ad76-4ff0-8b20-a1e78e530a68	docs/obligations/0167-the-default-branch-requires-no-approving-review-which-is-the-condition-hw-dr-0034-named-as-reopening-it.md	0
5d7d00f3-ad76-4ff0-8b20-a1e78e530a68	docs/obligations/0169-the-coverage-report-lists-one-path-twice-so-the-self-assessment-page-publishes-two-unaccounted-files-where-one-exists.md	0
5d7d00f3-ad76-4ff0-8b20-a1e78e530a68	docs/reviews/core-concepts-review-findings-2.md	0
5d7d00f3-ad76-4ff0-8b20-a1e78e530a68	docs/spec/15-the-recorder-contract.md	0
5d7d00f3-ad76-4ff0-8b20-a1e78e530a68	missing	0
5da8561c-01a3-4888-a16d-1c4558b2d78c	docs/decisions/0031-q31-whether-this-repository-becomes-public-and-when.md	0
5da8561c-01a3-4888-a16d-1c4558b2d78c	docs/decisions/0078-a-recorded-terminal-demonstration-may-show-a-frozen-number-behind-a-recorded-on-date-marker.md	0
5da8561c-01a3-4888-a16d-1c4558b2d78c	docs/evaluations/default-taxonomy-first-run.md	0
5da8561c-01a3-4888-a16d-1c4558b2d78c	docs/evaluations/the-pointer-probe-grades-a-session-against-the-router-s-own-first-pick-so-a-correct-session-that-declines-a-wrong-pointer-fails.md	0
5da8561c-01a3-4888-a16d-1c4558b2d78c	docs/how-to/mine-the-shadow-mode-routing-log.md	0
5da8561c-01a3-4888-a16d-1c4558b2d78c	docs/obligations/0004-working-tree-write-tools-have-no-measured-effect.md	0
5da8561c-01a3-4888-a16d-1c4558b2d78c	docs/obligations/0008-an-adoption-payload-has-a-first-reading-and-no-elapsed-time.md	0
5da8561c-01a3-4888-a16d-1c4558b2d78c	docs/obligations/0020-whether-a-solution-corpus-vendors-each-source-export.md	0
5da8561c-01a3-4888-a16d-1c4558b2d78c	docs/obligations/0094-where-a-commercial-tier-could-sit-and-how-thin-the-trademark.md	0
5da8561c-01a3-4888-a16d-1c4558b2d78c	docs/obligations/0130-the-publication-date-of-this-repository-is-unset-and-the-owner-alone-sets-it.md	0
5da8561c-01a3-4888-a16d-1c4558b2d78c	docs/probe-results/regression-probe-transcript-for-2026-09-17-after-the-probe-corrections.md	0
5da8561c-01a3-4888-a16d-1c4558b2d78c	docs/probe-runs/regression-probe-transcript-for-2026-09-11.md	0
5da8561c-01a3-4888-a16d-1c4558b2d78c	docs/process/decisions/0008-the-board-has-an-owner-of-its-structure-and-its-milestones-are-capped-versions.md	2
5da8561c-01a3-4888-a16d-1c4558b2d78c	docs/process/obligations/0221-subagents-read-skills-from-the-shared-checkout-and-a-worktree-isolated-integrator-cannot-fast-forward-it-after-a-merge.md	0
5da8561c-01a3-4888-a16d-1c4558b2d78c	docs/spec/00-vision-and-scope.md	0
5da8561c-01a3-4888-a16d-1c4558b2d78c	missing	0
5e7aa005-8c6f-4678-9591-2218f737eab2	docs/decisions/0028-q28-whether-an-evaluation-is-governed-prose.md	2
5e7aa005-8c6f-4678-9591-2218f737eab2	docs/decisions/0044-q44-whether-bundles-decompose-into-capabilities-and-assemblies-compose-practices.md	1
5e7aa005-8c6f-4678-9591-2218f737eab2	docs/evaluations/specifying-the-engine.md	2
5e7aa005-8c6f-4678-9591-2218f737eab2	docs/evaluations/theoretical-foundations.md	0
5e7aa005-8c6f-4678-9591-2218f737eab2	docs/obligations/0036-identity-below-the-grain-of-a-document.md	0
5e7aa005-8c6f-4678-9591-2218f737eab2	docs/obligations/0041-no-declaration-expresses-a-rule-about-content-or-state-over.md	0
5e7aa005-8c6f-4678-9591-2218f737eab2	docs/obligations/0051-downstream-delivery-of-a-standards-corpus.md	0
5e7aa005-8c6f-4678-9591-2218f737eab2	docs/obligations/0149-the-write-time-hook-still-picks-pointer-lines-out-of-prose-by-their-em-dash.md	0
5e7aa005-8c6f-4678-9591-2218f737eab2	docs/obligations/0192-assumptions-that-a-library-entry-takes-where-the-specification-does-not-speak.md	0
5e7aa005-8c6f-4678-9591-2218f737eab2	docs/probes/a-cold-agent-reaches-the-governing-document-through-the-corpus-descriptor.md	0
5e7aa005-8c6f-4678-9591-2218f737eab2	docs/reviews/core-concepts-findings-assessment.md	0
5e7aa005-8c6f-4678-9591-2218f737eab2	docs/spec/03-authoring-and-lifecycle.md	1
5e7aa005-8c6f-4678-9591-2218f737eab2	docs/spec/08-design-departures.md	0
5e7aa005-8c6f-4678-9591-2218f737eab2	docs/spec/09-decisions.md	0
5e7aa005-8c6f-4678-9591-2218f737eab2	docs/tutorials/your-first-governed-corpus.md	0
5e7aa005-8c6f-4678-9591-2218f737eab2	missing	0
5f0b8acd-bb10-4679-b016-47a0a1ded00c	docs/decisions/0002-schema-format.md	0
5f0b8acd-bb10-4679-b016-47a0a1ded00c	docs/decisions/0010-naming.md	0
5f0b8acd-bb10-4679-b016-47a0a1ded00c	docs/decisions/0017-governed-access-and-the-solution-layer.md	0
5f0b8acd-bb10-4679-b016-47a0a1ded00c	docs/decisions/0038-q38-which-link-relation-a-rendered-page-carries-to-the-served-corpus-descriptor.md	0
5f0b8acd-bb10-4679-b016-47a0a1ded00c	docs/decisions/0073-a-verification-is-a-kind-and-its-identity-is-minted-rather-than-found-in-the-code-that-cites-it.md	0
5f0b8acd-bb10-4679-b016-47a0a1ded00c	docs/evaluations/linkml-worked-example.md	0
5f0b8acd-bb10-4679-b016-47a0a1ded00c	docs/evaluations/the-build-order-as-a-multi-agent-system.md	2
5f0b8acd-bb10-4679-b016-47a0a1ded00c	docs/how-to/diagnose-an-isolation-failure.md	0
5f0b8acd-bb10-4679-b016-47a0a1ded00c	docs/interfaces/headwater-check.md	0
5f0b8acd-bb10-4679-b016-47a0a1ded00c	docs/obligations/0029-what-headwater-query-takes.md	0
5f0b8acd-bb10-4679-b016-47a0a1ded00c	docs/obligations/0107-the-base-package-ships-a-kind-that-the-scaffolder-refuses-to-write.md	0
5f0b8acd-bb10-4679-b016-47a0a1ded00c	docs/obligations/0120-no-reader-takes-a-waiver-against-a-check-finding-so-one-arm-of-the-escape-partition-is-empty.md	0
5f0b8acd-bb10-4679-b016-47a0a1ded00c	docs/requirements/0002-every-document-of-a-kind-that-requires-sections-carries-all-of-them.md	0
5f0b8acd-bb10-4679-b016-47a0a1ded00c	docs/spec/00-vision-and-scope.md	1
5f0b8acd-bb10-4679-b016-47a0a1ded00c	missing	1
63f38ad1-8634-4782-a470-2f7fc8ea2e95	docs/evaluations/external-evaluation-harnesses-and-benchmarks-for-the-probe-campaign.md	1
63f38ad1-8634-4782-a470-2f7fc8ea2e95	docs/evaluations/shacl-worked-example.md	0
63f38ad1-8634-4782-a470-2f7fc8ea2e95	docs/how-to/relocate-a-shelf.md	0
63f38ad1-8634-4782-a470-2f7fc8ea2e95	docs/interfaces/headwater-sweep.md	0
63f38ad1-8634-4782-a470-2f7fc8ea2e95	docs/obligations/0001-the-promotion-fix-has-no-reading-of-the-assisted-fraction.md	0
63f38ad1-8634-4782-a470-2f7fc8ea2e95	docs/obligations/0017-publishing-the-read-set-skips-a-re-run-on-two-of-the-eighteen.md	0
63f38ad1-8634-4782-a470-2f7fc8ea2e95	docs/obligations/0020-whether-a-solution-corpus-vendors-each-source-export.md	0
63f38ad1-8634-4782-a470-2f7fc8ea2e95	docs/obligations/0072-a-cache-of-check-results-does-not-make-a-run-proportional.md	0
63f38ad1-8634-4782-a470-2f7fc8ea2e95	docs/obligations/0157-the-capture-report-says-two-denominators-over-a-store-that-named-seventeen-taxonomies.md	0
63f38ad1-8634-4782-a470-2f7fc8ea2e95	docs/obligations/0161-the-validation-block-of-mkdocs-yml-is-a-gate-this-repository-owns-and-no-fixture-drives.md	0
63f38ad1-8634-4782-a470-2f7fc8ea2e95	docs/obligations/0215-a-bless-run-of-the-conformance-render-tests-races-two-tests-over-one-fixture-file.md	0
63f38ad1-8634-4782-a470-2f7fc8ea2e95	docs/probes/the-pointer-this-corpus-offers-for-a-task-is-the-document-a-session-opens.md	0
63f38ad1-8634-4782-a470-2f7fc8ea2e95	docs/process/decisions/0017-ci-concurrency-is-per-ref-and-every-ref-but-main-cancels-a-superseded-run.md	0
63f38ad1-8634-4782-a470-2f7fc8ea2e95	docs/process/obligations/0203-three-small-run-tooling-gaps-from-run-20260922-1121-filed-together.md	1
63f38ad1-8634-4782-a470-2f7fc8ea2e95	docs/reviews/core-concepts-review-findings.md	0
63f38ad1-8634-4782-a470-2f7fc8ea2e95	missing	1
647039ac-5f21-4c68-b0e1-4355266f30aa	docs/acceptance-criteria/0004-each-list-anchor-in-the-native-export-carries-its-sorted-members-and-a-single-pattern-carries-none.md	0
647039ac-5f21-4c68-b0e1-4355266f30aa	docs/decisions/0031-q31-whether-this-repository-becomes-public-and-when.md	0
647039ac-5f21-4c68-b0e1-4355266f30aa	docs/decisions/0052-a-document-is-proposed-at-the-state-it-will-hold-and-the-merge-activates-it.md	0
647039ac-5f21-4c68-b0e1-4355266f30aa	docs/how-to/rotate-or-revoke-the-apt-signing-subkey.md	0
647039ac-5f21-4c68-b0e1-4355266f30aa	docs/interfaces/headwater-help.md	0
647039ac-5f21-4c68-b0e1-4355266f30aa	docs/interfaces/headwater-show.md	0
647039ac-5f21-4c68-b0e1-4355266f30aa	docs/obligations/0057-a-retrofit-cannot-recover-the-two-dates-or-the-acceptance.md	0
647039ac-5f21-4c68-b0e1-4355266f30aa	docs/obligations/0130-the-publication-date-of-this-repository-is-unset-and-the-owner-alone-sets-it.md	0
647039ac-5f21-4c68-b0e1-4355266f30aa	docs/obligations/0163-ten-decision-records-claim-a-q-number-the-decision-register-does-not-carry.md	0
647039ac-5f21-4c68-b0e1-4355266f30aa	docs/obligations/0182-the-publish-crates-retry-loop-has-no-retry-ceiling.md	0
647039ac-5f21-4c68-b0e1-4355266f30aa	docs/obligations/0204-docs-decisions-0077-still-describes-hw-dr-0049-s-rewrite-as-pending-after-574-made-it.md	0
647039ac-5f21-4c68-b0e1-4355266f30aa	docs/probe-runs/regression-probe-transcript-for-2026-09-11.md	0
647039ac-5f21-4c68-b0e1-4355266f30aa	docs/probe-runs/status-probe-pilot-of-2026-09-29-campaign-tier-absent-arm-sufficiency.md	0
647039ac-5f21-4c68-b0e1-4355266f30aa	docs/probe-runs/status-probe-pilot-of-2026-09-29-campaign-tier-present-arm-sufficiency.md	0
647039ac-5f21-4c68-b0e1-4355266f30aa	docs/process/obligations/0209-a-build-order-dispatch-passes-no-isolation-so-a-stage-can-inherit-the-parent-worktree-as-its-working-directory.md	0
647039ac-5f21-4c68-b0e1-4355266f30aa	missing	0
649aa3f4-93ee-4b79-aae6-5476584e95b7	docs/decisions/0006-where-the-corpus-graph-lives-at-rest.md	0
649aa3f4-93ee-4b79-aae6-5476584e95b7	docs/decisions/0072-the-binary-is-the-only-interface-an-adopter-must-run-and-every-integration-point-outside-it-is-declared.md	0
649aa3f4-93ee-4b79-aae6-5476584e95b7	docs/evaluations/two-triggers-one-verdict-how-this-repository-s-ci-decides-where-a-job-runs-and-what-it-trusts.md	0
649aa3f4-93ee-4b79-aae6-5476584e95b7	docs/how-to/relocate-a-shelf.md	0
649aa3f4-93ee-4b79-aae6-5476584e95b7	docs/obligations/0008-an-adoption-payload-has-a-first-reading-and-no-elapsed-time.md	0
649aa3f4-93ee-4b79-aae6-5476584e95b7	docs/obligations/0072-a-cache-of-check-results-does-not-make-a-run-proportional.md	0
649aa3f4-93ee-4b79-aae6-5476584e95b7	docs/obligations/0182-the-publish-crates-retry-loop-has-no-retry-ceiling.md	0
649aa3f4-93ee-4b79-aae6-5476584e95b7	docs/obligations/0203-three-small-run-tooling-gaps-from-run-20260922-1121-filed-together.md	0
649aa3f4-93ee-4b79-aae6-5476584e95b7	docs/obligations/0206-hw-run-policy-names-a-worktree-add-workaround-that-write-edit-refuses-under-this-harness.md	0
649aa3f4-93ee-4b79-aae6-5476584e95b7	docs/probe-runs/regression-probe-transcript-for-2026-09-16.md	1
649aa3f4-93ee-4b79-aae6-5476584e95b7	docs/probe-runs/regression-probe-transcript-for-2026-09-17-after-the-probe-corrections.md	1
649aa3f4-93ee-4b79-aae6-5476584e95b7	docs/process/decisions/0005-the-ledger-is-split-its-tabular-parts-are-jsonl-and-its-totals-are-derived.md	0
649aa3f4-93ee-4b79-aae6-5476584e95b7	docs/process/decisions/0007-a-background-wait-caps-below-the-cache-lifetime-and-re-issues-itself.md	0
649aa3f4-93ee-4b79-aae6-5476584e95b7	docs/process/decisions/0020-merges-go-through-the-github-merge-queue-one-squash-commit-per-pull-request.md	0
649aa3f4-93ee-4b79-aae6-5476584e95b7	docs/process/explanations/where-a-ci-job-runs.md	0
649aa3f4-93ee-4b79-aae6-5476584e95b7	missing	1
6753227a-ac73-4879-b730-46a29d2e5540	docs/decisions/0073-a-verification-is-a-kind-and-its-identity-is-minted-rather-than-found-in-the-code-that-cites-it.md	0
6753227a-ac73-4879-b730-46a29d2e5540	docs/decisions/0077-the-consumer-surface-is-what-an-adopter-receives-runs-and-must-have-installed-and-it-is-a-closed-and-declared-list.md	0
6753227a-ac73-4879-b730-46a29d2e5540	docs/evaluations/one-clone-many-agents-how-this-repository-isolates-the-sessions-that-build-it.md	1
6753227a-ac73-4879-b730-46a29d2e5540	docs/evaluations/two-triggers-one-verdict-how-this-repository-s-ci-decides-where-a-job-runs-and-what-it-trusts.md	0
6753227a-ac73-4879-b730-46a29d2e5540	docs/how-to/mine-the-shadow-mode-routing-log.md	0
6753227a-ac73-4879-b730-46a29d2e5540	docs/how-to/relocate-a-shelf.md	0
6753227a-ac73-4879-b730-46a29d2e5540	docs/interfaces/headwater-change.md	0
6753227a-ac73-4879-b730-46a29d2e5540	docs/obligations/0007-no-count-exists-of-adopters-who-stopped-at-the-license-terms.md	0
6753227a-ac73-4879-b730-46a29d2e5540	docs/obligations/0033-a-required-declaration-that-an-overlay-may-supply.md	0
6753227a-ac73-4879-b730-46a29d2e5540	docs/obligations/0080-changed-only-is-the-content-addressed-cache-under-another-name.md	0
6753227a-ac73-4879-b730-46a29d2e5540	docs/obligations/0108-an-agent-writes-the-acceptance-stamp-of-every-document-in-this-corpus.md	0
6753227a-ac73-4879-b730-46a29d2e5540	docs/process/decisions/0001-orchestration-prose-has-one-owner-per-sentence.md	1
6753227a-ac73-4879-b730-46a29d2e5540	docs/process/decisions/0003-a-dispatch-pays-when-it-retires-more-parent-turns-than-it-costs.md	1
6753227a-ac73-4879-b730-46a29d2e5540	docs/requirements/0002-every-document-of-a-kind-that-requires-sections-carries-all-of-them.md	0
6753227a-ac73-4879-b730-46a29d2e5540	missing	0
67bb9972-a0a8-4ecb-b9be-c2610b172baa	docs/decisions/0015-a-synthesized-content-tier.md	0
67bb9972-a0a8-4ecb-b9be-c2610b172baa	docs/decisions/0063-every-required-facet-of-a-generated-document-is-derived-and-the-emitter-composes-the-summary.md	0
67bb9972-a0a8-4ecb-b9be-c2610b172baa	docs/decisions/0069-a-paragraph-limit-counts-sentences-under-the-language-rule-and-never-words.md	0
67bb9972-a0a8-4ecb-b9be-c2610b172baa	docs/decisions/0087-no-paragraph-limit-joins-the-language-rule-because-most-paragraphs-past-six-sentences-hold-one-topic.md	0
67bb9972-a0a8-4ecb-b9be-c2610b172baa	docs/how-to/rotate-or-revoke-the-apt-signing-subkey.md	0
67bb9972-a0a8-4ecb-b9be-c2610b172baa	docs/interfaces/headwater-json.md	0
67bb9972-a0a8-4ecb-b9be-c2610b172baa	docs/obligations/0014-no-probe-tests-whether-an-agent-reaches-the-adjudication-from.md	0
67bb9972-a0a8-4ecb-b9be-c2610b172baa	docs/obligations/0029-what-headwater-query-takes.md	0
67bb9972-a0a8-4ecb-b9be-c2610b172baa	docs/obligations/0129-spec-12-calls-two-phase-a-outcomes-structural-findings-and-the-engine-emits-none.md	0
67bb9972-a0a8-4ecb-b9be-c2610b172baa	docs/obligations/0143-a-specification-sentence-closes-a-set-with-a-count-the-source-exceeds-and-115-of-127-candidates-are-unchecked.md	0
67bb9972-a0a8-4ecb-b9be-c2610b172baa	docs/obligations/0159-a-sentence-that-opens-with-a-hash-and-an-issue-number-is-folded-into-the-sentence-before-it.md	0
67bb9972-a0a8-4ecb-b9be-c2610b172baa	docs/obligations/0179-the-commit-gate-checks-prose-with-a-binary-it-never-compares-against-the-engine-sources.md	0
67bb9972-a0a8-4ecb-b9be-c2610b172baa	docs/obligations/0218-the-opening-sentence-of-the-self-found-list-in-spec-13-counts-forty-nine-items-in-ranges-that-do-not-match-the-list.md	0
67bb9972-a0a8-4ecb-b9be-c2610b172baa	docs/probes/a-session-follows-a-citation-from-one-record-to-the-next.md	0
67bb9972-a0a8-4ecb-b9be-c2610b172baa	docs/process/specs/orchestration-architecture.md	0
67bb9972-a0a8-4ecb-b9be-c2610b172baa	missing	0
693d70a1-c679-4df2-90a9-d767566a6e6a	docs/decisions/0016-public-presence.md	0
693d70a1-c679-4df2-90a9-d767566a6e6a	docs/decisions/0078-a-recorded-terminal-demonstration-may-show-a-frozen-number-behind-a-recorded-on-date-marker.md	0
693d70a1-c679-4df2-90a9-d767566a6e6a	docs/obligations/0007-no-count-exists-of-adopters-who-stopped-at-the-license-terms.md	0
693d70a1-c679-4df2-90a9-d767566a6e6a	docs/obligations/0026-the-operational-shape-of-a-hosted-server-is-unstated.md	0
693d70a1-c679-4df2-90a9-d767566a6e6a	docs/obligations/0120-no-reader-takes-a-waiver-against-a-check-finding-so-one-arm-of-the-escape-partition-is-empty.md	0
693d70a1-c679-4df2-90a9-d767566a6e6a	docs/obligations/0133-two-test-helpers-key-a-scratch-directory-on-the-pid-alone-and-the-race-springs-on-the-next-case-added.md	0
693d70a1-c679-4df2-90a9-d767566a6e6a	docs/obligations/0208-four-small-test-and-wording-gaps-from-run-20260923-0733-filed-together.md	0
693d70a1-c679-4df2-90a9-d767566a6e6a	docs/probes/a-session-answers-from-the-register-without-opening-the-question-it-replaced.md	0
693d70a1-c679-4df2-90a9-d767566a6e6a	docs/spec/04-assurance-model.md	0
693d70a1-c679-4df2-90a9-d767566a6e6a	docs/spec/13-open-obligations.md	0
693d70a1-c679-4df2-90a9-d767566a6e6a	missing	1
69be72f4-a551-4bce-b5c7-df1d3164cde7	docs/decisions/0063-every-required-facet-of-a-generated-document-is-derived-and-the-emitter-composes-the-summary.md	0
69be72f4-a551-4bce-b5c7-df1d3164cde7	docs/evaluations/language-spike-results.md	0
69be72f4-a551-4bce-b5c7-df1d3164cde7	docs/how-to/diagnose-an-isolation-failure.md	1
69be72f4-a551-4bce-b5c7-df1d3164cde7	docs/interfaces/headwater-change.md	0
69be72f4-a551-4bce-b5c7-df1d3164cde7	docs/obligations/0025-where-the-probe-kind-ships-is-an-unsettled-clustering-question.md	0
69be72f4-a551-4bce-b5c7-df1d3164cde7	docs/obligations/0049-the-meta-schema-closes-eight-value-sets-that-nothing-states.md	0
69be72f4-a551-4bce-b5c7-df1d3164cde7	docs/obligations/0204-docs-decisions-0077-still-describes-hw-dr-0049-s-rewrite-as-pending-after-574-made-it.md	0
69be72f4-a551-4bce-b5c7-df1d3164cde7	docs/probe-results/regression-probe-transcript-for-2026-09-16.md	0
69be72f4-a551-4bce-b5c7-df1d3164cde7	docs/probe-results/regression-probe-transcript-for-2026-09-17-after-the-probe-corrections.md	0
69be72f4-a551-4bce-b5c7-df1d3164cde7	docs/probe-runs/regression-probe-transcript-for-2026-09-16.md	0
69be72f4-a551-4bce-b5c7-df1d3164cde7	docs/probe-runs/regression-probe-transcript-for-2026-09-17-after-the-probe-corrections.md	0
69be72f4-a551-4bce-b5c7-df1d3164cde7	docs/probes/a-session-answers-from-the-register-without-opening-the-question-it-replaced.md	0
69be72f4-a551-4bce-b5c7-df1d3164cde7	docs/probes/the-pointer-this-corpus-offers-for-a-task-is-the-document-a-session-opens.md	0
69be72f4-a551-4bce-b5c7-df1d3164cde7	docs/requirements/0002-every-document-of-a-kind-that-requires-sections-carries-all-of-them.md	0
69be72f4-a551-4bce-b5c7-df1d3164cde7	docs/spec/01-conceptual-model.md	0
69be72f4-a551-4bce-b5c7-df1d3164cde7	missing	1
6a492046-6437-4006-8213-6b0083ab1e79	docs/decisions/0061-q61-how-a-recorded-terminal-demonstration-is-held-against-a-run.md	0
6a492046-6437-4006-8213-6b0083ab1e79	docs/evaluations/the-build-order-as-a-multi-agent-system.md	1
6a492046-6437-4006-8213-6b0083ab1e79	docs/evaluations/two-triggers-one-verdict-how-this-repository-s-ci-decides-where-a-job-runs-and-what-it-trusts.md	0
6a492046-6437-4006-8213-6b0083ab1e79	docs/obligations/0028-a-run-cannot-report-the-corpus-tree-because-nothing-computes.md	0
6a492046-6437-4006-8213-6b0083ab1e79	docs/obligations/0072-a-cache-of-check-results-does-not-make-a-run-proportional.md	0
6a492046-6437-4006-8213-6b0083ab1e79	docs/obligations/0181-an-unresolved-prose-link-reaches-a-run-as-a-graph-fact-and-no-rule-turns-it-into-a-finding.md	0
6a492046-6437-4006-8213-6b0083ab1e79	docs/obligations/0207-the-plan-usage-of-one-issue-is-known-only-as-the-average-of-its-run.md	1
6a492046-6437-4006-8213-6b0083ab1e79	docs/process/decisions/0006-the-entrypoint-keeps-its-name-and-becomes-a-resumable-run.md	2
6a492046-6437-4006-8213-6b0083ab1e79	docs/reviews/core-concepts-review-findings-2.md	0
6a492046-6437-4006-8213-6b0083ab1e79	docs/spec/17-orchestration-architecture.md	2
6a492046-6437-4006-8213-6b0083ab1e79	missing	0
6b939fa6-42f8-4bcf-b120-cdf12707fafa	docs/decisions/0011-license-and-distribution-posture.md	0
6b939fa6-42f8-4bcf-b120-cdf12707fafa	docs/how-to/cut-a-release.md	2
6b939fa6-42f8-4bcf-b120-cdf12707fafa	docs/obligations/0001-the-promotion-fix-has-no-reading-of-the-assisted-fraction.md	0
6b939fa6-42f8-4bcf-b120-cdf12707fafa	docs/obligations/0068-the-promotion-record-has-three-members-and-no-unit-scale.md	0
6b939fa6-42f8-4bcf-b120-cdf12707fafa	docs/obligations/0072-a-cache-of-check-results-does-not-make-a-run-proportional.md	0
6b939fa6-42f8-4bcf-b120-cdf12707fafa	docs/obligations/0152-ledger-render-in-adoption-rs-has-the-same-zero-count-defect-suppression-rs-had-before-pr-450-still-latent.md	0
6b939fa6-42f8-4bcf-b120-cdf12707fafa	docs/obligations/0204-docs-decisions-0077-still-describes-hw-dr-0049-s-rewrite-as-pending-after-574-made-it.md	0
6b939fa6-42f8-4bcf-b120-cdf12707fafa	docs/obligations/0205-hw-obl-0002-s-sample-counts-and-voice-rs-s-own-census-predate-the-scent-role-fix-and-need-retaking.md	0
6b939fa6-42f8-4bcf-b120-cdf12707fafa	docs/probe-runs/regression-probe-transcript-for-2026-09-17.md	0
6b939fa6-42f8-4bcf-b120-cdf12707fafa	docs/spec/glossary.md	0
6b939fa6-42f8-4bcf-b120-cdf12707fafa	missing	0
6bda3f76-b260-4387-a0b0-19bc9d81695b	docs/decisions/0021-terminological-succession-and-validity-under-merge.md	0
6bda3f76-b260-4387-a0b0-19bc9d81695b	docs/how-to/diagnose-an-isolation-failure.md	0
6bda3f76-b260-4387-a0b0-19bc9d81695b	docs/obligations/0032-a-remove-that-orphans-a-name-is-refused-and-the-message-names.md	0
6bda3f76-b260-4387-a0b0-19bc9d81695b	docs/obligations/0073-the-prior-version-still-owes-the-key-edit-that-the-clock.md	0
6bda3f76-b260-4387-a0b0-19bc9d81695b	docs/obligations/0144-the-cache-identity-test-reads-the-live-working-tree-so-an-edit-during-the-run-reports-the-correctness-root-as-violated.md	0
6bda3f76-b260-4387-a0b0-19bc9d81695b	docs/obligations/0204-docs-decisions-0077-still-describes-hw-dr-0049-s-rewrite-as-pending-after-574-made-it.md	0
6bda3f76-b260-4387-a0b0-19bc9d81695b	docs/obligations/0216-two-merge-hooks-of-this-repository-print-a-resolve-flag-that-the-verb-refuses.md	0
6bda3f76-b260-4387-a0b0-19bc9d81695b	docs/probe-runs/regression-probe-transcript-for-2026-09-11.md	0
6bda3f76-b260-4387-a0b0-19bc9d81695b	docs/probe-runs/regression-probe-transcript-for-2026-09-16.md	0
6bda3f76-b260-4387-a0b0-19bc9d81695b	docs/probe-runs/regression-probe-transcript-for-2026-09-17-after-the-probe-corrections.md	0
6bda3f76-b260-4387-a0b0-19bc9d81695b	docs/reviews/core-concepts-review-prompt.md	0
6bda3f76-b260-4387-a0b0-19bc9d81695b	missing	0
6cec30c2-eb3c-4e06-98b3-268326f8d732	docs/decisions/0061-q61-how-a-recorded-terminal-demonstration-is-held-against-a-run.md	0
6cec30c2-eb3c-4e06-98b3-268326f8d732	docs/evaluations/the-build-order-as-a-multi-agent-system.md	1
6cec30c2-eb3c-4e06-98b3-268326f8d732	docs/obligations/0072-a-cache-of-check-results-does-not-make-a-run-proportional.md	0
6cec30c2-eb3c-4e06-98b3-268326f8d732	docs/obligations/0175-two-documents-take-one-sequence-on-a-sequence-declaring-shelf-and-no-rule-reads-it.md	0
6cec30c2-eb3c-4e06-98b3-268326f8d732	docs/obligations/0207-the-plan-usage-of-one-issue-is-known-only-as-the-average-of-its-run.md	0
6cec30c2-eb3c-4e06-98b3-268326f8d732	docs/obligations/0209-a-build-order-dispatch-passes-no-isolation-so-a-stage-can-inherit-the-parent-worktree-as-its-working-directory.md	1
6cec30c2-eb3c-4e06-98b3-268326f8d732	docs/process/decisions/0006-the-entrypoint-keeps-its-name-and-becomes-a-resumable-run.md	2
6cec30c2-eb3c-4e06-98b3-268326f8d732	docs/reviews/core-concepts-review-findings-2.md	0
6cec30c2-eb3c-4e06-98b3-268326f8d732	docs/spec/16-harness-support.md	0
6cec30c2-eb3c-4e06-98b3-268326f8d732	docs/spec/17-orchestration-architecture.md	2
6cec30c2-eb3c-4e06-98b3-268326f8d732	missing	0
6dbfc562-a3cf-4c68-8da8-826c7ece8bcb	docs/evaluations/linkml-worked-example.md	0
6dbfc562-a3cf-4c68-8da8-826c7ece8bcb	docs/evaluations/specifying-the-engine.md	0
6dbfc562-a3cf-4c68-8da8-826c7ece8bcb	docs/interfaces/headwater-capture.md	0
6dbfc562-a3cf-4c68-8da8-826c7ece8bcb	docs/interfaces/headwater-change.md	0
6dbfc562-a3cf-4c68-8da8-826c7ece8bcb	docs/interfaces/headwater-check.md	0
6dbfc562-a3cf-4c68-8da8-826c7ece8bcb	docs/interfaces/headwater-completions.md	0
6dbfc562-a3cf-4c68-8da8-826c7ece8bcb	docs/interfaces/headwater-infer.md	0
6dbfc562-a3cf-4c68-8da8-826c7ece8bcb	docs/obligations/0018-the-bundle-set-is-a-guess-about-how-adopters-cluster.md	0
6dbfc562-a3cf-4c68-8da8-826c7ece8bcb	docs/obligations/0035-section-contracts-in-the-base.md	0
6dbfc562-a3cf-4c68-8da8-826c7ece8bcb	docs/obligations/0044-a-generated-index-labels-a-document-with-its-identifier.md	0
6dbfc562-a3cf-4c68-8da8-826c7ece8bcb	docs/obligations/0107-the-base-package-ships-a-kind-that-the-scaffolder-refuses-to-write.md	0
6dbfc562-a3cf-4c68-8da8-826c7ece8bcb	docs/obligations/0185-whether-an-admitted-library-entry-may-require-a-bundle-that-admission-refuses.md	0
6dbfc562-a3cf-4c68-8da8-826c7ece8bcb	docs/obligations/0193-admission-criterion-5-has-no-reading-for-an-entry-that-serves-neither-core-purpose.md	0
6dbfc562-a3cf-4c68-8da8-826c7ece8bcb	docs/requirements/0002-every-document-of-a-kind-that-requires-sections-carries-all-of-them.md	0
6dbfc562-a3cf-4c68-8da8-826c7ece8bcb	docs/spec/glossary.md	0
6dbfc562-a3cf-4c68-8da8-826c7ece8bcb	missing	1
6df0ebae-db81-4cca-8924-63dc1797024f	docs/how-to/cut-a-release.md	0
6df0ebae-db81-4cca-8924-63dc1797024f	docs/how-to/diagnose-an-isolation-failure.md	0
6df0ebae-db81-4cca-8924-63dc1797024f	docs/how-to/keep-derived-files-from-conflicting-in-parallel-pull-requests.md	0
6df0ebae-db81-4cca-8924-63dc1797024f	docs/how-to/mine-the-shadow-mode-routing-log.md	0
6df0ebae-db81-4cca-8924-63dc1797024f	docs/how-to/rotate-or-revoke-the-apt-signing-subkey.md	0
6df0ebae-db81-4cca-8924-63dc1797024f	docs/obligations/0041-no-declaration-expresses-a-rule-about-content-or-state-over.md	0
6df0ebae-db81-4cca-8924-63dc1797024f	docs/obligations/0057-a-retrofit-cannot-recover-the-two-dates-or-the-acceptance.md	0
6df0ebae-db81-4cca-8924-63dc1797024f	docs/obligations/0182-the-publish-crates-retry-loop-has-no-retry-ceiling.md	0
6df0ebae-db81-4cca-8924-63dc1797024f	docs/obligations/0204-docs-decisions-0077-still-describes-hw-dr-0049-s-rewrite-as-pending-after-574-made-it.md	0
6df0ebae-db81-4cca-8924-63dc1797024f	docs/probe-runs/campaign-of-2026-09-28-campaign-tier-present-arm-navigability.md	0
6df0ebae-db81-4cca-8924-63dc1797024f	docs/probe-runs/second-campaign-pilot-of-2026-09-28-campaign-tier-absent-arm-discovery.md	0
6df0ebae-db81-4cca-8924-63dc1797024f	docs/probe-runs/second-campaign-pilot-of-2026-09-28-campaign-tier-absent-arm-sufficiency.md	0
6df0ebae-db81-4cca-8924-63dc1797024f	docs/probe-runs/second-campaign-pilot-of-2026-09-28-campaign-tier-present-arm-discovery.md	0
6df0ebae-db81-4cca-8924-63dc1797024f	docs/probe-runs/second-campaign-pilot-of-2026-09-28-campaign-tier-present-arm-sufficiency.md	0
6df0ebae-db81-4cca-8924-63dc1797024f	docs/probe-runs/second-campaign-pilot-of-2026-09-28-documentation-tier-absent-arm-sufficiency.md	0
6df0ebae-db81-4cca-8924-63dc1797024f	missing	0
6f175ad6-9e85-4c9d-bb25-95c0b1526825	docs/decisions/0034-q34-whether-acceptance-means-merged-to-main-and-what-an-agent-may-write-before-that.md	0
6f175ad6-9e85-4c9d-bb25-95c0b1526825	docs/evaluations/harper-spike-results.md	0
6f175ad6-9e85-4c9d-bb25-95c0b1526825	docs/evaluations/why-corpus-counts-are-derived-not-stored.md	0
6f175ad6-9e85-4c9d-bb25-95c0b1526825	docs/obligations/0105-nothing-plays-the-hook-role-that-two-relations-name.md	0
6f175ad6-9e85-4c9d-bb25-95c0b1526825	docs/obligations/0157-the-capture-report-says-two-denominators-over-a-store-that-named-seventeen-taxonomies.md	0
6f175ad6-9e85-4c9d-bb25-95c0b1526825	docs/obligations/0164-the-regeneration-check-tests-byte-equality-before-the-marker-so-a-file-the-census-stopped-counting-as-generated-still-passes.md	0
6f175ad6-9e85-4c9d-bb25-95c0b1526825	docs/obligations/0175-two-documents-take-one-sequence-on-a-sequence-declaring-shelf-and-no-rule-reads-it.md	0
6f175ad6-9e85-4c9d-bb25-95c0b1526825	docs/obligations/0203-three-small-run-tooling-gaps-from-run-20260922-1121-filed-together.md	0
6f175ad6-9e85-4c9d-bb25-95c0b1526825	docs/obligations/0216-two-merge-hooks-of-this-repository-print-a-resolve-flag-that-the-verb-refuses.md	0
6f175ad6-9e85-4c9d-bb25-95c0b1526825	docs/process/decisions/0017-ci-concurrency-is-per-ref-and-every-ref-but-main-cancels-a-superseded-run.md	1
6f175ad6-9e85-4c9d-bb25-95c0b1526825	missing	1
6f5971a9-e714-4878-b81a-e91846e42bad	docs/acceptance-criteria/0001-no-source-file-of-the-engine-names-a-network-api-and-no-locked-dependency-provides-one.md	0
6f5971a9-e714-4878-b81a-e91846e42bad	docs/decisions/0009-multi-repository-corpora.md	0
6f5971a9-e714-4878-b81a-e91846e42bad	docs/decisions/0047-how-the-two-halves-of-the-site-share-one-host.md	0
6f5971a9-e714-4878-b81a-e91846e42bad	docs/decisions/0049-a-corpus-wide-fold-is-derived-and-never-stored.md	0
6f5971a9-e714-4878-b81a-e91846e42bad	docs/how-to/diagnose-an-isolation-failure.md	1
6f5971a9-e714-4878-b81a-e91846e42bad	docs/interfaces/headwater-completions.md	0
6f5971a9-e714-4878-b81a-e91846e42bad	docs/interfaces/headwater-taxonomy.md	0
6f5971a9-e714-4878-b81a-e91846e42bad	docs/obligations/0133-two-test-helpers-key-a-scratch-directory-on-the-pid-alone-and-the-race-springs-on-the-next-case-added.md	0
6f5971a9-e714-4878-b81a-e91846e42bad	docs/obligations/0173-four-inline-gates-in-the-workflow-decide-an-exit-status-and-no-suite-provokes-one.md	0
6f5971a9-e714-4878-b81a-e91846e42bad	docs/obligations/0212-ci-done-sh-reads-a-cancelled-run-of-another-branch-as-a-red-result-on-a-main-merge-commit.md	0
6f5971a9-e714-4878-b81a-e91846e42bad	docs/obligations/0216-two-merge-hooks-of-this-repository-print-a-resolve-flag-that-the-verb-refuses.md	0
6f5971a9-e714-4878-b81a-e91846e42bad	docs/probes/the-pointer-this-corpus-offers-for-a-task-is-the-document-a-session-opens.md	0
6f5971a9-e714-4878-b81a-e91846e42bad	docs/process/decisions/0004-coordination-is-a-create-only-claim-and-authority-stays-on-the-tree.md	0
6f5971a9-e714-4878-b81a-e91846e42bad	docs/spec/17-orchestration-architecture.md	0
6f5971a9-e714-4878-b81a-e91846e42bad	missing	0
6f923473-531b-447d-8461-cc1f92aa29c6	docs/decisions/0036-q36-which-of-mkdocs-docusaurus-or-astro-this-corpus-emits-navigation-for-and-why.md	0
6f923473-531b-447d-8461-cc1f92aa29c6	docs/decisions/0078-a-recorded-terminal-demonstration-may-show-a-frozen-number-behind-a-recorded-on-date-marker.md	0
6f923473-531b-447d-8461-cc1f92aa29c6	docs/how-to/diagnose-an-isolation-failure.md	0
6f923473-531b-447d-8461-cc1f92aa29c6	docs/interfaces/headwater-new.md	0
6f923473-531b-447d-8461-cc1f92aa29c6	docs/obligations/0011-nothing-has-been-promoted-out-of-the-synthesized-tier.md	0
6f923473-531b-447d-8461-cc1f92aa29c6	docs/obligations/0019-whether-any-corpus-needs-a-second-export-profile.md	0
6f923473-531b-447d-8461-cc1f92aa29c6	docs/obligations/0057-a-retrofit-cannot-recover-the-two-dates-or-the-acceptance.md	0
6f923473-531b-447d-8461-cc1f92aa29c6	docs/obligations/0100-the-size-of-a-committed-snapshot-with-full-requirement-text.md	0
6f923473-531b-447d-8461-cc1f92aa29c6	docs/probe-runs/regression-probe-transcript-for-2026-09-11.md	0
6f923473-531b-447d-8461-cc1f92aa29c6	docs/probe-runs/regression-probe-transcript-for-2026-09-16.md	0
6f923473-531b-447d-8461-cc1f92aa29c6	docs/probe-runs/regression-probe-transcript-for-2026-09-17-after-the-probe-corrections.md	0
6f923473-531b-447d-8461-cc1f92aa29c6	docs/probes/the-pointer-this-corpus-offers-for-a-task-is-the-document-a-session-opens.md	0
6f923473-531b-447d-8461-cc1f92aa29c6	docs/requirements/0001-the-engine-reaches-no-network-at-check-time.md	0
6f923473-531b-447d-8461-cc1f92aa29c6	docs/requirements/0002-every-document-of-a-kind-that-requires-sections-carries-all-of-them.md	0
6f923473-531b-447d-8461-cc1f92aa29c6	missing	0
71110b24-5d3c-4288-a5fc-a522ea7563e6	docs/acceptance-criteria/0001-no-source-file-of-the-engine-names-a-network-api-and-no-locked-dependency-provides-one.md	0
71110b24-5d3c-4288-a5fc-a522ea7563e6	docs/decisions/0019-inbound-integration-an-external-system-of-record.md	0
71110b24-5d3c-4288-a5fc-a522ea7563e6	docs/decisions/0039-q39-how-a-figure-reaches-a-hand-built-page.md	0
71110b24-5d3c-4288-a5fc-a522ea7563e6	docs/how-to/diagnose-an-isolation-failure.md	0
71110b24-5d3c-4288-a5fc-a522ea7563e6	docs/interfaces/headwater-merge-driver.md	0
71110b24-5d3c-4288-a5fc-a522ea7563e6	docs/obligations/0009-the-shape-origin-finding-rate-is-already-zero.md	0
71110b24-5d3c-4288-a5fc-a522ea7563e6	docs/obligations/0015-imported-edge-staleness-is-unmeasured-against-scaffolded-edges.md	0
71110b24-5d3c-4288-a5fc-a522ea7563e6	docs/obligations/0028-a-run-cannot-report-the-corpus-tree-because-nothing-computes.md	0
71110b24-5d3c-4288-a5fc-a522ea7563e6	docs/obligations/0037-the-register-is-not-a-projection-of-the-lock-alone-so-generate.md	0
71110b24-5d3c-4288-a5fc-a522ea7563e6	docs/obligations/0077-a-fragment-on-a-path-needs-a-grain-that-no-scope-supplies.md	0
71110b24-5d3c-4288-a5fc-a522ea7563e6	docs/obligations/0178-the-every-instance-report-detail-reaches-four-test-files-and-no-caller-outside-them.md	0
71110b24-5d3c-4288-a5fc-a522ea7563e6	docs/obligations/0202-a-bare-none-footprint-is-claimed-as-a-literal-path-so-two-disjoint-issues-collide.md	0
71110b24-5d3c-4288-a5fc-a522ea7563e6	docs/process/decisions/0007-a-background-wait-caps-below-the-cache-lifetime-and-re-issues-itself.md	0
71110b24-5d3c-4288-a5fc-a522ea7563e6	docs/reviews/the-sixty-four-restored-help-strings-checked-against-the-binary.md	0
71110b24-5d3c-4288-a5fc-a522ea7563e6	missing	0
71fd328a-9673-4b4f-9d93-d617841a33c9	docs/acceptance-criteria/0002-every-required-section-of-every-governed-document-has-a-heading.md	0
71fd328a-9673-4b4f-9d93-d617841a33c9	docs/acceptance-criteria/0003-check-reports-a-document-path-written-as-a-relation-target-once-in-every-spelling-and-through-a-symlink.md	0
71fd328a-9673-4b4f-9d93-d617841a33c9	docs/decisions/0069-a-paragraph-limit-counts-sentences-under-the-language-rule-and-never-words.md	0
71fd328a-9673-4b4f-9d93-d617841a33c9	docs/how-to/diagnose-an-isolation-failure.md	0
71fd328a-9673-4b4f-9d93-d617841a33c9	docs/interfaces/headwater-change.md	0
71fd328a-9673-4b4f-9d93-d617841a33c9	docs/interfaces/headwater-conformance.md	0
71fd328a-9673-4b4f-9d93-d617841a33c9	docs/interfaces/headwater-explain.md	0
71fd328a-9673-4b4f-9d93-d617841a33c9	docs/obligations/0066-a-finding-names-one-obligation-and-a-control-discharges-a-list.md	0
71fd328a-9673-4b4f-9d93-d617841a33c9	docs/obligations/0067-a-rule-that-reads-the-taxonomy-has-no-grain-in-spec-12s-list.md	0
71fd328a-9673-4b4f-9d93-d617841a33c9	docs/obligations/0121-three-conformance-rules-name-an-attestation-that-no-record-format-exists-for.md	1
71fd328a-9673-4b4f-9d93-d617841a33c9	docs/obligations/0190-a-voice-regime-carries-a-forbid-list-so-a-normative-keyword-rule-has-no-form.md	0
71fd328a-9673-4b4f-9d93-d617841a33c9	docs/obligations/0196-a-relation-writes-a-state-onto-a-kind-that-binds-no-lifecycle-regime-and-nothing-reads-that-pair.md	0
71fd328a-9673-4b4f-9d93-d617841a33c9	docs/probes/a-session-records-which-obligation-an-evaluation-discharged.md	0
71fd328a-9673-4b4f-9d93-d617841a33c9	docs/process/obligations/0177-the-value-rule-writes-adopter-on-every-self-audit-record-and-most-of-them-wait-on-a-build.md	1
71fd328a-9673-4b4f-9d93-d617841a33c9	docs/subsystems/checks-and-cache.md	0
71fd328a-9673-4b4f-9d93-d617841a33c9	missing	1
72117e59-c86d-4681-aab7-2abc076a0fe5	docs/decisions/0021-terminological-succession-and-validity-under-merge.md	0
72117e59-c86d-4681-aab7-2abc076a0fe5	docs/decisions/0041-q41-whether-vale-becomes-a-declared-regime-backend.md	0
72117e59-c86d-4681-aab7-2abc076a0fe5	docs/obligations/0198-nothing-states-how-much-of-a-session-s-budget-the-standing-instructions-consume-before-work-starts.md	0
72117e59-c86d-4681-aab7-2abc076a0fe5	docs/obligations/0204-docs-decisions-0077-still-describes-hw-dr-0049-s-rewrite-as-pending-after-574-made-it.md	0
72117e59-c86d-4681-aab7-2abc076a0fe5	docs/probe-runs/regression-probe-transcript-for-2026-09-11.md	0
72117e59-c86d-4681-aab7-2abc076a0fe5	docs/probe-runs/regression-probe-transcript-for-2026-09-16.md	0
72117e59-c86d-4681-aab7-2abc076a0fe5	docs/probes/a-counted-tombstone-separates-a-withheld-answer-from-an-absent-answer.md	0
72117e59-c86d-4681-aab7-2abc076a0fe5	docs/process/decisions/0007-a-background-wait-caps-below-the-cache-lifetime-and-re-issues-itself.md	0
72117e59-c86d-4681-aab7-2abc076a0fe5	docs/process/decisions/0023-a-build-order-parent-restarts-every-few-merges-drains-to-zero-first-and-resumes-from-the-handover-files-on-disk.md	1
72117e59-c86d-4681-aab7-2abc076a0fe5	docs/process/obligations/0212-ci-done-sh-reads-a-cancelled-run-of-another-branch-as-a-red-result-on-a-main-merge-commit.md	0
72117e59-c86d-4681-aab7-2abc076a0fe5	missing	0
725b0469-2cc0-4c54-8766-c67b45295c1b	docs/acceptance-criteria/0003-check-reports-a-document-path-written-as-a-relation-target-once-in-every-spelling-and-through-a-symlink.md	0
725b0469-2cc0-4c54-8766-c67b45295c1b	docs/decisions/0016-public-presence.md	0
725b0469-2cc0-4c54-8766-c67b45295c1b	docs/evaluations/external-evaluation-harnesses-and-benchmarks-for-the-probe-campaign.md	0
725b0469-2cc0-4c54-8766-c67b45295c1b	docs/how-to/diagnose-an-isolation-failure.md	0
725b0469-2cc0-4c54-8766-c67b45295c1b	docs/interfaces/headwater-derived.md	0
725b0469-2cc0-4c54-8766-c67b45295c1b	docs/obligations/0208-four-small-test-and-wording-gaps-from-run-20260923-0733-filed-together.md	0
725b0469-2cc0-4c54-8766-c67b45295c1b	docs/probe-results/tombstone-probe-pilot-of-2026-09-29-campaign-tier-present-arm-sufficiency.md	0
725b0469-2cc0-4c54-8766-c67b45295c1b	docs/probe-runs/status-probe-pilot-of-2026-09-29-campaign-tier-present-arm-sufficiency.md	0
725b0469-2cc0-4c54-8766-c67b45295c1b	docs/probes/a-counted-tombstone-separates-a-withheld-answer-from-an-absent-answer.md	0
725b0469-2cc0-4c54-8766-c67b45295c1b	docs/probes/a-session-records-an-unmeasured-claim-in-the-shape-this-corpus-checks.md	0
725b0469-2cc0-4c54-8766-c67b45295c1b	docs/process/decisions/0023-a-build-order-parent-restarts-every-few-merges-drains-to-zero-first-and-resumes-from-the-handover-files-on-disk.md	0
725b0469-2cc0-4c54-8766-c67b45295c1b	docs/requirements/0002-every-document-of-a-kind-that-requires-sections-carries-all-of-them.md	0
725b0469-2cc0-4c54-8766-c67b45295c1b	docs/reviews/core-concepts-review-prompt.md	0
725b0469-2cc0-4c54-8766-c67b45295c1b	docs/subsystems/command-surface.md	0
725b0469-2cc0-4c54-8766-c67b45295c1b	missing	0
728d8d0d-9dff-47f5-b998-0e10c6c34e50	docs/acceptance-criteria/0002-every-required-section-of-every-governed-document-has-a-heading.md	0
728d8d0d-9dff-47f5-b998-0e10c6c34e50	docs/decisions/0073-a-verification-is-a-kind-and-its-identity-is-minted-rather-than-found-in-the-code-that-cites-it.md	0
728d8d0d-9dff-47f5-b998-0e10c6c34e50	docs/decisions/0077-the-consumer-surface-is-what-an-adopter-receives-runs-and-must-have-installed-and-it-is-a-closed-and-declared-list.md	2
728d8d0d-9dff-47f5-b998-0e10c6c34e50	docs/decisions/0089-a-taxonomy-release-publishes-the-source-at-the-tagged-commit-and-never-ships-the-vendored-copy.md	0
728d8d0d-9dff-47f5-b998-0e10c6c34e50	docs/decisions/0091-the-runner-image-of-the-engine-release-build-is-written-in-the-workflow-because-it-sets-the-glibc-floor.md	1
728d8d0d-9dff-47f5-b998-0e10c6c34e50	docs/decisions/0094-the-apt-repository-is-served-from-headwater-tools-and-signed-by-a-subkey-the-owner-s-offline-key-certifies.md	1
728d8d0d-9dff-47f5-b998-0e10c6c34e50	docs/evaluations/default-taxonomy-first-run.md	0
728d8d0d-9dff-47f5-b998-0e10c6c34e50	docs/evaluations/external-evaluation-harnesses-and-benchmarks-for-the-probe-campaign.md	0
728d8d0d-9dff-47f5-b998-0e10c6c34e50	docs/explanations/how-a-headwater-release-reaches-an-adopter.md	2
728d8d0d-9dff-47f5-b998-0e10c6c34e50	docs/how-to/cut-a-release.md	1
728d8d0d-9dff-47f5-b998-0e10c6c34e50	docs/how-to/relocate-a-shelf.md	0
728d8d0d-9dff-47f5-b998-0e10c6c34e50	docs/interfaces/headwater-change.md	0
728d8d0d-9dff-47f5-b998-0e10c6c34e50	docs/obligations/0161-the-validation-block-of-mkdocs-yml-is-a-gate-this-repository-owns-and-no-fixture-drives.md	0
728d8d0d-9dff-47f5-b998-0e10c6c34e50	docs/obligations/0176-a-blessed-fixture-is-read-by-a-sibling-case-that-runs-while-the-write-truncates-it.md	0
728d8d0d-9dff-47f5-b998-0e10c6c34e50	docs/process/decisions/0014-the-boundary-against-a-fork-is-the-approval-of-outside-runs-and-a-person-reads-a-github-diff-before-approving-one.md	0
728d8d0d-9dff-47f5-b998-0e10c6c34e50	missing	0
73a9c168-1b85-4631-8b94-c71d33630c54	docs/decisions/0031-q31-whether-this-repository-becomes-public-and-when.md	0
73a9c168-1b85-4631-8b94-c71d33630c54	docs/how-to/keep-derived-files-from-conflicting-in-parallel-pull-requests.md	0
73a9c168-1b85-4631-8b94-c71d33630c54	docs/obligations/0057-a-retrofit-cannot-recover-the-two-dates-or-the-acceptance.md	0
73a9c168-1b85-4631-8b94-c71d33630c54	docs/obligations/0182-the-publish-crates-retry-loop-has-no-retry-ceiling.md	0
73a9c168-1b85-4631-8b94-c71d33630c54	docs/probe-runs/campaign-of-2026-09-28-campaign-tier-absent-arm-sufficiency.md	1
73a9c168-1b85-4631-8b94-c71d33630c54	docs/probe-runs/campaign-of-2026-09-28-campaign-tier-present-arm-sufficiency.md	1
73a9c168-1b85-4631-8b94-c71d33630c54	docs/probe-runs/regression-probe-transcript-for-2026-09-11.md	0
73a9c168-1b85-4631-8b94-c71d33630c54	docs/process/decisions/0007-a-background-wait-caps-below-the-cache-lifetime-and-re-issues-itself.md	0
73a9c168-1b85-4631-8b94-c71d33630c54	docs/process/evaluations/the-build-order-as-a-multi-agent-system.md	1
73a9c168-1b85-4631-8b94-c71d33630c54	docs/process/evaluations/two-triggers-one-verdict-how-this-repository-s-ci-decides-where-a-job-runs-and-what-it-trusts.md	0
73a9c168-1b85-4631-8b94-c71d33630c54	docs/process/obligations/0207-the-plan-usage-of-one-issue-is-known-only-as-the-average-of-its-run.md	1
73a9c168-1b85-4631-8b94-c71d33630c54	docs/process/obligations/0211-two-hand-remedy-lines-for-hw-cargo-in-hw-run-policy-may-no-longer-earn-their-cost-on-every-dispatch.md	0
73a9c168-1b85-4631-8b94-c71d33630c54	docs/process/obligations/0220-no-disk-floor-is-stated-for-a-build-order-run-and-nothing-prunes-the-cargo-pool.md	0
73a9c168-1b85-4631-8b94-c71d33630c54	docs/process/specs/orchestration-architecture.md	0
73a9c168-1b85-4631-8b94-c71d33630c54	docs/spec/15-the-recorder-contract.md	1
73a9c168-1b85-4631-8b94-c71d33630c54	missing	0
73d8793e-e181-40cb-ad02-6f25f76183cd	docs/decisions/0004-relation-storage.md	0
73d8793e-e181-40cb-ad02-6f25f76183cd	docs/decisions/0014-discovery-surface.md	0
73d8793e-e181-40cb-ad02-6f25f76183cd	docs/decisions/0029-q29-whether-a-corpus-root-may-contain-code-and-what-an-interface-contract-may-reach.md	0
73d8793e-e181-40cb-ad02-6f25f76183cd	docs/decisions/0037-q37-which-parts-of-the-site-are-hand-built-and-which-are-a-projection-of-this-corpus.md	0
73d8793e-e181-40cb-ad02-6f25f76183cd	docs/decisions/0065-a-relation-declares-lifecycle-sensitive-for-itself-and-a-core-requirement-demands-it-of-a-family.md	0
73d8793e-e181-40cb-ad02-6f25f76183cd	docs/decisions/0084-a-language-rule-reaches-front-door-prose-outside-the-corpus-root-and-no-other-rule-does.md	0
73d8793e-e181-40cb-ad02-6f25f76183cd	docs/evaluations/why-corpus-counts-are-derived-not-stored.md	0
73d8793e-e181-40cb-ad02-6f25f76183cd	docs/how-to/diagnose-an-isolation-failure.md	0
73d8793e-e181-40cb-ad02-6f25f76183cd	docs/interfaces/headwater-derived.md	0
73d8793e-e181-40cb-ad02-6f25f76183cd	docs/obligations/0070-one-of-the-four-warrant-values-has-no-instance-in-this-corpus.md	0
73d8793e-e181-40cb-ad02-6f25f76183cd	docs/obligations/0186-a-facet-only-entry-has-no-kind-and-the-entry-anatomy-asks-for-two-things-that-presume-one.md	0
73d8793e-e181-40cb-ad02-6f25f76183cd	docs/obligations/0194-the-base-ships-one-voice-regime-and-a-prospective-document-has-none.md	0
73d8793e-e181-40cb-ad02-6f25f76183cd	docs/probe-results/campaign-pilot-of-2026-09-28-campaign-tier-present-arm-navigability.md	0
73d8793e-e181-40cb-ad02-6f25f76183cd	docs/process/obligations/0173-four-inline-gates-in-the-workflow-decide-an-exit-status-and-no-suite-provokes-one.md	0
73d8793e-e181-40cb-ad02-6f25f76183cd	docs/tutorials/your-first-governed-corpus.md	0
73d8793e-e181-40cb-ad02-6f25f76183cd	missing	1
74f802bf-1ea4-40cf-a52e-a33bd34ba92e	docs/obligations/0011-nothing-has-been-promoted-out-of-the-synthesized-tier.md	0
74f802bf-1ea4-40cf-a52e-a33bd34ba92e	docs/obligations/0072-a-cache-of-check-results-does-not-make-a-run-proportional.md	0
74f802bf-1ea4-40cf-a52e-a33bd34ba92e	docs/obligations/0207-the-plan-usage-of-one-issue-is-known-only-as-the-average-of-its-run.md	1
74f802bf-1ea4-40cf-a52e-a33bd34ba92e	docs/obligations/0212-ci-done-sh-reads-a-cancelled-run-of-another-branch-as-a-red-result-on-a-main-merge-commit.md	0
74f802bf-1ea4-40cf-a52e-a33bd34ba92e	docs/probe-results/campaign-of-2026-09-28-documentation-tier-absent-arm-sufficiency.md	0
74f802bf-1ea4-40cf-a52e-a33bd34ba92e	docs/probe-results/campaign-pilot-of-2026-09-28-campaign-tier-absent-arm-discovery.md	0
74f802bf-1ea4-40cf-a52e-a33bd34ba92e	docs/probe-results/campaign-pilot-of-2026-09-28-campaign-tier-present-arm-discovery.md	0
74f802bf-1ea4-40cf-a52e-a33bd34ba92e	docs/probe-results/campaign-pilot-of-2026-09-28-campaign-tier-present-arm-sufficiency.md	0
74f802bf-1ea4-40cf-a52e-a33bd34ba92e	docs/probe-results/campaign-pilot-of-2026-09-28-documentation-tier-absent-arm-sufficiency.md	0
74f802bf-1ea4-40cf-a52e-a33bd34ba92e	docs/probe-results/second-campaign-pilot-of-2026-09-28-campaign-tier-present-arm-discovery.md	0
74f802bf-1ea4-40cf-a52e-a33bd34ba92e	missing	0
75d2f79f-ba9b-490d-b11e-aeb7b661c60e	docs/decisions/0006-where-the-corpus-graph-lives-at-rest.md	0
75d2f79f-ba9b-490d-b11e-aeb7b661c60e	docs/decisions/0009-multi-repository-corpora.md	0
75d2f79f-ba9b-490d-b11e-aeb7b661c60e	docs/decisions/0082-the-resolved-taxonomy-is-drawn-by-a-verb-that-prints-mermaid-and-writes-no-file.md	1
75d2f79f-ba9b-490d-b11e-aeb7b661c60e	docs/evaluations/graph-export-and-federation.md	0
75d2f79f-ba9b-490d-b11e-aeb7b661c60e	docs/evaluations/the-build-order-as-a-multi-agent-system.md	1
75d2f79f-ba9b-490d-b11e-aeb7b661c60e	docs/how-to/relocate-a-shelf.md	0
75d2f79f-ba9b-490d-b11e-aeb7b661c60e	docs/interfaces/headwater-explain.md	0
75d2f79f-ba9b-490d-b11e-aeb7b661c60e	docs/interfaces/headwater-infer.md	0
75d2f79f-ba9b-490d-b11e-aeb7b661c60e	docs/obligations/0052-a-document-has-no-identifier-and-every-relation-target-must.md	0
75d2f79f-ba9b-490d-b11e-aeb7b661c60e	docs/obligations/0072-a-cache-of-check-results-does-not-make-a-run-proportional.md	0
75d2f79f-ba9b-490d-b11e-aeb7b661c60e	docs/obligations/0085-headwater-init-cannot-reach-a-package-that-is-not-already.md	0
75d2f79f-ba9b-490d-b11e-aeb7b661c60e	docs/obligations/0151-the-glossary-s-package-entry-omits-conformance-and-still-lists-plugins-which-367-dropped.md	0
75d2f79f-ba9b-490d-b11e-aeb7b661c60e	docs/obligations/0181-an-unresolved-prose-link-reaches-a-run-as-a-graph-fact-and-no-rule-turns-it-into-a-finding.md	0
75d2f79f-ba9b-490d-b11e-aeb7b661c60e	docs/obligations/0214-the-commit-gate-does-not-see-docs-taxonomies-readme-md-drift-from-its-vendored-copy.md	0
75d2f79f-ba9b-490d-b11e-aeb7b661c60e	missing	1
75e94898-e960-4573-9506-b7eba8aa0853	docs/decisions/0031-q31-whether-this-repository-becomes-public-and-when.md	0
75e94898-e960-4573-9506-b7eba8aa0853	docs/decisions/0038-q38-which-link-relation-a-rendered-page-carries-to-the-served-corpus-descriptor.md	0
75e94898-e960-4573-9506-b7eba8aa0853	docs/obligations/0163-ten-decision-records-claim-a-q-number-the-decision-register-does-not-carry.md	0
75e94898-e960-4573-9506-b7eba8aa0853	docs/obligations/0204-docs-decisions-0077-still-describes-hw-dr-0049-s-rewrite-as-pending-after-574-made-it.md	0
75e94898-e960-4573-9506-b7eba8aa0853	docs/obligations/0205-hw-obl-0002-s-sample-counts-and-voice-rs-s-own-census-predate-the-scent-role-fix-and-need-retaking.md	0
75e94898-e960-4573-9506-b7eba8aa0853	docs/probe-results/campaign-pilot-of-2026-09-28-campaign-tier-absent-arm-discovery.md	0
75e94898-e960-4573-9506-b7eba8aa0853	docs/probe-results/campaign-pilot-of-2026-09-28-campaign-tier-present-arm-discovery.md	0
75e94898-e960-4573-9506-b7eba8aa0853	docs/probe-results/second-campaign-pilot-of-2026-09-28-campaign-tier-present-arm-discovery.md	0
75e94898-e960-4573-9506-b7eba8aa0853	docs/process/obligations/0224-thirteen-run-tooling-gaps-from-run-20260928-1109-filed-together.md	0
75e94898-e960-4573-9506-b7eba8aa0853	docs/reviews/core-concepts-review-findings-2.md	0
75e94898-e960-4573-9506-b7eba8aa0853	missing	0
763314df-ff85-4b7a-99d4-7aa377ceb4af	docs/decisions/0038-q38-which-link-relation-a-rendered-page-carries-to-the-served-corpus-descriptor.md	0
763314df-ff85-4b7a-99d4-7aa377ceb4af	docs/decisions/0047-how-the-two-halves-of-the-site-share-one-host.md	0
763314df-ff85-4b7a-99d4-7aa377ceb4af	docs/how-to/publish-your-corpus-as-a-site.md	0
763314df-ff85-4b7a-99d4-7aa377ceb4af	docs/interfaces/headwater-query.md	0
763314df-ff85-4b7a-99d4-7aa377ceb4af	docs/interfaces/headwater-show.md	0
763314df-ff85-4b7a-99d4-7aa377ceb4af	docs/obligations/0029-what-headwater-query-takes.md	0
763314df-ff85-4b7a-99d4-7aa377ceb4af	docs/obligations/0073-the-prior-version-still-owes-the-key-edit-that-the-clock.md	0
763314df-ff85-4b7a-99d4-7aa377ceb4af	docs/obligations/0105-nothing-plays-the-hook-role-that-two-relations-name.md	0
763314df-ff85-4b7a-99d4-7aa377ceb4af	docs/obligations/0215-a-bless-run-of-the-conformance-render-tests-races-two-tests-over-one-fixture-file.md	0
763314df-ff85-4b7a-99d4-7aa377ceb4af	docs/spec/00-vision-and-scope.md	0
763314df-ff85-4b7a-99d4-7aa377ceb4af	missing	0
766c6329-a5d9-4832-a201-fd4353c2dece	docs/decisions/0029-q29-whether-a-corpus-root-may-contain-code-and-what-an-interface-contract-may-reach.md	0
766c6329-a5d9-4832-a201-fd4353c2dece	docs/decisions/0038-q38-which-link-relation-a-rendered-page-carries-to-the-served-corpus-descriptor.md	0
766c6329-a5d9-4832-a201-fd4353c2dece	docs/decisions/0082-the-resolved-taxonomy-is-drawn-by-a-verb-that-prints-mermaid-and-writes-no-file.md	0
766c6329-a5d9-4832-a201-fd4353c2dece	docs/explanations/how-a-headwater-release-reaches-an-adopter.md	0
766c6329-a5d9-4832-a201-fd4353c2dece	docs/how-to/publish-your-corpus-as-a-site.md	0
766c6329-a5d9-4832-a201-fd4353c2dece	docs/how-to/rotate-or-revoke-the-apt-signing-subkey.md	0
766c6329-a5d9-4832-a201-fd4353c2dece	docs/how-to/wire-headwater-check-into-your-own-workflow.md	0
766c6329-a5d9-4832-a201-fd4353c2dece	docs/interfaces/headwater-query.md	0
766c6329-a5d9-4832-a201-fd4353c2dece	docs/interfaces/headwater-show.md	0
766c6329-a5d9-4832-a201-fd4353c2dece	docs/obligations/0029-what-headwater-query-takes.md	0
766c6329-a5d9-4832-a201-fd4353c2dece	docs/obligations/0174-publishing-the-base-package-reports-51-references-that-resolve-nowhere-and-exits-0.md	0
766c6329-a5d9-4832-a201-fd4353c2dece	docs/obligations/0215-a-bless-run-of-the-conformance-render-tests-races-two-tests-over-one-fixture-file.md	0
766c6329-a5d9-4832-a201-fd4353c2dece	docs/requirements/0003-a-relation-target-written-as-the-path-of-a-document-is-reported-and-never-bound-as-an-anchor-onto-that-file.md	0
766c6329-a5d9-4832-a201-fd4353c2dece	docs/spec/00-vision-and-scope.md	0
766c6329-a5d9-4832-a201-fd4353c2dece	docs/verifications/0002-a-fixture-tree-of-document-paths-symlinks-and-identifiers-proves-the-document-path-finding.md	0
766c6329-a5d9-4832-a201-fd4353c2dece	missing	1
775fcf74-9dd9-4f9d-8ca0-ce7bf48f2590	docs/decisions/0036-q36-which-of-mkdocs-docusaurus-or-astro-this-corpus-emits-navigation-for-and-why.md	0
775fcf74-9dd9-4f9d-8ca0-ce7bf48f2590	docs/decisions/0039-q39-how-a-figure-reaches-a-hand-built-page.md	0
775fcf74-9dd9-4f9d-8ca0-ce7bf48f2590	docs/decisions/0076-a-probe-budget-prices-a-run-identity-fixed-before-the-run-and-a-committed-transcript-and-a-sweep-has-neither.md	0
775fcf74-9dd9-4f9d-8ca0-ce7bf48f2590	docs/evaluations/why-corpus-counts-are-derived-not-stored.md	0
775fcf74-9dd9-4f9d-8ca0-ce7bf48f2590	docs/obligations/0010-the-corpus-descriptor-exists-and-no-probe-has-run-against.md	0
775fcf74-9dd9-4f9d-8ca0-ce7bf48f2590	docs/obligations/0074-a-check-version-is-raised-by-hand-and-nothing-catches-a-stale.md	0
775fcf74-9dd9-4f9d-8ca0-ce7bf48f2590	docs/obligations/0102-two-documents-state-what-voids-a-verdict-and-they-do-not.md	0
775fcf74-9dd9-4f9d-8ca0-ce7bf48f2590	docs/obligations/0131-the-cli-crate-wires-every-verb-and-carries-no-tests-so-two-wiring-defects-passed-a-green-suite.md	0
775fcf74-9dd9-4f9d-8ca0-ce7bf48f2590	docs/obligations/0132-survey-the-wiring-decisions-of-main-rs-verb-by-verb-and-cover-the-quiet-ones.md	0
775fcf74-9dd9-4f9d-8ca0-ce7bf48f2590	docs/obligations/0200-three-graded-regression-runs-are-owed-a-fresh-recording-against-a-moved-taxonomy-lock.md	0
775fcf74-9dd9-4f9d-8ca0-ce7bf48f2590	docs/probe-runs/regression-probe-transcript-for-2026-09-17-after-the-probe-corrections.md	0
775fcf74-9dd9-4f9d-8ca0-ce7bf48f2590	docs/reviews/core-concepts-findings-assessment.md	0
775fcf74-9dd9-4f9d-8ca0-ce7bf48f2590	missing	0
776c244c-e15a-45d1-ae7b-223a4a8c8601	docs/decisions/0030-q30-whether-what-an-obligation-waits-on-is-a-state-or-a-property-and-how-many-values-it-takes.md	1
776c244c-e15a-45d1-ae7b-223a4a8c8601	docs/decisions/0035-q35-whether-one-requirement-kind-holds-an-imported-requirement-and-an-authored-one.md	0
776c244c-e15a-45d1-ae7b-223a4a8c8601	docs/interfaces/headwater-gate.md	0
776c244c-e15a-45d1-ae7b-223a4a8c8601	docs/obligations/0036-identity-below-the-grain-of-a-document.md	0
776c244c-e15a-45d1-ae7b-223a4a8c8601	docs/obligations/0049-the-meta-schema-closes-eight-value-sets-that-nothing-states.md	0
776c244c-e15a-45d1-ae7b-223a4a8c8601	docs/obligations/0069-a-suppressed-finding-leaves-its-obligation-verified-and-spec-4.md	0
776c244c-e15a-45d1-ae7b-223a4a8c8601	docs/obligations/0102-two-documents-state-what-voids-a-verdict-and-they-do-not.md	0
776c244c-e15a-45d1-ae7b-223a4a8c8601	docs/obligations/0125-nine-documents-state-a-warrant-outside-the-closed-set-and-only-a-person-can-set-the-value.md	0
776c244c-e15a-45d1-ae7b-223a4a8c8601	docs/obligations/0126-every-asserted-document-carries-the-freshness-date-that-spec-3-says-it-cannot.md	0
776c244c-e15a-45d1-ae7b-223a4a8c8601	docs/obligations/0204-docs-decisions-0077-still-describes-hw-dr-0049-s-rewrite-as-pending-after-574-made-it.md	0
776c244c-e15a-45d1-ae7b-223a4a8c8601	docs/obligations/0229-the-counterfactual-campaign-evaluation-withholds-its-discharges-edge-until-a-person-promotes-it.md	0
776c244c-e15a-45d1-ae7b-223a4a8c8601	docs/probes/an-agent-reaches-the-adjudication-from-the-document-that-lost-it.md	0
776c244c-e15a-45d1-ae7b-223a4a8c8601	docs/process/decisions/0002-adjudication-is-a-separate-stage-and-refusal-is-licensed.md	0
776c244c-e15a-45d1-ae7b-223a4a8c8601	docs/process/decisions/0005-the-ledger-is-split-its-tabular-parts-are-jsonl-and-its-totals-are-derived.md	0
776c244c-e15a-45d1-ae7b-223a4a8c8601	docs/requirements/0003-a-relation-target-written-as-the-path-of-a-document-is-reported-and-never-bound-as-an-anchor-onto-that-file.md	0
776c244c-e15a-45d1-ae7b-223a4a8c8601	missing	1
7b1269c7-0b75-43fe-a8b4-a77c45e780d4	docs/acceptance-criteria/0001-no-source-file-of-the-engine-names-a-network-api-and-no-locked-dependency-provides-one.md	0
7b1269c7-0b75-43fe-a8b4-a77c45e780d4	docs/decisions/0032-q32-which-test-the-self-audit-label-states.md	1
7b1269c7-0b75-43fe-a8b4-a77c45e780d4	docs/evaluations/graph-export-and-federation.md	0
7b1269c7-0b75-43fe-a8b4-a77c45e780d4	docs/evaluations/two-triggers-one-verdict-how-this-repository-s-ci-decides-where-a-job-runs-and-what-it-trusts.md	0
7b1269c7-0b75-43fe-a8b4-a77c45e780d4	docs/how-to/relocate-a-shelf.md	0
7b1269c7-0b75-43fe-a8b4-a77c45e780d4	docs/interfaces/headwater-infer.md	0
7b1269c7-0b75-43fe-a8b4-a77c45e780d4	docs/obligations/0028-a-run-cannot-report-the-corpus-tree-because-nothing-computes.md	0
7b1269c7-0b75-43fe-a8b4-a77c45e780d4	docs/obligations/0119-an-audit-reading-carries-no-declared-bar-so-a-distribution-cannot-become-a-finding.md	0
7b1269c7-0b75-43fe-a8b4-a77c45e780d4	docs/obligations/0169-the-coverage-report-lists-one-path-twice-so-the-self-assessment-page-publishes-two-unaccounted-files-where-one-exists.md	1
7b1269c7-0b75-43fe-a8b4-a77c45e780d4	docs/obligations/0174-publishing-the-base-package-reports-51-references-that-resolve-nowhere-and-exits-0.md	0
7b1269c7-0b75-43fe-a8b4-a77c45e780d4	docs/obligations/0178-the-every-instance-report-detail-reaches-four-test-files-and-no-caller-outside-them.md	1
7b1269c7-0b75-43fe-a8b4-a77c45e780d4	docs/probe-results/regression-probe-transcript-for-2026-09-09.md	0
7b1269c7-0b75-43fe-a8b4-a77c45e780d4	docs/probe-results/regression-probe-transcript-for-2026-09-17-after-the-probe-corrections.md	0
7b1269c7-0b75-43fe-a8b4-a77c45e780d4	docs/process/decisions/0005-the-ledger-is-split-its-tabular-parts-are-jsonl-and-its-totals-are-derived.md	0
7b1269c7-0b75-43fe-a8b4-a77c45e780d4	docs/reviews/core-concepts-findings-assessment.md	0
7b1269c7-0b75-43fe-a8b4-a77c45e780d4	missing	1
7c02b7b6-1dbe-452e-86e6-5c0f51465516	docs/decisions/0031-q31-whether-this-repository-becomes-public-and-when.md	0
7c02b7b6-1dbe-452e-86e6-5c0f51465516	docs/decisions/0041-q41-whether-vale-becomes-a-declared-regime-backend.md	0
7c02b7b6-1dbe-452e-86e6-5c0f51465516	docs/decisions/0080-q66-the-corpus-dashboard-ships-free-and-self-hosted-with-tenant-isolation-stated-as-a-data-model-constraint-from-day-one.md	0
7c02b7b6-1dbe-452e-86e6-5c0f51465516	docs/interfaces/headwater-show.md	0
7c02b7b6-1dbe-452e-86e6-5c0f51465516	docs/obligations/0007-no-count-exists-of-adopters-who-stopped-at-the-license-terms.md	0
7c02b7b6-1dbe-452e-86e6-5c0f51465516	docs/obligations/0011-one-document-has-been-promoted-out-of-the-synthesized-tier-and-no-rate-says-whether-the-tier-drains.md	0
7c02b7b6-1dbe-452e-86e6-5c0f51465516	docs/obligations/0012-the-human-half-of-the-public-presence-claim-has-no-instrument.md	0
7c02b7b6-1dbe-452e-86e6-5c0f51465516	docs/obligations/0096-whether-anything-is-ever-promoted-out-of-the-asserted-tier.md	0
7c02b7b6-1dbe-452e-86e6-5c0f51465516	docs/obligations/0130-the-publication-date-of-this-repository-is-unset-and-the-owner-alone-sets-it.md	0
7c02b7b6-1dbe-452e-86e6-5c0f51465516	docs/obligations/0182-the-publish-crates-retry-loop-has-no-retry-ceiling.md	0
7c02b7b6-1dbe-452e-86e6-5c0f51465516	docs/obligations/0204-docs-decisions-0077-still-describes-hw-dr-0049-s-rewrite-as-pending-after-574-made-it.md	0
7c02b7b6-1dbe-452e-86e6-5c0f51465516	docs/process/decisions/0020-merges-go-through-the-github-merge-queue-one-squash-commit-per-pull-request.md	1
7c02b7b6-1dbe-452e-86e6-5c0f51465516	docs/process/explanations/where-a-ci-job-runs.md	0
7c02b7b6-1dbe-452e-86e6-5c0f51465516	docs/process/obligations/0207-the-plan-usage-of-one-issue-is-known-only-as-the-average-of-its-run.md	1
7c02b7b6-1dbe-452e-86e6-5c0f51465516	missing	0
7c3c2c97-e209-49b8-ac45-fa0bc590ca6d	docs/decisions/0036-q36-which-of-mkdocs-docusaurus-or-astro-this-corpus-emits-navigation-for-and-why.md	0
7c3c2c97-e209-49b8-ac45-fa0bc590ca6d	docs/decisions/0059-a-transform-over-a-harness-session-log-is-an-observed-transcript-when-the-log-arrives-by-a-channel-the-model-cannot-write-to.md	0
7c3c2c97-e209-49b8-ac45-fa0bc590ca6d	docs/evaluations/theoretical-foundations.md	0
7c3c2c97-e209-49b8-ac45-fa0bc590ca6d	docs/how-to/relocate-a-shelf.md	0
7c3c2c97-e209-49b8-ac45-fa0bc590ca6d	docs/how-to/rotate-or-revoke-the-apt-signing-subkey.md	0
7c3c2c97-e209-49b8-ac45-fa0bc590ca6d	docs/interfaces/headwater-neighbors.md	0
7c3c2c97-e209-49b8-ac45-fa0bc590ca6d	docs/obligations/0030-the-provenance-block-belongs-to-the-engine-and-nothing-states.md	0
7c3c2c97-e209-49b8-ac45-fa0bc590ca6d	docs/obligations/0044-a-generated-index-labels-a-document-with-its-identifier.md	0
7c3c2c97-e209-49b8-ac45-fa0bc590ca6d	docs/obligations/0192-assumptions-that-a-library-entry-takes-where-the-specification-does-not-speak.md	0
7c3c2c97-e209-49b8-ac45-fa0bc590ca6d	docs/probe-runs/regression-probe-transcript-for-2026-09-11.md	0
7c3c2c97-e209-49b8-ac45-fa0bc590ca6d	docs/probe-runs/regression-probe-transcript-for-2026-09-17-after-the-probe-corrections.md	0
7c3c2c97-e209-49b8-ac45-fa0bc590ca6d	docs/verifications/0001-the-section-heading-rule-has-no-case-table-and-a-golden-fixture-report-is-what-proves-it-runs.md	0
7c3c2c97-e209-49b8-ac45-fa0bc590ca6d	missing	0
7ce7bfb6-5c43-45e2-8f3d-9b5ac92ddfb1	docs/decisions/0020-where-scent-lives.md	0
7ce7bfb6-5c43-45e2-8f3d-9b5ac92ddfb1	docs/evaluations/capability-bundle-address-inventory.md	0
7ce7bfb6-5c43-45e2-8f3d-9b5ac92ddfb1	docs/evaluations/the-build-order-as-a-multi-agent-system.md	1
7ce7bfb6-5c43-45e2-8f3d-9b5ac92ddfb1	docs/interfaces/headwater-capture.md	0
7ce7bfb6-5c43-45e2-8f3d-9b5ac92ddfb1	docs/interfaces/headwater-change.md	0
7ce7bfb6-5c43-45e2-8f3d-9b5ac92ddfb1	docs/interfaces/headwater-init.md	0
7ce7bfb6-5c43-45e2-8f3d-9b5ac92ddfb1	docs/interfaces/headwater-route.md	0
7ce7bfb6-5c43-45e2-8f3d-9b5ac92ddfb1	docs/obligations/0167-the-default-branch-requires-no-approving-review-which-is-the-condition-hw-dr-0034-named-as-reopening-it.md	0
7ce7bfb6-5c43-45e2-8f3d-9b5ac92ddfb1	docs/probe-runs/regression-probe-transcript-for-2026-09-17-after-the-probe-corrections.md	0
7ce7bfb6-5c43-45e2-8f3d-9b5ac92ddfb1	docs/reviews/core-concepts-review-prompt.md	0
7ce7bfb6-5c43-45e2-8f3d-9b5ac92ddfb1	docs/spec/07-distribution-and-federation.md	0
7ce7bfb6-5c43-45e2-8f3d-9b5ac92ddfb1	docs/spec/09-open-questions.md	0
7ce7bfb6-5c43-45e2-8f3d-9b5ac92ddfb1	docs/spec/13-open-obligations.md	0
7ce7bfb6-5c43-45e2-8f3d-9b5ac92ddfb1	docs/spec/16-harness-support.md	0
7ce7bfb6-5c43-45e2-8f3d-9b5ac92ddfb1	missing	1
7d07d4c5-a80c-4311-baec-0c82f82f97b9	docs/decisions/0052-a-document-is-proposed-at-the-state-it-will-hold-and-the-merge-activates-it.md	0
7d07d4c5-a80c-4311-baec-0c82f82f97b9	docs/how-to/mine-the-shadow-mode-routing-log.md	0
7d07d4c5-a80c-4311-baec-0c82f82f97b9	docs/interfaces/headwater-completions.md	0
7d07d4c5-a80c-4311-baec-0c82f82f97b9	docs/interfaces/headwater-help.md	0
7d07d4c5-a80c-4311-baec-0c82f82f97b9	docs/interfaces/headwater-route.md	0
7d07d4c5-a80c-4311-baec-0c82f82f97b9	docs/obligations/0030-the-provenance-block-belongs-to-the-engine-and-nothing-states.md	0
7d07d4c5-a80c-4311-baec-0c82f82f97b9	docs/obligations/0044-a-generated-index-labels-a-document-with-its-identifier.md	0
7d07d4c5-a80c-4311-baec-0c82f82f97b9	docs/obligations/0113-every-check-passes-a-document-that-is-still-the-scaffolder-s-placeholder.md	0
7d07d4c5-a80c-4311-baec-0c82f82f97b9	docs/probe-results/status-probe-pilot-of-2026-09-29-campaign-tier-absent-arm-sufficiency.md	0
7d07d4c5-a80c-4311-baec-0c82f82f97b9	docs/probe-runs/status-probe-pilot-of-2026-09-29-campaign-tier-present-arm-sufficiency.md	0
7d07d4c5-a80c-4311-baec-0c82f82f97b9	docs/probes/a-session-names-the-status-a-settled-decision-carries-in-its-pull-request.md	0
7d07d4c5-a80c-4311-baec-0c82f82f97b9	docs/process/obligations/0207-the-plan-usage-of-one-issue-is-known-only-as-the-average-of-its-run.md	1
7d07d4c5-a80c-4311-baec-0c82f82f97b9	docs/process/obligations/0212-ci-done-sh-reads-a-cancelled-run-of-another-branch-as-a-red-result-on-a-main-merge-commit.md	0
7d07d4c5-a80c-4311-baec-0c82f82f97b9	docs/requirements/0003-a-relation-target-written-as-the-path-of-a-document-is-reported-and-never-bound-as-an-anchor-onto-that-file.md	0
7d07d4c5-a80c-4311-baec-0c82f82f97b9	missing	0
7de8a2c9-e32a-41b6-bb37-98b72d778ba8	docs/decisions/0051-q51-what-licenses-a-term-into-the-public-glossary-and-what-licenses-a-sixteenth.md	0
7de8a2c9-e32a-41b6-bb37-98b72d778ba8	docs/evaluations/one-clone-many-agents-how-this-repository-isolates-the-sessions-that-build-it.md	1
7de8a2c9-e32a-41b6-bb37-98b72d778ba8	docs/how-to/diagnose-an-isolation-failure.md	0
7de8a2c9-e32a-41b6-bb37-98b72d778ba8	docs/obligations/0042-a-declared-invalid-when-reaches-no-check-and-two-live.md	0
7de8a2c9-e32a-41b6-bb37-98b72d778ba8	docs/obligations/0131-the-cli-crate-wires-every-verb-and-carries-no-tests-so-two-wiring-defects-passed-a-green-suite.md	0
7de8a2c9-e32a-41b6-bb37-98b72d778ba8	docs/obligations/0144-the-cache-identity-test-reads-the-live-working-tree-so-an-edit-during-the-run-reports-the-correctness-root-as-violated.md	0
7de8a2c9-e32a-41b6-bb37-98b72d778ba8	docs/obligations/0207-the-plan-usage-of-one-issue-is-known-only-as-the-average-of-its-run.md	0
7de8a2c9-e32a-41b6-bb37-98b72d778ba8	docs/obligations/0209-a-build-order-dispatch-passes-no-isolation-so-a-stage-can-inherit-the-parent-worktree-as-its-working-directory.md	1
7de8a2c9-e32a-41b6-bb37-98b72d778ba8	docs/obligations/0211-two-hand-remedy-lines-for-hw-cargo-in-hw-run-policy-may-no-longer-earn-their-cost-on-every-dispatch.md	1
7de8a2c9-e32a-41b6-bb37-98b72d778ba8	docs/obligations/0221-subagents-read-skills-from-the-shared-checkout-and-a-worktree-isolated-integrator-cannot-fast-forward-it-after-a-merge.md	1
7de8a2c9-e32a-41b6-bb37-98b72d778ba8	docs/process/decisions/0004-coordination-is-a-create-only-claim-and-authority-stays-on-the-tree.md	1
7de8a2c9-e32a-41b6-bb37-98b72d778ba8	docs/process/decisions/0008-the-board-has-an-owner-of-its-structure-and-its-milestones-are-capped-versions.md	0
7de8a2c9-e32a-41b6-bb37-98b72d778ba8	docs/requirements/0002-every-document-of-a-kind-that-requires-sections-carries-all-of-them.md	0
7de8a2c9-e32a-41b6-bb37-98b72d778ba8	docs/spec/17-orchestration-architecture.md	2
7de8a2c9-e32a-41b6-bb37-98b72d778ba8	missing	1
7e91c537-671e-48b0-86af-15975e0e3614	docs/decisions/0016-public-presence.md	0
7e91c537-671e-48b0-86af-15975e0e3614	docs/evaluations/a-probe-task-section-is-the-prompt-so-commentary-under-that-heading-is-prompt.md	0
7e91c537-671e-48b0-86af-15975e0e3614	docs/how-to/diagnose-an-isolation-failure.md	0
7e91c537-671e-48b0-86af-15975e0e3614	docs/how-to/mine-the-shadow-mode-routing-log.md	0
7e91c537-671e-48b0-86af-15975e0e3614	docs/interfaces/headwater-mcp.md	0
7e91c537-671e-48b0-86af-15975e0e3614	docs/obligations/0198-nothing-states-how-much-of-a-session-s-budget-the-standing-instructions-consume-before-work-starts.md	0
7e91c537-671e-48b0-86af-15975e0e3614	docs/obligations/0200-three-graded-regression-runs-are-owed-a-fresh-recording-against-a-moved-taxonomy-lock.md	0
7e91c537-671e-48b0-86af-15975e0e3614	docs/probe-runs/regression-probe-transcript-for-2026-09-09.md	0
7e91c537-671e-48b0-86af-15975e0e3614	docs/probes/a-cold-agent-reaches-the-governing-document-through-the-corpus-descriptor.md	0
7e91c537-671e-48b0-86af-15975e0e3614	docs/probes/a-counted-tombstone-separates-a-withheld-answer-from-an-absent-answer.md	0
7e91c537-671e-48b0-86af-15975e0e3614	docs/probes/a-session-records-an-unmeasured-claim-in-the-shape-this-corpus-checks.md	0
7e91c537-671e-48b0-86af-15975e0e3614	docs/probes/an-agent-reaches-the-adjudication-from-the-document-that-lost-it.md	0
7e91c537-671e-48b0-86af-15975e0e3614	missing	0
8187473d-cf74-4bae-bdae-7e0bb0185d46	docs/decisions/0034-q34-whether-acceptance-means-merged-to-main-and-what-an-agent-may-write-before-that.md	1
8187473d-cf74-4bae-bdae-7e0bb0185d46	docs/evaluations/theoretical-foundations.md	0
8187473d-cf74-4bae-bdae-7e0bb0185d46	docs/obligations/0007-no-count-exists-of-adopters-who-stopped-at-the-license-terms.md	0
8187473d-cf74-4bae-bdae-7e0bb0185d46	docs/obligations/0027-what-optional-holds-under-the-package-root.md	0
8187473d-cf74-4bae-bdae-7e0bb0185d46	docs/obligations/0061-an-anchor-resolver-normalizes-and-nothing-states-how.md	0
8187473d-cf74-4bae-bdae-7e0bb0185d46	docs/obligations/0069-a-suppressed-finding-leaves-its-obligation-verified-and-spec-4.md	0
8187473d-cf74-4bae-bdae-7e0bb0185d46	docs/obligations/0108-an-agent-writes-the-acceptance-stamp-of-every-document-in-this-corpus.md	1
8187473d-cf74-4bae-bdae-7e0bb0185d46	docs/obligations/0167-the-default-branch-requires-no-approving-review-which-is-the-condition-hw-dr-0034-named-as-reopening-it.md	1
8187473d-cf74-4bae-bdae-7e0bb0185d46	docs/obligations/0185-whether-an-admitted-library-entry-may-require-a-bundle-that-admission-refuses.md	0
8187473d-cf74-4bae-bdae-7e0bb0185d46	docs/obligations/0188-the-negative-compliance-edge-and-the-governance-precedence-clause-contradict.md	0
8187473d-cf74-4bae-bdae-7e0bb0185d46	docs/requirements/0002-every-document-of-a-kind-that-requires-sections-carries-all-of-them.md	0
8187473d-cf74-4bae-bdae-7e0bb0185d46	missing	0
81f02aec-c93a-4aff-b6a8-e0f2b555bab9	docs/decisions/0021-terminological-succession-and-validity-under-merge.md	0
81f02aec-c93a-4aff-b6a8-e0f2b555bab9	docs/decisions/0049-a-corpus-wide-fold-is-derived-and-never-stored.md	0
81f02aec-c93a-4aff-b6a8-e0f2b555bab9	docs/decisions/0052-a-document-is-proposed-at-the-state-it-will-hold-and-the-merge-activates-it.md	0
81f02aec-c93a-4aff-b6a8-e0f2b555bab9	docs/evaluations/why-corpus-counts-are-derived-not-stored.md	0
81f02aec-c93a-4aff-b6a8-e0f2b555bab9	docs/interfaces/headwater-merge-driver.md	0
81f02aec-c93a-4aff-b6a8-e0f2b555bab9	docs/obligations/0081-a-published-read-set-never-says-which-instances-must-run-again.md	0
81f02aec-c93a-4aff-b6a8-e0f2b555bab9	docs/obligations/0168-a-saturated-pattern-set-and-a-clean-corpus-are-the-same-zero-and-no-report-separates-them.md	0
81f02aec-c93a-4aff-b6a8-e0f2b555bab9	docs/obligations/0216-two-merge-hooks-of-this-repository-print-a-resolve-flag-that-the-verb-refuses.md	0
81f02aec-c93a-4aff-b6a8-e0f2b555bab9	docs/obligations/0221-subagents-read-skills-from-the-shared-checkout-and-a-worktree-isolated-integrator-cannot-fast-forward-it-after-a-merge.md	0
81f02aec-c93a-4aff-b6a8-e0f2b555bab9	docs/process/decisions/0004-coordination-is-a-create-only-claim-and-authority-stays-on-the-tree.md	1
81f02aec-c93a-4aff-b6a8-e0f2b555bab9	docs/process/decisions/0017-ci-concurrency-is-per-ref-and-every-ref-but-main-cancels-a-superseded-run.md	1
81f02aec-c93a-4aff-b6a8-e0f2b555bab9	docs/process/decisions/0020-merges-go-through-the-github-merge-queue-one-squash-commit-per-pull-request.md	2
81f02aec-c93a-4aff-b6a8-e0f2b555bab9	docs/reviews/the-sixty-four-restored-help-strings-checked-against-the-binary.md	0
81f02aec-c93a-4aff-b6a8-e0f2b555bab9	docs/spec/17-orchestration-architecture.md	1
81f02aec-c93a-4aff-b6a8-e0f2b555bab9	missing	0
8332c05e-0e43-485c-adca-d1e562f3c2cd	docs/how-to/cut-a-release.md	0
8332c05e-0e43-485c-adca-d1e562f3c2cd	docs/obligations/0011-nothing-has-been-promoted-out-of-the-synthesized-tier.md	0
8332c05e-0e43-485c-adca-d1e562f3c2cd	docs/obligations/0072-a-cache-of-check-results-does-not-make-a-run-proportional.md	0
8332c05e-0e43-485c-adca-d1e562f3c2cd	docs/obligations/0113-every-check-passes-a-document-that-is-still-the-scaffolder-s-placeholder.md	0
8332c05e-0e43-485c-adca-d1e562f3c2cd	docs/obligations/0204-docs-decisions-0077-still-describes-hw-dr-0049-s-rewrite-as-pending-after-574-made-it.md	0
8332c05e-0e43-485c-adca-d1e562f3c2cd	docs/obligations/0207-the-plan-usage-of-one-issue-is-known-only-as-the-average-of-its-run.md	0
8332c05e-0e43-485c-adca-d1e562f3c2cd	docs/obligations/0212-ci-done-sh-reads-a-cancelled-run-of-another-branch-as-a-red-result-on-a-main-merge-commit.md	0
8332c05e-0e43-485c-adca-d1e562f3c2cd	docs/probe-results/regression-probe-transcript-for-2026-09-17-after-the-probe-corrections.md	0
8332c05e-0e43-485c-adca-d1e562f3c2cd	docs/probe-runs/regression-probe-transcript-for-2026-09-17-after-the-probe-corrections.md	0
8332c05e-0e43-485c-adca-d1e562f3c2cd	docs/process/decisions/0007-a-background-wait-caps-below-the-cache-lifetime-and-re-issues-itself.md	0
8332c05e-0e43-485c-adca-d1e562f3c2cd	missing	0
84a32b99-86c8-46c1-b2d9-62bf501215cc	docs/decisions/0076-a-probe-budget-prices-a-run-identity-fixed-before-the-run-and-a-committed-transcript-and-a-sweep-has-neither.md	0
84a32b99-86c8-46c1-b2d9-62bf501215cc	docs/decisions/0078-a-recorded-terminal-demonstration-may-show-a-frozen-number-behind-a-recorded-on-date-marker.md	0
84a32b99-86c8-46c1-b2d9-62bf501215cc	docs/evaluations/inspect-evals-worked-example.md	0
84a32b99-86c8-46c1-b2d9-62bf501215cc	docs/how-to/diagnose-an-isolation-failure.md	1
84a32b99-86c8-46c1-b2d9-62bf501215cc	docs/obligations/0072-a-cache-of-check-results-does-not-make-a-run-proportional.md	0
84a32b99-86c8-46c1-b2d9-62bf501215cc	docs/obligations/0175-two-documents-take-one-sequence-on-a-sequence-declaring-shelf-and-no-rule-reads-it.md	0
84a32b99-86c8-46c1-b2d9-62bf501215cc	docs/obligations/0178-the-every-instance-report-detail-reaches-four-test-files-and-no-caller-outside-them.md	0
84a32b99-86c8-46c1-b2d9-62bf501215cc	docs/obligations/0183-no-mechanism-holds-a-committed-binary-asset-against-a-run.md	0
84a32b99-86c8-46c1-b2d9-62bf501215cc	docs/obligations/0200-three-graded-regression-runs-are-owed-a-fresh-recording-against-a-moved-taxonomy-lock.md	0
84a32b99-86c8-46c1-b2d9-62bf501215cc	docs/process/evaluations/two-triggers-one-verdict-how-this-repository-s-ci-decides-where-a-job-runs-and-what-it-trusts.md	0
84a32b99-86c8-46c1-b2d9-62bf501215cc	docs/process/obligations/0207-the-plan-usage-of-one-issue-is-known-only-as-the-average-of-its-run.md	0
84a32b99-86c8-46c1-b2d9-62bf501215cc	docs/process/obligations/0220-no-disk-floor-is-stated-for-a-build-order-run-and-nothing-prunes-the-cargo-pool.md	1
84a32b99-86c8-46c1-b2d9-62bf501215cc	docs/reviews/core-concepts-review-findings-2.md	0
84a32b99-86c8-46c1-b2d9-62bf501215cc	docs/reviews/the-sixty-four-restored-help-strings-checked-against-the-binary.md	0
84a32b99-86c8-46c1-b2d9-62bf501215cc	docs/subsystems/measurement.md	0
84a32b99-86c8-46c1-b2d9-62bf501215cc	missing	1
86474f06-0eb9-400a-8a27-dffdd3071233	docs/decisions/0047-how-the-two-halves-of-the-site-share-one-host.md	0
86474f06-0eb9-400a-8a27-dffdd3071233	docs/decisions/0091-the-runner-image-of-the-engine-release-build-is-written-in-the-workflow-because-it-sets-the-glibc-floor.md	1
86474f06-0eb9-400a-8a27-dffdd3071233	docs/how-to/publish-your-corpus-as-a-site.md	0
86474f06-0eb9-400a-8a27-dffdd3071233	docs/process/decisions/0006-the-entrypoint-keeps-its-name-and-becomes-a-resumable-run.md	1
86474f06-0eb9-400a-8a27-dffdd3071233	docs/process/decisions/0009-a-release-gets-all-its-assets-in-one-create-call-and-a-person-deletes-it-to-run-again.md	0
86474f06-0eb9-400a-8a27-dffdd3071233	docs/process/decisions/0018-a-router-sends-a-push-or-merge-group-run-to-a-hosted-runner-when-the-self-hosted-pool-is-full-and-it-can-only-take-work-away.md	1
86474f06-0eb9-400a-8a27-dffdd3071233	docs/process/decisions/0022-the-verify-and-rework-loop-for-one-issue-runs-below-the-parent.md	2
86474f06-0eb9-400a-8a27-dffdd3071233	docs/process/evaluations/the-build-order-as-a-multi-agent-system.md	2
86474f06-0eb9-400a-8a27-dffdd3071233	docs/process/evaluations/two-triggers-one-verdict-how-this-repository-s-ci-decides-where-a-job-runs-and-what-it-trusts.md	2
86474f06-0eb9-400a-8a27-dffdd3071233	docs/process/explanations/where-a-ci-job-runs.md	2
86474f06-0eb9-400a-8a27-dffdd3071233	docs/process/obligations/0206-hw-run-policy-names-a-worktree-add-workaround-that-write-edit-refuses-under-this-harness.md	0
86474f06-0eb9-400a-8a27-dffdd3071233	docs/process/obligations/0207-the-plan-usage-of-one-issue-is-known-only-as-the-average-of-its-run.md	0
86474f06-0eb9-400a-8a27-dffdd3071233	docs/process/obligations/0209-a-build-order-dispatch-passes-no-isolation-so-a-stage-can-inherit-the-parent-worktree-as-its-working-directory.md	1
86474f06-0eb9-400a-8a27-dffdd3071233	docs/process/obligations/0211-two-hand-remedy-lines-for-hw-cargo-in-hw-run-policy-may-no-longer-earn-their-cost-on-every-dispatch.md	1
86474f06-0eb9-400a-8a27-dffdd3071233	missing	0
866aeaf4-ce0f-4605-836f-b425fe10d744	docs/evaluations/capability-bundle-address-inventory.md	0
866aeaf4-ce0f-4605-836f-b425fe10d744	docs/how-to/cut-a-release.md	0
866aeaf4-ce0f-4605-836f-b425fe10d744	docs/how-to/diagnose-an-isolation-failure.md	0
866aeaf4-ce0f-4605-836f-b425fe10d744	docs/interfaces/headwater-change.md	0
866aeaf4-ce0f-4605-836f-b425fe10d744	docs/interfaces/headwater-new.md	0
866aeaf4-ce0f-4605-836f-b425fe10d744	docs/obligations/0135-repo-cleanup-names-one-cause-for-a-gone-upstream-and-this-repository-produced-a-second.md	2
866aeaf4-ce0f-4605-836f-b425fe10d744	docs/obligations/0144-the-cache-identity-test-reads-the-live-working-tree-so-an-edit-during-the-run-reports-the-correctness-root-as-violated.md	0
866aeaf4-ce0f-4605-836f-b425fe10d744	docs/process/decisions/0004-coordination-is-a-create-only-claim-and-authority-stays-on-the-tree.md	0
866aeaf4-ce0f-4605-836f-b425fe10d744	docs/process/decisions/0007-a-background-wait-caps-below-the-cache-lifetime-and-re-issues-itself.md	1
866aeaf4-ce0f-4605-836f-b425fe10d744	docs/process/decisions/0017-ci-concurrency-is-per-ref-and-every-ref-but-main-cancels-a-superseded-run.md	0
866aeaf4-ce0f-4605-836f-b425fe10d744	docs/process/obligations/0210-no-fixture-holds-the-symlink-case-of-new-worktree-sh-and-a-bare-name-of-two-dots-leaves-a-branch-behind.md	1
866aeaf4-ce0f-4605-836f-b425fe10d744	docs/process/obligations/0216-two-merge-hooks-of-this-repository-print-a-resolve-flag-that-the-verb-refuses.md	0
866aeaf4-ce0f-4605-836f-b425fe10d744	docs/process/obligations/0217-the-site-review-marker-lives-in-the-common-directory-of-a-clone-so-one-worktree-s-unreviewed-merge-blocks-the-push-of-every-worktree.md	0
866aeaf4-ce0f-4605-836f-b425fe10d744	docs/process/obligations/0221-subagents-read-skills-from-the-shared-checkout-and-a-worktree-isolated-integrator-cannot-fast-forward-it-after-a-merge.md	0
866aeaf4-ce0f-4605-836f-b425fe10d744	missing	0
868407ff-6243-45a4-b072-0f7992b53a77	docs/decisions/0031-q31-whether-this-repository-becomes-public-and-when.md	0
868407ff-6243-45a4-b072-0f7992b53a77	docs/how-to/cut-a-release.md	0
868407ff-6243-45a4-b072-0f7992b53a77	docs/obligations/0011-nothing-has-been-promoted-out-of-the-synthesized-tier.md	0
868407ff-6243-45a4-b072-0f7992b53a77	docs/obligations/0072-a-cache-of-check-results-does-not-make-a-run-proportional.md	0
868407ff-6243-45a4-b072-0f7992b53a77	docs/obligations/0096-whether-anything-is-ever-promoted-out-of-the-asserted-tier.md	0
868407ff-6243-45a4-b072-0f7992b53a77	docs/obligations/0113-every-check-passes-a-document-that-is-still-the-scaffolder-s-placeholder.md	0
868407ff-6243-45a4-b072-0f7992b53a77	docs/obligations/0207-the-plan-usage-of-one-issue-is-known-only-as-the-average-of-its-run.md	0
868407ff-6243-45a4-b072-0f7992b53a77	docs/obligations/0212-ci-done-sh-reads-a-cancelled-run-of-another-branch-as-a-red-result-on-a-main-merge-commit.md	0
868407ff-6243-45a4-b072-0f7992b53a77	docs/probe-runs/regression-probe-transcript-for-2026-09-17-after-the-probe-corrections.md	0
868407ff-6243-45a4-b072-0f7992b53a77	docs/process/decisions/0007-a-background-wait-caps-below-the-cache-lifetime-and-re-issues-itself.md	1
868407ff-6243-45a4-b072-0f7992b53a77	missing	0
86fcf472-55b6-4490-84ed-057da8a0c493	docs/decisions/0098-an-engine-subsystem-is-described-by-a-technical-design-spec-on-a-shelf-of-its-own-and-its-behavior-stays-where-it-is-already-written.md	1
86fcf472-55b6-4490-84ed-057da8a0c493	docs/evaluations/language-choice.md	0
86fcf472-55b6-4490-84ed-057da8a0c493	docs/evaluations/n8n-worked-example.md	0
86fcf472-55b6-4490-84ed-057da8a0c493	docs/evaluations/schema-format-walkthrough.md	0
86fcf472-55b6-4490-84ed-057da8a0c493	docs/how-to/relocate-a-shelf.md	0
86fcf472-55b6-4490-84ed-057da8a0c493	docs/how-to/wire-headwater-check-into-your-own-workflow.md	0
86fcf472-55b6-4490-84ed-057da8a0c493	docs/interfaces/headwater-change.md	0
86fcf472-55b6-4490-84ed-057da8a0c493	docs/obligations/0030-the-provenance-block-belongs-to-the-engine-and-nothing-states.md	0
86fcf472-55b6-4490-84ed-057da8a0c493	docs/obligations/0149-the-write-time-hook-still-picks-pointer-lines-out-of-prose-by-their-em-dash.md	0
86fcf472-55b6-4490-84ed-057da8a0c493	docs/probes/what-a-session-writes-points-back-at-the-ruling-it-rests-on.md	2
86fcf472-55b6-4490-84ed-057da8a0c493	docs/reviews/core-concepts-review-findings.md	0
86fcf472-55b6-4490-84ed-057da8a0c493	docs/spec/06-engine-architecture.md	1
86fcf472-55b6-4490-84ed-057da8a0c493	docs/subsystems/checks-and-cache.md	0
86fcf472-55b6-4490-84ed-057da8a0c493	docs/subsystems/projections-and-export.md	1
86fcf472-55b6-4490-84ed-057da8a0c493	docs/subsystems/queries-and-explain.md	1
86fcf472-55b6-4490-84ed-057da8a0c493	missing	1
8706b1d8-2ae3-4f47-ba3e-adee6e4b4ded	docs/decisions/0038-q38-which-link-relation-a-rendered-page-carries-to-the-served-corpus-descriptor.md	0
8706b1d8-2ae3-4f47-ba3e-adee6e4b4ded	docs/evaluations/the-build-order-as-a-multi-agent-system.md	0
8706b1d8-2ae3-4f47-ba3e-adee6e4b4ded	docs/how-to/cut-a-release.md	1
8706b1d8-2ae3-4f47-ba3e-adee6e4b4ded	docs/how-to/diagnose-an-isolation-failure.md	0
8706b1d8-2ae3-4f47-ba3e-adee6e4b4ded	docs/interfaces/headwater-neighbors.md	0
8706b1d8-2ae3-4f47-ba3e-adee6e4b4ded	docs/obligations/0017-publishing-the-read-set-skips-a-re-run-on-two-of-the-eighteen.md	0
8706b1d8-2ae3-4f47-ba3e-adee6e4b4ded	docs/obligations/0082-the-lock-is-half-generated-and-half-authored-and-nothing.md	0
8706b1d8-2ae3-4f47-ba3e-adee6e4b4ded	docs/obligations/0086-an-inline-quotation-reaches-every-lexical-rule-as-this-authors.md	0
8706b1d8-2ae3-4f47-ba3e-adee6e4b4ded	docs/obligations/0131-the-cli-crate-wires-every-verb-and-carries-no-tests-so-two-wiring-defects-passed-a-green-suite.md	0
8706b1d8-2ae3-4f47-ba3e-adee6e4b4ded	docs/obligations/0136-seven-rustdoc-relative-links-in-comments-point-at-pages-the-doc-tree-does-not-have.md	0
8706b1d8-2ae3-4f47-ba3e-adee6e4b4ded	docs/obligations/0182-the-publish-crates-retry-loop-has-no-retry-ceiling.md	1
8706b1d8-2ae3-4f47-ba3e-adee6e4b4ded	docs/obligations/0203-three-small-run-tooling-gaps-from-run-20260922-1121-filed-together.md	0
8706b1d8-2ae3-4f47-ba3e-adee6e4b4ded	docs/obligations/0217-the-site-review-marker-lives-in-the-common-directory-of-a-clone-so-one-worktree-s-unreviewed-merge-blocks-the-push-of-every-worktree.md	0
8706b1d8-2ae3-4f47-ba3e-adee6e4b4ded	docs/probe-runs/regression-probe-transcript-for-2026-09-17-after-the-probe-corrections.md	0
8706b1d8-2ae3-4f47-ba3e-adee6e4b4ded	docs/spec/17-orchestration-architecture.md	0
8706b1d8-2ae3-4f47-ba3e-adee6e4b4ded	missing	0
87312eb5-6f56-4eb1-8d11-7a36c711a8e7	docs/acceptance-criteria/0003-check-reports-a-document-path-written-as-a-relation-target-once-in-every-spelling-and-through-a-symlink.md	0
87312eb5-6f56-4eb1-8d11-7a36c711a8e7	docs/acceptance-criteria/0004-each-list-anchor-in-the-native-export-carries-its-sorted-members-and-a-single-pattern-carries-none.md	0
87312eb5-6f56-4eb1-8d11-7a36c711a8e7	docs/acceptance-criteria/0005-the-governing-documents-of-a-path-are-the-same-for-every-spelling-of-it-and-a-path-no-anchor-matches-has-none.md	0
87312eb5-6f56-4eb1-8d11-7a36c711a8e7	docs/decisions/0054-the-upper-bound-of-a-reconcile-first-allocator-is-the-corpus-and-a-claim-store.md	0
87312eb5-6f56-4eb1-8d11-7a36c711a8e7	docs/interfaces/headwater-help.md	0
87312eb5-6f56-4eb1-8d11-7a36c711a8e7	docs/obligations/0144-the-cache-identity-test-reads-the-live-working-tree-so-an-edit-during-the-run-reports-the-correctness-root-as-violated.md	0
87312eb5-6f56-4eb1-8d11-7a36c711a8e7	docs/obligations/0175-two-documents-take-one-sequence-on-a-sequence-declaring-shelf-and-no-rule-reads-it.md	0
87312eb5-6f56-4eb1-8d11-7a36c711a8e7	docs/probe-runs/regression-probe-transcript-for-2026-09-16.md	0
87312eb5-6f56-4eb1-8d11-7a36c711a8e7	docs/process/decisions/0004-coordination-is-a-create-only-claim-and-authority-stays-on-the-tree.md	0
87312eb5-6f56-4eb1-8d11-7a36c711a8e7	docs/process/obligations/0206-hw-run-policy-names-a-worktree-add-workaround-that-write-edit-refuses-under-this-harness.md	1
87312eb5-6f56-4eb1-8d11-7a36c711a8e7	docs/process/obligations/0209-a-build-order-dispatch-passes-no-isolation-so-a-stage-can-inherit-the-parent-worktree-as-its-working-directory.md	1
87312eb5-6f56-4eb1-8d11-7a36c711a8e7	docs/process/obligations/0210-no-fixture-holds-the-symlink-case-of-new-worktree-sh-and-a-bare-name-of-two-dots-leaves-a-branch-behind.md	1
87312eb5-6f56-4eb1-8d11-7a36c711a8e7	docs/process/obligations/0221-subagents-read-skills-from-the-shared-checkout-and-a-worktree-isolated-integrator-cannot-fast-forward-it-after-a-merge.md	1
87312eb5-6f56-4eb1-8d11-7a36c711a8e7	docs/requirements/0004-the-graph-export-carries-the-member-patterns-of-a-list-anchor.md	0
87312eb5-6f56-4eb1-8d11-7a36c711a8e7	docs/requirements/0005-a-code-path-names-every-document-that-governs-it.md	0
87312eb5-6f56-4eb1-8d11-7a36c711a8e7	missing	0
8772838b-8dc1-4e53-b307-f73abeb97285	docs/decisions/0019-inbound-integration-an-external-system-of-record.md	0
8772838b-8dc1-4e53-b307-f73abeb97285	docs/decisions/0064-q64-whether-intent-time-routing-gains-an-offline-embedding-path-in-shadow-mode.md	0
8772838b-8dc1-4e53-b307-f73abeb97285	docs/decisions/0072-the-binary-is-the-only-interface-an-adopter-must-run-and-every-integration-point-outside-it-is-declared.md	1
8772838b-8dc1-4e53-b307-f73abeb97285	docs/decisions/0074-a-code-path-anchor-is-a-pattern-over-the-tree-and-it-binds-when-the-pattern-matches-at-least-one-entry.md	0
8772838b-8dc1-4e53-b307-f73abeb97285	docs/decisions/0096-harper-does-not-become-part-of-the-engine-now-and-q41-stands.md	0
8772838b-8dc1-4e53-b307-f73abeb97285	docs/evaluations/capability-bundle-address-inventory.md	0
8772838b-8dc1-4e53-b307-f73abeb97285	docs/explanations/how-a-headwater-release-reaches-an-adopter.md	0
8772838b-8dc1-4e53-b307-f73abeb97285	docs/how-to/rotate-or-revoke-the-apt-signing-subkey.md	0
8772838b-8dc1-4e53-b307-f73abeb97285	docs/interfaces/headwater-mcp.md	1
8772838b-8dc1-4e53-b307-f73abeb97285	docs/probes/the-pointer-this-corpus-offers-for-a-task-is-the-document-a-session-opens.md	0
8772838b-8dc1-4e53-b307-f73abeb97285	docs/process/evaluations/two-triggers-one-verdict-how-this-repository-s-ci-decides-where-a-job-runs-and-what-it-trusts.md	0
8772838b-8dc1-4e53-b307-f73abeb97285	docs/process/specs/orchestration-architecture.md	0
8772838b-8dc1-4e53-b307-f73abeb97285	docs/requirements/0005-a-code-path-names-every-document-that-governs-it.md	0
8772838b-8dc1-4e53-b307-f73abeb97285	docs/spec/15-the-recorder-contract.md	0
8772838b-8dc1-4e53-b307-f73abeb97285	docs/spec/16-harness-support.md	2
8772838b-8dc1-4e53-b307-f73abeb97285	missing	1
8859414f-047e-4627-8477-b847f69c371e	docs/interfaces/headwater-merge-driver.md	0
8859414f-047e-4627-8477-b847f69c371e	docs/obligations/0032-a-remove-that-orphans-a-name-is-refused-and-the-message-names.md	0
8859414f-047e-4627-8477-b847f69c371e	docs/obligations/0073-the-prior-version-still-owes-the-key-edit-that-the-clock.md	0
8859414f-047e-4627-8477-b847f69c371e	docs/obligations/0135-repo-cleanup-names-one-cause-for-a-gone-upstream-and-this-repository-produced-a-second.md	1
8859414f-047e-4627-8477-b847f69c371e	docs/obligations/0167-the-default-branch-requires-no-approving-review-which-is-the-condition-hw-dr-0034-named-as-reopening-it.md	0
8859414f-047e-4627-8477-b847f69c371e	docs/obligations/0176-a-blessed-fixture-is-read-by-a-sibling-case-that-runs-while-the-write-truncates-it.md	0
8859414f-047e-4627-8477-b847f69c371e	docs/process/decisions/0014-the-boundary-against-a-fork-is-the-approval-of-outside-runs-and-a-person-reads-a-github-diff-before-approving-one.md	1
8859414f-047e-4627-8477-b847f69c371e	docs/process/decisions/0017-ci-concurrency-is-per-ref-and-every-ref-but-main-cancels-a-superseded-run.md	0
8859414f-047e-4627-8477-b847f69c371e	docs/process/explanations/where-a-ci-job-runs.md	0
8859414f-047e-4627-8477-b847f69c371e	docs/process/obligations/0210-no-fixture-holds-the-symlink-case-of-new-worktree-sh-and-a-bare-name-of-two-dots-leaves-a-branch-behind.md	0
8859414f-047e-4627-8477-b847f69c371e	docs/process/obligations/0212-ci-done-sh-reads-a-cancelled-run-of-another-branch-as-a-red-result-on-a-main-merge-commit.md	0
8859414f-047e-4627-8477-b847f69c371e	docs/process/obligations/0216-two-merge-hooks-of-this-repository-print-a-resolve-flag-that-the-verb-refuses.md	0
8859414f-047e-4627-8477-b847f69c371e	docs/process/obligations/0217-the-site-review-marker-lives-in-the-common-directory-of-a-clone-so-one-worktree-s-unreviewed-merge-blocks-the-push-of-every-worktree.md	0
8859414f-047e-4627-8477-b847f69c371e	missing	0
88d5f4e6-7bb2-43bd-8461-39d27f641790	docs/evaluations/a-probe-task-section-is-the-prompt-so-commentary-under-that-heading-is-prompt.md	0
88d5f4e6-7bb2-43bd-8461-39d27f641790	docs/evaluations/the-pointer-probe-grades-a-session-against-the-router-s-own-first-pick-so-a-correct-session-that-declines-a-wrong-pointer-fails.md	0
88d5f4e6-7bb2-43bd-8461-39d27f641790	docs/how-to/cut-a-release.md	0
88d5f4e6-7bb2-43bd-8461-39d27f641790	docs/how-to/relocate-a-shelf.md	0
88d5f4e6-7bb2-43bd-8461-39d27f641790	docs/obligations/0011-nothing-has-been-promoted-out-of-the-synthesized-tier.md	0
88d5f4e6-7bb2-43bd-8461-39d27f641790	docs/obligations/0072-a-cache-of-check-results-does-not-make-a-run-proportional.md	0
88d5f4e6-7bb2-43bd-8461-39d27f641790	docs/obligations/0076-a-generated-check-reads-its-severity-from-the-taxonomy.md	0
88d5f4e6-7bb2-43bd-8461-39d27f641790	docs/obligations/0112-a-surface-cannot-move-the-assisted-fraction-of-a-run.md	0
88d5f4e6-7bb2-43bd-8461-39d27f641790	docs/obligations/0113-every-check-passes-a-document-that-is-still-the-scaffolder-s-placeholder.md	0
88d5f4e6-7bb2-43bd-8461-39d27f641790	docs/obligations/0152-ledger-render-in-adoption-rs-has-the-same-zero-count-defect-suppression-rs-had-before-pr-450-still-latent.md	0
88d5f4e6-7bb2-43bd-8461-39d27f641790	docs/obligations/0204-docs-decisions-0077-still-describes-hw-dr-0049-s-rewrite-as-pending-after-574-made-it.md	0
88d5f4e6-7bb2-43bd-8461-39d27f641790	docs/probe-runs/campaign-of-2026-09-28-campaign-tier-absent-arm-navigability.md	0
88d5f4e6-7bb2-43bd-8461-39d27f641790	docs/probe-runs/regression-probe-transcript-for-2026-09-17-after-the-probe-corrections.md	0
88d5f4e6-7bb2-43bd-8461-39d27f641790	docs/process/decisions/0011-crates-publish-in-one-fixed-order-that-a-test-holds-and-a-rerun-continues-where-the-last-run-stopped.md	0
88d5f4e6-7bb2-43bd-8461-39d27f641790	docs/spec/15-the-recorder-contract.md	0
88d5f4e6-7bb2-43bd-8461-39d27f641790	missing	0
8a7bd6d3-9702-425c-9a4b-3f6969909e7d	docs/decisions/0073-a-verification-is-a-kind-and-its-identity-is-minted-rather-than-found-in-the-code-that-cites-it.md	0
8a7bd6d3-9702-425c-9a4b-3f6969909e7d	docs/evaluations/shacl-worked-example.md	0
8a7bd6d3-9702-425c-9a4b-3f6969909e7d	docs/evaluations/what-a-check-can-know.md	0
8a7bd6d3-9702-425c-9a4b-3f6969909e7d	docs/how-to/diagnose-an-isolation-failure.md	0
8a7bd6d3-9702-425c-9a4b-3f6969909e7d	docs/interfaces/headwater-change.md	0
8a7bd6d3-9702-425c-9a4b-3f6969909e7d	docs/interfaces/headwater-check.md	1
8a7bd6d3-9702-425c-9a4b-3f6969909e7d	docs/interfaces/headwater-gate.md	0
8a7bd6d3-9702-425c-9a4b-3f6969909e7d	docs/obligations/0042-a-declared-invalid-when-reaches-no-check-and-two-live.md	0
8a7bd6d3-9702-425c-9a4b-3f6969909e7d	docs/obligations/0075-a-participation-expectation-needs-depth-one-and-edge.md	0
8a7bd6d3-9702-425c-9a4b-3f6969909e7d	docs/obligations/0126-every-asserted-document-carries-the-freshness-date-that-spec-3-says-it-cannot.md	0
8a7bd6d3-9702-425c-9a4b-3f6969909e7d	docs/obligations/0187-the-registered-deviation-edge-of-the-compliance-tradition-cannot-be-declared.md	0
8a7bd6d3-9702-425c-9a4b-3f6969909e7d	docs/obligations/0203-three-small-run-tooling-gaps-from-run-20260922-1121-filed-together.md	0
8a7bd6d3-9702-425c-9a4b-3f6969909e7d	docs/spec/12-check-layer.md	0
8a7bd6d3-9702-425c-9a4b-3f6969909e7d	missing	0
8ae90dcc-7505-4bc4-a42f-7e09a2176a43	docs/decisions/0024-q24-readability-and-what-a-sweep-can-be-asked-about.md	0
8ae90dcc-7505-4bc4-a42f-7e09a2176a43	docs/decisions/0031-q31-whether-this-repository-becomes-public-and-when.md	0
8ae90dcc-7505-4bc4-a42f-7e09a2176a43	docs/decisions/0067-the-vendored-package-root-moves-under-headwater-and-the-old-root-is-named-in-a-refusal.md	0
8ae90dcc-7505-4bc4-a42f-7e09a2176a43	docs/decisions/0090-each-release-states-in-its-notes-the-release-digest-that-a-consumer-pins.md	1
8ae90dcc-7505-4bc4-a42f-7e09a2176a43	docs/evaluations/two-triggers-one-verdict-how-this-repository-s-ci-decides-where-a-job-runs-and-what-it-trusts.md	0
8ae90dcc-7505-4bc4-a42f-7e09a2176a43	docs/how-to/cut-a-release.md	2
8ae90dcc-7505-4bc4-a42f-7e09a2176a43	docs/how-to/mine-the-shadow-mode-routing-log.md	0
8ae90dcc-7505-4bc4-a42f-7e09a2176a43	docs/obligations/0008-an-adoption-payload-has-a-first-reading-and-no-elapsed-time.md	0
8ae90dcc-7505-4bc4-a42f-7e09a2176a43	docs/obligations/0085-headwater-init-cannot-reach-a-package-that-is-not-already.md	0
8ae90dcc-7505-4bc4-a42f-7e09a2176a43	docs/obligations/0115-a-pinned-digest-authenticates-the-pin-and-never-the-publisher.md	1
8ae90dcc-7505-4bc4-a42f-7e09a2176a43	docs/obligations/0122-nothing-holds-the-conformance-rule-set-of-a-package-a-consumer-takes-from-source.md	0
8ae90dcc-7505-4bc4-a42f-7e09a2176a43	docs/obligations/0203-three-small-run-tooling-gaps-from-run-20260922-1121-filed-together.md	0
8ae90dcc-7505-4bc4-a42f-7e09a2176a43	docs/process/decisions/0009-a-release-gets-all-its-assets-in-one-create-call-and-a-person-deletes-it-to-run-again.md	1
8ae90dcc-7505-4bc4-a42f-7e09a2176a43	docs/requirements/0002-every-document-of-a-kind-that-requires-sections-carries-all-of-them.md	0
8ae90dcc-7505-4bc4-a42f-7e09a2176a43	docs/spec/00-vision-and-scope.md	0
8ae90dcc-7505-4bc4-a42f-7e09a2176a43	missing	1
8b1a45da-d6b0-4789-ac52-56ab32a62512	docs/decisions/0092-the-citation-comment-of-spec-5-is-for-an-adopter-s-corpus-and-this-repository-does-not-practice-it-on-its-own-code.md	0
8b1a45da-d6b0-4789-ac52-56ab32a62512	docs/evaluations/the-pointer-probe-grades-a-session-against-the-router-s-own-first-pick-so-a-correct-session-that-declines-a-wrong-pointer-fails.md	0
8b1a45da-d6b0-4789-ac52-56ab32a62512	docs/obligations/0049-the-meta-schema-closes-eight-value-sets-that-nothing-states.md	0
8b1a45da-d6b0-4789-ac52-56ab32a62512	docs/obligations/0108-an-agent-writes-the-acceptance-stamp-of-every-document-in-this-corpus.md	0
8b1a45da-d6b0-4789-ac52-56ab32a62512	docs/obligations/0134-the-comment-prose-defines-by-contrast-979-times-in-179-000-words-and-no-mechanism-here-performs-an-editorial-pass.md	0
8b1a45da-d6b0-4789-ac52-56ab32a62512	docs/obligations/0138-the-rest-of-the-editorial-pass-with-cli-src-main-rs-at-the-head-of-the-distribution.md	0
8b1a45da-d6b0-4789-ac52-56ab32a62512	docs/obligations/0143-a-specification-sentence-closes-a-set-with-a-count-the-source-exceeds-and-115-of-127-candidates-are-unchecked.md	0
8b1a45da-d6b0-4789-ac52-56ab32a62512	docs/obligations/0159-a-sentence-that-opens-with-a-hash-and-an-issue-number-is-folded-into-the-sentence-before-it.md	0
8b1a45da-d6b0-4789-ac52-56ab32a62512	docs/obligations/0201-no-coverage-or-mutation-measurement-has-ever-been-taken-over-the-engine-s-test-suite.md	0
8b1a45da-d6b0-4789-ac52-56ab32a62512	docs/reviews/the-sixty-four-restored-help-strings-checked-against-the-binary.md	0
8b1a45da-d6b0-4789-ac52-56ab32a62512	missing	0
8c0a8760-cad9-4306-bd72-f0984077fc70	docs/decisions/0060-the-engine-s-version-stays-one-number-and-a-build-s-exact-commit-is-a-separate-unwired-fact.md	0
8c0a8760-cad9-4306-bd72-f0984077fc70	docs/decisions/0072-the-binary-is-the-only-interface-an-adopter-must-run-and-every-integration-point-outside-it-is-declared.md	0
8c0a8760-cad9-4306-bd72-f0984077fc70	docs/how-to/mine-the-shadow-mode-routing-log.md	0
8c0a8760-cad9-4306-bd72-f0984077fc70	docs/interfaces/headwater-probe.md	0
8c0a8760-cad9-4306-bd72-f0984077fc70	docs/obligations/0042-a-declared-invalid-when-reaches-no-check-and-two-live.md	0
8c0a8760-cad9-4306-bd72-f0984077fc70	docs/obligations/0061-an-anchor-resolver-normalizes-and-nothing-states-how.md	0
8c0a8760-cad9-4306-bd72-f0984077fc70	docs/obligations/0075-a-participation-expectation-needs-depth-one-and-edge.md	0
8c0a8760-cad9-4306-bd72-f0984077fc70	docs/obligations/0131-the-cli-crate-wires-every-verb-and-carries-no-tests-so-two-wiring-defects-passed-a-green-suite.md	0
8c0a8760-cad9-4306-bd72-f0984077fc70	docs/obligations/0133-two-test-helpers-key-a-scratch-directory-on-the-pid-alone-and-the-race-springs-on-the-next-case-added.md	0
8c0a8760-cad9-4306-bd72-f0984077fc70	docs/obligations/0164-the-regeneration-check-tests-byte-equality-before-the-marker-so-a-file-the-census-stopped-counting-as-generated-still-passes.md	0
8c0a8760-cad9-4306-bd72-f0984077fc70	docs/obligations/0178-the-every-instance-report-detail-reaches-four-test-files-and-no-caller-outside-them.md	0
8c0a8760-cad9-4306-bd72-f0984077fc70	docs/obligations/0183-no-mechanism-holds-a-committed-binary-asset-against-a-run.md	0
8c0a8760-cad9-4306-bd72-f0984077fc70	docs/obligations/0187-the-registered-deviation-edge-of-the-compliance-tradition-cannot-be-declared.md	0
8c0a8760-cad9-4306-bd72-f0984077fc70	docs/reviews/the-sixty-four-restored-help-strings-checked-against-the-binary.md	0
8c0a8760-cad9-4306-bd72-f0984077fc70	docs/spec/08-design-departures.md	0
8c0a8760-cad9-4306-bd72-f0984077fc70	missing	1
8ca3624f-24e0-47cc-8753-af36ae1d6948	docs/decisions/0091-the-runner-image-of-the-engine-release-build-is-written-in-the-workflow-because-it-sets-the-glibc-floor.md	0
8ca3624f-24e0-47cc-8753-af36ae1d6948	docs/evaluations/specifying-the-engine.md	0
8ca3624f-24e0-47cc-8753-af36ae1d6948	docs/evaluations/the-pointer-probe-grades-a-session-against-the-router-s-own-first-pick-so-a-correct-session-that-declines-a-wrong-pointer-fails.md	1
8ca3624f-24e0-47cc-8753-af36ae1d6948	docs/obligations/0026-the-operational-shape-of-a-hosted-server-is-unstated.md	0
8ca3624f-24e0-47cc-8753-af36ae1d6948	docs/obligations/0072-a-cache-of-check-results-does-not-make-a-run-proportional.md	0
8ca3624f-24e0-47cc-8753-af36ae1d6948	docs/obligations/0207-the-plan-usage-of-one-issue-is-known-only-as-the-average-of-its-run.md	0
8ca3624f-24e0-47cc-8753-af36ae1d6948	docs/obligations/0220-no-disk-floor-is-stated-for-a-build-order-run-and-nothing-prunes-the-cargo-pool.md	0
8ca3624f-24e0-47cc-8753-af36ae1d6948	docs/probe-runs/regression-probe-transcript-for-2026-09-17-after-the-probe-corrections.md	1
8ca3624f-24e0-47cc-8753-af36ae1d6948	docs/reviews/core-concepts-review-findings-2.md	0
8ca3624f-24e0-47cc-8753-af36ae1d6948	docs/reviews/core-concepts-review-findings.md	0
8ca3624f-24e0-47cc-8753-af36ae1d6948	missing	1
8d3cb90f-5454-427e-9763-5ca7e05ead11	docs/acceptance-criteria/0001-no-source-file-of-the-engine-names-a-network-api-and-no-locked-dependency-provides-one.md	0
8d3cb90f-5454-427e-9763-5ca7e05ead11	docs/decisions/0033-q33-whether-the-command-line-is-derived-and-who-a-flag-belongs-to.md	0
8d3cb90f-5454-427e-9763-5ca7e05ead11	docs/decisions/0039-q39-how-a-figure-reaches-a-hand-built-page.md	0
8d3cb90f-5454-427e-9763-5ca7e05ead11	docs/decisions/0050-q50-where-the-visual-register-of-the-hand-built-pages-lives.md	0
8d3cb90f-5454-427e-9763-5ca7e05ead11	docs/decisions/0073-a-verification-is-a-kind-and-its-identity-is-minted-rather-than-found-in-the-code-that-cites-it.md	0
8d3cb90f-5454-427e-9763-5ca7e05ead11	docs/decisions/0081-the-hand-authored-decision-register-indexes-a-subset-of-the-shelf-and-stops-asserting-it-supersedes-the-complete-one.md	0
8d3cb90f-5454-427e-9763-5ca7e05ead11	docs/interfaces/headwater-derived.md	0
8d3cb90f-5454-427e-9763-5ca7e05ead11	docs/interfaces/headwater-new.md	0
8d3cb90f-5454-427e-9763-5ca7e05ead11	docs/obligations/0045-what-shelf-expands-to-in-a-projection-output.md	0
8d3cb90f-5454-427e-9763-5ca7e05ead11	docs/obligations/0104-a-governs-edge-reaches-the-path-it-names-and-nothing.md	0
8d3cb90f-5454-427e-9763-5ca7e05ead11	docs/obligations/0105-nothing-plays-the-hook-role-that-two-relations-name.md	0
8d3cb90f-5454-427e-9763-5ca7e05ead11	docs/obligations/0138-the-rest-of-the-editorial-pass-with-cli-src-main-rs-at-the-head-of-the-distribution.md	0
8d3cb90f-5454-427e-9763-5ca7e05ead11	docs/obligations/0164-the-regeneration-check-tests-byte-equality-before-the-marker-so-a-file-the-census-stopped-counting-as-generated-still-passes.md	0
8d3cb90f-5454-427e-9763-5ca7e05ead11	docs/spec/09-open-questions.md	0
8d3cb90f-5454-427e-9763-5ca7e05ead11	docs/spec/15-the-recorder-contract.md	0
8d3cb90f-5454-427e-9763-5ca7e05ead11	missing	0
8df01837-06bf-4d52-98fc-70b5aae63d5e	docs/evaluations/capability-bundle-address-inventory.md	0
8df01837-06bf-4d52-98fc-70b5aae63d5e	docs/evaluations/language-spike-results.md	0
8df01837-06bf-4d52-98fc-70b5aae63d5e	docs/evaluations/the-build-order-as-a-multi-agent-system.md	0
8df01837-06bf-4d52-98fc-70b5aae63d5e	docs/how-to/diagnose-an-isolation-failure.md	0
8df01837-06bf-4d52-98fc-70b5aae63d5e	docs/obligations/0072-a-cache-of-check-results-does-not-make-a-run-proportional.md	0
8df01837-06bf-4d52-98fc-70b5aae63d5e	docs/obligations/0101-whether-the-read-set-of-a-real-corpus-is-small-enough.md	0
8df01837-06bf-4d52-98fc-70b5aae63d5e	docs/obligations/0112-a-surface-cannot-move-the-assisted-fraction-of-a-run.md	0
8df01837-06bf-4d52-98fc-70b5aae63d5e	docs/obligations/0157-the-capture-report-says-two-denominators-over-a-store-that-named-seventeen-taxonomies.md	0
8df01837-06bf-4d52-98fc-70b5aae63d5e	docs/reviews/core-concepts-review-findings.md	0
8df01837-06bf-4d52-98fc-70b5aae63d5e	docs/spec/09-decisions.md	0
8df01837-06bf-4d52-98fc-70b5aae63d5e	missing	0
8f23d5d0-5108-46da-b113-a58da9cdd557	docs/decisions/0004-relation-storage.md	0
8f23d5d0-5108-46da-b113-a58da9cdd557	docs/decisions/0044-q44-whether-bundles-decompose-into-capabilities-and-assemblies-compose-practices.md	1
8f23d5d0-5108-46da-b113-a58da9cdd557	docs/decisions/0098-an-engine-subsystem-is-described-by-a-technical-design-spec-on-a-shelf-of-its-own-and-its-behavior-stays-where-it-is-already-written.md	2
8f23d5d0-5108-46da-b113-a58da9cdd557	docs/evaluations/specifying-the-engine.md	2
8f23d5d0-5108-46da-b113-a58da9cdd557	docs/obligations/0035-section-contracts-in-the-base.md	1
8f23d5d0-5108-46da-b113-a58da9cdd557	docs/obligations/0046-the-identifier-scheme-grammar.md	0
8f23d5d0-5108-46da-b113-a58da9cdd557	docs/obligations/0051-downstream-delivery-of-a-standards-corpus.md	0
8f23d5d0-5108-46da-b113-a58da9cdd557	docs/obligations/0187-the-registered-deviation-edge-of-the-compliance-tradition-cannot-be-declared.md	0
8f23d5d0-5108-46da-b113-a58da9cdd557	docs/process/decisions/0005-the-ledger-is-split-its-tabular-parts-are-jsonl-and-its-totals-are-derived.md	0
8f23d5d0-5108-46da-b113-a58da9cdd557	docs/reviews/core-concepts-review-findings.md	0
8f23d5d0-5108-46da-b113-a58da9cdd557	docs/spec/09-decisions.md	0
8f23d5d0-5108-46da-b113-a58da9cdd557	docs/taxonomies/design-spec/doctrine.md	1
8f23d5d0-5108-46da-b113-a58da9cdd557	docs/taxonomies/standards-spec/doctrine.md	2
8f23d5d0-5108-46da-b113-a58da9cdd557	missing	0
8f97461d-b3f6-4400-9d3f-4c0d7d0cc66e	docs/decisions/0015-a-synthesized-content-tier.md	0
8f97461d-b3f6-4400-9d3f-4c0d7d0cc66e	docs/decisions/0034-q34-whether-acceptance-means-merged-to-main-and-what-an-agent-may-write-before-that.md	0
8f97461d-b3f6-4400-9d3f-4c0d7d0cc66e	docs/how-to/diagnose-an-isolation-failure.md	0
8f97461d-b3f6-4400-9d3f-4c0d7d0cc66e	docs/obligations/0047-the-scope-of-a-sub-document-identifier.md	0
8f97461d-b3f6-4400-9d3f-4c0d7d0cc66e	docs/obligations/0049-the-meta-schema-closes-eight-value-sets-that-nothing-states.md	0
8f97461d-b3f6-4400-9d3f-4c0d7d0cc66e	docs/obligations/0081-a-published-read-set-never-says-which-instances-must-run-again.md	0
8f97461d-b3f6-4400-9d3f-4c0d7d0cc66e	docs/obligations/0167-the-default-branch-requires-no-approving-review-which-is-the-condition-hw-dr-0034-named-as-reopening-it.md	0
8f97461d-b3f6-4400-9d3f-4c0d7d0cc66e	docs/obligations/0193-admission-criterion-5-has-no-reading-for-an-entry-that-serves-neither-core-purpose.md	0
8f97461d-b3f6-4400-9d3f-4c0d7d0cc66e	docs/process/decisions/0020-merges-go-through-the-github-merge-queue-one-squash-commit-per-pull-request.md	0
8f97461d-b3f6-4400-9d3f-4c0d7d0cc66e	docs/tutorials/your-first-governed-corpus.md	0
8f97461d-b3f6-4400-9d3f-4c0d7d0cc66e	missing	0
9043361b-3509-4262-8e8f-ee12c509ab83	docs/decisions/0031-q31-whether-this-repository-becomes-public-and-when.md	0
9043361b-3509-4262-8e8f-ee12c509ab83	docs/obligations/0011-nothing-has-been-promoted-out-of-the-synthesized-tier.md	0
9043361b-3509-4262-8e8f-ee12c509ab83	docs/obligations/0072-a-cache-of-check-results-does-not-make-a-run-proportional.md	0
9043361b-3509-4262-8e8f-ee12c509ab83	docs/obligations/0096-whether-anything-is-ever-promoted-out-of-the-asserted-tier.md	0
9043361b-3509-4262-8e8f-ee12c509ab83	docs/obligations/0113-every-check-passes-a-document-that-is-still-the-scaffolder-s-placeholder.md	0
9043361b-3509-4262-8e8f-ee12c509ab83	docs/obligations/0207-the-plan-usage-of-one-issue-is-known-only-as-the-average-of-its-run.md	0
9043361b-3509-4262-8e8f-ee12c509ab83	docs/obligations/0212-ci-done-sh-reads-a-cancelled-run-of-another-branch-as-a-red-result-on-a-main-merge-commit.md	0
9043361b-3509-4262-8e8f-ee12c509ab83	docs/probe-results/regression-probe-transcript-for-2026-09-17-after-the-probe-corrections.md	0
9043361b-3509-4262-8e8f-ee12c509ab83	docs/probe-runs/regression-probe-transcript-for-2026-09-17-after-the-probe-corrections.md	0
9043361b-3509-4262-8e8f-ee12c509ab83	docs/process/decisions/0007-a-background-wait-caps-below-the-cache-lifetime-and-re-issues-itself.md	0
9043361b-3509-4262-8e8f-ee12c509ab83	missing	0
90e584d7-5afe-4b65-a286-db1cd355380e	docs/acceptance-criteria/0001-no-source-file-of-the-engine-names-a-network-api-and-no-locked-dependency-provides-one.md	0
90e584d7-5afe-4b65-a286-db1cd355380e	docs/decisions/0001-implementation-language.md	0
90e584d7-5afe-4b65-a286-db1cd355380e	docs/decisions/0016-public-presence.md	0
90e584d7-5afe-4b65-a286-db1cd355380e	docs/decisions/0038-q38-which-link-relation-a-rendered-page-carries-to-the-served-corpus-descriptor.md	0
90e584d7-5afe-4b65-a286-db1cd355380e	docs/decisions/0043-q43-whether-a-refusal-under-json-is-a-json-document.md	0
90e584d7-5afe-4b65-a286-db1cd355380e	docs/how-to/mine-the-shadow-mode-routing-log.md	0
90e584d7-5afe-4b65-a286-db1cd355380e	docs/obligations/0082-the-lock-is-half-generated-and-half-authored-and-nothing.md	0
90e584d7-5afe-4b65-a286-db1cd355380e	docs/obligations/0085-headwater-init-cannot-reach-a-package-that-is-not-already.md	0
90e584d7-5afe-4b65-a286-db1cd355380e	docs/obligations/0086-an-inline-quotation-reaches-every-lexical-rule-as-this-authors.md	0
90e584d7-5afe-4b65-a286-db1cd355380e	docs/obligations/0141-an-identifier-scheme-names-no-prefix-so-an-rdf-projection-derives-a-document-iri-from-a-file-path.md	0
90e584d7-5afe-4b65-a286-db1cd355380e	docs/obligations/0180-a-renderer-s-color-mode-is-wired-at-a-call-site-that-no-type-forbids-from-being-wrong.md	0
90e584d7-5afe-4b65-a286-db1cd355380e	docs/probes/what-a-session-writes-points-back-at-the-ruling-it-rests-on.md	0
90e584d7-5afe-4b65-a286-db1cd355380e	docs/reviews/the-sixty-four-restored-help-strings-checked-against-the-binary.md	0
90e584d7-5afe-4b65-a286-db1cd355380e	docs/spec/16-harness-support.md	0
90e584d7-5afe-4b65-a286-db1cd355380e	missing	1
90f5856e-8e79-473b-8d91-1f409200cb9e	docs/decisions/0005-voice-checking-depth.md	0
90f5856e-8e79-473b-8d91-1f409200cb9e	docs/how-to/relocate-a-shelf.md	0
90f5856e-8e79-473b-8d91-1f409200cb9e	docs/interfaces/headwater-check.md	0
90f5856e-8e79-473b-8d91-1f409200cb9e	docs/interfaces/headwater-json.md	0
90f5856e-8e79-473b-8d91-1f409200cb9e	docs/interfaces/headwater-probe.md	0
90f5856e-8e79-473b-8d91-1f409200cb9e	docs/obligations/0021-emitters-3-through-6-have-no-named-consumer.md	0
90f5856e-8e79-473b-8d91-1f409200cb9e	docs/obligations/0075-a-participation-expectation-needs-depth-one-and-edge.md	0
90f5856e-8e79-473b-8d91-1f409200cb9e	docs/probe-runs/regression-probe-transcript-for-2026-09-17-after-the-probe-corrections.md	0
90f5856e-8e79-473b-8d91-1f409200cb9e	docs/probes/what-a-session-writes-points-back-at-the-ruling-it-rests-on.md	0
90f5856e-8e79-473b-8d91-1f409200cb9e	docs/process/obligations/0147-the-skills-fixture-suite-passes-on-an-empty-input-set-and-always-fails-in-a-clone-that-has-not-built-the-engine.md	0
90f5856e-8e79-473b-8d91-1f409200cb9e	docs/process/obligations/0221-subagents-read-skills-from-the-shared-checkout-and-a-worktree-isolated-integrator-cannot-fast-forward-it-after-a-merge.md	1
90f5856e-8e79-473b-8d91-1f409200cb9e	docs/process/obligations/0224-thirteen-run-tooling-gaps-from-run-20260928-1109-filed-together.md	0
90f5856e-8e79-473b-8d91-1f409200cb9e	docs/process/obligations/0225-eight-run-tooling-gaps-from-run-20260929-1205-filed-together.md	0
90f5856e-8e79-473b-8d91-1f409200cb9e	docs/requirements/0001-the-engine-reaches-no-network-at-check-time.md	0
90f5856e-8e79-473b-8d91-1f409200cb9e	docs/spec/glossary.md	0
90f5856e-8e79-473b-8d91-1f409200cb9e	missing	1
917ffd11-b4c4-48a0-9c7b-85efdc2bd45a	docs/decisions/0024-q24-readability-and-what-a-sweep-can-be-asked-about.md	0
917ffd11-b4c4-48a0-9c7b-85efdc2bd45a	docs/decisions/0077-the-consumer-surface-is-what-an-adopter-receives-runs-and-must-have-installed-and-it-is-a-closed-and-declared-list.md	0
917ffd11-b4c4-48a0-9c7b-85efdc2bd45a	docs/evaluations/specifying-the-engine.md	0
917ffd11-b4c4-48a0-9c7b-85efdc2bd45a	docs/how-to/diagnose-an-isolation-failure.md	0
917ffd11-b4c4-48a0-9c7b-85efdc2bd45a	docs/interfaces/headwater-sweep.md	0
917ffd11-b4c4-48a0-9c7b-85efdc2bd45a	docs/obligations/0039-a-participation-expectation-names-one-target-kind.md	0
917ffd11-b4c4-48a0-9c7b-85efdc2bd45a	docs/obligations/0069-a-suppressed-finding-leaves-its-obligation-verified-and-spec-4.md	0
917ffd11-b4c4-48a0-9c7b-85efdc2bd45a	docs/obligations/0108-an-agent-writes-the-acceptance-stamp-of-every-document-in-this-corpus.md	0
917ffd11-b4c4-48a0-9c7b-85efdc2bd45a	docs/obligations/0132-survey-the-wiring-decisions-of-main-rs-verb-by-verb-and-cover-the-quiet-ones.md	0
917ffd11-b4c4-48a0-9c7b-85efdc2bd45a	docs/obligations/0185-whether-an-admitted-library-entry-may-require-a-bundle-that-admission-refuses.md	0
917ffd11-b4c4-48a0-9c7b-85efdc2bd45a	docs/obligations/0187-the-registered-deviation-edge-of-the-compliance-tradition-cannot-be-declared.md	0
917ffd11-b4c4-48a0-9c7b-85efdc2bd45a	docs/obligations/0188-the-negative-compliance-edge-and-the-governance-precedence-clause-contradict.md	0
917ffd11-b4c4-48a0-9c7b-85efdc2bd45a	docs/obligations/0205-hw-obl-0002-s-sample-counts-and-voice-rs-s-own-census-predate-the-scent-role-fix-and-need-retaking.md	0
917ffd11-b4c4-48a0-9c7b-85efdc2bd45a	docs/probes/a-session-records-an-unmeasured-claim-in-the-shape-this-corpus-checks.md	0
917ffd11-b4c4-48a0-9c7b-85efdc2bd45a	docs/probes/what-a-session-writes-points-back-at-the-ruling-it-rests-on.md	0
917ffd11-b4c4-48a0-9c7b-85efdc2bd45a	missing	0
92160c80-b41a-4acb-98d8-222aab1c574c	docs/acceptance-criteria/0001-no-engine-source-outside-the-fetch-crate-names-a-network-api-and-no-crate-of-the-checking-loop-reaches-a-network-package.md	0
92160c80-b41a-4acb-98d8-222aab1c574c	docs/decisions/0016-public-presence.md	0
92160c80-b41a-4acb-98d8-222aab1c574c	docs/decisions/0102-an-editor-integration-starts-headwater-mcp-for-each-query-and-does-not-embed-the-library.md	1
92160c80-b41a-4acb-98d8-222aab1c574c	docs/interfaces/headwater-mcp.md	2
92160c80-b41a-4acb-98d8-222aab1c574c	docs/obligations/0115-a-pinned-digest-authenticates-the-pin-and-never-the-publisher.md	0
92160c80-b41a-4acb-98d8-222aab1c574c	docs/process/decisions/0016-ci-runner-is-an-opt-in-that-only-a-push-or-a-merge-group-reads-and-an-unset-value-falls-back-to-ubuntu-latest.md	0
92160c80-b41a-4acb-98d8-222aab1c574c	docs/process/obligations/0203-three-small-run-tooling-gaps-from-run-20260922-1121-filed-together.md	0
92160c80-b41a-4acb-98d8-222aab1c574c	docs/process/obligations/0213-ci-builds-no-mkdocs-site-so-a-generated-page-under-docs-is-never-checked-against-a-strict-build-before-merge.md	0
92160c80-b41a-4acb-98d8-222aab1c574c	docs/process/obligations/0231-five-run-tooling-gaps-from-run-20261001-1107-filed-together.md	0
92160c80-b41a-4acb-98d8-222aab1c574c	docs/requirements/0001-the-engine-reaches-no-network-at-check-time.md	0
92160c80-b41a-4acb-98d8-222aab1c574c	missing	1
922f0fc0-8d20-44bf-b991-eba6522a73fc	docs/decisions/0034-q34-whether-acceptance-means-merged-to-main-and-what-an-agent-may-write-before-that.md	0
922f0fc0-8d20-44bf-b991-eba6522a73fc	docs/decisions/0052-a-document-is-proposed-at-the-state-it-will-hold-and-the-merge-activates-it.md	0
922f0fc0-8d20-44bf-b991-eba6522a73fc	docs/interfaces/headwater-completions.md	0
922f0fc0-8d20-44bf-b991-eba6522a73fc	docs/obligations/0008-an-adoption-payload-has-a-first-reading-and-no-elapsed-time.md	0
922f0fc0-8d20-44bf-b991-eba6522a73fc	docs/obligations/0018-the-bundle-set-is-a-guess-about-how-adopters-cluster.md	0
922f0fc0-8d20-44bf-b991-eba6522a73fc	docs/obligations/0182-the-publish-crates-retry-loop-has-no-retry-ceiling.md	0
922f0fc0-8d20-44bf-b991-eba6522a73fc	docs/process/decisions/0020-merges-go-through-the-github-merge-queue-one-squash-commit-per-pull-request.md	0
922f0fc0-8d20-44bf-b991-eba6522a73fc	docs/process/obligations/0207-the-plan-usage-of-one-issue-is-known-only-as-the-average-of-its-run.md	0
922f0fc0-8d20-44bf-b991-eba6522a73fc	docs/process/obligations/0212-ci-done-sh-reads-a-cancelled-run-of-another-branch-as-a-red-result-on-a-main-merge-commit.md	0
922f0fc0-8d20-44bf-b991-eba6522a73fc	docs/spec/13-open-obligations.md	0
922f0fc0-8d20-44bf-b991-eba6522a73fc	missing	0
92792b16-67f8-40a6-8f17-d445df771596	docs/decisions/0083-governs-and-traces-to-are-created-by-an-agent-because-a-session-proposes-the-line-and-a-person-types-it.md	0
92792b16-67f8-40a6-8f17-d445df771596	docs/how-to/cut-a-release.md	0
92792b16-67f8-40a6-8f17-d445df771596	docs/interfaces/headwater-check.md	0
92792b16-67f8-40a6-8f17-d445df771596	docs/obligations/0223-no-run-measures-whether-the-documents-under-docs-change-what-an-agent-builds.md	0
92792b16-67f8-40a6-8f17-d445df771596	docs/process/decisions/0006-the-entrypoint-keeps-its-name-and-becomes-a-resumable-run.md	2
92792b16-67f8-40a6-8f17-d445df771596	docs/process/decisions/0008-the-board-has-an-owner-of-its-structure-and-its-milestones-are-capped-versions.md	0
92792b16-67f8-40a6-8f17-d445df771596	docs/process/decisions/0022-the-verify-and-rework-loop-for-one-issue-runs-below-the-parent.md	0
92792b16-67f8-40a6-8f17-d445df771596	docs/process/evaluations/one-clone-many-agents-how-this-repository-isolates-the-sessions-that-build-it.md	1
92792b16-67f8-40a6-8f17-d445df771596	docs/process/evaluations/the-build-order-as-a-multi-agent-system.md	1
92792b16-67f8-40a6-8f17-d445df771596	docs/process/obligations/0207-the-plan-usage-of-one-issue-is-known-only-as-the-average-of-its-run.md	0
92792b16-67f8-40a6-8f17-d445df771596	docs/process/obligations/0209-a-build-order-dispatch-passes-no-isolation-so-a-stage-can-inherit-the-parent-worktree-as-its-working-directory.md	1
92792b16-67f8-40a6-8f17-d445df771596	docs/process/obligations/0221-subagents-read-skills-from-the-shared-checkout-and-a-worktree-isolated-integrator-cannot-fast-forward-it-after-a-merge.md	2
92792b16-67f8-40a6-8f17-d445df771596	docs/process/obligations/0224-thirteen-run-tooling-gaps-from-run-20260928-1109-filed-together.md	1
92792b16-67f8-40a6-8f17-d445df771596	docs/process/obligations/0225-eight-run-tooling-gaps-from-run-20260929-1205-filed-together.md	1
92792b16-67f8-40a6-8f17-d445df771596	docs/requirements/0004-the-graph-export-carries-the-member-patterns-of-a-list-anchor.md	0
92792b16-67f8-40a6-8f17-d445df771596	missing	0
9507809b-d31f-4584-aea9-565705d4a9cd	docs/decisions/0070-the-matched-purposes-take-turns-at-a-route-budget-and-each-pointer-states-what-reached-it.md	0
9507809b-d31f-4584-aea9-565705d4a9cd	docs/evaluations/the-pointer-probe-grades-a-session-against-the-router-s-own-first-pick-so-a-correct-session-that-declines-a-wrong-pointer-fails.md	0
9507809b-d31f-4584-aea9-565705d4a9cd	docs/how-to/mine-the-shadow-mode-routing-log.md	0
9507809b-d31f-4584-aea9-565705d4a9cd	docs/obligations/0077-a-fragment-on-a-path-needs-a-grain-that-no-scope-supplies.md	0
9507809b-d31f-4584-aea9-565705d4a9cd	docs/obligations/0111-the-capture-cost-surface-names-an-entry-point-and-never-the-caller.md	0
9507809b-d31f-4584-aea9-565705d4a9cd	docs/obligations/0159-a-sentence-that-opens-with-a-hash-and-an-issue-number-is-folded-into-the-sentence-before-it.md	0
9507809b-d31f-4584-aea9-565705d4a9cd	docs/obligations/0198-nothing-states-how-much-of-a-session-s-budget-the-standing-instructions-consume-before-work-starts.md	0
9507809b-d31f-4584-aea9-565705d4a9cd	docs/probe-runs/campaign-of-2026-09-30-campaign-tier-absent-arm-discovery.md	0
9507809b-d31f-4584-aea9-565705d4a9cd	docs/probe-runs/regression-probe-transcript-for-2026-09-17.md	0
9507809b-d31f-4584-aea9-565705d4a9cd	docs/process/decisions/0007-a-background-wait-caps-below-the-cache-lifetime-and-re-issues-itself.md	0
9507809b-d31f-4584-aea9-565705d4a9cd	docs/process/decisions/0016-ci-runner-is-an-opt-in-that-only-a-push-or-a-merge-group-reads-and-an-unset-value-falls-back-to-ubuntu-latest.md	0
9507809b-d31f-4584-aea9-565705d4a9cd	docs/process/decisions/0021-a-subagent-waits-in-the-foreground-because-a-background-wait-wakes-its-parent.md	0
9507809b-d31f-4584-aea9-565705d4a9cd	docs/process/evaluations/the-build-order-as-a-multi-agent-system.md	0
9507809b-d31f-4584-aea9-565705d4a9cd	docs/process/obligations/0212-ci-done-sh-reads-a-cancelled-run-of-another-branch-as-a-red-result-on-a-main-merge-commit.md	0
9507809b-d31f-4584-aea9-565705d4a9cd	docs/spec/00-vision-and-scope.md	0
9507809b-d31f-4584-aea9-565705d4a9cd	missing	0
956916dc-fc85-4358-b63f-a6d1552d0577	docs/decisions/0041-q41-whether-vale-becomes-a-declared-regime-backend.md	0
956916dc-fc85-4358-b63f-a6d1552d0577	docs/evaluations/harper-spike-results.md	0
956916dc-fc85-4358-b63f-a6d1552d0577	docs/evaluations/language-spike-results.md	0
956916dc-fc85-4358-b63f-a6d1552d0577	docs/evaluations/the-pointer-probe-grades-a-session-against-the-router-s-own-first-pick-so-a-correct-session-that-declines-a-wrong-pointer-fails.md	1
956916dc-fc85-4358-b63f-a6d1552d0577	docs/how-to/wire-headwater-check-into-your-own-workflow.md	0
956916dc-fc85-4358-b63f-a6d1552d0577	docs/interfaces/headwater-check.md	0
956916dc-fc85-4358-b63f-a6d1552d0577	docs/obligations/0020-whether-a-solution-corpus-vendors-each-source-export.md	0
956916dc-fc85-4358-b63f-a6d1552d0577	docs/obligations/0069-a-suppressed-finding-leaves-its-obligation-verified-and-spec-4.md	0
956916dc-fc85-4358-b63f-a6d1552d0577	docs/obligations/0076-a-generated-check-reads-its-severity-from-the-taxonomy.md	0
956916dc-fc85-4358-b63f-a6d1552d0577	docs/obligations/0102-two-documents-state-what-voids-a-verdict-and-they-do-not.md	0
956916dc-fc85-4358-b63f-a6d1552d0577	docs/obligations/0136-seven-rustdoc-relative-links-in-comments-point-at-pages-the-doc-tree-does-not-have.md	0
956916dc-fc85-4358-b63f-a6d1552d0577	docs/obligations/0144-the-cache-identity-test-reads-the-live-working-tree-so-an-edit-during-the-run-reports-the-correctness-root-as-violated.md	0
956916dc-fc85-4358-b63f-a6d1552d0577	docs/obligations/0204-docs-decisions-0077-still-describes-hw-dr-0049-s-rewrite-as-pending-after-574-made-it.md	0
956916dc-fc85-4358-b63f-a6d1552d0577	docs/reviews/core-concepts-review-findings.md	0
956916dc-fc85-4358-b63f-a6d1552d0577	docs/verifications/0001-the-section-heading-rule-has-no-case-table-and-a-golden-fixture-report-is-what-proves-it-runs.md	0
956916dc-fc85-4358-b63f-a6d1552d0577	missing	1
960f7b18-5eef-4075-81a3-ebf87d42f2a1	docs/decisions/0052-a-document-is-proposed-at-the-state-it-will-hold-and-the-merge-activates-it.md	0
960f7b18-5eef-4075-81a3-ebf87d42f2a1	docs/decisions/0061-q61-how-a-recorded-terminal-demonstration-is-held-against-a-run.md	0
960f7b18-5eef-4075-81a3-ebf87d42f2a1	docs/interfaces/headwater-help.md	0
960f7b18-5eef-4075-81a3-ebf87d42f2a1	docs/obligations/0113-every-check-passes-a-document-that-is-still-the-scaffolder-s-placeholder.md	0
960f7b18-5eef-4075-81a3-ebf87d42f2a1	docs/obligations/0191-an-unknown-discriminator-value-removes-a-document-from-every-check-and-no-gate-reports-it.md	0
960f7b18-5eef-4075-81a3-ebf87d42f2a1	docs/obligations/0226-six-corpus-gaps-from-run-20260929-1205-filed-together.md	0
960f7b18-5eef-4075-81a3-ebf87d42f2a1	docs/probes/a-session-names-the-status-a-settled-decision-carries-in-its-pull-request.md	0
960f7b18-5eef-4075-81a3-ebf87d42f2a1	docs/process/decisions/0011-crates-publish-in-one-fixed-order-that-a-test-holds-and-a-rerun-continues-where-the-last-run-stopped.md	0
960f7b18-5eef-4075-81a3-ebf87d42f2a1	docs/process/obligations/0227-seven-run-tooling-gaps-from-run-20260929-2201-filed-together.md	0
960f7b18-5eef-4075-81a3-ebf87d42f2a1	docs/verifications/0004-the-ingest-stubs-of-the-query-fixture-tree-prove-what-governs-a-path.md	0
960f7b18-5eef-4075-81a3-ebf87d42f2a1	missing	0
982d09aa-b885-42c6-b392-35f2baf0dee2	docs/decisions/0077-the-consumer-surface-is-what-an-adopter-receives-runs-and-must-have-installed-and-it-is-a-closed-and-declared-list.md	0
982d09aa-b885-42c6-b392-35f2baf0dee2	docs/decisions/0094-the-apt-repository-is-served-from-headwater-tools-and-signed-by-a-subkey-the-owner-s-offline-key-certifies.md	0
982d09aa-b885-42c6-b392-35f2baf0dee2	docs/explanations/how-a-headwater-release-reaches-an-adopter.md	1
982d09aa-b885-42c6-b392-35f2baf0dee2	docs/how-to/cut-a-release.md	0
982d09aa-b885-42c6-b392-35f2baf0dee2	docs/how-to/rotate-or-revoke-the-apt-signing-subkey.md	0
982d09aa-b885-42c6-b392-35f2baf0dee2	docs/interfaces/headwater-change.md	0
982d09aa-b885-42c6-b392-35f2baf0dee2	docs/obligations/0182-the-publish-crates-retry-loop-has-no-retry-ceiling.md	0
982d09aa-b885-42c6-b392-35f2baf0dee2	docs/process/decisions/0014-the-boundary-against-a-fork-is-the-approval-of-outside-runs-and-a-person-reads-a-github-diff-before-approving-one.md	0
982d09aa-b885-42c6-b392-35f2baf0dee2	docs/process/decisions/0019-ci-runs-actions-from-the-actions-organization-only-and-carries-no-build-state-between-self-hosted-jobs.md	0
982d09aa-b885-42c6-b392-35f2baf0dee2	docs/process/obligations/0210-no-fixture-holds-the-symlink-case-of-new-worktree-sh-and-a-bare-name-of-two-dots-leaves-a-branch-behind.md	0
982d09aa-b885-42c6-b392-35f2baf0dee2	missing	1
983ccb69-df96-4a0c-b1bf-99e0ced18481	docs/decisions/0052-a-document-is-proposed-at-the-state-it-will-hold-and-the-merge-activates-it.md	0
983ccb69-df96-4a0c-b1bf-99e0ced18481	docs/interfaces/headwater-check.md	0
983ccb69-df96-4a0c-b1bf-99e0ced18481	docs/interfaces/headwater-sweep.md	0
983ccb69-df96-4a0c-b1bf-99e0ced18481	docs/obligations/0140-a-check-can-meet-the-failing-fixture-bar-with-a-fixture-that-cannot-distinguish-the-rule-from-its-neighbour.md	0
983ccb69-df96-4a0c-b1bf-99e0ced18481	docs/obligations/0146-the-stop-hook-reads-its-re-entry-guard-with-an-interpreter-it-does-not-require-so-a-machine-with-no-python3-re-blocks-the-same-turn.md	0
983ccb69-df96-4a0c-b1bf-99e0ced18481	docs/obligations/0150-a-current-decision-declares-no-required-edge-to-the-document-it-settled-so-22-of-23-reach-no-specification-at-all.md	0
983ccb69-df96-4a0c-b1bf-99e0ced18481	docs/obligations/0196-a-relation-writes-a-state-onto-a-kind-that-binds-no-lifecycle-regime-and-nothing-reads-that-pair.md	0
983ccb69-df96-4a0c-b1bf-99e0ced18481	docs/probe-runs/campaign-of-2026-09-30-campaign-tier-absent-arm-discovery.md	0
983ccb69-df96-4a0c-b1bf-99e0ced18481	docs/probe-runs/campaign-of-2026-09-30-campaign-tier-absent-arm-navigability.md	0
983ccb69-df96-4a0c-b1bf-99e0ced18481	docs/probe-runs/campaign-of-2026-09-30-campaign-tier-present-arm-navigability.md	0
983ccb69-df96-4a0c-b1bf-99e0ced18481	docs/process/decisions/0017-ci-concurrency-is-per-ref-and-every-ref-but-main-cancels-a-superseded-run.md	0
983ccb69-df96-4a0c-b1bf-99e0ced18481	docs/process/decisions/0020-merges-go-through-the-github-merge-queue-one-squash-commit-per-pull-request.md	0
983ccb69-df96-4a0c-b1bf-99e0ced18481	docs/process/decisions/0021-a-subagent-waits-in-the-foreground-because-a-background-wait-wakes-its-parent.md	1
983ccb69-df96-4a0c-b1bf-99e0ced18481	docs/requirements/0001-the-engine-reaches-no-network-at-check-time.md	0
983ccb69-df96-4a0c-b1bf-99e0ced18481	docs/spec/00-vision-and-scope.md	0
983ccb69-df96-4a0c-b1bf-99e0ced18481	missing	1
989f4500-ffa6-4d0e-b0ad-901e33d4b2a1	docs/decisions/0060-the-engine-s-version-stays-one-number-and-a-build-s-exact-commit-is-a-separate-unwired-fact.md	0
989f4500-ffa6-4d0e-b0ad-901e33d4b2a1	docs/decisions/0063-every-required-facet-of-a-generated-document-is-derived-and-the-emitter-composes-the-summary.md	0
989f4500-ffa6-4d0e-b0ad-901e33d4b2a1	docs/evaluations/governs-edges-what-an-anchor-reaches-what-covers-it-when-it-ages-and-where-a-session-meets-it.md	0
989f4500-ffa6-4d0e-b0ad-901e33d4b2a1	docs/evaluations/why-corpus-counts-are-derived-not-stored.md	0
989f4500-ffa6-4d0e-b0ad-901e33d4b2a1	docs/how-to/relocate-a-shelf.md	0
989f4500-ffa6-4d0e-b0ad-901e33d4b2a1	docs/interfaces/headwater-derived.md	0
989f4500-ffa6-4d0e-b0ad-901e33d4b2a1	docs/obligations/0020-whether-a-solution-corpus-vendors-each-source-export.md	0
989f4500-ffa6-4d0e-b0ad-901e33d4b2a1	docs/obligations/0112-a-surface-cannot-move-the-assisted-fraction-of-a-run.md	0
989f4500-ffa6-4d0e-b0ad-901e33d4b2a1	docs/obligations/0157-the-capture-report-says-two-denominators-over-a-store-that-named-seventeen-taxonomies.md	0
989f4500-ffa6-4d0e-b0ad-901e33d4b2a1	docs/obligations/0189-a-base-shelf-path-is-closed-to-every-later-entry-over-the-same-ground.md	0
989f4500-ffa6-4d0e-b0ad-901e33d4b2a1	docs/process/obligations/0206-hw-run-policy-names-a-worktree-add-workaround-that-write-edit-refuses-under-this-harness.md	0
989f4500-ffa6-4d0e-b0ad-901e33d4b2a1	docs/process/obligations/0220-no-disk-floor-is-stated-for-a-build-order-run-and-nothing-prunes-the-cargo-pool.md	0
989f4500-ffa6-4d0e-b0ad-901e33d4b2a1	docs/reviews/the-sixty-four-restored-help-strings-checked-against-the-binary.md	0
989f4500-ffa6-4d0e-b0ad-901e33d4b2a1	docs/spec/15-the-recorder-contract.md	0
989f4500-ffa6-4d0e-b0ad-901e33d4b2a1	docs/tutorials/your-first-governed-corpus.md	0
989f4500-ffa6-4d0e-b0ad-901e33d4b2a1	missing	1
992d90e4-97df-4978-8153-7c5dd5ede4cc	docs/acceptance-criteria/0005-the-governing-documents-of-a-path-are-the-same-for-every-spelling-of-it-and-a-path-no-anchor-matches-has-none.md	0
992d90e4-97df-4978-8153-7c5dd5ede4cc	docs/decisions/0100-a-counted-tombstone-lists-a-digest-of-each-withheld-identifier-and-a-sealed-one-lists-nothing.md	0
992d90e4-97df-4978-8153-7c5dd5ede4cc	docs/how-to/rotate-or-revoke-the-apt-signing-subkey.md	0
992d90e4-97df-4978-8153-7c5dd5ede4cc	docs/obligations/0030-the-provenance-block-belongs-to-the-engine-and-nothing-states.md	0
992d90e4-97df-4978-8153-7c5dd5ede4cc	docs/obligations/0032-a-remove-that-orphans-a-name-is-refused-and-the-message-names.md	0
992d90e4-97df-4978-8153-7c5dd5ede4cc	docs/obligations/0080-changed-only-is-the-content-addressed-cache-under-another-name.md	0
992d90e4-97df-4978-8153-7c5dd5ede4cc	docs/obligations/0117-a-cached-verdict-about-an-anchor-survives-the-change-that-falsifies-it.md	0
992d90e4-97df-4978-8153-7c5dd5ede4cc	docs/obligations/0144-the-cache-identity-test-reads-the-live-working-tree-so-an-edit-during-the-run-reports-the-correctness-root-as-violated.md	0
992d90e4-97df-4978-8153-7c5dd5ede4cc	docs/obligations/0176-a-blessed-fixture-is-read-by-a-sibling-case-that-runs-while-the-write-truncates-it.md	0
992d90e4-97df-4978-8153-7c5dd5ede4cc	docs/obligations/0178-the-every-instance-report-detail-reaches-four-test-files-and-no-caller-outside-them.md	0
992d90e4-97df-4978-8153-7c5dd5ede4cc	docs/probes/a-session-answers-from-the-register-without-opening-the-question-it-replaced.md	0
992d90e4-97df-4978-8153-7c5dd5ede4cc	docs/process/decisions/0007-a-background-wait-caps-below-the-cache-lifetime-and-re-issues-itself.md	0
992d90e4-97df-4978-8153-7c5dd5ede4cc	docs/process/decisions/0019-ci-runs-actions-from-the-actions-organization-only-and-carries-no-build-state-between-self-hosted-jobs.md	2
992d90e4-97df-4978-8153-7c5dd5ede4cc	docs/process/obligations/0203-three-small-run-tooling-gaps-from-run-20260922-1121-filed-together.md	0
992d90e4-97df-4978-8153-7c5dd5ede4cc	docs/spec/00-vision-and-scope.md	0
992d90e4-97df-4978-8153-7c5dd5ede4cc	missing	1
9af484e0-2232-4085-8e13-fbd5c610940b	docs/decisions/0029-q29-whether-a-corpus-root-may-contain-code-and-what-an-interface-contract-may-reach.md	1
9af484e0-2232-4085-8e13-fbd5c610940b	docs/decisions/0037-q37-which-parts-of-the-site-are-hand-built-and-which-are-a-projection-of-this-corpus.md	0
9af484e0-2232-4085-8e13-fbd5c610940b	docs/decisions/0073-a-verification-is-a-kind-and-its-identity-is-minted-rather-than-found-in-the-code-that-cites-it.md	0
9af484e0-2232-4085-8e13-fbd5c610940b	docs/evaluations/n8n-worked-example.md	0
9af484e0-2232-4085-8e13-fbd5c610940b	docs/how-to/relocate-a-shelf.md	0
9af484e0-2232-4085-8e13-fbd5c610940b	docs/interfaces/headwater-new.md	1
9af484e0-2232-4085-8e13-fbd5c610940b	docs/obligations/0022-whether-the-transcription-projection-ships-at-all.md	0
9af484e0-2232-4085-8e13-fbd5c610940b	docs/obligations/0054-the-templates-and-the-fixtures-of-the-first-library-entry.md	0
9af484e0-2232-4085-8e13-fbd5c610940b	docs/obligations/0070-one-of-the-four-warrant-values-has-no-instance-in-this-corpus.md	0
9af484e0-2232-4085-8e13-fbd5c610940b	docs/obligations/0077-a-fragment-on-a-path-needs-a-grain-that-no-scope-supplies.md	0
9af484e0-2232-4085-8e13-fbd5c610940b	docs/obligations/0129-spec-12-calls-two-phase-a-outcomes-structural-findings-and-the-engine-emits-none.md	0
9af484e0-2232-4085-8e13-fbd5c610940b	docs/obligations/0194-the-base-ships-one-voice-regime-and-a-prospective-document-has-none.md	0
9af484e0-2232-4085-8e13-fbd5c610940b	docs/requirements/0002-every-document-of-a-kind-that-requires-sections-carries-all-of-them.md	0
9af484e0-2232-4085-8e13-fbd5c610940b	docs/reviews/core-concepts-findings-assessment.md	0
9af484e0-2232-4085-8e13-fbd5c610940b	docs/spec/glossary.md	0
9af484e0-2232-4085-8e13-fbd5c610940b	missing	1
9c1ed4ae-1e9a-4649-be38-3cec0134039e	docs/obligations/0089-a-profile-names-its-rules-and-never-states-them.md	0
9c1ed4ae-1e9a-4649-be38-3cec0134039e	docs/probe-runs/regression-probe-transcript-for-2026-09-17-after-the-probe-corrections.md	0
9c1ed4ae-1e9a-4649-be38-3cec0134039e	docs/probe-runs/regression-probe-transcript-for-2026-09-17.md	0
9c1ed4ae-1e9a-4649-be38-3cec0134039e	docs/process/obligations/0145-the-ci-job-named-advisory-carries-every-blocking-shell-suite-in-the-repository.md	0
9c1ed4ae-1e9a-4649-be38-3cec0134039e	docs/process/obligations/0209-a-build-order-dispatch-passes-no-isolation-so-a-stage-can-inherit-the-parent-worktree-as-its-working-directory.md	0
9c1ed4ae-1e9a-4649-be38-3cec0134039e	docs/process/obligations/0212-ci-done-sh-reads-a-cancelled-run-of-another-branch-as-a-red-result-on-a-main-merge-commit.md	0
9c1ed4ae-1e9a-4649-be38-3cec0134039e	docs/process/obligations/0224-thirteen-run-tooling-gaps-from-run-20260928-1109-filed-together.md	0
9c1ed4ae-1e9a-4649-be38-3cec0134039e	docs/process/obligations/0225-eight-run-tooling-gaps-from-run-20260929-1205-filed-together.md	0
9c1ed4ae-1e9a-4649-be38-3cec0134039e	docs/spec/16-harness-support.md	0
9c1ed4ae-1e9a-4649-be38-3cec0134039e	docs/subsystems/authoring.md	0
9c1ed4ae-1e9a-4649-be38-3cec0134039e	missing	0
9c74281d-33f2-4db2-ad20-9f2645b48bb5	docs/acceptance-criteria/0002-every-required-section-of-every-governed-document-has-a-heading.md	0
9c74281d-33f2-4db2-ad20-9f2645b48bb5	docs/decisions/0063-every-required-facet-of-a-generated-document-is-derived-and-the-emitter-composes-the-summary.md	0
9c74281d-33f2-4db2-ad20-9f2645b48bb5	docs/decisions/0076-a-probe-budget-prices-a-run-identity-fixed-before-the-run-and-a-committed-transcript-and-a-sweep-has-neither.md	0
9c74281d-33f2-4db2-ad20-9f2645b48bb5	docs/decisions/0096-harper-does-not-become-part-of-the-engine-now-and-q41-stands.md	0
9c74281d-33f2-4db2-ad20-9f2645b48bb5	docs/obligations/0013-no-probe-tests-whether-a-counted-tombstone-stops-a-confident.md	0
9c74281d-33f2-4db2-ad20-9f2645b48bb5	docs/obligations/0057-a-retrofit-cannot-recover-the-two-dates-or-the-acceptance.md	0
9c74281d-33f2-4db2-ad20-9f2645b48bb5	docs/obligations/0058-no-relation-records-that-one-argument-settled-several.md	0
9c74281d-33f2-4db2-ad20-9f2645b48bb5	docs/obligations/0143-a-specification-sentence-closes-a-set-with-a-count-the-source-exceeds-and-115-of-127-candidates-are-unchecked.md	0
9c74281d-33f2-4db2-ad20-9f2645b48bb5	docs/obligations/0159-a-sentence-that-opens-with-a-hash-and-an-issue-number-is-folded-into-the-sentence-before-it.md	0
9c74281d-33f2-4db2-ad20-9f2645b48bb5	docs/obligations/0179-the-commit-gate-checks-prose-with-a-binary-it-never-compares-against-the-engine-sources.md	0
9c74281d-33f2-4db2-ad20-9f2645b48bb5	docs/obligations/0201-no-coverage-or-mutation-measurement-has-ever-been-taken-over-the-engine-s-test-suite.md	0
9c74281d-33f2-4db2-ad20-9f2645b48bb5	docs/probe-runs/regression-probe-transcript-for-2026-09-11.md	0
9c74281d-33f2-4db2-ad20-9f2645b48bb5	docs/process/decisions/0001-orchestration-prose-has-one-owner-per-sentence.md	0
9c74281d-33f2-4db2-ad20-9f2645b48bb5	docs/spec/09-open-questions.md	0
9c74281d-33f2-4db2-ad20-9f2645b48bb5	docs/taxonomies/diataxis/doctrine.md	0
9c74281d-33f2-4db2-ad20-9f2645b48bb5	missing	1
9ca6f765-4ed6-4e32-b229-c41f0b48d1fe	docs/decisions/0031-q31-whether-this-repository-becomes-public-and-when.md	0
9ca6f765-4ed6-4e32-b229-c41f0b48d1fe	docs/decisions/0096-harper-does-not-become-part-of-the-engine-now-and-q41-stands.md	0
9ca6f765-4ed6-4e32-b229-c41f0b48d1fe	docs/interfaces/headwater-help.md	0
9ca6f765-4ed6-4e32-b229-c41f0b48d1fe	docs/obligations/0011-nothing-has-been-promoted-out-of-the-synthesized-tier.md	0
9ca6f765-4ed6-4e32-b229-c41f0b48d1fe	docs/obligations/0096-whether-anything-is-ever-promoted-out-of-the-asserted-tier.md	0
9ca6f765-4ed6-4e32-b229-c41f0b48d1fe	docs/obligations/0130-the-publication-date-of-this-repository-is-unset-and-the-owner-alone-sets-it.md	0
9ca6f765-4ed6-4e32-b229-c41f0b48d1fe	docs/obligations/0204-docs-decisions-0077-still-describes-hw-dr-0049-s-rewrite-as-pending-after-574-made-it.md	0
9ca6f765-4ed6-4e32-b229-c41f0b48d1fe	docs/obligations/0212-ci-done-sh-reads-a-cancelled-run-of-another-branch-as-a-red-result-on-a-main-merge-commit.md	0
9ca6f765-4ed6-4e32-b229-c41f0b48d1fe	docs/probes/a-session-names-the-status-a-settled-decision-carries-in-its-pull-request.md	0
9ca6f765-4ed6-4e32-b229-c41f0b48d1fe	docs/probes/an-agent-reaches-the-adjudication-from-the-document-that-lost-it.md	0
9ca6f765-4ed6-4e32-b229-c41f0b48d1fe	missing	0
9d2d4bbe-fe87-4135-bdbd-90fc8f3cc38e	docs/decisions/0032-q32-which-test-the-self-audit-label-states.md	0
9d2d4bbe-fe87-4135-bdbd-90fc8f3cc38e	docs/decisions/0047-how-the-two-halves-of-the-site-share-one-host.md	0
9d2d4bbe-fe87-4135-bdbd-90fc8f3cc38e	docs/decisions/0077-the-consumer-surface-is-what-an-adopter-receives-runs-and-must-have-installed-and-it-is-a-closed-and-declared-list.md	0
9d2d4bbe-fe87-4135-bdbd-90fc8f3cc38e	docs/evaluations/linkml-worked-example.md	0
9d2d4bbe-fe87-4135-bdbd-90fc8f3cc38e	docs/how-to/keep-derived-files-from-conflicting-in-parallel-pull-requests.md	0
9d2d4bbe-fe87-4135-bdbd-90fc8f3cc38e	docs/how-to/publish-your-corpus-as-a-site.md	0
9d2d4bbe-fe87-4135-bdbd-90fc8f3cc38e	docs/how-to/rotate-or-revoke-the-apt-signing-subkey.md	0
9d2d4bbe-fe87-4135-bdbd-90fc8f3cc38e	docs/how-to/wire-headwater-check-into-your-own-workflow.md	0
9d2d4bbe-fe87-4135-bdbd-90fc8f3cc38e	docs/interfaces/headwater-change.md	0
9d2d4bbe-fe87-4135-bdbd-90fc8f3cc38e	docs/interfaces/headwater-generate.md	0
9d2d4bbe-fe87-4135-bdbd-90fc8f3cc38e	docs/interfaces/headwater-show.md	0
9d2d4bbe-fe87-4135-bdbd-90fc8f3cc38e	docs/probe-runs/regression-probe-transcript-for-2026-09-16.md	0
9d2d4bbe-fe87-4135-bdbd-90fc8f3cc38e	docs/process/obligations/0220-no-disk-floor-is-stated-for-a-build-order-run-and-nothing-prunes-the-cargo-pool.md	2
9d2d4bbe-fe87-4135-bdbd-90fc8f3cc38e	docs/requirements/0003-a-relation-target-written-as-the-path-of-a-document-is-reported-and-never-bound-as-an-anchor-onto-that-file.md	0
9d2d4bbe-fe87-4135-bdbd-90fc8f3cc38e	docs/spec/00-vision-and-scope.md	0
9d2d4bbe-fe87-4135-bdbd-90fc8f3cc38e	missing	0
9d473520-1725-40ee-a7c7-0a44bd928dd1	docs/decisions/0081-the-hand-authored-decision-register-indexes-a-subset-of-the-shelf-and-stops-asserting-it-supersedes-the-complete-one.md	0
9d473520-1725-40ee-a7c7-0a44bd928dd1	docs/evaluations/first-contact.md	0
9d473520-1725-40ee-a7c7-0a44bd928dd1	docs/interfaces/headwater-infer.md	0
9d473520-1725-40ee-a7c7-0a44bd928dd1	docs/interfaces/headwater-show.md	0
9d473520-1725-40ee-a7c7-0a44bd928dd1	docs/obligations/0075-a-participation-expectation-needs-depth-one-and-edge.md	0
9d473520-1725-40ee-a7c7-0a44bd928dd1	docs/obligations/0134-the-comment-prose-defines-by-contrast-979-times-in-179-000-words-and-no-mechanism-here-performs-an-editorial-pass.md	0
9d473520-1725-40ee-a7c7-0a44bd928dd1	docs/obligations/0205-hw-obl-0002-s-sample-counts-and-voice-rs-s-own-census-predate-the-scent-role-fix-and-need-retaking.md	0
9d473520-1725-40ee-a7c7-0a44bd928dd1	docs/probe-runs/regression-probe-transcript-for-2026-09-17-after-the-probe-corrections.md	0
9d473520-1725-40ee-a7c7-0a44bd928dd1	docs/probe-runs/second-campaign-pilot-of-2026-09-28-campaign-tier-present-arm-discovery.md	0
9d473520-1725-40ee-a7c7-0a44bd928dd1	docs/probe-runs/second-campaign-pilot-of-2026-09-28-campaign-tier-present-arm-sufficiency.md	0
9d473520-1725-40ee-a7c7-0a44bd928dd1	docs/process/decisions/0011-crates-publish-in-one-fixed-order-that-a-test-holds-and-a-rerun-continues-where-the-last-run-stopped.md	0
9d473520-1725-40ee-a7c7-0a44bd928dd1	docs/reviews/core-concepts-review-prompt.md	0
9d473520-1725-40ee-a7c7-0a44bd928dd1	missing	0
9ebf59af-4e6e-4200-bb19-4abb516a242c	docs/evaluations/adjacent-work.md	0
9ebf59af-4e6e-4200-bb19-4abb516a242c	docs/obligations/0072-a-cache-of-check-results-does-not-make-a-run-proportional.md	0
9ebf59af-4e6e-4200-bb19-4abb516a242c	docs/obligations/0198-nothing-states-how-much-of-a-session-s-budget-the-standing-instructions-consume-before-work-starts.md	1
9ebf59af-4e6e-4200-bb19-4abb516a242c	docs/process/decisions/0006-the-entrypoint-keeps-its-name-and-becomes-a-resumable-run.md	1
9ebf59af-4e6e-4200-bb19-4abb516a242c	docs/process/decisions/0023-a-build-order-parent-restarts-every-few-merges-drains-to-zero-first-and-resumes-from-the-handover-files-on-disk.md	1
9ebf59af-4e6e-4200-bb19-4abb516a242c	docs/process/evaluations/the-build-order-as-a-multi-agent-system.md	1
9ebf59af-4e6e-4200-bb19-4abb516a242c	docs/process/evaluations/two-triggers-one-verdict-how-this-repository-s-ci-decides-where-a-job-runs-and-what-it-trusts.md	0
9ebf59af-4e6e-4200-bb19-4abb516a242c	docs/process/obligations/0207-the-plan-usage-of-one-issue-is-known-only-as-the-average-of-its-run.md	1
9ebf59af-4e6e-4200-bb19-4abb516a242c	docs/process/specs/orchestration-architecture.md	1
9ebf59af-4e6e-4200-bb19-4abb516a242c	docs/requirements/0002-every-document-of-a-kind-that-requires-sections-carries-all-of-them.md	0
9ebf59af-4e6e-4200-bb19-4abb516a242c	docs/reviews/core-concepts-review-findings-2.md	0
9ebf59af-4e6e-4200-bb19-4abb516a242c	docs/reviews/core-concepts-review-findings.md	0
9ebf59af-4e6e-4200-bb19-4abb516a242c	missing	1
9f35561f-4378-442e-813a-1a9a1ae11973	docs/decisions/0021-terminological-succession-and-validity-under-merge.md	0
9f35561f-4378-442e-813a-1a9a1ae11973	docs/decisions/0052-a-document-is-proposed-at-the-state-it-will-hold-and-the-merge-activates-it.md	0
9f35561f-4378-442e-813a-1a9a1ae11973	docs/evaluations/a-probe-task-section-is-the-prompt-so-commentary-under-that-heading-is-prompt.md	0
9f35561f-4378-442e-813a-1a9a1ae11973	docs/interfaces/headwater-check.md	0
9f35561f-4378-442e-813a-1a9a1ae11973	docs/obligations/0014-no-probe-tests-whether-an-agent-reaches-the-adjudication-from.md	0
9f35561f-4378-442e-813a-1a9a1ae11973	docs/obligations/0087-fixable-has-two-readings-inside-one-engine.md	0
9f35561f-4378-442e-813a-1a9a1ae11973	docs/obligations/0204-docs-decisions-0077-still-describes-hw-dr-0049-s-rewrite-as-pending-after-574-made-it.md	0
9f35561f-4378-442e-813a-1a9a1ae11973	docs/obligations/0212-ci-done-sh-reads-a-cancelled-run-of-another-branch-as-a-red-result-on-a-main-merge-commit.md	0
9f35561f-4378-442e-813a-1a9a1ae11973	docs/probes/an-agent-reaches-the-adjudication-from-the-document-that-lost-it.md	0
9f35561f-4378-442e-813a-1a9a1ae11973	docs/spec/17-orchestration-architecture.md	0
9f35561f-4378-442e-813a-1a9a1ae11973	missing	0
9fcb076f-6717-43a0-a6dd-9c1182de9635	docs/decisions/0063-every-required-facet-of-a-generated-document-is-derived-and-the-emitter-composes-the-summary.md	0
9fcb076f-6717-43a0-a6dd-9c1182de9635	docs/evaluations/why-corpus-counts-are-derived-not-stored.md	0
9fcb076f-6717-43a0-a6dd-9c1182de9635	docs/how-to/diagnose-an-isolation-failure.md	0
9fcb076f-6717-43a0-a6dd-9c1182de9635	docs/obligations/0072-a-cache-of-check-results-does-not-make-a-run-proportional.md	0
9fcb076f-6717-43a0-a6dd-9c1182de9635	docs/obligations/0142-the-obligation-register-states-its-own-size-by-hand-and-it-went-stale-three-times-in-two-days.md	0
9fcb076f-6717-43a0-a6dd-9c1182de9635	docs/obligations/0143-a-specification-sentence-closes-a-set-with-a-count-the-source-exceeds-and-115-of-127-candidates-are-unchecked.md	0
9fcb076f-6717-43a0-a6dd-9c1182de9635	docs/obligations/0157-the-capture-report-says-two-denominators-over-a-store-that-named-seventeen-taxonomies.md	0
9fcb076f-6717-43a0-a6dd-9c1182de9635	docs/obligations/0159-a-sentence-that-opens-with-a-hash-and-an-issue-number-is-folded-into-the-sentence-before-it.md	0
9fcb076f-6717-43a0-a6dd-9c1182de9635	docs/obligations/0207-the-plan-usage-of-one-issue-is-known-only-as-the-average-of-its-run.md	0
9fcb076f-6717-43a0-a6dd-9c1182de9635	docs/spec/16-harness-support.md	0
9fcb076f-6717-43a0-a6dd-9c1182de9635	missing	1
9fcdefa2-b9af-47e3-aea0-761f49d9ecab	docs/decisions/0008-probe-cost-and-cadence.md	1
9fcdefa2-b9af-47e3-aea0-761f49d9ecab	docs/evaluations/external-evaluation-harnesses-and-benchmarks-for-the-probe-campaign.md	1
9fcdefa2-b9af-47e3-aea0-761f49d9ecab	docs/evaluations/n8n-worked-example.md	0
9fcdefa2-b9af-47e3-aea0-761f49d9ecab	docs/evaluations/the-measurement-layer.md	1
9fcdefa2-b9af-47e3-aea0-761f49d9ecab	docs/how-to/diagnose-an-isolation-failure.md	0
9fcdefa2-b9af-47e3-aea0-761f49d9ecab	docs/interfaces/headwater-probe.md	1
9fcdefa2-b9af-47e3-aea0-761f49d9ecab	docs/interfaces/headwater-show.md	0
9fcdefa2-b9af-47e3-aea0-761f49d9ecab	docs/obligations/0005-a-closed-set-expectation-has-no-reproducibility-reading-under.md	1
9fcdefa2-b9af-47e3-aea0-761f49d9ecab	docs/obligations/0075-a-participation-expectation-needs-depth-one-and-edge.md	0
9fcdefa2-b9af-47e3-aea0-761f49d9ecab	docs/obligations/0155-probe-s-fourteen-refusals-have-no-coverage-test-and-three-of-them-are-named-by-no-test-at-all.md	0
9fcdefa2-b9af-47e3-aea0-761f49d9ecab	docs/obligations/0206-hw-run-policy-names-a-worktree-add-workaround-that-write-edit-refuses-under-this-harness.md	0
9fcdefa2-b9af-47e3-aea0-761f49d9ecab	docs/probe-results/regression-probe-transcript-for-2026-09-17-after-the-probe-corrections.md	0
9fcdefa2-b9af-47e3-aea0-761f49d9ecab	docs/requirements/0002-every-document-of-a-kind-that-requires-sections-carries-all-of-them.md	0
9fcdefa2-b9af-47e3-aea0-761f49d9ecab	docs/reviews/core-concepts-review-prompt.md	0
9fcdefa2-b9af-47e3-aea0-761f49d9ecab	docs/spec/05-ai-integration.md	2
9fcdefa2-b9af-47e3-aea0-761f49d9ecab	missing	1
a027c89d-1053-4c6a-899f-46404dabd307	docs/decisions/0024-q24-readability-and-what-a-sweep-can-be-asked-about.md	0
a027c89d-1053-4c6a-899f-46404dabd307	docs/decisions/0041-q41-whether-vale-becomes-a-declared-regime-backend.md	0
a027c89d-1053-4c6a-899f-46404dabd307	docs/obligations/0001-the-promotion-fix-has-no-reading-of-the-assisted-fraction.md	0
a027c89d-1053-4c6a-899f-46404dabd307	docs/obligations/0016-a-cue-has-no-measured-effect-on-traversal-precision.md	0
a027c89d-1053-4c6a-899f-46404dabd307	docs/obligations/0019-whether-any-corpus-needs-a-second-export-profile.md	0
a027c89d-1053-4c6a-899f-46404dabd307	docs/obligations/0020-whether-a-solution-corpus-vendors-each-source-export.md	0
a027c89d-1053-4c6a-899f-46404dabd307	docs/obligations/0079-a-correctness-root-that-is-a-type-has-no-failing-fixture.md	0
a027c89d-1053-4c6a-899f-46404dabd307	docs/obligations/0129-spec-12-calls-two-phase-a-outcomes-structural-findings-and-the-engine-emits-none.md	0
a027c89d-1053-4c6a-899f-46404dabd307	docs/obligations/0213-ci-builds-no-mkdocs-site-so-a-generated-page-under-docs-is-never-checked-against-a-strict-build-before-merge.md	0
a027c89d-1053-4c6a-899f-46404dabd307	docs/reviews/core-concepts-review-findings.md	0
a027c89d-1053-4c6a-899f-46404dabd307	missing	1
a0697f2c-6882-4957-a3aa-53084b680065	docs/decisions/0034-q34-whether-acceptance-means-merged-to-main-and-what-an-agent-may-write-before-that.md	0
a0697f2c-6882-4957-a3aa-53084b680065	docs/interfaces/headwater-sweep.md	0
a0697f2c-6882-4957-a3aa-53084b680065	docs/obligations/0013-no-probe-tests-whether-a-counted-tombstone-stops-a-confident.md	0
a0697f2c-6882-4957-a3aa-53084b680065	docs/obligations/0114-a-control-that-names-a-sweep-marks-its-obligation-verified-with-nothing-run.md	0
a0697f2c-6882-4957-a3aa-53084b680065	docs/obligations/0146-the-stop-hook-reads-its-re-entry-guard-with-an-interpreter-it-does-not-require-so-a-machine-with-no-python3-re-blocks-the-same-turn.md	0
a0697f2c-6882-4957-a3aa-53084b680065	docs/obligations/0196-a-relation-writes-a-state-onto-a-kind-that-binds-no-lifecycle-regime-and-nothing-reads-that-pair.md	0
a0697f2c-6882-4957-a3aa-53084b680065	docs/probe-runs/campaign-of-2026-09-30-campaign-tier-absent-arm-discovery.md	0
a0697f2c-6882-4957-a3aa-53084b680065	docs/probes/the-pointer-this-corpus-offers-for-a-task-is-the-document-a-session-opens.md	0
a0697f2c-6882-4957-a3aa-53084b680065	docs/process/decisions/0007-a-background-wait-caps-below-the-cache-lifetime-and-re-issues-itself.md	1
a0697f2c-6882-4957-a3aa-53084b680065	docs/process/decisions/0017-ci-concurrency-is-per-ref-and-every-ref-but-main-cancels-a-superseded-run.md	0
a0697f2c-6882-4957-a3aa-53084b680065	docs/process/decisions/0021-a-subagent-waits-in-the-foreground-because-a-background-wait-wakes-its-parent.md	1
a0697f2c-6882-4957-a3aa-53084b680065	docs/process/obligations/0145-the-ci-job-named-advisory-carries-every-blocking-shell-suite-in-the-repository.md	0
a0697f2c-6882-4957-a3aa-53084b680065	docs/process/obligations/0212-ci-done-sh-reads-a-cancelled-run-of-another-branch-as-a-red-result-on-a-main-merge-commit.md	0
a0697f2c-6882-4957-a3aa-53084b680065	docs/requirements/0001-the-engine-reaches-no-network-at-check-time.md	0
a0697f2c-6882-4957-a3aa-53084b680065	missing	1
a08937f3-63cc-4975-8ce1-3a98dfaba822	docs/decisions/0019-inbound-integration-an-external-system-of-record.md	0
a08937f3-63cc-4975-8ce1-3a98dfaba822	docs/decisions/0077-the-consumer-surface-is-what-an-adopter-receives-runs-and-must-have-installed-and-it-is-a-closed-and-declared-list.md	0
a08937f3-63cc-4975-8ce1-3a98dfaba822	docs/decisions/0095-q67-one-library-entry-may-address-the-keys-of-an-entry-it-names-in-requires-and-confluence-holds-over-the-dependency-order.md	0
a08937f3-63cc-4975-8ce1-3a98dfaba822	docs/evaluations/external-evaluation-harnesses-and-benchmarks-for-the-probe-campaign.md	0
a08937f3-63cc-4975-8ce1-3a98dfaba822	docs/explanations/how-a-headwater-release-reaches-an-adopter.md	1
a08937f3-63cc-4975-8ce1-3a98dfaba822	docs/how-to/cut-a-release.md	1
a08937f3-63cc-4975-8ce1-3a98dfaba822	docs/how-to/relocate-a-shelf.md	0
a08937f3-63cc-4975-8ce1-3a98dfaba822	docs/how-to/rotate-or-revoke-the-apt-signing-subkey.md	0
a08937f3-63cc-4975-8ce1-3a98dfaba822	docs/obligations/0031-list-extension-in-an-add-only-overlay.md	0
a08937f3-63cc-4975-8ce1-3a98dfaba822	docs/process/decisions/0014-the-boundary-against-a-fork-is-the-approval-of-outside-runs-and-a-person-reads-a-github-diff-before-approving-one.md	0
a08937f3-63cc-4975-8ce1-3a98dfaba822	docs/process/evaluations/the-build-order-as-a-multi-agent-system.md	0
a08937f3-63cc-4975-8ce1-3a98dfaba822	docs/process/obligations/0206-hw-run-policy-names-a-worktree-add-workaround-that-write-edit-refuses-under-this-harness.md	0
a08937f3-63cc-4975-8ce1-3a98dfaba822	docs/process/obligations/0217-the-site-review-marker-lives-in-the-common-directory-of-a-clone-so-one-worktree-s-unreviewed-merge-blocks-the-push-of-every-worktree.md	0
a08937f3-63cc-4975-8ce1-3a98dfaba822	docs/spec/glossary.md	0
a08937f3-63cc-4975-8ce1-3a98dfaba822	missing	0
a08f5ce0-a20f-4ed1-a906-02b311a807d6	docs/decisions/0019-inbound-integration-an-external-system-of-record.md	0
a08f5ce0-a20f-4ed1-a906-02b311a807d6	docs/decisions/0031-q31-whether-this-repository-becomes-public-and-when.md	0
a08f5ce0-a20f-4ed1-a906-02b311a807d6	docs/evaluations/capability-bundle-address-inventory.md	0
a08f5ce0-a20f-4ed1-a906-02b311a807d6	docs/obligations/0001-the-promotion-fix-has-no-reading-of-the-assisted-fraction.md	0
a08f5ce0-a20f-4ed1-a906-02b311a807d6	docs/obligations/0011-nothing-has-been-promoted-out-of-the-synthesized-tier.md	0
a08f5ce0-a20f-4ed1-a906-02b311a807d6	docs/obligations/0019-whether-any-corpus-needs-a-second-export-profile.md	0
a08f5ce0-a20f-4ed1-a906-02b311a807d6	docs/obligations/0096-whether-anything-is-ever-promoted-out-of-the-asserted-tier.md	0
a08f5ce0-a20f-4ed1-a906-02b311a807d6	docs/obligations/0115-a-pinned-digest-authenticates-the-pin-and-never-the-publisher.md	0
a08f5ce0-a20f-4ed1-a906-02b311a807d6	docs/probe-runs/regression-probe-transcript-for-2026-09-17-after-the-probe-corrections.md	0
a08f5ce0-a20f-4ed1-a906-02b311a807d6	docs/requirements/0002-every-document-of-a-kind-that-requires-sections-carries-all-of-them.md	0
a08f5ce0-a20f-4ed1-a906-02b311a807d6	docs/spec/16-harness-support.md	1
a08f5ce0-a20f-4ed1-a906-02b311a807d6	missing	1
a154b120-d0b1-4336-87fa-3fae9bce4171	docs/acceptance-criteria/0003-check-reports-a-document-path-written-as-a-relation-target-once-in-every-spelling-and-through-a-symlink.md	0
a154b120-d0b1-4336-87fa-3fae9bce4171	docs/decisions/0047-how-the-two-halves-of-the-site-share-one-host.md	0
a154b120-d0b1-4336-87fa-3fae9bce4171	docs/how-to/keep-derived-files-from-conflicting-in-parallel-pull-requests.md	0
a154b120-d0b1-4336-87fa-3fae9bce4171	docs/how-to/rotate-or-revoke-the-apt-signing-subkey.md	0
a154b120-d0b1-4336-87fa-3fae9bce4171	docs/interfaces/headwater-show.md	0
a154b120-d0b1-4336-87fa-3fae9bce4171	docs/obligations/0008-an-adoption-payload-has-a-first-reading-and-no-elapsed-time.md	0
a154b120-d0b1-4336-87fa-3fae9bce4171	docs/obligations/0072-a-cache-of-check-results-does-not-make-a-run-proportional.md	0
a154b120-d0b1-4336-87fa-3fae9bce4171	docs/obligations/0138-the-rest-of-the-editorial-pass-with-cli-src-main-rs-at-the-head-of-the-distribution.md	0
a154b120-d0b1-4336-87fa-3fae9bce4171	docs/process/decisions/0006-the-entrypoint-keeps-its-name-and-becomes-a-resumable-run.md	0
a154b120-d0b1-4336-87fa-3fae9bce4171	docs/process/evaluations/the-build-order-as-a-multi-agent-system.md	0
a154b120-d0b1-4336-87fa-3fae9bce4171	docs/process/evaluations/two-triggers-one-verdict-how-this-repository-s-ci-decides-where-a-job-runs-and-what-it-trusts.md	0
a154b120-d0b1-4336-87fa-3fae9bce4171	docs/process/obligations/0207-the-plan-usage-of-one-issue-is-known-only-as-the-average-of-its-run.md	0
a154b120-d0b1-4336-87fa-3fae9bce4171	docs/process/obligations/0220-no-disk-floor-is-stated-for-a-build-order-run-and-nothing-prunes-the-cargo-pool.md	2
a154b120-d0b1-4336-87fa-3fae9bce4171	docs/reviews/core-concepts-review-findings.md	0
a154b120-d0b1-4336-87fa-3fae9bce4171	missing	0
a25e241b-6ea4-4f2c-821a-f0fc8d130ef4	docs/decisions/0070-the-matched-purposes-take-turns-at-a-route-budget-and-each-pointer-states-what-reached-it.md	0
a25e241b-6ea4-4f2c-821a-f0fc8d130ef4	docs/obligations/0072-a-cache-of-check-results-does-not-make-a-run-proportional.md	0
a25e241b-6ea4-4f2c-821a-f0fc8d130ef4	docs/obligations/0198-nothing-states-how-much-of-a-session-s-budget-the-standing-instructions-consume-before-work-starts.md	0
a25e241b-6ea4-4f2c-821a-f0fc8d130ef4	docs/probe-runs/campaign-of-2026-09-28-campaign-tier-absent-arm-sufficiency.md	0
a25e241b-6ea4-4f2c-821a-f0fc8d130ef4	docs/probe-runs/campaign-of-2026-09-28-campaign-tier-present-arm-sufficiency.md	0
a25e241b-6ea4-4f2c-821a-f0fc8d130ef4	docs/probe-runs/second-campaign-pilot-of-2026-09-28-campaign-tier-present-arm-sufficiency.md	0
a25e241b-6ea4-4f2c-821a-f0fc8d130ef4	docs/process/decisions/0005-the-ledger-is-split-its-tabular-parts-are-jsonl-and-its-totals-are-derived.md	2
a25e241b-6ea4-4f2c-821a-f0fc8d130ef4	docs/process/evaluations/the-build-order-as-a-multi-agent-system.md	1
a25e241b-6ea4-4f2c-821a-f0fc8d130ef4	docs/process/obligations/0207-the-plan-usage-of-one-issue-is-known-only-as-the-average-of-its-run.md	1
a25e241b-6ea4-4f2c-821a-f0fc8d130ef4	docs/process/obligations/0220-no-disk-floor-is-stated-for-a-build-order-run-and-nothing-prunes-the-cargo-pool.md	1
a25e241b-6ea4-4f2c-821a-f0fc8d130ef4	missing	0
a27dd270-96c2-4870-99e6-11e54c4dba5d	docs/acceptance-criteria/0003-check-reports-a-document-path-written-as-a-relation-target-once-in-every-spelling-and-through-a-symlink.md	0
a27dd270-96c2-4870-99e6-11e54c4dba5d	docs/decisions/0010-naming.md	0
a27dd270-96c2-4870-99e6-11e54c4dba5d	docs/decisions/0012-migration-path-for-an-existing-corpus.md	0
a27dd270-96c2-4870-99e6-11e54c4dba5d	docs/decisions/0038-q38-which-link-relation-a-rendered-page-carries-to-the-served-corpus-descriptor.md	0
a27dd270-96c2-4870-99e6-11e54c4dba5d	docs/decisions/0076-a-probe-budget-prices-a-run-identity-fixed-before-the-run-and-a-committed-transcript-and-a-sweep-has-neither.md	0
a27dd270-96c2-4870-99e6-11e54c4dba5d	docs/decisions/0090-each-release-states-in-its-notes-the-release-digest-that-a-consumer-pins.md	0
a27dd270-96c2-4870-99e6-11e54c4dba5d	docs/evaluations/external-evaluation-harnesses-and-benchmarks-for-the-probe-campaign.md	0
a27dd270-96c2-4870-99e6-11e54c4dba5d	docs/evaluations/linkml-worked-example.md	0
a27dd270-96c2-4870-99e6-11e54c4dba5d	docs/how-to/rotate-or-revoke-the-apt-signing-subkey.md	0
a27dd270-96c2-4870-99e6-11e54c4dba5d	docs/interfaces/headwater-gate.md	0
a27dd270-96c2-4870-99e6-11e54c4dba5d	docs/interfaces/headwater-query.md	0
a27dd270-96c2-4870-99e6-11e54c4dba5d	docs/interfaces/headwater-show.md	0
a27dd270-96c2-4870-99e6-11e54c4dba5d	docs/obligations/0029-what-headwater-query-takes.md	0
a27dd270-96c2-4870-99e6-11e54c4dba5d	docs/obligations/0120-no-reader-takes-a-waiver-against-a-check-finding-so-one-arm-of-the-escape-partition-is-empty.md	0
a27dd270-96c2-4870-99e6-11e54c4dba5d	docs/spec/00-vision-and-scope.md	0
a27dd270-96c2-4870-99e6-11e54c4dba5d	missing	0
a42899af-51bd-4244-92e2-3af9cb05071f	docs/evaluations/the-build-order-as-a-multi-agent-system.md	0
a42899af-51bd-4244-92e2-3af9cb05071f	docs/how-to/cut-a-release.md	0
a42899af-51bd-4244-92e2-3af9cb05071f	docs/how-to/diagnose-an-isolation-failure.md	0
a42899af-51bd-4244-92e2-3af9cb05071f	docs/interfaces/headwater-neighbors.md	0
a42899af-51bd-4244-92e2-3af9cb05071f	docs/obligations/0017-publishing-the-read-set-skips-a-re-run-on-two-of-the-eighteen.md	0
a42899af-51bd-4244-92e2-3af9cb05071f	docs/obligations/0032-a-remove-that-orphans-a-name-is-refused-and-the-message-names.md	0
a42899af-51bd-4244-92e2-3af9cb05071f	docs/obligations/0127-a-deletion-is-invisible-where-the-version-that-stood-there-does-not-parse.md	0
a42899af-51bd-4244-92e2-3af9cb05071f	docs/obligations/0136-seven-rustdoc-relative-links-in-comments-point-at-pages-the-doc-tree-does-not-have.md	0
a42899af-51bd-4244-92e2-3af9cb05071f	docs/obligations/0176-a-blessed-fixture-is-read-by-a-sibling-case-that-runs-while-the-write-truncates-it.md	0
a42899af-51bd-4244-92e2-3af9cb05071f	docs/obligations/0200-three-graded-regression-runs-are-owed-a-fresh-recording-against-a-moved-taxonomy-lock.md	0
a42899af-51bd-4244-92e2-3af9cb05071f	docs/obligations/0203-three-small-run-tooling-gaps-from-run-20260922-1121-filed-together.md	0
a42899af-51bd-4244-92e2-3af9cb05071f	docs/obligations/0207-the-plan-usage-of-one-issue-is-known-only-as-the-average-of-its-run.md	0
a42899af-51bd-4244-92e2-3af9cb05071f	docs/probe-runs/regression-probe-transcript-for-2026-09-17-after-the-probe-corrections.md	0
a42899af-51bd-4244-92e2-3af9cb05071f	docs/reviews/core-concepts-review-findings-2.md	0
a42899af-51bd-4244-92e2-3af9cb05071f	docs/spec/17-orchestration-architecture.md	0
a42899af-51bd-4244-92e2-3af9cb05071f	missing	0
a4ef2998-08b3-46ac-a4c7-04add1cebae9	docs/acceptance-criteria/0001-no-source-file-of-the-engine-names-a-network-api-and-no-locked-dependency-provides-one.md	0
a4ef2998-08b3-46ac-a4c7-04add1cebae9	docs/decisions/0031-q31-whether-this-repository-becomes-public-and-when.md	0
a4ef2998-08b3-46ac-a4c7-04add1cebae9	docs/decisions/0059-a-transform-over-a-harness-session-log-is-an-observed-transcript-when-the-log-arrives-by-a-channel-the-model-cannot-write-to.md	0
a4ef2998-08b3-46ac-a4c7-04add1cebae9	docs/decisions/0080-q66-the-corpus-dashboard-ships-free-and-self-hosted-with-tenant-isolation-stated-as-a-data-model-constraint-from-day-one.md	0
a4ef2998-08b3-46ac-a4c7-04add1cebae9	docs/how-to/diagnose-an-isolation-failure.md	0
a4ef2998-08b3-46ac-a4c7-04add1cebae9	docs/obligations/0006-route-latency-at-a-harvesting-tier-is-unmeasured.md	0
a4ef2998-08b3-46ac-a4c7-04add1cebae9	docs/obligations/0011-nothing-has-been-promoted-out-of-the-synthesized-tier.md	0
a4ef2998-08b3-46ac-a4c7-04add1cebae9	docs/obligations/0026-the-operational-shape-of-a-hosted-server-is-unstated.md	0
a4ef2998-08b3-46ac-a4c7-04add1cebae9	docs/obligations/0080-changed-only-is-the-content-addressed-cache-under-another-name.md	0
a4ef2998-08b3-46ac-a4c7-04add1cebae9	docs/obligations/0087-fixable-has-two-readings-inside-one-engine.md	0
a4ef2998-08b3-46ac-a4c7-04add1cebae9	docs/obligations/0096-whether-anything-is-ever-promoted-out-of-the-asserted-tier.md	0
a4ef2998-08b3-46ac-a4c7-04add1cebae9	docs/obligations/0177-the-value-rule-writes-adopter-on-every-self-audit-record-and-most-of-them-wait-on-a-build.md	0
a4ef2998-08b3-46ac-a4c7-04add1cebae9	docs/obligations/0198-nothing-states-how-much-of-a-session-s-budget-the-standing-instructions-consume-before-work-starts.md	0
a4ef2998-08b3-46ac-a4c7-04add1cebae9	docs/process/decisions/0007-a-background-wait-caps-below-the-cache-lifetime-and-re-issues-itself.md	0
a4ef2998-08b3-46ac-a4c7-04add1cebae9	docs/spec/00-vision-and-scope.md	0
a4ef2998-08b3-46ac-a4c7-04add1cebae9	missing	0
a5e21e81-8564-4358-af4e-307464d3fb58	docs/decisions/0041-q41-whether-vale-becomes-a-declared-regime-backend.md	0
a5e21e81-8564-4358-af4e-307464d3fb58	docs/decisions/0052-a-document-is-proposed-at-the-state-it-will-hold-and-the-merge-activates-it.md	0
a5e21e81-8564-4358-af4e-307464d3fb58	docs/evaluations/two-triggers-one-verdict-how-this-repository-s-ci-decides-where-a-job-runs-and-what-it-trusts.md	1
a5e21e81-8564-4358-af4e-307464d3fb58	docs/how-to/diagnose-an-isolation-failure.md	0
a5e21e81-8564-4358-af4e-307464d3fb58	docs/how-to/relocate-a-shelf.md	0
a5e21e81-8564-4358-af4e-307464d3fb58	docs/interfaces/headwater-change.md	0
a5e21e81-8564-4358-af4e-307464d3fb58	docs/obligations/0017-publishing-the-read-set-skips-a-re-run-on-two-of-the-eighteen.md	0
a5e21e81-8564-4358-af4e-307464d3fb58	docs/obligations/0073-the-prior-version-still-owes-the-key-edit-that-the-clock.md	0
a5e21e81-8564-4358-af4e-307464d3fb58	docs/obligations/0130-the-publication-date-of-this-repository-is-unset-and-the-owner-alone-sets-it.md	0
a5e21e81-8564-4358-af4e-307464d3fb58	docs/obligations/0135-repo-cleanup-names-one-cause-for-a-gone-upstream-and-this-repository-produced-a-second.md	0
a5e21e81-8564-4358-af4e-307464d3fb58	docs/obligations/0199-an-observation-snapshot-records-a-commit-and-nothing-reads-it-back.md	0
a5e21e81-8564-4358-af4e-307464d3fb58	docs/obligations/0204-docs-decisions-0077-still-describes-hw-dr-0049-s-rewrite-as-pending-after-574-made-it.md	0
a5e21e81-8564-4358-af4e-307464d3fb58	docs/obligations/0216-two-merge-hooks-of-this-repository-print-a-resolve-flag-that-the-verb-refuses.md	0
a5e21e81-8564-4358-af4e-307464d3fb58	docs/process/decisions/0017-ci-concurrency-is-per-ref-and-every-ref-but-main-cancels-a-superseded-run.md	1
a5e21e81-8564-4358-af4e-307464d3fb58	docs/spec/17-orchestration-architecture.md	0
a5e21e81-8564-4358-af4e-307464d3fb58	missing	1
a7e8d41e-bf7a-45d9-8859-3ddb18fe6819	docs/decisions/0015-a-synthesized-content-tier.md	0
a7e8d41e-bf7a-45d9-8859-3ddb18fe6819	docs/decisions/0054-the-upper-bound-of-a-reconcile-first-allocator-is-the-corpus-and-a-claim-store.md	0
a7e8d41e-bf7a-45d9-8859-3ddb18fe6819	docs/evaluations/schema-format-walkthrough.md	0
a7e8d41e-bf7a-45d9-8859-3ddb18fe6819	docs/how-to/diagnose-an-isolation-failure.md	0
a7e8d41e-bf7a-45d9-8859-3ddb18fe6819	docs/obligations/0050-a-relation-that-declares-no-cardinality-has-no-stated-default.md	0
a7e8d41e-bf7a-45d9-8859-3ddb18fe6819	docs/obligations/0069-a-suppressed-finding-leaves-its-obligation-verified-and-spec-4.md	0
a7e8d41e-bf7a-45d9-8859-3ddb18fe6819	docs/obligations/0121-three-conformance-rules-name-an-attestation-that-no-record-format-exists-for.md	0
a7e8d41e-bf7a-45d9-8859-3ddb18fe6819	docs/obligations/0125-nine-documents-state-a-warrant-outside-the-closed-set-and-only-a-person-can-set-the-value.md	0
a7e8d41e-bf7a-45d9-8859-3ddb18fe6819	docs/obligations/0143-a-specification-sentence-closes-a-set-with-a-count-the-source-exceeds-and-115-of-127-candidates-are-unchecked.md	0
a7e8d41e-bf7a-45d9-8859-3ddb18fe6819	docs/process/evaluations/one-clone-many-agents-how-this-repository-isolates-the-sessions-that-build-it.md	0
a7e8d41e-bf7a-45d9-8859-3ddb18fe6819	missing	0
a8efc2b1-f2a8-4dbc-b0d7-036c059f4d00	docs/decisions/0036-q36-which-of-mkdocs-docusaurus-or-astro-this-corpus-emits-navigation-for-and-why.md	0
a8efc2b1-f2a8-4dbc-b0d7-036c059f4d00	docs/evaluations/the-build-order-as-a-multi-agent-system.md	0
a8efc2b1-f2a8-4dbc-b0d7-036c059f4d00	docs/evaluations/two-triggers-one-verdict-how-this-repository-s-ci-decides-where-a-job-runs-and-what-it-trusts.md	2
a8efc2b1-f2a8-4dbc-b0d7-036c059f4d00	docs/how-to/mine-the-shadow-mode-routing-log.md	0
a8efc2b1-f2a8-4dbc-b0d7-036c059f4d00	docs/interfaces/headwater-change.md	0
a8efc2b1-f2a8-4dbc-b0d7-036c059f4d00	docs/obligations/0001-the-promotion-fix-has-no-reading-of-the-assisted-fraction.md	0
a8efc2b1-f2a8-4dbc-b0d7-036c059f4d00	docs/obligations/0057-a-retrofit-cannot-recover-the-two-dates-or-the-acceptance.md	0
a8efc2b1-f2a8-4dbc-b0d7-036c059f4d00	docs/obligations/0072-a-cache-of-check-results-does-not-make-a-run-proportional.md	0
a8efc2b1-f2a8-4dbc-b0d7-036c059f4d00	docs/obligations/0157-the-capture-report-says-two-denominators-over-a-store-that-named-seventeen-taxonomies.md	0
a8efc2b1-f2a8-4dbc-b0d7-036c059f4d00	docs/obligations/0181-an-unresolved-prose-link-reaches-a-run-as-a-graph-fact-and-no-rule-turns-it-into-a-finding.md	0
a8efc2b1-f2a8-4dbc-b0d7-036c059f4d00	docs/probes/the-authoring-skill-reaches-an-agent-that-is-about-to-write-a-governed-document.md	0
a8efc2b1-f2a8-4dbc-b0d7-036c059f4d00	docs/process/decisions/0005-the-ledger-is-split-its-tabular-parts-are-jsonl-and-its-totals-are-derived.md	0
a8efc2b1-f2a8-4dbc-b0d7-036c059f4d00	docs/reviews/core-concepts-review-findings-2.md	0
a8efc2b1-f2a8-4dbc-b0d7-036c059f4d00	docs/spec/08-design-departures.md	0
a8efc2b1-f2a8-4dbc-b0d7-036c059f4d00	docs/spec/16-harness-support.md	0
a8efc2b1-f2a8-4dbc-b0d7-036c059f4d00	missing	1
aa0f65b3-b1d9-4058-a360-c6700bea5b95	docs/acceptance-criteria/0003-check-reports-a-document-path-written-as-a-relation-target-once-in-every-spelling-and-through-a-symlink.md	0
aa0f65b3-b1d9-4058-a360-c6700bea5b95	docs/decisions/0077-the-consumer-surface-is-what-an-adopter-receives-runs-and-must-have-installed-and-it-is-a-closed-and-declared-list.md	2
aa0f65b3-b1d9-4058-a360-c6700bea5b95	docs/decisions/0088-an-engine-release-and-a-taxonomy-release-have-disjoint-tag-namespaces-and-are-cut-independently.md	2
aa0f65b3-b1d9-4058-a360-c6700bea5b95	docs/decisions/0089-a-taxonomy-release-publishes-the-source-at-the-tagged-commit-and-never-ships-the-vendored-copy.md	1
aa0f65b3-b1d9-4058-a360-c6700bea5b95	docs/decisions/0090-each-release-states-in-its-notes-the-release-digest-that-a-consumer-pins.md	2
aa0f65b3-b1d9-4058-a360-c6700bea5b95	docs/explanations/how-a-headwater-release-reaches-an-adopter.md	2
aa0f65b3-b1d9-4058-a360-c6700bea5b95	docs/how-to/cut-a-release.md	2
aa0f65b3-b1d9-4058-a360-c6700bea5b95	docs/obligations/0018-the-bundle-set-is-a-guess-about-how-adopters-cluster.md	0
aa0f65b3-b1d9-4058-a360-c6700bea5b95	docs/obligations/0019-whether-any-corpus-needs-a-second-export-profile.md	0
aa0f65b3-b1d9-4058-a360-c6700bea5b95	docs/obligations/0020-whether-a-solution-corpus-vendors-each-source-export.md	0
aa0f65b3-b1d9-4058-a360-c6700bea5b95	docs/obligations/0214-the-commit-gate-does-not-see-docs-taxonomies-readme-md-drift-from-its-vendored-copy.md	0
aa0f65b3-b1d9-4058-a360-c6700bea5b95	docs/probe-runs/regression-probe-transcript-for-2026-09-17-after-the-probe-corrections.md	0
aa0f65b3-b1d9-4058-a360-c6700bea5b95	docs/process/decisions/0009-a-release-gets-all-its-assets-in-one-create-call-and-a-person-deletes-it-to-run-again.md	1
aa0f65b3-b1d9-4058-a360-c6700bea5b95	docs/process/explanations/where-a-ci-job-runs.md	1
aa0f65b3-b1d9-4058-a360-c6700bea5b95	docs/process/obligations/0207-the-plan-usage-of-one-issue-is-known-only-as-the-average-of-its-run.md	0
aa0f65b3-b1d9-4058-a360-c6700bea5b95	missing	1
aa9c8a6f-ad36-425a-b9fb-df17f3294c35	docs/acceptance-criteria/0002-every-required-section-of-every-governed-document-has-a-heading.md	0
aa9c8a6f-ad36-425a-b9fb-df17f3294c35	docs/decisions/0011-license-and-distribution-posture.md	0
aa9c8a6f-ad36-425a-b9fb-df17f3294c35	docs/decisions/0030-q30-whether-what-an-obligation-waits-on-is-a-state-or-a-property-and-how-many-values-it-takes.md	0
aa9c8a6f-ad36-425a-b9fb-df17f3294c35	docs/decisions/0031-q31-whether-this-repository-becomes-public-and-when.md	0
aa9c8a6f-ad36-425a-b9fb-df17f3294c35	docs/evaluations/the-build-order-as-a-multi-agent-system.md	0
aa9c8a6f-ad36-425a-b9fb-df17f3294c35	docs/how-to/diagnose-an-isolation-failure.md	0
aa9c8a6f-ad36-425a-b9fb-df17f3294c35	docs/obligations/0026-the-operational-shape-of-a-hosted-server-is-unstated.md	0
aa9c8a6f-ad36-425a-b9fb-df17f3294c35	docs/obligations/0130-the-publication-date-of-this-repository-is-unset-and-the-owner-alone-sets-it.md	0
aa9c8a6f-ad36-425a-b9fb-df17f3294c35	docs/obligations/0182-the-publish-crates-retry-loop-has-no-retry-ceiling.md	0
aa9c8a6f-ad36-425a-b9fb-df17f3294c35	docs/obligations/0205-hw-obl-0002-s-sample-counts-and-voice-rs-s-own-census-predate-the-scent-role-fix-and-need-retaking.md	0
aa9c8a6f-ad36-425a-b9fb-df17f3294c35	docs/obligations/0207-the-plan-usage-of-one-issue-is-known-only-as-the-average-of-its-run.md	0
aa9c8a6f-ad36-425a-b9fb-df17f3294c35	docs/obligations/0220-no-disk-floor-is-stated-for-a-build-order-run-and-nothing-prunes-the-cargo-pool.md	0
aa9c8a6f-ad36-425a-b9fb-df17f3294c35	docs/process/decisions/0011-crates-publish-in-one-fixed-order-that-a-test-holds-and-a-rerun-continues-where-the-last-run-stopped.md	0
aa9c8a6f-ad36-425a-b9fb-df17f3294c35	docs/spec/12-check-layer.md	0
aa9c8a6f-ad36-425a-b9fb-df17f3294c35	docs/spec/17-orchestration-architecture.md	0
aa9c8a6f-ad36-425a-b9fb-df17f3294c35	missing	0
abff39b4-9102-4a55-8605-2a87f57ec3be	docs/evaluations/external-evaluation-harnesses-and-benchmarks-for-the-probe-campaign.md	1
abff39b4-9102-4a55-8605-2a87f57ec3be	docs/how-to/diagnose-an-isolation-failure.md	0
abff39b4-9102-4a55-8605-2a87f57ec3be	docs/obligations/0229-the-counterfactual-campaign-evaluation-withholds-its-discharges-edge-until-a-person-promotes-it.md	1
abff39b4-9102-4a55-8605-2a87f57ec3be	docs/probe-results/campaign-of-2026-09-28-campaign-tier-absent-arm-navigability.md	0
abff39b4-9102-4a55-8605-2a87f57ec3be	docs/probe-results/campaign-of-2026-09-28-campaign-tier-absent-arm-sufficiency.md	0
abff39b4-9102-4a55-8605-2a87f57ec3be	docs/probe-results/campaign-of-2026-09-28-campaign-tier-present-arm-sufficiency.md	0
abff39b4-9102-4a55-8605-2a87f57ec3be	docs/probe-results/campaign-of-2026-09-30-campaign-tier-absent-arm-discovery.md	0
abff39b4-9102-4a55-8605-2a87f57ec3be	docs/probe-results/campaign-of-2026-09-30-campaign-tier-absent-arm-navigability.md	0
abff39b4-9102-4a55-8605-2a87f57ec3be	docs/probe-results/campaign-of-2026-09-30-campaign-tier-absent-arm-sufficiency.md	0
abff39b4-9102-4a55-8605-2a87f57ec3be	docs/probe-results/second-campaign-pilot-of-2026-09-28-campaign-tier-absent-arm-navigability.md	0
abff39b4-9102-4a55-8605-2a87f57ec3be	docs/probe-runs/campaign-of-2026-09-28-campaign-tier-absent-arm-navigability.md	1
abff39b4-9102-4a55-8605-2a87f57ec3be	docs/probe-runs/campaign-of-2026-09-28-campaign-tier-present-arm-sufficiency.md	1
abff39b4-9102-4a55-8605-2a87f57ec3be	docs/process/explanations/where-a-ci-job-runs.md	0
abff39b4-9102-4a55-8605-2a87f57ec3be	docs/process/obligations/0207-the-plan-usage-of-one-issue-is-known-only-as-the-average-of-its-run.md	0
abff39b4-9102-4a55-8605-2a87f57ec3be	docs/requirements/0003-a-relation-target-written-as-the-path-of-a-document-is-reported-and-never-bound-as-an-anchor-onto-that-file.md	0
abff39b4-9102-4a55-8605-2a87f57ec3be	missing	0
ac5f2324-a93c-41de-8146-a93dd4a12ad5	docs/decisions/0034-q34-whether-acceptance-means-merged-to-main-and-what-an-agent-may-write-before-that.md	0
ac5f2324-a93c-41de-8146-a93dd4a12ad5	docs/decisions/0096-harper-does-not-become-part-of-the-engine-now-and-q41-stands.md	0
ac5f2324-a93c-41de-8146-a93dd4a12ad5	docs/evaluations/why-corpus-counts-are-derived-not-stored.md	0
ac5f2324-a93c-41de-8146-a93dd4a12ad5	docs/how-to/diagnose-an-isolation-failure.md	0
ac5f2324-a93c-41de-8146-a93dd4a12ad5	docs/interfaces/headwater-gate.md	0
ac5f2324-a93c-41de-8146-a93dd4a12ad5	docs/obligations/0095-whether-the-rdf-emitter-carries-owl-inverseof.md	0
ac5f2324-a93c-41de-8146-a93dd4a12ad5	docs/obligations/0135-repo-cleanup-names-one-cause-for-a-gone-upstream-and-this-repository-produced-a-second.md	1
ac5f2324-a93c-41de-8146-a93dd4a12ad5	docs/obligations/0142-the-obligation-register-states-its-own-size-by-hand-and-it-went-stale-three-times-in-two-days.md	0
ac5f2324-a93c-41de-8146-a93dd4a12ad5	docs/obligations/0150-a-current-decision-declares-no-required-edge-to-the-document-it-settled-so-22-of-23-reach-no-specification-at-all.md	0
ac5f2324-a93c-41de-8146-a93dd4a12ad5	docs/obligations/0157-the-capture-report-says-two-denominators-over-a-store-that-named-seventeen-taxonomies.md	0
ac5f2324-a93c-41de-8146-a93dd4a12ad5	docs/obligations/0159-a-sentence-that-opens-with-a-hash-and-an-issue-number-is-folded-into-the-sentence-before-it.md	0
ac5f2324-a93c-41de-8146-a93dd4a12ad5	docs/obligations/0172-nine-hand-kept-constants-enumerate-an-enum-and-nothing-holds-one-against-the-variants.md	0
ac5f2324-a93c-41de-8146-a93dd4a12ad5	docs/obligations/0179-the-commit-gate-checks-prose-with-a-binary-it-never-compares-against-the-engine-sources.md	0
ac5f2324-a93c-41de-8146-a93dd4a12ad5	docs/obligations/0201-no-coverage-or-mutation-measurement-has-ever-been-taken-over-the-engine-s-test-suite.md	0
ac5f2324-a93c-41de-8146-a93dd4a12ad5	docs/probes/the-authoring-skill-reaches-an-agent-that-is-about-to-write-a-governed-document.md	0
ac5f2324-a93c-41de-8146-a93dd4a12ad5	missing	0
ac66cc2b-33ec-4732-861a-5cff26074b26	docs/decisions/0031-q31-whether-this-repository-becomes-public-and-when.md	0
ac66cc2b-33ec-4732-861a-5cff26074b26	docs/how-to/cut-a-release.md	0
ac66cc2b-33ec-4732-861a-5cff26074b26	docs/how-to/diagnose-an-isolation-failure.md	0
ac66cc2b-33ec-4732-861a-5cff26074b26	docs/how-to/mine-the-shadow-mode-routing-log.md	0
ac66cc2b-33ec-4732-861a-5cff26074b26	docs/interfaces/headwater-change.md	0
ac66cc2b-33ec-4732-861a-5cff26074b26	docs/obligations/0011-one-document-has-been-promoted-out-of-the-synthesized-tier-and-no-rate-says-whether-the-tier-drains.md	0
ac66cc2b-33ec-4732-861a-5cff26074b26	docs/obligations/0030-the-provenance-block-belongs-to-the-engine-and-nothing-states.md	0
ac66cc2b-33ec-4732-861a-5cff26074b26	docs/obligations/0096-whether-anything-is-ever-promoted-out-of-the-asserted-tier.md	0
ac66cc2b-33ec-4732-861a-5cff26074b26	docs/obligations/0098-whether-a-withheld-anchor-needs-a-class-beside-its-count.md	0
ac66cc2b-33ec-4732-861a-5cff26074b26	docs/obligations/0130-the-publication-date-of-this-repository-is-unset-and-the-owner-alone-sets-it.md	0
ac66cc2b-33ec-4732-861a-5cff26074b26	docs/obligations/0204-docs-decisions-0077-still-describes-hw-dr-0049-s-rewrite-as-pending-after-574-made-it.md	0
ac66cc2b-33ec-4732-861a-5cff26074b26	docs/probes/the-authoring-skill-reaches-an-agent-that-is-about-to-write-a-governed-document.md	0
ac66cc2b-33ec-4732-861a-5cff26074b26	docs/process/decisions/0007-a-background-wait-caps-below-the-cache-lifetime-and-re-issues-itself.md	0
ac66cc2b-33ec-4732-861a-5cff26074b26	docs/process/decisions/0020-merges-go-through-the-github-merge-queue-one-squash-commit-per-pull-request.md	0
ac66cc2b-33ec-4732-861a-5cff26074b26	docs/requirements/0003-a-relation-target-written-as-the-path-of-a-document-is-reported-and-never-bound-as-an-anchor-onto-that-file.md	0
ac66cc2b-33ec-4732-861a-5cff26074b26	missing	0
ad5c73fb-4116-45a1-b213-9b884145cd23	docs/decisions/0040-q40-whether-extends-bundle-requires-and-an-overlay-s-taxonomy-key-are-a-mechanism-or-a-label.md	0
ad5c73fb-4116-45a1-b213-9b884145cd23	docs/decisions/0068-the-front-matter-key-that-carries-a-minted-identifier-is-id.md	0
ad5c73fb-4116-45a1-b213-9b884145cd23	docs/evaluations/the-build-order-as-a-multi-agent-system.md	0
ad5c73fb-4116-45a1-b213-9b884145cd23	docs/how-to/relocate-a-shelf.md	0
ad5c73fb-4116-45a1-b213-9b884145cd23	docs/interfaces/headwater-explain.md	0
ad5c73fb-4116-45a1-b213-9b884145cd23	docs/interfaces/headwater-json.md	0
ad5c73fb-4116-45a1-b213-9b884145cd23	docs/obligations/0044-a-generated-index-labels-a-document-with-its-identifier.md	0
ad5c73fb-4116-45a1-b213-9b884145cd23	docs/obligations/0048-a-mapping-key-holds-a-dot-and-no-address-reaches.md	0
ad5c73fb-4116-45a1-b213-9b884145cd23	docs/obligations/0067-a-rule-that-reads-the-taxonomy-has-no-grain-in-spec-12s-list.md	0
ad5c73fb-4116-45a1-b213-9b884145cd23	docs/obligations/0073-the-prior-version-still-owes-the-key-edit-that-the-clock.md	0
ad5c73fb-4116-45a1-b213-9b884145cd23	docs/obligations/0115-a-pinned-digest-authenticates-the-pin-and-never-the-publisher.md	0
ad5c73fb-4116-45a1-b213-9b884145cd23	docs/probes/the-authoring-skill-reaches-an-agent-that-is-about-to-write-a-governed-document.md	0
ad5c73fb-4116-45a1-b213-9b884145cd23	docs/spec/12-check-layer.md	0
ad5c73fb-4116-45a1-b213-9b884145cd23	docs/spec/15-the-recorder-contract.md	0
ad5c73fb-4116-45a1-b213-9b884145cd23	docs/spec/glossary.md	0
ad5c73fb-4116-45a1-b213-9b884145cd23	missing	1
adb09914-b963-4b6f-9c78-1e0626a16897	docs/how-to/cut-a-release.md	0
adb09914-b963-4b6f-9c78-1e0626a16897	docs/how-to/diagnose-an-isolation-failure.md	0
adb09914-b963-4b6f-9c78-1e0626a16897	docs/how-to/keep-derived-files-from-conflicting-in-parallel-pull-requests.md	0
adb09914-b963-4b6f-9c78-1e0626a16897	docs/how-to/mine-the-shadow-mode-routing-log.md	0
adb09914-b963-4b6f-9c78-1e0626a16897	docs/how-to/rotate-or-revoke-the-apt-signing-subkey.md	0
adb09914-b963-4b6f-9c78-1e0626a16897	docs/obligations/0041-no-declaration-expresses-a-rule-about-content-or-state-over.md	0
adb09914-b963-4b6f-9c78-1e0626a16897	docs/obligations/0057-a-retrofit-cannot-recover-the-two-dates-or-the-acceptance.md	0
adb09914-b963-4b6f-9c78-1e0626a16897	docs/obligations/0182-the-publish-crates-retry-loop-has-no-retry-ceiling.md	0
adb09914-b963-4b6f-9c78-1e0626a16897	docs/obligations/0204-docs-decisions-0077-still-describes-hw-dr-0049-s-rewrite-as-pending-after-574-made-it.md	0
adb09914-b963-4b6f-9c78-1e0626a16897	docs/probe-runs/campaign-of-2026-09-28-campaign-tier-present-arm-navigability.md	1
adb09914-b963-4b6f-9c78-1e0626a16897	docs/probe-runs/second-campaign-pilot-of-2026-09-28-campaign-tier-absent-arm-discovery.md	1
adb09914-b963-4b6f-9c78-1e0626a16897	docs/probe-runs/second-campaign-pilot-of-2026-09-28-campaign-tier-absent-arm-sufficiency.md	1
adb09914-b963-4b6f-9c78-1e0626a16897	docs/probe-runs/second-campaign-pilot-of-2026-09-28-campaign-tier-present-arm-discovery.md	1
adb09914-b963-4b6f-9c78-1e0626a16897	docs/probe-runs/second-campaign-pilot-of-2026-09-28-campaign-tier-present-arm-sufficiency.md	1
adb09914-b963-4b6f-9c78-1e0626a16897	docs/probe-runs/second-campaign-pilot-of-2026-09-28-documentation-tier-absent-arm-sufficiency.md	1
adb09914-b963-4b6f-9c78-1e0626a16897	missing	0
ae638209-5d21-4af7-94fd-8ad08a6551b4	docs/decisions/0039-q39-how-a-figure-reaches-a-hand-built-page.md	0
ae638209-5d21-4af7-94fd-8ad08a6551b4	docs/how-to/diagnose-an-isolation-failure.md	0
ae638209-5d21-4af7-94fd-8ad08a6551b4	docs/how-to/keep-derived-files-from-conflicting-in-parallel-pull-requests.md	0
ae638209-5d21-4af7-94fd-8ad08a6551b4	docs/how-to/mine-the-shadow-mode-routing-log.md	0
ae638209-5d21-4af7-94fd-8ad08a6551b4	docs/interfaces/headwater-new.md	0
ae638209-5d21-4af7-94fd-8ad08a6551b4	docs/obligations/0198-nothing-states-how-much-of-a-session-s-budget-the-standing-instructions-consume-before-work-starts.md	0
ae638209-5d21-4af7-94fd-8ad08a6551b4	docs/obligations/0204-docs-decisions-0077-still-describes-hw-dr-0049-s-rewrite-as-pending-after-574-made-it.md	0
ae638209-5d21-4af7-94fd-8ad08a6551b4	docs/probes/a-session-says-how-a-governs-line-reaches-a-document.md	0
ae638209-5d21-4af7-94fd-8ad08a6551b4	docs/probes/the-pointer-this-corpus-offers-for-a-task-is-the-document-a-session-opens.md	0
ae638209-5d21-4af7-94fd-8ad08a6551b4	docs/process/decisions/0020-merges-go-through-the-github-merge-queue-one-squash-commit-per-pull-request.md	0
ae638209-5d21-4af7-94fd-8ad08a6551b4	docs/process/explanations/where-a-ci-job-runs.md	0
ae638209-5d21-4af7-94fd-8ad08a6551b4	docs/process/obligations/0217-the-site-review-marker-lives-in-the-common-directory-of-a-clone-so-one-worktree-s-unreviewed-merge-blocks-the-push-of-every-worktree.md	0
ae638209-5d21-4af7-94fd-8ad08a6551b4	docs/process/obligations/0225-eight-run-tooling-gaps-from-run-20260929-1205-filed-together.md	0
ae638209-5d21-4af7-94fd-8ad08a6551b4	docs/spec/05-ai-integration.md	0
ae638209-5d21-4af7-94fd-8ad08a6551b4	docs/spec/15-the-recorder-contract.md	0
ae638209-5d21-4af7-94fd-8ad08a6551b4	missing	0
ae82a0f9-ed12-4b71-b89a-dfb31ceeded6	docs/decisions/0030-q30-whether-what-an-obligation-waits-on-is-a-state-or-a-property-and-how-many-values-it-takes.md	0
ae82a0f9-ed12-4b71-b89a-dfb31ceeded6	docs/how-to/diagnose-an-isolation-failure.md	0
ae82a0f9-ed12-4b71-b89a-dfb31ceeded6	docs/how-to/rotate-or-revoke-the-apt-signing-subkey.md	0
ae82a0f9-ed12-4b71-b89a-dfb31ceeded6	docs/interfaces/headwater-merge-driver.md	0
ae82a0f9-ed12-4b71-b89a-dfb31ceeded6	docs/obligations/0026-the-operational-shape-of-a-hosted-server-is-unstated.md	0
ae82a0f9-ed12-4b71-b89a-dfb31ceeded6	docs/obligations/0144-the-cache-identity-test-reads-the-live-working-tree-so-an-edit-during-the-run-reports-the-correctness-root-as-violated.md	0
ae82a0f9-ed12-4b71-b89a-dfb31ceeded6	docs/obligations/0148-the-help-assertion-never-asks-a-subcommand-and-no-rust-version-declares-the-floor-clap-now-sits-on.md	0
ae82a0f9-ed12-4b71-b89a-dfb31ceeded6	docs/obligations/0204-docs-decisions-0077-still-describes-hw-dr-0049-s-rewrite-as-pending-after-574-made-it.md	0
ae82a0f9-ed12-4b71-b89a-dfb31ceeded6	docs/probe-runs/campaign-pilot-of-2026-09-28-campaign-tier-absent-arm-discovery.md	0
ae82a0f9-ed12-4b71-b89a-dfb31ceeded6	docs/probe-runs/regression-probe-transcript-for-2026-09-11.md	0
ae82a0f9-ed12-4b71-b89a-dfb31ceeded6	docs/probe-runs/regression-probe-transcript-for-2026-09-16.md	0
ae82a0f9-ed12-4b71-b89a-dfb31ceeded6	docs/probe-runs/regression-probe-transcript-for-2026-09-17-after-the-probe-corrections.md	0
ae82a0f9-ed12-4b71-b89a-dfb31ceeded6	docs/probe-runs/regression-probe-transcript-for-2026-09-17.md	0
ae82a0f9-ed12-4b71-b89a-dfb31ceeded6	docs/requirements/0001-the-engine-reaches-no-network-at-check-time.md	0
ae82a0f9-ed12-4b71-b89a-dfb31ceeded6	docs/requirements/0005-a-code-path-names-every-document-that-governs-it.md	0
ae82a0f9-ed12-4b71-b89a-dfb31ceeded6	missing	0
b09276ab-140a-4aed-baed-615d28dd1698	docs/decisions/0052-a-document-is-proposed-at-the-state-it-will-hold-and-the-merge-activates-it.md	0
b09276ab-140a-4aed-baed-615d28dd1698	docs/decisions/0090-each-release-states-in-its-notes-the-release-digest-that-a-consumer-pins.md	1
b09276ab-140a-4aed-baed-615d28dd1698	docs/decisions/0092-the-citation-comment-of-spec-5-is-for-an-adopter-s-corpus-and-this-repository-does-not-practice-it-on-its-own-code.md	0
b09276ab-140a-4aed-baed-615d28dd1698	docs/how-to/keep-derived-files-from-conflicting-in-parallel-pull-requests.md	0
b09276ab-140a-4aed-baed-615d28dd1698	docs/obligations/0008-an-adoption-payload-has-a-first-reading-and-no-elapsed-time.md	0
b09276ab-140a-4aed-baed-615d28dd1698	docs/obligations/0018-the-bundle-set-is-a-guess-about-how-adopters-cluster.md	0
b09276ab-140a-4aed-baed-615d28dd1698	docs/obligations/0115-a-pinned-digest-authenticates-the-pin-and-never-the-publisher.md	0
b09276ab-140a-4aed-baed-615d28dd1698	docs/probe-results/regression-probe-transcript-for-2026-09-17-after-the-probe-corrections.md	0
b09276ab-140a-4aed-baed-615d28dd1698	docs/process/decisions/0009-a-release-gets-all-its-assets-in-one-create-call-and-a-person-deletes-it-to-run-again.md	1
b09276ab-140a-4aed-baed-615d28dd1698	docs/process/decisions/0017-ci-concurrency-is-per-ref-and-every-ref-but-main-cancels-a-superseded-run.md	0
b09276ab-140a-4aed-baed-615d28dd1698	docs/process/obligations/0207-the-plan-usage-of-one-issue-is-known-only-as-the-average-of-its-run.md	0
b09276ab-140a-4aed-baed-615d28dd1698	docs/process/obligations/0212-ci-done-sh-reads-a-cancelled-run-of-another-branch-as-a-red-result-on-a-main-merge-commit.md	1
b09276ab-140a-4aed-baed-615d28dd1698	docs/process/obligations/0216-two-merge-hooks-of-this-repository-print-a-resolve-flag-that-the-verb-refuses.md	0
b09276ab-140a-4aed-baed-615d28dd1698	docs/requirements/0002-every-document-of-a-kind-that-requires-sections-carries-all-of-them.md	0
b09276ab-140a-4aed-baed-615d28dd1698	docs/spec/15-the-recorder-contract.md	0
b09276ab-140a-4aed-baed-615d28dd1698	missing	1
b0adaaa3-d10b-466e-aef0-b2419ca39439	docs/how-to/cut-a-release.md	0
b0adaaa3-d10b-466e-aef0-b2419ca39439	docs/obligations/0011-one-document-has-been-promoted-out-of-the-synthesized-tier-and-no-rate-says-whether-the-tier-drains.md	0
b0adaaa3-d10b-466e-aef0-b2419ca39439	docs/obligations/0072-a-cache-of-check-results-does-not-make-a-run-proportional.md	0
b0adaaa3-d10b-466e-aef0-b2419ca39439	docs/obligations/0096-whether-anything-is-ever-promoted-out-of-the-asserted-tier.md	0
b0adaaa3-d10b-466e-aef0-b2419ca39439	docs/obligations/0113-every-check-passes-a-document-that-is-still-the-scaffolder-s-placeholder.md	0
b0adaaa3-d10b-466e-aef0-b2419ca39439	docs/obligations/0198-nothing-states-how-much-of-a-session-s-budget-the-standing-instructions-consume-before-work-starts.md	0
b0adaaa3-d10b-466e-aef0-b2419ca39439	docs/probe-results/status-probe-pilot-of-2026-09-29-campaign-tier-present-arm-sufficiency.md	0
b0adaaa3-d10b-466e-aef0-b2419ca39439	docs/probe-runs/regression-probe-transcript-for-2026-09-17-after-the-probe-corrections.md	0
b0adaaa3-d10b-466e-aef0-b2419ca39439	docs/process/decisions/0007-a-background-wait-caps-below-the-cache-lifetime-and-re-issues-itself.md	0
b0adaaa3-d10b-466e-aef0-b2419ca39439	docs/process/obligations/0212-ci-done-sh-reads-a-cancelled-run-of-another-branch-as-a-red-result-on-a-main-merge-commit.md	0
b0adaaa3-d10b-466e-aef0-b2419ca39439	missing	0
b1dca3a6-2bd5-4565-9aa0-18243cdbf359	docs/acceptance-criteria/0002-every-required-section-of-every-governed-document-has-a-heading.md	0
b1dca3a6-2bd5-4565-9aa0-18243cdbf359	docs/decisions/0021-terminological-succession-and-validity-under-merge.md	0
b1dca3a6-2bd5-4565-9aa0-18243cdbf359	docs/decisions/0025-q25-where-the-namespace-goes-in-an-identifier-and-who-declares-it.md	0
b1dca3a6-2bd5-4565-9aa0-18243cdbf359	docs/decisions/0052-a-document-is-proposed-at-the-state-it-will-hold-and-the-merge-activates-it.md	0
b1dca3a6-2bd5-4565-9aa0-18243cdbf359	docs/how-to/diagnose-an-isolation-failure.md	0
b1dca3a6-2bd5-4565-9aa0-18243cdbf359	docs/obligations/0096-whether-anything-is-ever-promoted-out-of-the-asserted-tier.md	0
b1dca3a6-2bd5-4565-9aa0-18243cdbf359	docs/obligations/0204-docs-decisions-0077-still-describes-hw-dr-0049-s-rewrite-as-pending-after-574-made-it.md	0
b1dca3a6-2bd5-4565-9aa0-18243cdbf359	docs/probe-runs/regression-probe-transcript-for-2026-09-11.md	0
b1dca3a6-2bd5-4565-9aa0-18243cdbf359	docs/process/decisions/0017-ci-concurrency-is-per-ref-and-every-ref-but-main-cancels-a-superseded-run.md	1
b1dca3a6-2bd5-4565-9aa0-18243cdbf359	docs/process/obligations/0203-three-small-run-tooling-gaps-from-run-20260922-1121-filed-together.md	0
b1dca3a6-2bd5-4565-9aa0-18243cdbf359	docs/process/obligations/0212-ci-done-sh-reads-a-cancelled-run-of-another-branch-as-a-red-result-on-a-main-merge-commit.md	1
b1dca3a6-2bd5-4565-9aa0-18243cdbf359	docs/process/obligations/0216-two-merge-hooks-of-this-repository-print-a-resolve-flag-that-the-verb-refuses.md	0
b1dca3a6-2bd5-4565-9aa0-18243cdbf359	docs/process/obligations/0227-seven-run-tooling-gaps-from-run-20260929-2201-filed-together.md	0
b1dca3a6-2bd5-4565-9aa0-18243cdbf359	docs/subsystems/taxonomy-resolution.md	0
b1dca3a6-2bd5-4565-9aa0-18243cdbf359	missing	0
b2a1cf53-7c00-4a47-9de1-ce3dcc5b56b9	docs/decisions/0052-a-document-is-proposed-at-the-state-it-will-hold-and-the-merge-activates-it.md	0
b2a1cf53-7c00-4a47-9de1-ce3dcc5b56b9	docs/evaluations/the-measurement-layer.md	0
b2a1cf53-7c00-4a47-9de1-ce3dcc5b56b9	docs/how-to/mine-the-shadow-mode-routing-log.md	0
b2a1cf53-7c00-4a47-9de1-ce3dcc5b56b9	docs/obligations/0008-an-adoption-payload-has-a-first-reading-and-no-elapsed-time.md	0
b2a1cf53-7c00-4a47-9de1-ce3dcc5b56b9	docs/obligations/0097-whether-the-four-modes-of-di-taxis-are-the-kind-set.md	0
b2a1cf53-7c00-4a47-9de1-ce3dcc5b56b9	docs/obligations/0130-the-publication-date-of-this-repository-is-unset-and-the-owner-alone-sets-it.md	0
b2a1cf53-7c00-4a47-9de1-ce3dcc5b56b9	docs/obligations/0205-hw-obl-0002-s-sample-counts-and-voice-rs-s-own-census-predate-the-scent-role-fix-and-need-retaking.md	0
b2a1cf53-7c00-4a47-9de1-ce3dcc5b56b9	docs/obligations/0216-two-merge-hooks-of-this-repository-print-a-resolve-flag-that-the-verb-refuses.md	0
b2a1cf53-7c00-4a47-9de1-ce3dcc5b56b9	docs/probe-results/campaign-of-2026-09-28-campaign-tier-absent-arm-navigability.md	0
b2a1cf53-7c00-4a47-9de1-ce3dcc5b56b9	docs/probe-results/campaign-of-2026-09-28-campaign-tier-present-arm-navigability.md	0
b2a1cf53-7c00-4a47-9de1-ce3dcc5b56b9	docs/probe-results/campaign-of-2026-09-28-campaign-tier-present-arm-sufficiency.md	0
b2a1cf53-7c00-4a47-9de1-ce3dcc5b56b9	docs/probe-results/campaign-of-2026-09-28-documentation-tier-absent-arm-sufficiency.md	0
b2a1cf53-7c00-4a47-9de1-ce3dcc5b56b9	docs/process/decisions/0017-ci-concurrency-is-per-ref-and-every-ref-but-main-cancels-a-superseded-run.md	0
b2a1cf53-7c00-4a47-9de1-ce3dcc5b56b9	docs/spec/01-conceptual-model.md	0
b2a1cf53-7c00-4a47-9de1-ce3dcc5b56b9	docs/spec/17-orchestration-architecture.md	1
b2a1cf53-7c00-4a47-9de1-ce3dcc5b56b9	missing	1
b2c0c915-eda3-46e8-bfd9-70b6b23ba9fe	docs/evaluations/one-clone-many-agents-how-this-repository-isolates-the-sessions-that-build-it.md	1
b2c0c915-eda3-46e8-bfd9-70b6b23ba9fe	docs/how-to/diagnose-an-isolation-failure.md	0
b2c0c915-eda3-46e8-bfd9-70b6b23ba9fe	docs/interfaces/headwater-generate.md	0
b2c0c915-eda3-46e8-bfd9-70b6b23ba9fe	docs/obligations/0008-an-adoption-payload-has-a-first-reading-and-no-elapsed-time.md	0
b2c0c915-eda3-46e8-bfd9-70b6b23ba9fe	docs/obligations/0032-a-remove-that-orphans-a-name-is-refused-and-the-message-names.md	0
b2c0c915-eda3-46e8-bfd9-70b6b23ba9fe	docs/obligations/0074-a-check-version-is-raised-by-hand-and-nothing-catches-a-stale.md	0
b2c0c915-eda3-46e8-bfd9-70b6b23ba9fe	docs/obligations/0080-changed-only-is-the-content-addressed-cache-under-another-name.md	1
b2c0c915-eda3-46e8-bfd9-70b6b23ba9fe	docs/obligations/0144-the-cache-identity-test-reads-the-live-working-tree-so-an-edit-during-the-run-reports-the-correctness-root-as-violated.md	0
b2c0c915-eda3-46e8-bfd9-70b6b23ba9fe	docs/obligations/0168-a-saturated-pattern-set-and-a-clean-corpus-are-the-same-zero-and-no-report-separates-them.md	0
b2c0c915-eda3-46e8-bfd9-70b6b23ba9fe	docs/obligations/0200-three-graded-regression-runs-are-owed-a-fresh-recording-against-a-moved-taxonomy-lock.md	0
b2c0c915-eda3-46e8-bfd9-70b6b23ba9fe	docs/obligations/0203-three-small-run-tooling-gaps-from-run-20260922-1121-filed-together.md	0
b2c0c915-eda3-46e8-bfd9-70b6b23ba9fe	docs/obligations/0208-four-small-test-and-wording-gaps-from-run-20260923-0733-filed-together.md	0
b2c0c915-eda3-46e8-bfd9-70b6b23ba9fe	docs/probes/an-agent-reaches-the-adjudication-from-the-document-that-lost-it.md	0
b2c0c915-eda3-46e8-bfd9-70b6b23ba9fe	docs/process/decisions/0007-a-background-wait-caps-below-the-cache-lifetime-and-re-issues-itself.md	0
b2c0c915-eda3-46e8-bfd9-70b6b23ba9fe	docs/tutorials/your-first-governed-corpus.md	0
b2c0c915-eda3-46e8-bfd9-70b6b23ba9fe	missing	1
b3d838d8-ff63-456e-a620-ba946c4aa50c	docs/acceptance-criteria/0001-no-engine-source-outside-the-fetch-crate-names-a-network-api-and-no-crate-of-the-checking-loop-reaches-a-network-package.md	0
b3d838d8-ff63-456e-a620-ba946c4aa50c	docs/acceptance-criteria/0004-each-list-anchor-in-the-native-export-carries-its-sorted-members-and-a-single-pattern-carries-none.md	0
b3d838d8-ff63-456e-a620-ba946c4aa50c	docs/decisions/0023-the-engine-lint-floor.md	1
b3d838d8-ff63-456e-a620-ba946c4aa50c	docs/evaluations/harper-spike-results.md	0
b3d838d8-ff63-456e-a620-ba946c4aa50c	docs/evaluations/specifying-the-engine.md	0
b3d838d8-ff63-456e-a620-ba946c4aa50c	docs/how-to/diagnose-an-isolation-failure.md	0
b3d838d8-ff63-456e-a620-ba946c4aa50c	docs/obligations/0030-the-provenance-block-belongs-to-the-engine-and-nothing-states.md	0
b3d838d8-ff63-456e-a620-ba946c4aa50c	docs/obligations/0077-a-fragment-on-a-path-needs-a-grain-that-no-scope-supplies.md	0
b3d838d8-ff63-456e-a620-ba946c4aa50c	docs/obligations/0162-spec-7-prints-a-package-version-that-no-check-compares-with-the-recipe.md	0
b3d838d8-ff63-456e-a620-ba946c4aa50c	docs/probe-runs/regression-probe-transcript-for-2026-09-17-after-the-probe-corrections.md	0
b3d838d8-ff63-456e-a620-ba946c4aa50c	docs/process/obligations/0207-the-plan-usage-of-one-issue-is-known-only-as-the-average-of-its-run.md	0
b3d838d8-ff63-456e-a620-ba946c4aa50c	docs/process/obligations/0211-two-hand-remedy-lines-for-hw-cargo-in-hw-run-policy-may-no-longer-earn-their-cost-on-every-dispatch.md	1
b3d838d8-ff63-456e-a620-ba946c4aa50c	docs/reviews/core-concepts-review-findings.md	0
b3d838d8-ff63-456e-a620-ba946c4aa50c	docs/spec/08-design-departures.md	0
b3d838d8-ff63-456e-a620-ba946c4aa50c	docs/subsystems/projections-and-export.md	0
b3d838d8-ff63-456e-a620-ba946c4aa50c	missing	0
b4200128-b6ca-4b4e-baa4-c3dca3f0e9c1	docs/decisions/0009-multi-repository-corpora.md	0
b4200128-b6ca-4b4e-baa4-c3dca3f0e9c1	docs/decisions/0031-q31-whether-this-repository-becomes-public-and-when.md	1
b4200128-b6ca-4b4e-baa4-c3dca3f0e9c1	docs/decisions/0097-a-figure-on-a-hand-built-page-is-measured-when-the-site-is-published-and-the-committed-page-carries-none.md	2
b4200128-b6ca-4b4e-baa4-c3dca3f0e9c1	docs/evaluations/external-evaluation-harnesses-and-benchmarks-for-the-probe-campaign.md	0
b4200128-b6ca-4b4e-baa4-c3dca3f0e9c1	docs/how-to/cut-a-release.md	1
b4200128-b6ca-4b4e-baa4-c3dca3f0e9c1	docs/how-to/relocate-a-shelf.md	0
b4200128-b6ca-4b4e-baa4-c3dca3f0e9c1	docs/interfaces/headwater-export.md	0
b4200128-b6ca-4b4e-baa4-c3dca3f0e9c1	docs/interfaces/headwater-infer.md	0
b4200128-b6ca-4b4e-baa4-c3dca3f0e9c1	docs/obligations/0008-an-adoption-payload-has-a-first-reading-and-no-elapsed-time.md	0
b4200128-b6ca-4b4e-baa4-c3dca3f0e9c1	docs/obligations/0019-whether-any-corpus-needs-a-second-export-profile.md	0
b4200128-b6ca-4b4e-baa4-c3dca3f0e9c1	docs/obligations/0030-the-provenance-block-belongs-to-the-engine-and-nothing-states.md	0
b4200128-b6ca-4b4e-baa4-c3dca3f0e9c1	docs/obligations/0115-a-pinned-digest-authenticates-the-pin-and-never-the-publisher.md	0
b4200128-b6ca-4b4e-baa4-c3dca3f0e9c1	docs/obligations/0223-no-run-measures-whether-the-documents-under-docs-change-what-an-agent-builds.md	0
b4200128-b6ca-4b4e-baa4-c3dca3f0e9c1	docs/probe-results/regression-probe-transcript-for-2026-09-17-after-the-probe-corrections.md	0
b4200128-b6ca-4b4e-baa4-c3dca3f0e9c1	docs/process/obligations/0227-seven-run-tooling-gaps-from-run-20260929-2201-filed-together.md	0
b4200128-b6ca-4b4e-baa4-c3dca3f0e9c1	missing	1
b424a0cc-ac54-4dbe-a3e5-9838655666ee	docs/decisions/0049-a-corpus-wide-fold-is-derived-and-never-stored.md	0
b424a0cc-ac54-4dbe-a3e5-9838655666ee	docs/decisions/0052-a-document-is-proposed-at-the-state-it-will-hold-and-the-merge-activates-it.md	0
b424a0cc-ac54-4dbe-a3e5-9838655666ee	docs/evaluations/the-measurement-layer.md	0
b424a0cc-ac54-4dbe-a3e5-9838655666ee	docs/evaluations/why-corpus-counts-are-derived-not-stored.md	0
b424a0cc-ac54-4dbe-a3e5-9838655666ee	docs/how-to/diagnose-an-isolation-failure.md	0
b424a0cc-ac54-4dbe-a3e5-9838655666ee	docs/interfaces/headwater-merge-driver.md	0
b424a0cc-ac54-4dbe-a3e5-9838655666ee	docs/obligations/0017-publishing-the-read-set-skips-a-re-run-on-two-of-the-eighteen.md	0
b424a0cc-ac54-4dbe-a3e5-9838655666ee	docs/obligations/0081-a-published-read-set-never-says-which-instances-must-run-again.md	0
b424a0cc-ac54-4dbe-a3e5-9838655666ee	docs/obligations/0212-ci-done-sh-reads-a-cancelled-run-of-another-branch-as-a-red-result-on-a-main-merge-commit.md	1
b424a0cc-ac54-4dbe-a3e5-9838655666ee	docs/obligations/0216-two-merge-hooks-of-this-repository-print-a-resolve-flag-that-the-verb-refuses.md	0
b424a0cc-ac54-4dbe-a3e5-9838655666ee	docs/obligations/0217-the-site-review-marker-lives-in-the-common-directory-of-a-clone-so-one-worktree-s-unreviewed-merge-blocks-the-push-of-every-worktree.md	0
b424a0cc-ac54-4dbe-a3e5-9838655666ee	docs/obligations/0222-ten-rules-of-the-editions-ledger-have-one-recorded-corpus-so-a-rule-change-blessed-with-an-edit-to-that-corpus-passes.md	0
b424a0cc-ac54-4dbe-a3e5-9838655666ee	docs/process/decisions/0003-a-dispatch-pays-when-it-retires-more-parent-turns-than-it-costs.md	0
b424a0cc-ac54-4dbe-a3e5-9838655666ee	docs/process/decisions/0017-ci-concurrency-is-per-ref-and-every-ref-but-main-cancels-a-superseded-run.md	1
b424a0cc-ac54-4dbe-a3e5-9838655666ee	docs/process/decisions/0020-merges-go-through-the-github-merge-queue-one-squash-commit-per-pull-request.md	2
b424a0cc-ac54-4dbe-a3e5-9838655666ee	missing	0
b44312f2-3934-4a12-a823-930ef54143ac	docs/decisions/0034-q34-whether-acceptance-means-merged-to-main-and-what-an-agent-may-write-before-that.md	0
b44312f2-3934-4a12-a823-930ef54143ac	docs/evaluations/schema-format-walkthrough.md	0
b44312f2-3934-4a12-a823-930ef54143ac	docs/how-to/mine-the-shadow-mode-routing-log.md	0
b44312f2-3934-4a12-a823-930ef54143ac	docs/interfaces/headwater-merge-driver.md	0
b44312f2-3934-4a12-a823-930ef54143ac	docs/obligations/0019-whether-any-corpus-needs-a-second-export-profile.md	0
b44312f2-3934-4a12-a823-930ef54143ac	docs/obligations/0161-the-validation-block-of-mkdocs-yml-is-a-gate-this-repository-owns-and-no-fixture-drives.md	0
b44312f2-3934-4a12-a823-930ef54143ac	docs/obligations/0176-a-blessed-fixture-is-read-by-a-sibling-case-that-runs-while-the-write-truncates-it.md	0
b44312f2-3934-4a12-a823-930ef54143ac	docs/obligations/0203-three-small-run-tooling-gaps-from-run-20260922-1121-filed-together.md	0
b44312f2-3934-4a12-a823-930ef54143ac	docs/obligations/0204-docs-decisions-0077-still-describes-hw-dr-0049-s-rewrite-as-pending-after-574-made-it.md	0
b44312f2-3934-4a12-a823-930ef54143ac	docs/obligations/0207-the-plan-usage-of-one-issue-is-known-only-as-the-average-of-its-run.md	0
b44312f2-3934-4a12-a823-930ef54143ac	docs/obligations/0211-two-hand-remedy-lines-for-hw-cargo-in-hw-run-policy-may-no-longer-earn-their-cost-on-every-dispatch.md	0
b44312f2-3934-4a12-a823-930ef54143ac	docs/probe-runs/regression-probe-transcript-for-2026-09-11.md	0
b44312f2-3934-4a12-a823-930ef54143ac	docs/probes/a-session-records-an-unmeasured-claim-in-the-shape-this-corpus-checks.md	0
b44312f2-3934-4a12-a823-930ef54143ac	docs/probes/an-agent-reaches-the-adjudication-from-the-document-that-lost-it.md	0
b44312f2-3934-4a12-a823-930ef54143ac	docs/reviews/core-concepts-review-findings.md	0
b44312f2-3934-4a12-a823-930ef54143ac	missing	1
b4fd1db1-b265-468b-9afe-70ee52e83c3c	docs/decisions/0041-q41-whether-vale-becomes-a-declared-regime-backend.md	0
b4fd1db1-b265-468b-9afe-70ee52e83c3c	docs/decisions/0063-every-required-facet-of-a-generated-document-is-derived-and-the-emitter-composes-the-summary.md	0
b4fd1db1-b265-468b-9afe-70ee52e83c3c	docs/evaluations/language-choice.md	0
b4fd1db1-b265-468b-9afe-70ee52e83c3c	docs/evaluations/the-pointer-probe-grades-a-session-against-the-router-s-own-first-pick-so-a-correct-session-that-declines-a-wrong-pointer-fails.md	0
b4fd1db1-b265-468b-9afe-70ee52e83c3c	docs/obligations/0054-the-templates-and-the-fixtures-of-the-first-library-entry.md	0
b4fd1db1-b265-468b-9afe-70ee52e83c3c	docs/obligations/0059-kind-resolution-declares-a-fourth-step-that-no-syntax-supports.md	0
b4fd1db1-b265-468b-9afe-70ee52e83c3c	docs/obligations/0061-an-anchor-resolver-normalizes-and-nothing-states-how.md	0
b4fd1db1-b265-468b-9afe-70ee52e83c3c	docs/obligations/0069-a-suppressed-finding-leaves-its-obligation-verified-and-spec-4.md	0
b4fd1db1-b265-468b-9afe-70ee52e83c3c	docs/obligations/0097-whether-the-four-modes-of-di-taxis-are-the-kind-set.md	0
b4fd1db1-b265-468b-9afe-70ee52e83c3c	docs/obligations/0098-whether-a-withheld-anchor-needs-a-class-beside-its-count.md	0
b4fd1db1-b265-468b-9afe-70ee52e83c3c	missing	0
b73afa8b-d293-4266-b77b-920f085b97c4	docs/decisions/0052-a-document-is-proposed-at-the-state-it-will-hold-and-the-merge-activates-it.md	0
b73afa8b-d293-4266-b77b-920f085b97c4	docs/how-to/diagnose-an-isolation-failure.md	0
b73afa8b-d293-4266-b77b-920f085b97c4	docs/how-to/rotate-or-revoke-the-apt-signing-subkey.md	0
b73afa8b-d293-4266-b77b-920f085b97c4	docs/interfaces/headwater-show.md	0
b73afa8b-d293-4266-b77b-920f085b97c4	docs/obligations/0007-no-count-exists-of-adopters-who-stopped-at-the-license-terms.md	0
b73afa8b-d293-4266-b77b-920f085b97c4	docs/obligations/0011-one-document-has-been-promoted-out-of-the-synthesized-tier-and-no-rate-says-whether-the-tier-drains.md	0
b73afa8b-d293-4266-b77b-920f085b97c4	docs/obligations/0012-the-human-half-of-the-public-presence-claim-has-no-instrument.md	0
b73afa8b-d293-4266-b77b-920f085b97c4	docs/obligations/0021-emitters-3-through-6-have-no-named-consumer.md	0
b73afa8b-d293-4266-b77b-920f085b97c4	docs/obligations/0204-docs-decisions-0077-still-describes-hw-dr-0049-s-rewrite-as-pending-after-574-made-it.md	0
b73afa8b-d293-4266-b77b-920f085b97c4	docs/obligations/0229-the-counterfactual-campaign-evaluation-withholds-its-discharges-edge-until-a-person-promotes-it.md	0
b73afa8b-d293-4266-b77b-920f085b97c4	docs/probe-runs/second-campaign-pilot-of-2026-09-28-campaign-tier-absent-arm-discovery.md	0
b73afa8b-d293-4266-b77b-920f085b97c4	docs/probe-runs/second-campaign-pilot-of-2026-09-28-campaign-tier-absent-arm-sufficiency.md	0
b73afa8b-d293-4266-b77b-920f085b97c4	docs/probes/an-agent-reaches-the-adjudication-from-the-document-that-lost-it.md	0
b73afa8b-d293-4266-b77b-920f085b97c4	docs/process/decisions/0020-merges-go-through-the-github-merge-queue-one-squash-commit-per-pull-request.md	1
b73afa8b-d293-4266-b77b-920f085b97c4	docs/process/explanations/where-a-ci-job-runs.md	0
b73afa8b-d293-4266-b77b-920f085b97c4	missing	1
b96c5e64-6f42-4816-b396-ba3b7308b8af	docs/decisions/0096-harper-does-not-become-part-of-the-engine-now-and-q41-stands.md	0
b96c5e64-6f42-4816-b396-ba3b7308b8af	docs/evaluations/the-three-discovery-misses-of-2026-09-16-have-three-different-mechanisms-and-only-one-is-routing-precision.md	0
b96c5e64-6f42-4816-b396-ba3b7308b8af	docs/how-to/cut-a-release.md	0
b96c5e64-6f42-4816-b396-ba3b7308b8af	docs/how-to/diagnose-an-isolation-failure.md	0
b96c5e64-6f42-4816-b396-ba3b7308b8af	docs/how-to/mine-the-shadow-mode-routing-log.md	0
b96c5e64-6f42-4816-b396-ba3b7308b8af	docs/interfaces/headwater-completions.md	0
b96c5e64-6f42-4816-b396-ba3b7308b8af	docs/obligations/0069-a-suppressed-finding-leaves-its-obligation-verified-and-spec-4.md	0
b96c5e64-6f42-4816-b396-ba3b7308b8af	docs/obligations/0076-a-generated-check-reads-its-severity-from-the-taxonomy.md	0
b96c5e64-6f42-4816-b396-ba3b7308b8af	docs/obligations/0088-correcting-an-identifier-is-mechanical-and-it-is-not-local.md	0
b96c5e64-6f42-4816-b396-ba3b7308b8af	docs/obligations/0134-the-comment-prose-defines-by-contrast-979-times-in-179-000-words-and-no-mechanism-here-performs-an-editorial-pass.md	0
b96c5e64-6f42-4816-b396-ba3b7308b8af	docs/obligations/0143-a-specification-sentence-closes-a-set-with-a-count-the-source-exceeds-and-115-of-127-candidates-are-unchecked.md	0
b96c5e64-6f42-4816-b396-ba3b7308b8af	docs/obligations/0144-the-cache-identity-test-reads-the-live-working-tree-so-an-edit-during-the-run-reports-the-correctness-root-as-violated.md	0
b96c5e64-6f42-4816-b396-ba3b7308b8af	docs/process/obligations/0203-three-small-run-tooling-gaps-from-run-20260922-1121-filed-together.md	0
b96c5e64-6f42-4816-b396-ba3b7308b8af	docs/requirements/0001-the-engine-reaches-no-network-at-check-time.md	0
b96c5e64-6f42-4816-b396-ba3b7308b8af	docs/spec/05-ai-integration.md	0
b96c5e64-6f42-4816-b396-ba3b7308b8af	missing	0
b988e1eb-01d1-4ead-9c1a-7cc16d39b5fb	docs/decisions/0068-the-front-matter-key-that-carries-a-minted-identifier-is-id.md	0
b988e1eb-01d1-4ead-9c1a-7cc16d39b5fb	docs/decisions/0073-a-verification-is-a-kind-and-its-identity-is-minted-rather-than-found-in-the-code-that-cites-it.md	0
b988e1eb-01d1-4ead-9c1a-7cc16d39b5fb	docs/evaluations/one-clone-many-agents-how-this-repository-isolates-the-sessions-that-build-it.md	0
b988e1eb-01d1-4ead-9c1a-7cc16d39b5fb	docs/evaluations/two-triggers-one-verdict-how-this-repository-s-ci-decides-where-a-job-runs-and-what-it-trusts.md	1
b988e1eb-01d1-4ead-9c1a-7cc16d39b5fb	docs/how-to/relocate-a-shelf.md	0
b988e1eb-01d1-4ead-9c1a-7cc16d39b5fb	docs/obligations/0040-composition-between-two-library-entries-has-no-add-only-form.md	0
b988e1eb-01d1-4ead-9c1a-7cc16d39b5fb	docs/obligations/0053-the-front-matter-key-that-carries-an-identifier-is-undeclared.md	0
b988e1eb-01d1-4ead-9c1a-7cc16d39b5fb	docs/obligations/0073-the-prior-version-still-owes-the-key-edit-that-the-clock.md	0
b988e1eb-01d1-4ead-9c1a-7cc16d39b5fb	docs/obligations/0082-the-lock-is-half-generated-and-half-authored-and-nothing.md	0
b988e1eb-01d1-4ead-9c1a-7cc16d39b5fb	docs/obligations/0122-nothing-holds-the-conformance-rule-set-of-a-package-a-consumer-takes-from-source.md	0
b988e1eb-01d1-4ead-9c1a-7cc16d39b5fb	docs/obligations/0133-two-test-helpers-key-a-scratch-directory-on-the-pid-alone-and-the-race-springs-on-the-next-case-added.md	0
b988e1eb-01d1-4ead-9c1a-7cc16d39b5fb	docs/obligations/0140-a-check-can-meet-the-failing-fixture-bar-with-a-fixture-that-cannot-distinguish-the-rule-from-its-neighbour.md	0
b988e1eb-01d1-4ead-9c1a-7cc16d39b5fb	docs/probes/a-session-answers-from-the-register-without-opening-the-question-it-replaced.md	0
b988e1eb-01d1-4ead-9c1a-7cc16d39b5fb	docs/spec/15-the-recorder-contract.md	0
b988e1eb-01d1-4ead-9c1a-7cc16d39b5fb	docs/tutorials/your-first-governed-corpus.md	0
b988e1eb-01d1-4ead-9c1a-7cc16d39b5fb	missing	1
ba025268-0f48-4e42-bffa-6e06e1bbf61b	docs/obligations/0025-where-the-probe-kind-ships-is-an-unsettled-clustering-question.md	0
ba025268-0f48-4e42-bffa-6e06e1bbf61b	docs/obligations/0042-a-declared-invalid-when-reaches-no-check-and-two-live.md	0
ba025268-0f48-4e42-bffa-6e06e1bbf61b	docs/obligations/0075-a-participation-expectation-needs-depth-one-and-edge.md	0
ba025268-0f48-4e42-bffa-6e06e1bbf61b	docs/obligations/0076-a-generated-check-reads-its-severity-from-the-taxonomy.md	0
ba025268-0f48-4e42-bffa-6e06e1bbf61b	docs/obligations/0131-the-cli-crate-wires-every-verb-and-carries-no-tests-so-two-wiring-defects-passed-a-green-suite.md	0
ba025268-0f48-4e42-bffa-6e06e1bbf61b	docs/obligations/0153-the-rewritten-sentence-splitter-has-no-dedicated-conformance-fixtures.md	0
ba025268-0f48-4e42-bffa-6e06e1bbf61b	docs/obligations/0178-the-every-instance-report-detail-reaches-four-test-files-and-no-caller-outside-them.md	0
ba025268-0f48-4e42-bffa-6e06e1bbf61b	docs/obligations/0201-no-coverage-or-mutation-measurement-has-ever-been-taken-over-the-engine-s-test-suite.md	1
ba025268-0f48-4e42-bffa-6e06e1bbf61b	docs/obligations/0214-the-commit-gate-does-not-see-docs-taxonomies-readme-md-drift-from-its-vendored-copy.md	0
ba025268-0f48-4e42-bffa-6e06e1bbf61b	docs/obligations/0215-a-bless-run-of-the-conformance-render-tests-races-two-tests-over-one-fixture-file.md	0
ba025268-0f48-4e42-bffa-6e06e1bbf61b	missing	1
bb16702d-028d-4619-b056-17ef1745c6fd	docs/acceptance-criteria/0001-no-engine-source-outside-the-fetch-crate-names-a-network-api-and-no-crate-of-the-checking-loop-reaches-a-network-package.md	0
bb16702d-028d-4619-b056-17ef1745c6fd	docs/decisions/0021-terminological-succession-and-validity-under-merge.md	0
bb16702d-028d-4619-b056-17ef1745c6fd	docs/decisions/0034-q34-whether-acceptance-means-merged-to-main-and-what-an-agent-may-write-before-that.md	1
bb16702d-028d-4619-b056-17ef1745c6fd	docs/decisions/0052-a-document-is-proposed-at-the-state-it-will-hold-and-the-merge-activates-it.md	0
bb16702d-028d-4619-b056-17ef1745c6fd	docs/decisions/0092-the-citation-comment-of-spec-5-is-for-an-adopter-s-corpus-and-this-repository-does-not-practice-it-on-its-own-code.md	0
bb16702d-028d-4619-b056-17ef1745c6fd	docs/evaluations/why-corpus-counts-are-derived-not-stored.md	0
bb16702d-028d-4619-b056-17ef1745c6fd	docs/interfaces/headwater-merge-driver.md	0
bb16702d-028d-4619-b056-17ef1745c6fd	docs/interfaces/headwater-show.md	0
bb16702d-028d-4619-b056-17ef1745c6fd	docs/obligations/0081-a-published-read-set-never-says-which-instances-must-run-again.md	0
bb16702d-028d-4619-b056-17ef1745c6fd	docs/obligations/0175-two-documents-take-one-sequence-on-a-sequence-declaring-shelf-and-no-rule-reads-it.md	0
bb16702d-028d-4619-b056-17ef1745c6fd	docs/obligations/0204-docs-decisions-0077-still-describes-hw-dr-0049-s-rewrite-as-pending-after-574-made-it.md	0
bb16702d-028d-4619-b056-17ef1745c6fd	docs/process/decisions/0004-coordination-is-a-create-only-claim-and-authority-stays-on-the-tree.md	1
bb16702d-028d-4619-b056-17ef1745c6fd	docs/process/decisions/0017-ci-concurrency-is-per-ref-and-every-ref-but-main-cancels-a-superseded-run.md	0
bb16702d-028d-4619-b056-17ef1745c6fd	docs/process/obligations/0216-two-merge-hooks-of-this-repository-print-a-resolve-flag-that-the-verb-refuses.md	0
bb16702d-028d-4619-b056-17ef1745c6fd	docs/spec/13-open-obligations.md	0
bb16702d-028d-4619-b056-17ef1745c6fd	missing	1
bb19def4-1bdc-455e-915e-606ee8fc6f13	docs/acceptance-criteria/0002-every-required-section-of-every-governed-document-has-a-heading.md	0
bb19def4-1bdc-455e-915e-606ee8fc6f13	docs/decisions/0025-q25-where-the-namespace-goes-in-an-identifier-and-who-declares-it.md	0
bb19def4-1bdc-455e-915e-606ee8fc6f13	docs/decisions/0096-harper-does-not-become-part-of-the-engine-now-and-q41-stands.md	0
bb19def4-1bdc-455e-915e-606ee8fc6f13	docs/explanations/how-a-headwater-release-reaches-an-adopter.md	0
bb19def4-1bdc-455e-915e-606ee8fc6f13	docs/how-to/diagnose-an-isolation-failure.md	0
bb19def4-1bdc-455e-915e-606ee8fc6f13	docs/obligations/0088-correcting-an-identifier-is-mechanical-and-it-is-not-local.md	0
bb19def4-1bdc-455e-915e-606ee8fc6f13	docs/obligations/0104-a-governs-edge-reaches-the-path-it-names-and-nothing.md	0
bb19def4-1bdc-455e-915e-606ee8fc6f13	docs/obligations/0131-the-cli-crate-wires-every-verb-and-carries-no-tests-so-two-wiring-defects-passed-a-green-suite.md	0
bb19def4-1bdc-455e-915e-606ee8fc6f13	docs/obligations/0144-the-cache-identity-test-reads-the-live-working-tree-so-an-edit-during-the-run-reports-the-correctness-root-as-violated.md	0
bb19def4-1bdc-455e-915e-606ee8fc6f13	docs/obligations/0204-docs-decisions-0077-still-describes-hw-dr-0049-s-rewrite-as-pending-after-574-made-it.md	0
bb19def4-1bdc-455e-915e-606ee8fc6f13	docs/probe-runs/regression-probe-transcript-for-2026-09-17-after-the-probe-corrections.md	0
bb19def4-1bdc-455e-915e-606ee8fc6f13	docs/process/decisions/0022-the-verify-and-rework-loop-for-one-issue-runs-below-the-parent.md	1
bb19def4-1bdc-455e-915e-606ee8fc6f13	docs/reviews/core-concepts-findings-assessment.md	0
bb19def4-1bdc-455e-915e-606ee8fc6f13	docs/reviews/core-concepts-review-prompt.md	0
bb19def4-1bdc-455e-915e-606ee8fc6f13	docs/spec/08-design-departures.md	0
bb19def4-1bdc-455e-915e-606ee8fc6f13	missing	0
bb6317e2-d0d6-4be3-b33f-00ca1cf3a5a2	docs/decisions/0021-terminological-succession-and-validity-under-merge.md	0
bb6317e2-d0d6-4be3-b33f-00ca1cf3a5a2	docs/decisions/0034-q34-whether-acceptance-means-merged-to-main-and-what-an-agent-may-write-before-that.md	0
bb6317e2-d0d6-4be3-b33f-00ca1cf3a5a2	docs/decisions/0052-a-document-is-proposed-at-the-state-it-will-hold-and-the-merge-activates-it.md	1
bb6317e2-d0d6-4be3-b33f-00ca1cf3a5a2	docs/decisions/0063-every-required-facet-of-a-generated-document-is-derived-and-the-emitter-composes-the-summary.md	0
bb6317e2-d0d6-4be3-b33f-00ca1cf3a5a2	docs/decisions/0096-harper-does-not-become-part-of-the-engine-now-and-q41-stands.md	0
bb6317e2-d0d6-4be3-b33f-00ca1cf3a5a2	docs/interfaces/headwater-merge-driver.md	0
bb6317e2-d0d6-4be3-b33f-00ca1cf3a5a2	docs/obligations/0081-a-published-read-set-never-says-which-instances-must-run-again.md	0
bb6317e2-d0d6-4be3-b33f-00ca1cf3a5a2	docs/obligations/0144-the-cache-identity-test-reads-the-live-working-tree-so-an-edit-during-the-run-reports-the-correctness-root-as-violated.md	0
bb6317e2-d0d6-4be3-b33f-00ca1cf3a5a2	docs/obligations/0204-docs-decisions-0077-still-describes-hw-dr-0049-s-rewrite-as-pending-after-574-made-it.md	0
bb6317e2-d0d6-4be3-b33f-00ca1cf3a5a2	docs/probes/an-agent-reaches-the-adjudication-from-the-document-that-lost-it.md	0
bb6317e2-d0d6-4be3-b33f-00ca1cf3a5a2	docs/process/decisions/0017-ci-concurrency-is-per-ref-and-every-ref-but-main-cancels-a-superseded-run.md	0
bb6317e2-d0d6-4be3-b33f-00ca1cf3a5a2	docs/process/explanations/where-a-ci-job-runs.md	0
bb6317e2-d0d6-4be3-b33f-00ca1cf3a5a2	docs/process/obligations/0212-ci-done-sh-reads-a-cancelled-run-of-another-branch-as-a-red-result-on-a-main-merge-commit.md	0
bb6317e2-d0d6-4be3-b33f-00ca1cf3a5a2	docs/process/obligations/0216-two-merge-hooks-of-this-repository-print-a-resolve-flag-that-the-verb-refuses.md	0
bb6317e2-d0d6-4be3-b33f-00ca1cf3a5a2	docs/subsystems/taxonomy-resolution.md	0
bb6317e2-d0d6-4be3-b33f-00ca1cf3a5a2	missing	1
bbdc9ffc-bb5e-443b-b537-560c58b99ddf	docs/decisions/0059-a-transform-over-a-harness-session-log-is-an-observed-transcript-when-the-log-arrives-by-a-channel-the-model-cannot-write-to.md	0
bbdc9ffc-bb5e-443b-b537-560c58b99ddf	docs/evaluations/n8n-worked-example.md	0
bbdc9ffc-bb5e-443b-b537-560c58b99ddf	docs/how-to/mine-the-shadow-mode-routing-log.md	0
bbdc9ffc-bb5e-443b-b537-560c58b99ddf	docs/interfaces/headwater-change.md	0
bbdc9ffc-bb5e-443b-b537-560c58b99ddf	docs/interfaces/headwater-route.md	0
bbdc9ffc-bb5e-443b-b537-560c58b99ddf	docs/obligations/0028-a-run-cannot-report-the-corpus-tree-because-nothing-computes.md	0
bbdc9ffc-bb5e-443b-b537-560c58b99ddf	docs/obligations/0035-section-contracts-in-the-base.md	0
bbdc9ffc-bb5e-443b-b537-560c58b99ddf	docs/obligations/0067-a-rule-that-reads-the-taxonomy-has-no-grain-in-spec-12s-list.md	0
bbdc9ffc-bb5e-443b-b537-560c58b99ddf	docs/obligations/0072-a-cache-of-check-results-does-not-make-a-run-proportional.md	0
bbdc9ffc-bb5e-443b-b537-560c58b99ddf	docs/obligations/0194-the-base-ships-one-voice-regime-and-a-prospective-document-has-none.md	0
bbdc9ffc-bb5e-443b-b537-560c58b99ddf	docs/obligations/0204-docs-decisions-0077-still-describes-hw-dr-0049-s-rewrite-as-pending-after-574-made-it.md	0
bbdc9ffc-bb5e-443b-b537-560c58b99ddf	docs/probes/the-pointer-this-corpus-offers-for-a-task-is-the-document-a-session-opens.md	0
bbdc9ffc-bb5e-443b-b537-560c58b99ddf	docs/requirements/0001-the-engine-reaches-no-network-at-check-time.md	0
bbdc9ffc-bb5e-443b-b537-560c58b99ddf	docs/reviews/core-concepts-review-findings.md	0
bbdc9ffc-bb5e-443b-b537-560c58b99ddf	docs/spec/06-engine-architecture.md	0
bbdc9ffc-bb5e-443b-b537-560c58b99ddf	missing	1
be194a50-64e9-467c-b714-7d4bf37aa682	docs/acceptance-criteria/0002-every-required-section-of-every-governed-document-has-a-heading.md	0
be194a50-64e9-467c-b714-7d4bf37aa682	docs/decisions/0021-terminological-succession-and-validity-under-merge.md	0
be194a50-64e9-467c-b714-7d4bf37aa682	docs/decisions/0049-a-corpus-wide-fold-is-derived-and-never-stored.md	0
be194a50-64e9-467c-b714-7d4bf37aa682	docs/decisions/0052-a-document-is-proposed-at-the-state-it-will-hold-and-the-merge-activates-it.md	1
be194a50-64e9-467c-b714-7d4bf37aa682	docs/how-to/diagnose-an-isolation-failure.md	0
be194a50-64e9-467c-b714-7d4bf37aa682	docs/obligations/0081-a-published-read-set-never-says-which-instances-must-run-again.md	0
be194a50-64e9-467c-b714-7d4bf37aa682	docs/obligations/0204-docs-decisions-0077-still-describes-hw-dr-0049-s-rewrite-as-pending-after-574-made-it.md	0
be194a50-64e9-467c-b714-7d4bf37aa682	docs/process/decisions/0017-ci-concurrency-is-per-ref-and-every-ref-but-main-cancels-a-superseded-run.md	1
be194a50-64e9-467c-b714-7d4bf37aa682	docs/process/decisions/0020-merges-go-through-the-github-merge-queue-one-squash-commit-per-pull-request.md	2
be194a50-64e9-467c-b714-7d4bf37aa682	docs/process/explanations/where-a-ci-job-runs.md	1
be194a50-64e9-467c-b714-7d4bf37aa682	docs/process/obligations/0212-ci-done-sh-reads-a-cancelled-run-of-another-branch-as-a-red-result-on-a-main-merge-commit.md	1
be194a50-64e9-467c-b714-7d4bf37aa682	docs/process/obligations/0216-two-merge-hooks-of-this-repository-print-a-resolve-flag-that-the-verb-refuses.md	0
be194a50-64e9-467c-b714-7d4bf37aa682	missing	0
bf495883-ac62-4dc0-8546-243395c82d48	docs/decisions/0038-q38-which-link-relation-a-rendered-page-carries-to-the-served-corpus-descriptor.md	0
bf495883-ac62-4dc0-8546-243395c82d48	docs/decisions/0045-coloring-the-cli-and-where-the-banner-goes.md	0
bf495883-ac62-4dc0-8546-243395c82d48	docs/decisions/0091-the-runner-image-of-the-engine-release-build-is-written-in-the-workflow-because-it-sets-the-glibc-floor.md	0
bf495883-ac62-4dc0-8546-243395c82d48	docs/decisions/0096-harper-does-not-become-part-of-the-engine-now-and-q41-stands.md	0
bf495883-ac62-4dc0-8546-243395c82d48	docs/obligations/0001-the-promotion-fix-has-no-reading-of-the-assisted-fraction.md	0
bf495883-ac62-4dc0-8546-243395c82d48	docs/obligations/0003-the-rebuild-and-cache-design-is-measured-at-spike-scale-alone.md	0
bf495883-ac62-4dc0-8546-243395c82d48	docs/obligations/0082-the-lock-is-half-generated-and-half-authored-and-nothing.md	0
bf495883-ac62-4dc0-8546-243395c82d48	docs/obligations/0096-whether-anything-is-ever-promoted-out-of-the-asserted-tier.md	0
bf495883-ac62-4dc0-8546-243395c82d48	docs/obligations/0098-whether-a-withheld-anchor-needs-a-class-beside-its-count.md	0
bf495883-ac62-4dc0-8546-243395c82d48	docs/obligations/0120-no-reader-takes-a-waiver-against-a-check-finding-so-one-arm-of-the-escape-partition-is-empty.md	0
bf495883-ac62-4dc0-8546-243395c82d48	docs/obligations/0152-ledger-render-in-adoption-rs-has-the-same-zero-count-defect-suppression-rs-had-before-pr-450-still-latent.md	0
bf495883-ac62-4dc0-8546-243395c82d48	docs/requirements/0001-the-engine-reaches-no-network-at-check-time.md	0
bf495883-ac62-4dc0-8546-243395c82d48	docs/tutorials/your-first-governed-corpus.md	0
bf495883-ac62-4dc0-8546-243395c82d48	docs/verifications/0001-the-section-heading-rule-has-no-case-table-and-a-golden-fixture-report-is-what-proves-it-runs.md	0
bf495883-ac62-4dc0-8546-243395c82d48	missing	0
c07d5818-2948-4c14-8d81-f2481ec372ce	docs/how-to/wire-headwater-check-into-your-own-workflow.md	0
c07d5818-2948-4c14-8d81-f2481ec372ce	docs/obligations/0131-the-cli-crate-wires-every-verb-and-carries-no-tests-so-two-wiring-defects-passed-a-green-suite.md	0
c07d5818-2948-4c14-8d81-f2481ec372ce	docs/obligations/0200-three-graded-regression-runs-are-owed-a-fresh-recording-against-a-moved-taxonomy-lock.md	0
c07d5818-2948-4c14-8d81-f2481ec372ce	docs/process/decisions/0001-orchestration-prose-has-one-owner-per-sentence.md	1
c07d5818-2948-4c14-8d81-f2481ec372ce	docs/process/decisions/0003-a-dispatch-pays-when-it-retires-more-parent-turns-than-it-costs.md	1
c07d5818-2948-4c14-8d81-f2481ec372ce	docs/process/decisions/0006-the-entrypoint-keeps-its-name-and-becomes-a-resumable-run.md	2
c07d5818-2948-4c14-8d81-f2481ec372ce	docs/process/decisions/0017-ci-concurrency-is-per-ref-and-every-ref-but-main-cancels-a-superseded-run.md	0
c07d5818-2948-4c14-8d81-f2481ec372ce	docs/process/decisions/0023-a-build-order-parent-restarts-every-few-merges-drains-to-zero-first-and-resumes-from-the-handover-files-on-disk.md	1
c07d5818-2948-4c14-8d81-f2481ec372ce	docs/process/evaluations/the-build-order-as-a-multi-agent-system.md	1
c07d5818-2948-4c14-8d81-f2481ec372ce	docs/process/evaluations/two-triggers-one-verdict-how-this-repository-s-ci-decides-where-a-job-runs-and-what-it-trusts.md	0
c07d5818-2948-4c14-8d81-f2481ec372ce	docs/process/obligations/0207-the-plan-usage-of-one-issue-is-known-only-as-the-average-of-its-run.md	1
c07d5818-2948-4c14-8d81-f2481ec372ce	docs/process/obligations/0209-a-build-order-dispatch-passes-no-isolation-so-a-stage-can-inherit-the-parent-worktree-as-its-working-directory.md	1
c07d5818-2948-4c14-8d81-f2481ec372ce	docs/process/obligations/0211-two-hand-remedy-lines-for-hw-cargo-in-hw-run-policy-may-no-longer-earn-their-cost-on-every-dispatch.md	0
c07d5818-2948-4c14-8d81-f2481ec372ce	docs/subsystems/queries-and-explain.md	0
c07d5818-2948-4c14-8d81-f2481ec372ce	missing	0
c08eb4bf-c6d1-4047-b60b-cadee417855c	docs/decisions/0061-q61-how-a-recorded-terminal-demonstration-is-held-against-a-run.md	0
c08eb4bf-c6d1-4047-b60b-cadee417855c	docs/evaluations/language-choice.md	0
c08eb4bf-c6d1-4047-b60b-cadee417855c	docs/evaluations/the-measurement-layer.md	0
c08eb4bf-c6d1-4047-b60b-cadee417855c	docs/evaluations/what-the-counterfactual-campaign-of-2026-09-30-measured-by-component.md	0
c08eb4bf-c6d1-4047-b60b-cadee417855c	docs/how-to/mine-the-shadow-mode-routing-log.md	0
c08eb4bf-c6d1-4047-b60b-cadee417855c	docs/how-to/rotate-or-revoke-the-apt-signing-subkey.md	0
c08eb4bf-c6d1-4047-b60b-cadee417855c	docs/interfaces/headwater-check.md	0
c08eb4bf-c6d1-4047-b60b-cadee417855c	docs/interfaces/headwater-probe.md	0
c08eb4bf-c6d1-4047-b60b-cadee417855c	docs/interfaces/headwater-route.md	0
c08eb4bf-c6d1-4047-b60b-cadee417855c	docs/obligations/0006-route-latency-at-a-harvesting-tier-is-unmeasured.md	0
c08eb4bf-c6d1-4047-b60b-cadee417855c	docs/obligations/0072-a-cache-of-check-results-does-not-make-a-run-proportional.md	1
c08eb4bf-c6d1-4047-b60b-cadee417855c	docs/obligations/0198-nothing-states-how-much-of-a-session-s-budget-the-standing-instructions-consume-before-work-starts.md	1
c08eb4bf-c6d1-4047-b60b-cadee417855c	docs/process/explanations/where-a-ci-job-runs.md	1
c08eb4bf-c6d1-4047-b60b-cadee417855c	docs/spec/00-vision-and-scope.md	0
c08eb4bf-c6d1-4047-b60b-cadee417855c	docs/spec/06-engine-architecture.md	1
c08eb4bf-c6d1-4047-b60b-cadee417855c	missing	1
c0dfd1d3-0170-4203-87af-cba3c90c719a	docs/decisions/0034-q34-whether-acceptance-means-merged-to-main-and-what-an-agent-may-write-before-that.md	0
c0dfd1d3-0170-4203-87af-cba3c90c719a	docs/decisions/0060-the-engine-s-version-stays-one-number-and-a-build-s-exact-commit-is-a-separate-unwired-fact.md	0
c0dfd1d3-0170-4203-87af-cba3c90c719a	docs/decisions/0072-the-binary-is-the-only-interface-an-adopter-must-run-and-every-integration-point-outside-it-is-declared.md	0
c0dfd1d3-0170-4203-87af-cba3c90c719a	docs/evaluations/one-clone-many-agents-how-this-repository-isolates-the-sessions-that-build-it.md	1
c0dfd1d3-0170-4203-87af-cba3c90c719a	docs/how-to/diagnose-an-isolation-failure.md	0
c0dfd1d3-0170-4203-87af-cba3c90c719a	docs/interfaces/headwater-change.md	0
c0dfd1d3-0170-4203-87af-cba3c90c719a	docs/interfaces/headwater-merge-driver.md	0
c0dfd1d3-0170-4203-87af-cba3c90c719a	docs/obligations/0011-nothing-has-been-promoted-out-of-the-synthesized-tier.md	0
c0dfd1d3-0170-4203-87af-cba3c90c719a	docs/obligations/0115-a-pinned-digest-authenticates-the-pin-and-never-the-publisher.md	0
c0dfd1d3-0170-4203-87af-cba3c90c719a	docs/obligations/0124-a-probe-result-is-printed-and-never-committed-so-nothing-regenerates-one.md	0
c0dfd1d3-0170-4203-87af-cba3c90c719a	docs/obligations/0179-the-commit-gate-checks-prose-with-a-binary-it-never-compares-against-the-engine-sources.md	1
c0dfd1d3-0170-4203-87af-cba3c90c719a	docs/obligations/0199-an-observation-snapshot-records-a-commit-and-nothing-reads-it-back.md	0
c0dfd1d3-0170-4203-87af-cba3c90c719a	missing	0
c2254a5a-3473-4685-864e-3603fb189dd8	docs/decisions/0061-q61-how-a-recorded-terminal-demonstration-is-held-against-a-run.md	0
c2254a5a-3473-4685-864e-3603fb189dd8	docs/evaluations/a-probe-task-section-is-the-prompt-so-commentary-under-that-heading-is-prompt.md	0
c2254a5a-3473-4685-864e-3603fb189dd8	docs/how-to/mine-the-shadow-mode-routing-log.md	0
c2254a5a-3473-4685-864e-3603fb189dd8	docs/obligations/0072-a-cache-of-check-results-does-not-make-a-run-proportional.md	0
c2254a5a-3473-4685-864e-3603fb189dd8	docs/obligations/0173-four-inline-gates-in-the-workflow-decide-an-exit-status-and-no-suite-provokes-one.md	0
c2254a5a-3473-4685-864e-3603fb189dd8	docs/obligations/0206-hw-run-policy-names-a-worktree-add-workaround-that-write-edit-refuses-under-this-harness.md	1
c2254a5a-3473-4685-864e-3603fb189dd8	docs/obligations/0207-the-plan-usage-of-one-issue-is-known-only-as-the-average-of-its-run.md	0
c2254a5a-3473-4685-864e-3603fb189dd8	docs/obligations/0212-ci-done-sh-reads-a-cancelled-run-of-another-branch-as-a-red-result-on-a-main-merge-commit.md	0
c2254a5a-3473-4685-864e-3603fb189dd8	docs/process/decisions/0006-the-entrypoint-keeps-its-name-and-becomes-a-resumable-run.md	2
c2254a5a-3473-4685-864e-3603fb189dd8	docs/process/decisions/0007-a-background-wait-caps-below-the-cache-lifetime-and-re-issues-itself.md	1
c2254a5a-3473-4685-864e-3603fb189dd8	docs/reviews/core-concepts-review-findings-2.md	0
c2254a5a-3473-4685-864e-3603fb189dd8	docs/reviews/core-concepts-review-findings.md	0
c2254a5a-3473-4685-864e-3603fb189dd8	docs/reviews/the-sixty-four-restored-help-strings-checked-against-the-binary.md	0
c2254a5a-3473-4685-864e-3603fb189dd8	docs/spec/17-orchestration-architecture.md	2
c2254a5a-3473-4685-864e-3603fb189dd8	docs/spec/glossary.md	0
c2254a5a-3473-4685-864e-3603fb189dd8	missing	1
c29df666-be7c-4f7a-adb0-c2476758ee68	docs/evaluations/specifying-the-engine.md	0
c29df666-be7c-4f7a-adb0-c2476758ee68	docs/how-to/rotate-or-revoke-the-apt-signing-subkey.md	0
c29df666-be7c-4f7a-adb0-c2476758ee68	docs/obligations/0027-what-optional-holds-under-the-package-root.md	0
c29df666-be7c-4f7a-adb0-c2476758ee68	docs/probe-runs/campaign-pilot-of-2026-09-28-campaign-tier-absent-arm-discovery.md	0
c29df666-be7c-4f7a-adb0-c2476758ee68	docs/probe-runs/campaign-pilot-of-2026-09-28-campaign-tier-absent-arm-navigability.md	0
c29df666-be7c-4f7a-adb0-c2476758ee68	docs/probe-runs/campaign-pilot-of-2026-09-28-campaign-tier-present-arm-discovery.md	0
c29df666-be7c-4f7a-adb0-c2476758ee68	docs/probe-runs/campaign-pilot-of-2026-09-28-campaign-tier-present-arm-navigability.md	0
c29df666-be7c-4f7a-adb0-c2476758ee68	docs/probe-runs/campaign-pilot-of-2026-09-28-documentation-tier-absent-arm-sufficiency.md	0
c29df666-be7c-4f7a-adb0-c2476758ee68	docs/probe-runs/regression-probe-transcript-for-2026-09-11.md	0
c29df666-be7c-4f7a-adb0-c2476758ee68	docs/probe-runs/second-campaign-pilot-of-2026-09-28-campaign-tier-absent-arm-navigability.md	0
c29df666-be7c-4f7a-adb0-c2476758ee68	docs/probe-runs/second-campaign-pilot-of-2026-09-28-campaign-tier-present-arm-navigability.md	0
c29df666-be7c-4f7a-adb0-c2476758ee68	docs/probes/the-pointer-this-corpus-offers-for-a-task-is-the-document-a-session-opens.md	0
c29df666-be7c-4f7a-adb0-c2476758ee68	docs/spec/15-the-recorder-contract.md	1
c29df666-be7c-4f7a-adb0-c2476758ee68	docs/spec/16-harness-support.md	2
c29df666-be7c-4f7a-adb0-c2476758ee68	docs/verifications/0001-the-section-heading-rule-has-no-case-table-and-a-golden-fixture-report-is-what-proves-it-runs.md	0
c29df666-be7c-4f7a-adb0-c2476758ee68	missing	1
c4ce281b-433f-41b6-af6f-b827a7240c76	docs/decisions/0063-every-required-facet-of-a-generated-document-is-derived-and-the-emitter-composes-the-summary.md	0
c4ce281b-433f-41b6-af6f-b827a7240c76	docs/decisions/0096-harper-does-not-become-part-of-the-engine-now-and-q41-stands.md	0
c4ce281b-433f-41b6-af6f-b827a7240c76	docs/evaluations/inspect-evals-worked-example.md	0
c4ce281b-433f-41b6-af6f-b827a7240c76	docs/evaluations/language-choice.md	0
c4ce281b-433f-41b6-af6f-b827a7240c76	docs/evaluations/specifying-the-engine.md	0
c4ce281b-433f-41b6-af6f-b827a7240c76	docs/evaluations/theoretical-foundations.md	0
c4ce281b-433f-41b6-af6f-b827a7240c76	docs/evaluations/warrant-and-adjudication.md	0
c4ce281b-433f-41b6-af6f-b827a7240c76	docs/how-to/diagnose-an-isolation-failure.md	0
c4ce281b-433f-41b6-af6f-b827a7240c76	docs/interfaces/headwater-derived.md	0
c4ce281b-433f-41b6-af6f-b827a7240c76	docs/obligations/0105-nothing-plays-the-hook-role-that-two-relations-name.md	0
c4ce281b-433f-41b6-af6f-b827a7240c76	docs/obligations/0183-no-mechanism-holds-a-committed-binary-asset-against-a-run.md	0
c4ce281b-433f-41b6-af6f-b827a7240c76	docs/obligations/0201-no-coverage-or-mutation-measurement-has-ever-been-taken-over-the-engine-s-test-suite.md	0
c4ce281b-433f-41b6-af6f-b827a7240c76	docs/obligations/0205-hw-obl-0002-s-sample-counts-and-voice-rs-s-own-census-predate-the-scent-role-fix-and-need-retaking.md	0
c4ce281b-433f-41b6-af6f-b827a7240c76	docs/obligations/0222-ten-rules-of-the-editions-ledger-have-one-recorded-corpus-so-a-rule-change-blessed-with-an-edit-to-that-corpus-passes.md	0
c4ce281b-433f-41b6-af6f-b827a7240c76	docs/probes/a-session-records-an-unmeasured-claim-in-the-shape-this-corpus-checks.md	1
c4ce281b-433f-41b6-af6f-b827a7240c76	missing	1
c5bf08e7-232a-4022-9474-98d740945cb1	docs/acceptance-criteria/0002-every-required-section-of-every-governed-document-has-a-heading.md	0
c5bf08e7-232a-4022-9474-98d740945cb1	docs/decisions/0031-q31-whether-this-repository-becomes-public-and-when.md	0
c5bf08e7-232a-4022-9474-98d740945cb1	docs/decisions/0060-the-engine-s-version-stays-one-number-and-a-build-s-exact-commit-is-a-separate-unwired-fact.md	0
c5bf08e7-232a-4022-9474-98d740945cb1	docs/evaluations/the-build-order-as-a-multi-agent-system.md	1
c5bf08e7-232a-4022-9474-98d740945cb1	docs/how-to/diagnose-an-isolation-failure.md	0
c5bf08e7-232a-4022-9474-98d740945cb1	docs/obligations/0026-the-operational-shape-of-a-hosted-server-is-unstated.md	0
c5bf08e7-232a-4022-9474-98d740945cb1	docs/obligations/0057-a-retrofit-cannot-recover-the-two-dates-or-the-acceptance.md	0
c5bf08e7-232a-4022-9474-98d740945cb1	docs/obligations/0130-the-publication-date-of-this-repository-is-unset-and-the-owner-alone-sets-it.md	0
c5bf08e7-232a-4022-9474-98d740945cb1	docs/obligations/0182-the-publish-crates-retry-loop-has-no-retry-ceiling.md	0
c5bf08e7-232a-4022-9474-98d740945cb1	docs/obligations/0204-docs-decisions-0077-still-describes-hw-dr-0049-s-rewrite-as-pending-after-574-made-it.md	0
c5bf08e7-232a-4022-9474-98d740945cb1	docs/obligations/0205-hw-obl-0002-s-sample-counts-and-voice-rs-s-own-census-predate-the-scent-role-fix-and-need-retaking.md	0
c5bf08e7-232a-4022-9474-98d740945cb1	docs/obligations/0207-the-plan-usage-of-one-issue-is-known-only-as-the-average-of-its-run.md	0
c5bf08e7-232a-4022-9474-98d740945cb1	docs/probe-runs/regression-probe-transcript-for-2026-09-11.md	0
c5bf08e7-232a-4022-9474-98d740945cb1	docs/spec/12-check-layer.md	0
c5bf08e7-232a-4022-9474-98d740945cb1	docs/spec/17-orchestration-architecture.md	1
c5bf08e7-232a-4022-9474-98d740945cb1	missing	1
c6dbd245-9386-4a87-857d-5f44d35f2b38	docs/decisions/0022-q22-the-integrity-posture-of-a-published-package.md	1
c6dbd245-9386-4a87-857d-5f44d35f2b38	docs/decisions/0040-q40-whether-extends-bundle-requires-and-an-overlay-s-taxonomy-key-are-a-mechanism-or-a-label.md	0
c6dbd245-9386-4a87-857d-5f44d35f2b38	docs/decisions/0085-a-live-document-that-rests-on-a-draft-one-is-reported-over-every-relation-because-a-draft-leaves-no-record-to-cite.md	0
c6dbd245-9386-4a87-857d-5f44d35f2b38	docs/evaluations/why-corpus-counts-are-derived-not-stored.md	0
c6dbd245-9386-4a87-857d-5f44d35f2b38	docs/how-to/relocate-a-shelf.md	0
c6dbd245-9386-4a87-857d-5f44d35f2b38	docs/interfaces/headwater-help.md	0
c6dbd245-9386-4a87-857d-5f44d35f2b38	docs/obligations/0073-the-prior-version-still-owes-the-key-edit-that-the-clock.md	0
c6dbd245-9386-4a87-857d-5f44d35f2b38	docs/obligations/0115-a-pinned-digest-authenticates-the-pin-and-never-the-publisher.md	1
c6dbd245-9386-4a87-857d-5f44d35f2b38	docs/obligations/0133-two-test-helpers-key-a-scratch-directory-on-the-pid-alone-and-the-race-springs-on-the-next-case-added.md	0
c6dbd245-9386-4a87-857d-5f44d35f2b38	docs/obligations/0135-repo-cleanup-names-one-cause-for-a-gone-upstream-and-this-repository-produced-a-second.md	0
c6dbd245-9386-4a87-857d-5f44d35f2b38	docs/obligations/0208-four-small-test-and-wording-gaps-from-run-20260923-0733-filed-together.md	0
c6dbd245-9386-4a87-857d-5f44d35f2b38	docs/obligations/0210-no-fixture-holds-the-symlink-case-of-new-worktree-sh-and-a-bare-name-of-two-dots-leaves-a-branch-behind.md	0
c6dbd245-9386-4a87-857d-5f44d35f2b38	docs/obligations/0221-subagents-read-skills-from-the-shared-checkout-and-a-worktree-isolated-integrator-cannot-fast-forward-it-after-a-merge.md	0
c6dbd245-9386-4a87-857d-5f44d35f2b38	docs/process/decisions/0007-a-background-wait-caps-below-the-cache-lifetime-and-re-issues-itself.md	0
c6dbd245-9386-4a87-857d-5f44d35f2b38	docs/process/decisions/0019-ci-runs-actions-from-the-actions-organization-only-and-carries-no-build-state-between-self-hosted-jobs.md	0
c6dbd245-9386-4a87-857d-5f44d35f2b38	missing	1
c869ff74-a11e-4792-948d-4513de8090d1	docs/evaluations/adjacent-work.md	0
c869ff74-a11e-4792-948d-4513de8090d1	docs/evaluations/capability-bundle-address-inventory.md	0
c869ff74-a11e-4792-948d-4513de8090d1	docs/evaluations/inspect-evals-worked-example.md	0
c869ff74-a11e-4792-948d-4513de8090d1	docs/evaluations/schema-format-walkthrough.md	0
c869ff74-a11e-4792-948d-4513de8090d1	docs/how-to/diagnose-an-isolation-failure.md	0
c869ff74-a11e-4792-948d-4513de8090d1	docs/interfaces/headwater-init.md	0
c869ff74-a11e-4792-948d-4513de8090d1	docs/interfaces/headwater-merge-driver.md	0
c869ff74-a11e-4792-948d-4513de8090d1	docs/obligations/0216-two-merge-hooks-of-this-repository-print-a-resolve-flag-that-the-verb-refuses.md	0
c869ff74-a11e-4792-948d-4513de8090d1	docs/process/decisions/0020-merges-go-through-the-github-merge-queue-one-squash-commit-per-pull-request.md	2
c869ff74-a11e-4792-948d-4513de8090d1	docs/process/obligations/0227-seven-run-tooling-gaps-from-run-20260929-2201-filed-together.md	1
c869ff74-a11e-4792-948d-4513de8090d1	docs/process/specs/orchestration-architecture.md	1
c869ff74-a11e-4792-948d-4513de8090d1	docs/reviews/core-concepts-review-findings.md	0
c869ff74-a11e-4792-948d-4513de8090d1	docs/spec/07-distribution-and-federation.md	0
c869ff74-a11e-4792-948d-4513de8090d1	docs/spec/13-open-obligations.md	0
c869ff74-a11e-4792-948d-4513de8090d1	missing	0
c94bd4b9-bb5b-406e-8034-eb4f8c455711	docs/decisions/0009-multi-repository-corpora.md	0
c94bd4b9-bb5b-406e-8034-eb4f8c455711	docs/decisions/0021-terminological-succession-and-validity-under-merge.md	0
c94bd4b9-bb5b-406e-8034-eb4f8c455711	docs/decisions/0064-q64-whether-intent-time-routing-gains-an-offline-embedding-path-in-shadow-mode.md	0
c94bd4b9-bb5b-406e-8034-eb4f8c455711	docs/evaluations/a-probe-task-section-is-the-prompt-so-commentary-under-that-heading-is-prompt.md	0
c94bd4b9-bb5b-406e-8034-eb4f8c455711	docs/how-to/diagnose-an-isolation-failure.md	0
c94bd4b9-bb5b-406e-8034-eb4f8c455711	docs/obligations/0111-the-capture-cost-surface-names-an-entry-point-and-never-the-caller.md	0
c94bd4b9-bb5b-406e-8034-eb4f8c455711	docs/obligations/0132-survey-the-wiring-decisions-of-main-rs-verb-by-verb-and-cover-the-quiet-ones.md	0
c94bd4b9-bb5b-406e-8034-eb4f8c455711	docs/probe-runs/regression-probe-transcript-for-2026-09-11.md	0
c94bd4b9-bb5b-406e-8034-eb4f8c455711	docs/probe-runs/regression-probe-transcript-for-2026-09-16.md	0
c94bd4b9-bb5b-406e-8034-eb4f8c455711	docs/probes/a-counted-tombstone-separates-a-withheld-answer-from-an-absent-answer.md	0
c94bd4b9-bb5b-406e-8034-eb4f8c455711	missing	0
cb86da6f-56d1-41bf-9180-f0ea018eea90	docs/decisions/0021-terminological-succession-and-validity-under-merge.md	0
cb86da6f-56d1-41bf-9180-f0ea018eea90	docs/interfaces/headwater-route.md	0
cb86da6f-56d1-41bf-9180-f0ea018eea90	docs/obligations/0072-a-cache-of-check-results-does-not-make-a-run-proportional.md	0
cb86da6f-56d1-41bf-9180-f0ea018eea90	docs/obligations/0136-seven-rustdoc-relative-links-in-comments-point-at-pages-the-doc-tree-does-not-have.md	0
cb86da6f-56d1-41bf-9180-f0ea018eea90	docs/obligations/0138-the-rest-of-the-editorial-pass-with-cli-src-main-rs-at-the-head-of-the-distribution.md	0
cb86da6f-56d1-41bf-9180-f0ea018eea90	docs/obligations/0200-three-graded-regression-runs-are-owed-a-fresh-recording-against-a-moved-taxonomy-lock.md	0
cb86da6f-56d1-41bf-9180-f0ea018eea90	docs/reviews/core-concepts-review-findings-2.md	0
cb86da6f-56d1-41bf-9180-f0ea018eea90	docs/reviews/core-concepts-review-findings.md	0
cb86da6f-56d1-41bf-9180-f0ea018eea90	docs/spec/06-engine-architecture.md	1
cb86da6f-56d1-41bf-9180-f0ea018eea90	docs/spec/16-harness-support.md	0
cb86da6f-56d1-41bf-9180-f0ea018eea90	missing	0
cbbe2b9e-1b48-4d22-a5bc-41c456dc9a43	docs/decisions/0010-naming.md	0
cbbe2b9e-1b48-4d22-a5bc-41c456dc9a43	docs/decisions/0025-q25-where-the-namespace-goes-in-an-identifier-and-who-declares-it.md	0
cbbe2b9e-1b48-4d22-a5bc-41c456dc9a43	docs/decisions/0095-q67-one-library-entry-may-address-the-keys-of-an-entry-it-names-in-requires-and-confluence-holds-over-the-dependency-order.md	0
cbbe2b9e-1b48-4d22-a5bc-41c456dc9a43	docs/decisions/0099-a-namespace-does-not-keep-two-corpora-apart-and-no-rule-compares-identifier-schemes-across-two-locks.md	0
cbbe2b9e-1b48-4d22-a5bc-41c456dc9a43	docs/how-to/cut-a-release.md	0
cbbe2b9e-1b48-4d22-a5bc-41c456dc9a43	docs/interfaces/headwater-merge-driver.md	0
cbbe2b9e-1b48-4d22-a5bc-41c456dc9a43	docs/obligations/0089-a-profile-names-its-rules-and-never-states-them.md	0
cbbe2b9e-1b48-4d22-a5bc-41c456dc9a43	docs/obligations/0107-the-base-package-ships-a-kind-that-the-scaffolder-refuses-to-write.md	0
cbbe2b9e-1b48-4d22-a5bc-41c456dc9a43	docs/obligations/0137-a-british-spelling-reaches-a-serialized-grain-string-so-the-rename-is-a-corpus-change-and-a-derived-bytes-change-at-once.md	0
cbbe2b9e-1b48-4d22-a5bc-41c456dc9a43	docs/obligations/0193-admission-criterion-5-has-no-reading-for-an-entry-that-serves-neither-core-purpose.md	0
cbbe2b9e-1b48-4d22-a5bc-41c456dc9a43	docs/probes/a-cold-agent-reaches-the-governing-document-through-the-corpus-descriptor.md	0
cbbe2b9e-1b48-4d22-a5bc-41c456dc9a43	docs/probes/a-session-names-the-event-that-makes-a-document-accepted.md	0
cbbe2b9e-1b48-4d22-a5bc-41c456dc9a43	docs/spec/15-the-recorder-contract.md	0
cbbe2b9e-1b48-4d22-a5bc-41c456dc9a43	docs/spec/glossary.md	0
cbbe2b9e-1b48-4d22-a5bc-41c456dc9a43	missing	0
cbef7b3f-a9a2-493e-8f2d-c60588859891	docs/decisions/0009-multi-repository-corpora.md	0
cbef7b3f-a9a2-493e-8f2d-c60588859891	docs/decisions/0021-terminological-succession-and-validity-under-merge.md	0
cbef7b3f-a9a2-493e-8f2d-c60588859891	docs/decisions/0034-q34-whether-acceptance-means-merged-to-main-and-what-an-agent-may-write-before-that.md	0
cbef7b3f-a9a2-493e-8f2d-c60588859891	docs/decisions/0049-a-corpus-wide-fold-is-derived-and-never-stored.md	1
cbef7b3f-a9a2-493e-8f2d-c60588859891	docs/decisions/0052-a-document-is-proposed-at-the-state-it-will-hold-and-the-merge-activates-it.md	0
cbef7b3f-a9a2-493e-8f2d-c60588859891	docs/evaluations/two-triggers-one-verdict-how-this-repository-s-ci-decides-where-a-job-runs-and-what-it-trusts.md	0
cbef7b3f-a9a2-493e-8f2d-c60588859891	docs/obligations/0081-a-published-read-set-never-says-which-instances-must-run-again.md	0
cbef7b3f-a9a2-493e-8f2d-c60588859891	docs/obligations/0135-repo-cleanup-names-one-cause-for-a-gone-upstream-and-this-repository-produced-a-second.md	0
cbef7b3f-a9a2-493e-8f2d-c60588859891	docs/obligations/0183-no-mechanism-holds-a-committed-binary-asset-against-a-run.md	0
cbef7b3f-a9a2-493e-8f2d-c60588859891	docs/process/decisions/0004-coordination-is-a-create-only-claim-and-authority-stays-on-the-tree.md	0
cbef7b3f-a9a2-493e-8f2d-c60588859891	missing	1
cbf3250a-c0dd-458b-8aab-6f3bc16f6a88	docs/decisions/0078-a-recorded-terminal-demonstration-may-show-a-frozen-number-behind-a-recorded-on-date-marker.md	0
cbf3250a-c0dd-458b-8aab-6f3bc16f6a88	docs/evaluations/adjacent-work.md	0
cbf3250a-c0dd-458b-8aab-6f3bc16f6a88	docs/how-to/diagnose-an-isolation-failure.md	0
cbf3250a-c0dd-458b-8aab-6f3bc16f6a88	docs/how-to/mine-the-shadow-mode-routing-log.md	0
cbf3250a-c0dd-458b-8aab-6f3bc16f6a88	docs/interfaces/headwater-gate.md	0
cbf3250a-c0dd-458b-8aab-6f3bc16f6a88	docs/interfaces/headwater-infer.md	0
cbf3250a-c0dd-458b-8aab-6f3bc16f6a88	docs/interfaces/headwater-init.md	0
cbf3250a-c0dd-458b-8aab-6f3bc16f6a88	docs/obligations/0085-headwater-init-cannot-reach-a-package-that-is-not-already.md	0
cbf3250a-c0dd-458b-8aab-6f3bc16f6a88	docs/obligations/0087-fixable-has-two-readings-inside-one-engine.md	0
cbf3250a-c0dd-458b-8aab-6f3bc16f6a88	docs/obligations/0107-the-base-package-ships-a-kind-that-the-scaffolder-refuses-to-write.md	0
cbf3250a-c0dd-458b-8aab-6f3bc16f6a88	docs/obligations/0115-a-pinned-digest-authenticates-the-pin-and-never-the-publisher.md	0
cbf3250a-c0dd-458b-8aab-6f3bc16f6a88	docs/obligations/0160-the-generated-half-of-the-site-loads-highlight-js-from-a-third-party-with-no-subresource-integrity.md	0
cbf3250a-c0dd-458b-8aab-6f3bc16f6a88	docs/reviews/core-concepts-review-findings-2.md	0
cbf3250a-c0dd-458b-8aab-6f3bc16f6a88	docs/reviews/core-concepts-review-prompt.md	0
cbf3250a-c0dd-458b-8aab-6f3bc16f6a88	docs/spec/13-open-obligations.md	0
cbf3250a-c0dd-458b-8aab-6f3bc16f6a88	missing	1
cc127a85-e1a9-4e7f-be7c-51d35b82ca00	docs/decisions/0021-terminological-succession-and-validity-under-merge.md	0
cc127a85-e1a9-4e7f-be7c-51d35b82ca00	docs/decisions/0049-a-corpus-wide-fold-is-derived-and-never-stored.md	1
cc127a85-e1a9-4e7f-be7c-51d35b82ca00	docs/decisions/0052-a-document-is-proposed-at-the-state-it-will-hold-and-the-merge-activates-it.md	0
cc127a85-e1a9-4e7f-be7c-51d35b82ca00	docs/how-to/diagnose-an-isolation-failure.md	0
cc127a85-e1a9-4e7f-be7c-51d35b82ca00	docs/interfaces/headwater-merge-driver.md	2
cc127a85-e1a9-4e7f-be7c-51d35b82ca00	docs/obligations/0001-the-promotion-fix-has-no-reading-of-the-assisted-fraction.md	0
cc127a85-e1a9-4e7f-be7c-51d35b82ca00	docs/obligations/0017-publishing-the-read-set-skips-a-re-run-on-two-of-the-eighteen.md	0
cc127a85-e1a9-4e7f-be7c-51d35b82ca00	docs/obligations/0076-a-generated-check-reads-its-severity-from-the-taxonomy.md	0
cc127a85-e1a9-4e7f-be7c-51d35b82ca00	docs/obligations/0114-a-control-that-names-a-sweep-marks-its-obligation-verified-with-nothing-run.md	0
cc127a85-e1a9-4e7f-be7c-51d35b82ca00	docs/obligations/0133-two-test-helpers-key-a-scratch-directory-on-the-pid-alone-and-the-race-springs-on-the-next-case-added.md	0
cc127a85-e1a9-4e7f-be7c-51d35b82ca00	docs/obligations/0135-repo-cleanup-names-one-cause-for-a-gone-upstream-and-this-repository-produced-a-second.md	0
cc127a85-e1a9-4e7f-be7c-51d35b82ca00	docs/obligations/0161-the-validation-block-of-mkdocs-yml-is-a-gate-this-repository-owns-and-no-fixture-drives.md	0
cc127a85-e1a9-4e7f-be7c-51d35b82ca00	docs/probes/a-session-answers-from-the-register-without-opening-the-question-it-replaced.md	0
cc127a85-e1a9-4e7f-be7c-51d35b82ca00	docs/process/decisions/0004-coordination-is-a-create-only-claim-and-authority-stays-on-the-tree.md	0
cc127a85-e1a9-4e7f-be7c-51d35b82ca00	docs/spec/12-check-layer.md	0
cc127a85-e1a9-4e7f-be7c-51d35b82ca00	missing	1
cd63ce96-a7e0-4ad4-b06e-9698a4225d7f	docs/evaluations/language-choice.md	0
cd63ce96-a7e0-4ad4-b06e-9698a4225d7f	docs/evaluations/the-pointer-probe-grades-a-session-against-the-router-s-own-first-pick-so-a-correct-session-that-declines-a-wrong-pointer-fails.md	0
cd63ce96-a7e0-4ad4-b06e-9698a4225d7f	docs/evaluations/what-the-counterfactual-campaign-of-2026-09-30-measured-by-component.md	0
cd63ce96-a7e0-4ad4-b06e-9698a4225d7f	docs/interfaces/headwater-route.md	0
cd63ce96-a7e0-4ad4-b06e-9698a4225d7f	docs/obligations/0072-a-cache-of-check-results-does-not-make-a-run-proportional.md	0
cd63ce96-a7e0-4ad4-b06e-9698a4225d7f	docs/obligations/0091-the-friction-signal-that-q4-narrowed-is-still-unread.md	0
cd63ce96-a7e0-4ad4-b06e-9698a4225d7f	docs/obligations/0198-nothing-states-how-much-of-a-session-s-budget-the-standing-instructions-consume-before-work-starts.md	0
cd63ce96-a7e0-4ad4-b06e-9698a4225d7f	docs/probes/a-session-follows-a-citation-from-one-record-to-the-next.md	0
cd63ce96-a7e0-4ad4-b06e-9698a4225d7f	docs/process/decisions/0003-a-dispatch-pays-when-it-retires-more-parent-turns-than-it-costs.md	2
cd63ce96-a7e0-4ad4-b06e-9698a4225d7f	docs/spec/06-engine-architecture.md	0
cd63ce96-a7e0-4ad4-b06e-9698a4225d7f	missing	1
cde948f1-7678-472f-a9d0-737973c0f5a8	docs/decisions/0055-a-hook-reads-a-wire-format-through-the-engine-and-not-through-an-interpreter.md	0
cde948f1-7678-472f-a9d0-737973c0f5a8	docs/decisions/0059-a-transform-over-a-harness-session-log-is-an-observed-transcript-when-the-log-arrives-by-a-channel-the-model-cannot-write-to.md	0
cde948f1-7678-472f-a9d0-737973c0f5a8	docs/obligations/0082-the-lock-is-half-generated-and-half-authored-and-nothing.md	0
cde948f1-7678-472f-a9d0-737973c0f5a8	docs/obligations/0131-the-cli-crate-wires-every-verb-and-carries-no-tests-so-two-wiring-defects-passed-a-green-suite.md	0
cde948f1-7678-472f-a9d0-737973c0f5a8	docs/obligations/0159-a-sentence-that-opens-with-a-hash-and-an-issue-number-is-folded-into-the-sentence-before-it.md	0
cde948f1-7678-472f-a9d0-737973c0f5a8	docs/obligations/0230-comments-in-the-command-surface-crates-and-their-subsystem-spec-state-eight-stale-facts.md	0
cde948f1-7678-472f-a9d0-737973c0f5a8	docs/probe-runs/regression-probe-transcript-for-2026-09-11.md	0
cde948f1-7678-472f-a9d0-737973c0f5a8	docs/probe-runs/second-campaign-pilot-of-2026-09-28-campaign-tier-present-arm-navigability.md	0
cde948f1-7678-472f-a9d0-737973c0f5a8	docs/probes/a-session-answers-from-the-register-without-opening-the-question-it-replaced.md	0
cde948f1-7678-472f-a9d0-737973c0f5a8	docs/probes/the-authoring-skill-reaches-an-agent-that-is-about-to-write-a-governed-document.md	0
cde948f1-7678-472f-a9d0-737973c0f5a8	docs/process/obligations/0231-five-run-tooling-gaps-from-run-20261001-1107-filed-together.md	0
cde948f1-7678-472f-a9d0-737973c0f5a8	docs/requirements/0005-a-code-path-names-every-document-that-governs-it.md	0
cde948f1-7678-472f-a9d0-737973c0f5a8	docs/spec/16-harness-support.md	2
cde948f1-7678-472f-a9d0-737973c0f5a8	missing	0
cf7c7b5a-2d5d-4ada-8283-d2de396a895b	docs/obligations/0072-a-cache-of-check-results-does-not-make-a-run-proportional.md	0
cf7c7b5a-2d5d-4ada-8283-d2de396a895b	docs/obligations/0103-the-front-matter-half-of-a-patch-has-no-writer.md	0
cf7c7b5a-2d5d-4ada-8283-d2de396a895b	docs/obligations/0112-a-surface-cannot-move-the-assisted-fraction-of-a-run.md	0
cf7c7b5a-2d5d-4ada-8283-d2de396a895b	docs/obligations/0157-the-capture-report-says-two-denominators-over-a-store-that-named-seventeen-taxonomies.md	0
cf7c7b5a-2d5d-4ada-8283-d2de396a895b	docs/obligations/0161-the-validation-block-of-mkdocs-yml-is-a-gate-this-repository-owns-and-no-fixture-drives.md	0
cf7c7b5a-2d5d-4ada-8283-d2de396a895b	docs/probes/a-session-answers-from-the-register-without-opening-the-question-it-replaced.md	0
cf7c7b5a-2d5d-4ada-8283-d2de396a895b	docs/process/decisions/0017-ci-concurrency-is-per-ref-and-every-ref-but-main-cancels-a-superseded-run.md	0
cf7c7b5a-2d5d-4ada-8283-d2de396a895b	docs/process/decisions/0020-merges-go-through-the-github-merge-queue-one-squash-commit-per-pull-request.md	1
cf7c7b5a-2d5d-4ada-8283-d2de396a895b	docs/process/obligations/0212-ci-done-sh-reads-a-cancelled-run-of-another-branch-as-a-red-result-on-a-main-merge-commit.md	0
cf7c7b5a-2d5d-4ada-8283-d2de396a895b	docs/reviews/core-concepts-review-findings.md	0
cf7c7b5a-2d5d-4ada-8283-d2de396a895b	missing	1
cfffb72e-6155-4c43-ae8b-f0fe632b118a	docs/decisions/0063-every-required-facet-of-a-generated-document-is-derived-and-the-emitter-composes-the-summary.md	0
cfffb72e-6155-4c43-ae8b-f0fe632b118a	docs/evaluations/adjacent-work.md	0
cfffb72e-6155-4c43-ae8b-f0fe632b118a	docs/evaluations/language-choice.md	0
cfffb72e-6155-4c43-ae8b-f0fe632b118a	docs/evaluations/n8n-worked-example.md	0
cfffb72e-6155-4c43-ae8b-f0fe632b118a	docs/obligations/0090-one-rule-carries-four-sub-rules-and-a-suppression.md	0
cfffb72e-6155-4c43-ae8b-f0fe632b118a	docs/obligations/0093-whether-a-harvesting-tier-owes-conformance-rules-of-its-own.md	0
cfffb72e-6155-4c43-ae8b-f0fe632b118a	docs/obligations/0193-admission-criterion-5-has-no-reading-for-an-entry-that-serves-neither-core-purpose.md	0
cfffb72e-6155-4c43-ae8b-f0fe632b118a	docs/probes/an-agent-reaches-the-adjudication-from-the-document-that-lost-it.md	0
cfffb72e-6155-4c43-ae8b-f0fe632b118a	docs/reviews/the-sixty-four-restored-help-strings-checked-against-the-binary.md	0
cfffb72e-6155-4c43-ae8b-f0fe632b118a	docs/spec/06-engine-architecture.md	1
cfffb72e-6155-4c43-ae8b-f0fe632b118a	missing	1
d027032e-a81e-48af-9cc1-a1fd1c0e2ee2	docs/acceptance-criteria/0002-every-required-section-of-every-governed-document-has-a-heading.md	0
d027032e-a81e-48af-9cc1-a1fd1c0e2ee2	docs/decisions/0015-a-synthesized-content-tier.md	0
d027032e-a81e-48af-9cc1-a1fd1c0e2ee2	docs/decisions/0030-q30-whether-what-an-obligation-waits-on-is-a-state-or-a-property-and-how-many-values-it-takes.md	1
d027032e-a81e-48af-9cc1-a1fd1c0e2ee2	docs/evaluations/warrant-and-adjudication.md	0
d027032e-a81e-48af-9cc1-a1fd1c0e2ee2	docs/how-to/rotate-or-revoke-the-apt-signing-subkey.md	0
d027032e-a81e-48af-9cc1-a1fd1c0e2ee2	docs/obligations/0036-identity-below-the-grain-of-a-document.md	0
d027032e-a81e-48af-9cc1-a1fd1c0e2ee2	docs/obligations/0069-a-suppressed-finding-leaves-its-obligation-verified-and-spec-4.md	0
d027032e-a81e-48af-9cc1-a1fd1c0e2ee2	docs/obligations/0083-the-pair-grain-absorbs-a-second-violation-inside-one-cell.md	0
d027032e-a81e-48af-9cc1-a1fd1c0e2ee2	docs/obligations/0108-an-agent-writes-the-acceptance-stamp-of-every-document-in-this-corpus.md	0
d027032e-a81e-48af-9cc1-a1fd1c0e2ee2	docs/obligations/0125-nine-documents-state-a-warrant-outside-the-closed-set-and-only-a-person-can-set-the-value.md	0
d027032e-a81e-48af-9cc1-a1fd1c0e2ee2	docs/obligations/0126-every-asserted-document-carries-the-freshness-date-that-spec-3-says-it-cannot.md	0
d027032e-a81e-48af-9cc1-a1fd1c0e2ee2	docs/obligations/0183-no-mechanism-holds-a-committed-binary-asset-against-a-run.md	0
d027032e-a81e-48af-9cc1-a1fd1c0e2ee2	docs/obligations/0185-whether-an-admitted-library-entry-may-require-a-bundle-that-admission-refuses.md	0
d027032e-a81e-48af-9cc1-a1fd1c0e2ee2	docs/obligations/0188-the-negative-compliance-edge-and-the-governance-precedence-clause-contradict.md	0
d027032e-a81e-48af-9cc1-a1fd1c0e2ee2	docs/obligations/0204-docs-decisions-0077-still-describes-hw-dr-0049-s-rewrite-as-pending-after-574-made-it.md	0
d027032e-a81e-48af-9cc1-a1fd1c0e2ee2	missing	1
d04cc669-d72f-4b82-a192-23a0d4973112	docs/decisions/0032-q32-which-test-the-self-audit-label-states.md	1
d04cc669-d72f-4b82-a192-23a0d4973112	docs/decisions/0055-a-hook-reads-a-wire-format-through-the-engine-and-not-through-an-interpreter.md	0
d04cc669-d72f-4b82-a192-23a0d4973112	docs/evaluations/a-probe-task-section-is-the-prompt-so-commentary-under-that-heading-is-prompt.md	0
d04cc669-d72f-4b82-a192-23a0d4973112	docs/interfaces/headwater-taxonomy.md	0
d04cc669-d72f-4b82-a192-23a0d4973112	docs/obligations/0007-no-count-exists-of-adopters-who-stopped-at-the-license-terms.md	0
d04cc669-d72f-4b82-a192-23a0d4973112	docs/obligations/0069-a-suppressed-finding-leaves-its-obligation-verified-and-spec-4.md	0
d04cc669-d72f-4b82-a192-23a0d4973112	docs/obligations/0095-whether-the-rdf-emitter-carries-owl-inverseof.md	0
d04cc669-d72f-4b82-a192-23a0d4973112	docs/obligations/0108-an-agent-writes-the-acceptance-stamp-of-every-document-in-this-corpus.md	0
d04cc669-d72f-4b82-a192-23a0d4973112	docs/obligations/0110-the-loss-census-carries-a-finding-by-substring-so-an-index-of-rules-and-paths-passes-it.md	0
d04cc669-d72f-4b82-a192-23a0d4973112	docs/obligations/0143-a-specification-sentence-closes-a-set-with-a-count-the-source-exceeds-and-115-of-127-candidates-are-unchecked.md	0
d04cc669-d72f-4b82-a192-23a0d4973112	docs/obligations/0184-nothing-states-why-the-vendored-package-root-is-visible-in-an-adopter-tree.md	0
d04cc669-d72f-4b82-a192-23a0d4973112	docs/obligations/0199-an-observation-snapshot-records-a-commit-and-nothing-reads-it-back.md	0
d04cc669-d72f-4b82-a192-23a0d4973112	docs/process/evaluations/one-clone-many-agents-how-this-repository-isolates-the-sessions-that-build-it.md	0
d04cc669-d72f-4b82-a192-23a0d4973112	docs/requirements/0002-every-document-of-a-kind-that-requires-sections-carries-all-of-them.md	0
d04cc669-d72f-4b82-a192-23a0d4973112	docs/reviews/core-concepts-findings-assessment.md	0
d04cc669-d72f-4b82-a192-23a0d4973112	missing	0
d133569b-86e0-4fdc-9939-2756b4551e63	docs/decisions/0061-q61-how-a-recorded-terminal-demonstration-is-held-against-a-run.md	0
d133569b-86e0-4fdc-9939-2756b4551e63	docs/decisions/0063-every-required-facet-of-a-generated-document-is-derived-and-the-emitter-composes-the-summary.md	0
d133569b-86e0-4fdc-9939-2756b4551e63	docs/evaluations/theoretical-foundations.md	0
d133569b-86e0-4fdc-9939-2756b4551e63	docs/obligations/0072-a-cache-of-check-results-does-not-make-a-run-proportional.md	0
d133569b-86e0-4fdc-9939-2756b4551e63	docs/obligations/0112-a-surface-cannot-move-the-assisted-fraction-of-a-run.md	0
d133569b-86e0-4fdc-9939-2756b4551e63	docs/obligations/0157-the-capture-report-says-two-denominators-over-a-store-that-named-seventeen-taxonomies.md	0
d133569b-86e0-4fdc-9939-2756b4551e63	docs/obligations/0198-nothing-states-how-much-of-a-session-s-budget-the-standing-instructions-consume-before-work-starts.md	0
d133569b-86e0-4fdc-9939-2756b4551e63	docs/probe-runs/campaign-of-2026-09-30-campaign-tier-absent-arm-discovery.md	1
d133569b-86e0-4fdc-9939-2756b4551e63	docs/probes/a-session-names-the-status-a-settled-decision-carries-in-its-pull-request.md	0
d133569b-86e0-4fdc-9939-2756b4551e63	docs/process/evaluations/two-triggers-one-verdict-how-this-repository-s-ci-decides-where-a-job-runs-and-what-it-trusts.md	0
d133569b-86e0-4fdc-9939-2756b4551e63	docs/process/explanations/where-a-ci-job-runs.md	0
d133569b-86e0-4fdc-9939-2756b4551e63	docs/process/obligations/0220-no-disk-floor-is-stated-for-a-build-order-run-and-nothing-prunes-the-cargo-pool.md	1
d133569b-86e0-4fdc-9939-2756b4551e63	docs/reviews/core-concepts-independent-review.md	0
d133569b-86e0-4fdc-9939-2756b4551e63	docs/reviews/core-concepts-review-findings.md	0
d133569b-86e0-4fdc-9939-2756b4551e63	docs/spec/06-engine-architecture.md	0
d133569b-86e0-4fdc-9939-2756b4551e63	missing	1
d1b5c2ba-389c-4635-8dff-133cb6196ecc	docs/acceptance-criteria/0002-every-required-section-of-every-governed-document-has-a-heading.md	0
d1b5c2ba-389c-4635-8dff-133cb6196ecc	docs/decisions/0008-probe-cost-and-cadence.md	1
d1b5c2ba-389c-4635-8dff-133cb6196ecc	docs/decisions/0076-a-probe-budget-prices-a-run-identity-fixed-before-the-run-and-a-committed-transcript-and-a-sweep-has-neither.md	0
d1b5c2ba-389c-4635-8dff-133cb6196ecc	docs/evaluations/the-measurement-layer.md	1
d1b5c2ba-389c-4635-8dff-133cb6196ecc	docs/how-to/wire-headwater-check-into-your-own-workflow.md	0
d1b5c2ba-389c-4635-8dff-133cb6196ecc	docs/interfaces/headwater-probe.md	1
d1b5c2ba-389c-4635-8dff-133cb6196ecc	docs/obligations/0005-a-closed-set-expectation-has-no-reproducibility-reading-under.md	1
d1b5c2ba-389c-4635-8dff-133cb6196ecc	docs/obligations/0025-where-the-probe-kind-ships-is-an-unsettled-clustering-question.md	0
d1b5c2ba-389c-4635-8dff-133cb6196ecc	docs/probe-results/regression-probe-transcript-for-2026-09-09.md	0
d1b5c2ba-389c-4635-8dff-133cb6196ecc	docs/probe-results/regression-probe-transcript-for-2026-09-11.md	0
d1b5c2ba-389c-4635-8dff-133cb6196ecc	docs/probe-results/regression-probe-transcript-for-2026-09-16.md	0
d1b5c2ba-389c-4635-8dff-133cb6196ecc	docs/probe-results/regression-probe-transcript-for-2026-09-17-after-the-probe-corrections.md	0
d1b5c2ba-389c-4635-8dff-133cb6196ecc	docs/probe-results/regression-probe-transcript-for-2026-09-17.md	0
d1b5c2ba-389c-4635-8dff-133cb6196ecc	docs/spec/17-orchestration-architecture.md	0
d1b5c2ba-389c-4635-8dff-133cb6196ecc	docs/verifications/0001-the-section-heading-rule-has-no-case-table-and-a-golden-fixture-report-is-what-proves-it-runs.md	0
d1b5c2ba-389c-4635-8dff-133cb6196ecc	missing	1
d2209f48-3f9a-450a-ae96-9bb7dca4840f	docs/obligations/0204-docs-decisions-0077-still-describes-hw-dr-0049-s-rewrite-as-pending-after-574-made-it.md	0
d2209f48-3f9a-450a-ae96-9bb7dca4840f	docs/obligations/0205-hw-obl-0002-s-sample-counts-and-voice-rs-s-own-census-predate-the-scent-role-fix-and-need-retaking.md	0
d2209f48-3f9a-450a-ae96-9bb7dca4840f	docs/obligations/0229-the-counterfactual-campaign-evaluation-withholds-its-discharges-edge-until-a-person-promotes-it.md	0
d2209f48-3f9a-450a-ae96-9bb7dca4840f	docs/obligations/0230-comments-in-the-command-surface-crates-and-their-subsystem-spec-state-eight-stale-facts.md	0
d2209f48-3f9a-450a-ae96-9bb7dca4840f	docs/probe-results/campaign-of-2026-09-28-campaign-tier-present-arm-sufficiency.md	0
d2209f48-3f9a-450a-ae96-9bb7dca4840f	docs/probe-results/campaign-of-2026-09-30-campaign-tier-present-arm-discovery.md	0
d2209f48-3f9a-450a-ae96-9bb7dca4840f	docs/probe-results/campaign-of-2026-09-30-campaign-tier-present-arm-sufficiency.md	0
d2209f48-3f9a-450a-ae96-9bb7dca4840f	docs/probe-results/second-campaign-pilot-of-2026-09-28-campaign-tier-present-arm-sufficiency.md	0
d2209f48-3f9a-450a-ae96-9bb7dca4840f	docs/process/obligations/0224-thirteen-run-tooling-gaps-from-run-20260928-1109-filed-together.md	0
d2209f48-3f9a-450a-ae96-9bb7dca4840f	docs/process/obligations/0225-eight-run-tooling-gaps-from-run-20260929-1205-filed-together.md	0
d2209f48-3f9a-450a-ae96-9bb7dca4840f	missing	1
d2f2e4be-1d55-421e-b5eb-e10485a8dca1	docs/acceptance-criteria/0001-no-engine-source-outside-the-fetch-crate-names-a-network-api-and-no-crate-of-the-checking-loop-reaches-a-network-package.md	0
d2f2e4be-1d55-421e-b5eb-e10485a8dca1	docs/decisions/0001-implementation-language.md	0
d2f2e4be-1d55-421e-b5eb-e10485a8dca1	docs/decisions/0102-an-editor-integration-starts-headwater-mcp-for-each-query-and-does-not-embed-the-library.md	0
d2f2e4be-1d55-421e-b5eb-e10485a8dca1	docs/how-to/keep-derived-files-from-conflicting-in-parallel-pull-requests.md	0
d2f2e4be-1d55-421e-b5eb-e10485a8dca1	docs/interfaces/headwater-mcp.md	0
d2f2e4be-1d55-421e-b5eb-e10485a8dca1	docs/obligations/0026-the-operational-shape-of-a-hosted-server-is-unstated.md	0
d2f2e4be-1d55-421e-b5eb-e10485a8dca1	docs/obligations/0133-two-test-helpers-key-a-scratch-directory-on-the-pid-alone-and-the-race-springs-on-the-next-case-added.md	0
d2f2e4be-1d55-421e-b5eb-e10485a8dca1	docs/obligations/0144-the-cache-identity-test-reads-the-live-working-tree-so-an-edit-during-the-run-reports-the-correctness-root-as-violated.md	0
d2f2e4be-1d55-421e-b5eb-e10485a8dca1	docs/probe-runs/campaign-of-2026-09-30-campaign-tier-absent-arm-discovery.md	0
d2f2e4be-1d55-421e-b5eb-e10485a8dca1	docs/process/decisions/0008-the-board-has-an-owner-of-its-structure-and-its-milestones-are-capped-versions.md	0
d2f2e4be-1d55-421e-b5eb-e10485a8dca1	docs/process/decisions/0019-ci-runs-actions-from-the-actions-organization-only-and-carries-no-build-state-between-self-hosted-jobs.md	0
d2f2e4be-1d55-421e-b5eb-e10485a8dca1	docs/process/evaluations/two-triggers-one-verdict-how-this-repository-s-ci-decides-where-a-job-runs-and-what-it-trusts.md	0
d2f2e4be-1d55-421e-b5eb-e10485a8dca1	docs/process/explanations/where-a-ci-job-runs.md	0
d2f2e4be-1d55-421e-b5eb-e10485a8dca1	docs/process/obligations/0206-hw-run-policy-names-a-worktree-add-workaround-that-write-edit-refuses-under-this-harness.md	0
d2f2e4be-1d55-421e-b5eb-e10485a8dca1	docs/requirements/0001-the-engine-reaches-no-network-at-check-time.md	0
d2f2e4be-1d55-421e-b5eb-e10485a8dca1	missing	0
d3108470-c1f7-4592-96e4-78b1893b4229	docs/decisions/0060-the-engine-s-version-stays-one-number-and-a-build-s-exact-commit-is-a-separate-unwired-fact.md	0
d3108470-c1f7-4592-96e4-78b1893b4229	docs/decisions/0088-an-engine-release-and-a-taxonomy-release-have-disjoint-tag-namespaces-and-are-cut-independently.md	0
d3108470-c1f7-4592-96e4-78b1893b4229	docs/decisions/0090-each-release-states-in-its-notes-the-release-digest-that-a-consumer-pins.md	0
d3108470-c1f7-4592-96e4-78b1893b4229	docs/decisions/0092-the-citation-comment-of-spec-5-is-for-an-adopter-s-corpus-and-this-repository-does-not-practice-it-on-its-own-code.md	1
d3108470-c1f7-4592-96e4-78b1893b4229	docs/explanations/how-a-headwater-release-reaches-an-adopter.md	0
d3108470-c1f7-4592-96e4-78b1893b4229	docs/how-to/relocate-a-shelf.md	0
d3108470-c1f7-4592-96e4-78b1893b4229	docs/interfaces/headwater-sweep.md	0
d3108470-c1f7-4592-96e4-78b1893b4229	docs/obligations/0159-a-sentence-that-opens-with-a-hash-and-an-issue-number-is-folded-into-the-sentence-before-it.md	0
d3108470-c1f7-4592-96e4-78b1893b4229	docs/obligations/0183-no-mechanism-holds-a-committed-binary-asset-against-a-run.md	0
d3108470-c1f7-4592-96e4-78b1893b4229	docs/process/obligations/0203-three-small-run-tooling-gaps-from-run-20260922-1121-filed-together.md	0
d3108470-c1f7-4592-96e4-78b1893b4229	docs/process/obligations/0216-two-merge-hooks-of-this-repository-print-a-resolve-flag-that-the-verb-refuses.md	0
d3108470-c1f7-4592-96e4-78b1893b4229	docs/process/obligations/0224-thirteen-run-tooling-gaps-from-run-20260928-1109-filed-together.md	0
d3108470-c1f7-4592-96e4-78b1893b4229	docs/process/obligations/0225-eight-run-tooling-gaps-from-run-20260929-1205-filed-together.md	0
d3108470-c1f7-4592-96e4-78b1893b4229	docs/process/obligations/0227-seven-run-tooling-gaps-from-run-20260929-2201-filed-together.md	0
d3108470-c1f7-4592-96e4-78b1893b4229	docs/requirements/0002-every-document-of-a-kind-that-requires-sections-carries-all-of-them.md	0
d3108470-c1f7-4592-96e4-78b1893b4229	missing	1
d33fff24-8e16-4c4c-ab6a-c85c1a9dbab1	docs/decisions/0021-terminological-succession-and-validity-under-merge.md	0
d33fff24-8e16-4c4c-ab6a-c85c1a9dbab1	docs/decisions/0040-q40-whether-extends-bundle-requires-and-an-overlay-s-taxonomy-key-are-a-mechanism-or-a-label.md	0
d33fff24-8e16-4c4c-ab6a-c85c1a9dbab1	docs/decisions/0052-a-document-is-proposed-at-the-state-it-will-hold-and-the-merge-activates-it.md	0
d33fff24-8e16-4c4c-ab6a-c85c1a9dbab1	docs/evaluations/governs-edges-what-an-anchor-reaches-what-covers-it-when-it-ages-and-where-a-session-meets-it.md	0
d33fff24-8e16-4c4c-ab6a-c85c1a9dbab1	docs/evaluations/why-corpus-counts-are-derived-not-stored.md	0
d33fff24-8e16-4c4c-ab6a-c85c1a9dbab1	docs/how-to/mine-the-shadow-mode-routing-log.md	0
d33fff24-8e16-4c4c-ab6a-c85c1a9dbab1	docs/interfaces/headwater-derived.md	0
d33fff24-8e16-4c4c-ab6a-c85c1a9dbab1	docs/obligations/0155-probe-s-fourteen-refusals-have-no-coverage-test-and-three-of-them-are-named-by-no-test-at-all.md	0
d33fff24-8e16-4c4c-ab6a-c85c1a9dbab1	docs/obligations/0207-the-plan-usage-of-one-issue-is-known-only-as-the-average-of-its-run.md	1
d33fff24-8e16-4c4c-ab6a-c85c1a9dbab1	docs/obligations/0212-ci-done-sh-reads-a-cancelled-run-of-another-branch-as-a-red-result-on-a-main-merge-commit.md	0
d33fff24-8e16-4c4c-ab6a-c85c1a9dbab1	docs/obligations/0216-two-merge-hooks-of-this-repository-print-a-resolve-flag-that-the-verb-refuses.md	0
d33fff24-8e16-4c4c-ab6a-c85c1a9dbab1	docs/probes/an-agent-reaches-the-adjudication-from-the-document-that-lost-it.md	0
d33fff24-8e16-4c4c-ab6a-c85c1a9dbab1	docs/process/decisions/0017-ci-concurrency-is-per-ref-and-every-ref-but-main-cancels-a-superseded-run.md	0
d33fff24-8e16-4c4c-ab6a-c85c1a9dbab1	docs/process/decisions/0020-merges-go-through-the-github-merge-queue-one-squash-commit-per-pull-request.md	1
d33fff24-8e16-4c4c-ab6a-c85c1a9dbab1	docs/spec/17-orchestration-architecture.md	1
d33fff24-8e16-4c4c-ab6a-c85c1a9dbab1	missing	0
d3664f66-a259-413c-92f9-71ea3a398304	docs/decisions/0019-inbound-integration-an-external-system-of-record.md	0
d3664f66-a259-413c-92f9-71ea3a398304	docs/evaluations/external-evaluation-harnesses-and-benchmarks-for-the-probe-campaign.md	0
d3664f66-a259-413c-92f9-71ea3a398304	docs/obligations/0076-a-generated-check-reads-its-severity-from-the-taxonomy.md	0
d3664f66-a259-413c-92f9-71ea3a398304	docs/obligations/0187-the-registered-deviation-edge-of-the-compliance-tradition-cannot-be-declared.md	0
d3664f66-a259-413c-92f9-71ea3a398304	docs/probe-runs/status-probe-pilot-of-2026-09-29-campaign-tier-present-arm-sufficiency.md	0
d3664f66-a259-413c-92f9-71ea3a398304	docs/probes/a-session-answers-from-the-register-without-opening-the-question-it-replaced.md	0
d3664f66-a259-413c-92f9-71ea3a398304	docs/probes/the-pointer-this-corpus-offers-for-a-task-is-the-document-a-session-opens.md	0
d3664f66-a259-413c-92f9-71ea3a398304	docs/process/obligations/0203-three-small-run-tooling-gaps-from-run-20260922-1121-filed-together.md	0
d3664f66-a259-413c-92f9-71ea3a398304	docs/process/obligations/0225-eight-run-tooling-gaps-from-run-20260929-1205-filed-together.md	0
d3664f66-a259-413c-92f9-71ea3a398304	docs/requirements/0001-the-engine-reaches-no-network-at-check-time.md	0
d3664f66-a259-413c-92f9-71ea3a398304	missing	0
d3c9a2ee-9c73-4572-a178-3b119efcecf1	docs/decisions/0004-relation-storage.md	0
d3c9a2ee-9c73-4572-a178-3b119efcecf1	docs/decisions/0041-q41-whether-vale-becomes-a-declared-regime-backend.md	0
d3c9a2ee-9c73-4572-a178-3b119efcecf1	docs/evaluations/capability-bundle-address-inventory.md	0
d3c9a2ee-9c73-4572-a178-3b119efcecf1	docs/evaluations/the-pointer-probe-grades-a-session-against-the-router-s-own-first-pick-so-a-correct-session-that-declines-a-wrong-pointer-fails.md	0
d3c9a2ee-9c73-4572-a178-3b119efcecf1	docs/evaluations/the-three-discovery-misses-of-2026-09-16-have-three-different-mechanisms-and-only-one-is-routing-precision.md	0
d3c9a2ee-9c73-4572-a178-3b119efcecf1	docs/obligations/0044-a-generated-index-labels-a-document-with-its-identifier.md	0
d3c9a2ee-9c73-4572-a178-3b119efcecf1	docs/obligations/0112-a-surface-cannot-move-the-assisted-fraction-of-a-run.md	0
d3c9a2ee-9c73-4572-a178-3b119efcecf1	docs/obligations/0129-spec-12-calls-two-phase-a-outcomes-structural-findings-and-the-engine-emits-none.md	0
d3c9a2ee-9c73-4572-a178-3b119efcecf1	docs/obligations/0141-an-identifier-scheme-names-no-prefix-so-an-rdf-projection-derives-a-document-iri-from-a-file-path.md	1
d3c9a2ee-9c73-4572-a178-3b119efcecf1	docs/obligations/0179-the-commit-gate-checks-prose-with-a-binary-it-never-compares-against-the-engine-sources.md	0
d3c9a2ee-9c73-4572-a178-3b119efcecf1	docs/obligations/0183-no-mechanism-holds-a-committed-binary-asset-against-a-run.md	0
d3c9a2ee-9c73-4572-a178-3b119efcecf1	docs/obligations/0205-hw-obl-0002-s-sample-counts-and-voice-rs-s-own-census-predate-the-scent-role-fix-and-need-retaking.md	1
d3c9a2ee-9c73-4572-a178-3b119efcecf1	docs/probes/a-session-answers-from-the-register-without-opening-the-question-it-replaced.md	0
d3c9a2ee-9c73-4572-a178-3b119efcecf1	docs/process/decisions/0004-coordination-is-a-create-only-claim-and-authority-stays-on-the-tree.md	0
d3c9a2ee-9c73-4572-a178-3b119efcecf1	docs/process/obligations/0177-the-value-rule-writes-adopter-on-every-self-audit-record-and-most-of-them-wait-on-a-build.md	0
d3c9a2ee-9c73-4572-a178-3b119efcecf1	missing	1
d457c918-cbbb-49e4-b477-dfc5efafb928	docs/decisions/0025-q25-where-the-namespace-goes-in-an-identifier-and-who-declares-it.md	0
d457c918-cbbb-49e4-b477-dfc5efafb928	docs/decisions/0049-a-corpus-wide-fold-is-derived-and-never-stored.md	1
d457c918-cbbb-49e4-b477-dfc5efafb928	docs/how-to/diagnose-an-isolation-failure.md	1
d457c918-cbbb-49e4-b477-dfc5efafb928	docs/interfaces/headwater-capture.md	0
d457c918-cbbb-49e4-b477-dfc5efafb928	docs/interfaces/headwater-derived.md	0
d457c918-cbbb-49e4-b477-dfc5efafb928	docs/interfaces/headwater-generate.md	1
d457c918-cbbb-49e4-b477-dfc5efafb928	docs/interfaces/headwater-infer.md	0
d457c918-cbbb-49e4-b477-dfc5efafb928	docs/interfaces/headwater-new.md	0
d457c918-cbbb-49e4-b477-dfc5efafb928	docs/obligations/0124-a-probe-result-is-printed-and-never-committed-so-nothing-regenerates-one.md	0
d457c918-cbbb-49e4-b477-dfc5efafb928	docs/obligations/0144-the-cache-identity-test-reads-the-live-working-tree-so-an-edit-during-the-run-reports-the-correctness-root-as-violated.md	0
d457c918-cbbb-49e4-b477-dfc5efafb928	docs/obligations/0173-four-inline-gates-in-the-workflow-decide-an-exit-status-and-no-suite-provokes-one.md	0
d457c918-cbbb-49e4-b477-dfc5efafb928	docs/obligations/0199-an-observation-snapshot-records-a-commit-and-nothing-reads-it-back.md	0
d457c918-cbbb-49e4-b477-dfc5efafb928	docs/probes/a-session-answers-from-the-register-without-opening-the-question-it-replaced.md	0
d457c918-cbbb-49e4-b477-dfc5efafb928	docs/process/decisions/0004-coordination-is-a-create-only-claim-and-authority-stays-on-the-tree.md	1
d457c918-cbbb-49e4-b477-dfc5efafb928	docs/reviews/core-concepts-findings-assessment.md	0
d457c918-cbbb-49e4-b477-dfc5efafb928	missing	0
d4d0b880-aed6-48fe-9123-6dd7693cbbeb	docs/decisions/0080-q66-the-corpus-dashboard-ships-free-and-self-hosted-with-tenant-isolation-stated-as-a-data-model-constraint-from-day-one.md	0
d4d0b880-aed6-48fe-9123-6dd7693cbbeb	docs/probe-results/campaign-of-2026-09-28-campaign-tier-present-arm-sufficiency.md	0
d4d0b880-aed6-48fe-9123-6dd7693cbbeb	docs/probe-results/campaign-of-2026-09-28-documentation-tier-absent-arm-sufficiency.md	0
d4d0b880-aed6-48fe-9123-6dd7693cbbeb	docs/probe-results/campaign-of-2026-09-30-documentation-tier-absent-arm-sufficiency.md	0
d4d0b880-aed6-48fe-9123-6dd7693cbbeb	docs/probe-results/regression-probe-transcript-for-2026-09-09.md	0
d4d0b880-aed6-48fe-9123-6dd7693cbbeb	docs/probe-results/regression-probe-transcript-for-2026-09-11.md	0
d4d0b880-aed6-48fe-9123-6dd7693cbbeb	docs/probe-results/regression-probe-transcript-for-2026-09-16.md	0
d4d0b880-aed6-48fe-9123-6dd7693cbbeb	docs/probe-results/regression-probe-transcript-for-2026-09-17-after-the-probe-corrections.md	0
d4d0b880-aed6-48fe-9123-6dd7693cbbeb	docs/probe-results/regression-probe-transcript-for-2026-09-17.md	0
d4d0b880-aed6-48fe-9123-6dd7693cbbeb	docs/probe-results/status-probe-pilot-of-2026-09-29-campaign-tier-present-arm-sufficiency.md	0
d4d0b880-aed6-48fe-9123-6dd7693cbbeb	missing	1
d5f37f6c-eef2-4849-ab43-26f75de1c546	docs/decisions/0029-q29-whether-a-corpus-root-may-contain-code-and-what-an-interface-contract-may-reach.md	0
d5f37f6c-eef2-4849-ab43-26f75de1c546	docs/decisions/0038-q38-which-link-relation-a-rendered-page-carries-to-the-served-corpus-descriptor.md	0
d5f37f6c-eef2-4849-ab43-26f75de1c546	docs/decisions/0067-the-vendored-package-root-moves-under-headwater-and-the-old-root-is-named-in-a-refusal.md	0
d5f37f6c-eef2-4849-ab43-26f75de1c546	docs/decisions/0094-the-apt-repository-is-served-from-headwater-tools-and-signed-by-a-subkey-the-owner-s-offline-key-certifies.md	0
d5f37f6c-eef2-4849-ab43-26f75de1c546	docs/evaluations/what-a-check-can-know.md	0
d5f37f6c-eef2-4849-ab43-26f75de1c546	docs/how-to/rotate-or-revoke-the-apt-signing-subkey.md	0
d5f37f6c-eef2-4849-ab43-26f75de1c546	docs/how-to/wire-headwater-check-into-your-own-workflow.md	0
d5f37f6c-eef2-4849-ab43-26f75de1c546	docs/interfaces/headwater-change.md	0
d5f37f6c-eef2-4849-ab43-26f75de1c546	docs/interfaces/headwater-show.md	0
d5f37f6c-eef2-4849-ab43-26f75de1c546	docs/obligations/0107-the-base-package-ships-a-kind-that-the-scaffolder-refuses-to-write.md	0
d5f37f6c-eef2-4849-ab43-26f75de1c546	docs/obligations/0136-seven-rustdoc-relative-links-in-comments-point-at-pages-the-doc-tree-does-not-have.md	0
d5f37f6c-eef2-4849-ab43-26f75de1c546	docs/obligations/0174-publishing-the-base-package-reports-51-references-that-resolve-nowhere-and-exits-0.md	0
d5f37f6c-eef2-4849-ab43-26f75de1c546	docs/obligations/0176-a-blessed-fixture-is-read-by-a-sibling-case-that-runs-while-the-write-truncates-it.md	0
d5f37f6c-eef2-4849-ab43-26f75de1c546	docs/process/obligations/0203-three-small-run-tooling-gaps-from-run-20260922-1121-filed-together.md	0
d5f37f6c-eef2-4849-ab43-26f75de1c546	docs/requirements/0001-the-engine-reaches-no-network-at-check-time.md	0
d5f37f6c-eef2-4849-ab43-26f75de1c546	missing	0
d7275df9-c569-419d-addb-18597ff4fd0b	docs/decisions/0035-q35-whether-one-requirement-kind-holds-an-imported-requirement-and-an-authored-one.md	2
d7275df9-c569-419d-addb-18597ff4fd0b	docs/decisions/0044-q44-whether-bundles-decompose-into-capabilities-and-assemblies-compose-practices.md	0
d7275df9-c569-419d-addb-18597ff4fd0b	docs/evaluations/adjacent-work.md	1
d7275df9-c569-419d-addb-18597ff4fd0b	docs/evaluations/specifying-the-engine.md	2
d7275df9-c569-419d-addb-18597ff4fd0b	docs/how-to/relocate-a-shelf.md	0
d7275df9-c569-419d-addb-18597ff4fd0b	docs/obligations/0051-downstream-delivery-of-a-standards-corpus.md	0
d7275df9-c569-419d-addb-18597ff4fd0b	docs/obligations/0062-a-relation-may-admit-a-document-and-an-anchor-and-no-rule.md	1
d7275df9-c569-419d-addb-18597ff4fd0b	docs/probes/a-session-names-the-event-that-makes-a-document-accepted.md	0
d7275df9-c569-419d-addb-18597ff4fd0b	docs/process/decisions/0024-a-document-that-moves-to-a-process-shelf-keeps-its-identifier.md	0
d7275df9-c569-419d-addb-18597ff4fd0b	docs/requirements/0002-every-document-of-a-kind-that-requires-sections-carries-all-of-them.md	0
d7275df9-c569-419d-addb-18597ff4fd0b	docs/spec/08-design-departures.md	0
d7275df9-c569-419d-addb-18597ff4fd0b	docs/subsystems/parse-and-census.md	0
d7275df9-c569-419d-addb-18597ff4fd0b	docs/taxonomies/brd-prd/doctrine.md	1
d7275df9-c569-419d-addb-18597ff4fd0b	docs/taxonomies/design-spec/doctrine.md	1
d7275df9-c569-419d-addb-18597ff4fd0b	docs/taxonomies/evidence-and-obligation/doctrine.md	0
d7275df9-c569-419d-addb-18597ff4fd0b	missing	1
d7370ab8-f847-4c5f-9d92-6b85c7ca33ef	docs/acceptance-criteria/0005-the-governing-documents-of-a-path-are-the-same-for-every-spelling-of-it-and-a-path-no-anchor-matches-has-none.md	0
d7370ab8-f847-4c5f-9d92-6b85c7ca33ef	docs/decisions/0038-q38-which-link-relation-a-rendered-page-carries-to-the-served-corpus-descriptor.md	0
d7370ab8-f847-4c5f-9d92-6b85c7ca33ef	docs/decisions/0090-each-release-states-in-its-notes-the-release-digest-that-a-consumer-pins.md	1
d7370ab8-f847-4c5f-9d92-6b85c7ca33ef	docs/decisions/0092-the-citation-comment-of-spec-5-is-for-an-adopter-s-corpus-and-this-repository-does-not-practice-it-on-its-own-code.md	0
d7370ab8-f847-4c5f-9d92-6b85c7ca33ef	docs/decisions/0094-the-apt-repository-is-served-from-headwater-tools-and-signed-by-a-subkey-the-owner-s-offline-key-certifies.md	1
d7370ab8-f847-4c5f-9d92-6b85c7ca33ef	docs/decisions/0102-an-editor-integration-starts-headwater-mcp-for-each-query-and-does-not-embed-the-library.md	2
d7370ab8-f847-4c5f-9d92-6b85c7ca33ef	docs/evaluations/linkml-worked-example.md	0
d7370ab8-f847-4c5f-9d92-6b85c7ca33ef	docs/how-to/rotate-or-revoke-the-apt-signing-subkey.md	0
d7370ab8-f847-4c5f-9d92-6b85c7ca33ef	docs/how-to/wire-headwater-check-into-your-own-workflow.md	1
d7370ab8-f847-4c5f-9d92-6b85c7ca33ef	docs/interfaces/headwater-show.md	0
d7370ab8-f847-4c5f-9d92-6b85c7ca33ef	docs/obligations/0029-what-headwater-query-takes.md	0
d7370ab8-f847-4c5f-9d92-6b85c7ca33ef	docs/obligations/0117-a-cached-verdict-about-an-anchor-survives-the-change-that-falsifies-it.md	0
d7370ab8-f847-4c5f-9d92-6b85c7ca33ef	docs/spec/00-vision-and-scope.md	0
d7370ab8-f847-4c5f-9d92-6b85c7ca33ef	docs/subsystems/queries-and-explain.md	0
d7370ab8-f847-4c5f-9d92-6b85c7ca33ef	docs/tutorials/your-first-governed-corpus.md	0
d7370ab8-f847-4c5f-9d92-6b85c7ca33ef	missing	1
d7f1c1a5-f61a-49f8-8bc3-011e87627190	docs/decisions/0040-q40-whether-extends-bundle-requires-and-an-overlay-s-taxonomy-key-are-a-mechanism-or-a-label.md	0
d7f1c1a5-f61a-49f8-8bc3-011e87627190	docs/decisions/0068-the-front-matter-key-that-carries-a-minted-identifier-is-id.md	0
d7f1c1a5-f61a-49f8-8bc3-011e87627190	docs/interfaces/headwater-gate.md	0
d7f1c1a5-f61a-49f8-8bc3-011e87627190	docs/obligations/0049-the-meta-schema-closes-eight-value-sets-that-nothing-states.md	0
d7f1c1a5-f61a-49f8-8bc3-011e87627190	docs/obligations/0073-the-prior-version-still-owes-the-key-edit-that-the-clock.md	0
d7f1c1a5-f61a-49f8-8bc3-011e87627190	docs/obligations/0122-nothing-holds-the-conformance-rule-set-of-a-package-a-consumer-takes-from-source.md	0
d7f1c1a5-f61a-49f8-8bc3-011e87627190	docs/obligations/0130-the-publication-date-of-this-repository-is-unset-and-the-owner-alone-sets-it.md	0
d7f1c1a5-f61a-49f8-8bc3-011e87627190	docs/obligations/0132-survey-the-wiring-decisions-of-main-rs-verb-by-verb-and-cover-the-quiet-ones.md	0
d7f1c1a5-f61a-49f8-8bc3-011e87627190	docs/obligations/0142-the-obligation-register-states-its-own-size-by-hand-and-it-went-stale-three-times-in-two-days.md	0
d7f1c1a5-f61a-49f8-8bc3-011e87627190	docs/obligations/0205-hw-obl-0002-s-sample-counts-and-voice-rs-s-own-census-predate-the-scent-role-fix-and-need-retaking.md	0
d7f1c1a5-f61a-49f8-8bc3-011e87627190	docs/probe-runs/regression-probe-transcript-for-2026-09-11.md	0
d7f1c1a5-f61a-49f8-8bc3-011e87627190	missing	1
d8187a87-01a3-44fd-8b19-468ecc7f76a7	docs/decisions/0031-q31-whether-this-repository-becomes-public-and-when.md	0
d8187a87-01a3-44fd-8b19-468ecc7f76a7	docs/decisions/0061-q61-how-a-recorded-terminal-demonstration-is-held-against-a-run.md	0
d8187a87-01a3-44fd-8b19-468ecc7f76a7	docs/evaluations/two-triggers-one-verdict-how-this-repository-s-ci-decides-where-a-job-runs-and-what-it-trusts.md	2
d8187a87-01a3-44fd-8b19-468ecc7f76a7	docs/evaluations/what-a-check-can-know.md	0
d8187a87-01a3-44fd-8b19-468ecc7f76a7	docs/interfaces/headwater-json.md	0
d8187a87-01a3-44fd-8b19-468ecc7f76a7	docs/obligations/0001-the-promotion-fix-has-no-reading-of-the-assisted-fraction.md	0
d8187a87-01a3-44fd-8b19-468ecc7f76a7	docs/obligations/0072-a-cache-of-check-results-does-not-make-a-run-proportional.md	0
d8187a87-01a3-44fd-8b19-468ecc7f76a7	docs/obligations/0121-three-conformance-rules-name-an-attestation-that-no-record-format-exists-for.md	0
d8187a87-01a3-44fd-8b19-468ecc7f76a7	docs/obligations/0181-an-unresolved-prose-link-reaches-a-run-as-a-graph-fact-and-no-rule-turns-it-into-a-finding.md	0
d8187a87-01a3-44fd-8b19-468ecc7f76a7	docs/obligations/0206-hw-run-policy-names-a-worktree-add-workaround-that-write-edit-refuses-under-this-harness.md	0
d8187a87-01a3-44fd-8b19-468ecc7f76a7	docs/process/decisions/0005-the-ledger-is-split-its-tabular-parts-are-jsonl-and-its-totals-are-derived.md	0
d8187a87-01a3-44fd-8b19-468ecc7f76a7	docs/process/decisions/0006-the-entrypoint-keeps-its-name-and-becomes-a-resumable-run.md	0
d8187a87-01a3-44fd-8b19-468ecc7f76a7	docs/reviews/core-concepts-review-findings-2.md	0
d8187a87-01a3-44fd-8b19-468ecc7f76a7	docs/spec/08-design-departures.md	0
d8187a87-01a3-44fd-8b19-468ecc7f76a7	docs/spec/16-harness-support.md	0
d8187a87-01a3-44fd-8b19-468ecc7f76a7	missing	1
d8844170-3d6d-44d8-9f1a-f1c84dc012b4	docs/acceptance-criteria/0002-every-required-section-of-every-governed-document-has-a-heading.md	0
d8844170-3d6d-44d8-9f1a-f1c84dc012b4	docs/decisions/0031-q31-whether-this-repository-becomes-public-and-when.md	0
d8844170-3d6d-44d8-9f1a-f1c84dc012b4	docs/decisions/0060-the-engine-s-version-stays-one-number-and-a-build-s-exact-commit-is-a-separate-unwired-fact.md	0
d8844170-3d6d-44d8-9f1a-f1c84dc012b4	docs/evaluations/the-build-order-as-a-multi-agent-system.md	1
d8844170-3d6d-44d8-9f1a-f1c84dc012b4	docs/how-to/diagnose-an-isolation-failure.md	0
d8844170-3d6d-44d8-9f1a-f1c84dc012b4	docs/obligations/0026-the-operational-shape-of-a-hosted-server-is-unstated.md	0
d8844170-3d6d-44d8-9f1a-f1c84dc012b4	docs/obligations/0057-a-retrofit-cannot-recover-the-two-dates-or-the-acceptance.md	0
d8844170-3d6d-44d8-9f1a-f1c84dc012b4	docs/obligations/0130-the-publication-date-of-this-repository-is-unset-and-the-owner-alone-sets-it.md	0
d8844170-3d6d-44d8-9f1a-f1c84dc012b4	docs/obligations/0182-the-publish-crates-retry-loop-has-no-retry-ceiling.md	0
d8844170-3d6d-44d8-9f1a-f1c84dc012b4	docs/obligations/0204-docs-decisions-0077-still-describes-hw-dr-0049-s-rewrite-as-pending-after-574-made-it.md	0
d8844170-3d6d-44d8-9f1a-f1c84dc012b4	docs/obligations/0205-hw-obl-0002-s-sample-counts-and-voice-rs-s-own-census-predate-the-scent-role-fix-and-need-retaking.md	0
d8844170-3d6d-44d8-9f1a-f1c84dc012b4	docs/obligations/0207-the-plan-usage-of-one-issue-is-known-only-as-the-average-of-its-run.md	1
d8844170-3d6d-44d8-9f1a-f1c84dc012b4	docs/probe-runs/regression-probe-transcript-for-2026-09-11.md	0
d8844170-3d6d-44d8-9f1a-f1c84dc012b4	docs/spec/12-check-layer.md	0
d8844170-3d6d-44d8-9f1a-f1c84dc012b4	docs/spec/17-orchestration-architecture.md	1
d8844170-3d6d-44d8-9f1a-f1c84dc012b4	missing	1
d8d709c0-267b-4a3d-8e57-9ec2a70490bb	docs/decisions/0034-q34-whether-acceptance-means-merged-to-main-and-what-an-agent-may-write-before-that.md	1
d8d709c0-267b-4a3d-8e57-9ec2a70490bb	docs/decisions/0043-q43-whether-a-refusal-under-json-is-a-json-document.md	0
d8d709c0-267b-4a3d-8e57-9ec2a70490bb	docs/decisions/0075-the-vendor-verb-may-take-a-location-and-the-fetch-lives-only-in-a-crate-the-checking-loop-never-links.md	0
d8d709c0-267b-4a3d-8e57-9ec2a70490bb	docs/obligations/0011-nothing-has-been-promoted-out-of-the-synthesized-tier.md	0
d8d709c0-267b-4a3d-8e57-9ec2a70490bb	docs/obligations/0033-a-required-declaration-that-an-overlay-may-supply.md	0
d8d709c0-267b-4a3d-8e57-9ec2a70490bb	docs/obligations/0035-section-contracts-in-the-base.md	0
d8d709c0-267b-4a3d-8e57-9ec2a70490bb	docs/obligations/0041-no-declaration-expresses-a-rule-about-content-or-state-over.md	0
d8d709c0-267b-4a3d-8e57-9ec2a70490bb	docs/obligations/0047-the-scope-of-a-sub-document-identifier.md	0
d8d709c0-267b-4a3d-8e57-9ec2a70490bb	docs/obligations/0102-two-documents-state-what-voids-a-verdict-and-they-do-not.md	0
d8d709c0-267b-4a3d-8e57-9ec2a70490bb	docs/obligations/0134-the-comment-prose-defines-by-contrast-979-times-in-179-000-words-and-no-mechanism-here-performs-an-editorial-pass.md	0
d8d709c0-267b-4a3d-8e57-9ec2a70490bb	docs/obligations/0144-the-cache-identity-test-reads-the-live-working-tree-so-an-edit-during-the-run-reports-the-correctness-root-as-violated.md	0
d8d709c0-267b-4a3d-8e57-9ec2a70490bb	docs/obligations/0167-the-default-branch-requires-no-approving-review-which-is-the-condition-hw-dr-0034-named-as-reopening-it.md	0
d8d709c0-267b-4a3d-8e57-9ec2a70490bb	docs/obligations/0185-whether-an-admitted-library-entry-may-require-a-bundle-that-admission-refuses.md	0
d8d709c0-267b-4a3d-8e57-9ec2a70490bb	missing	0
d967a03a-bac1-4969-a3bb-30bb3db321bf	docs/decisions/0080-q66-the-corpus-dashboard-ships-free-and-self-hosted-with-tenant-isolation-stated-as-a-data-model-constraint-from-day-one.md	0
d967a03a-bac1-4969-a3bb-30bb3db321bf	docs/evaluations/one-clone-many-agents-how-this-repository-isolates-the-sessions-that-build-it.md	0
d967a03a-bac1-4969-a3bb-30bb3db321bf	docs/how-to/relocate-a-shelf.md	0
d967a03a-bac1-4969-a3bb-30bb3db321bf	docs/interfaces/headwater-json.md	0
d967a03a-bac1-4969-a3bb-30bb3db321bf	docs/interfaces/headwater-probe.md	0
d967a03a-bac1-4969-a3bb-30bb3db321bf	docs/interfaces/headwater-route.md	0
d967a03a-bac1-4969-a3bb-30bb3db321bf	docs/obligations/0018-the-bundle-set-is-a-guess-about-how-adopters-cluster.md	0
d967a03a-bac1-4969-a3bb-30bb3db321bf	docs/obligations/0073-the-prior-version-still-owes-the-key-edit-that-the-clock.md	0
d967a03a-bac1-4969-a3bb-30bb3db321bf	docs/obligations/0076-a-generated-check-reads-its-severity-from-the-taxonomy.md	0
d967a03a-bac1-4969-a3bb-30bb3db321bf	docs/obligations/0080-changed-only-is-the-content-addressed-cache-under-another-name.md	0
d967a03a-bac1-4969-a3bb-30bb3db321bf	docs/obligations/0100-the-size-of-a-committed-snapshot-with-full-requirement-text.md	0
d967a03a-bac1-4969-a3bb-30bb3db321bf	docs/obligations/0117-a-cached-verdict-about-an-anchor-survives-the-change-that-falsifies-it.md	0
d967a03a-bac1-4969-a3bb-30bb3db321bf	docs/process/decisions/0005-the-ledger-is-split-its-tabular-parts-are-jsonl-and-its-totals-are-derived.md	0
d967a03a-bac1-4969-a3bb-30bb3db321bf	docs/process/decisions/0007-a-background-wait-caps-below-the-cache-lifetime-and-re-issues-itself.md	0
d967a03a-bac1-4969-a3bb-30bb3db321bf	docs/requirements/0002-every-document-of-a-kind-that-requires-sections-carries-all-of-them.md	0
d967a03a-bac1-4969-a3bb-30bb3db321bf	missing	0
d98feed8-2032-4d52-a8e1-10e310c05849	docs/decisions/0052-a-document-is-proposed-at-the-state-it-will-hold-and-the-merge-activates-it.md	0
d98feed8-2032-4d52-a8e1-10e310c05849	docs/evaluations/why-corpus-counts-are-derived-not-stored.md	1
d98feed8-2032-4d52-a8e1-10e310c05849	docs/how-to/diagnose-an-isolation-failure.md	1
d98feed8-2032-4d52-a8e1-10e310c05849	docs/obligations/0017-publishing-the-read-set-skips-a-re-run-on-two-of-the-eighteen.md	0
d98feed8-2032-4d52-a8e1-10e310c05849	docs/obligations/0204-docs-decisions-0077-still-describes-hw-dr-0049-s-rewrite-as-pending-after-574-made-it.md	0
d98feed8-2032-4d52-a8e1-10e310c05849	docs/obligations/0212-ci-done-sh-reads-a-cancelled-run-of-another-branch-as-a-red-result-on-a-main-merge-commit.md	1
d98feed8-2032-4d52-a8e1-10e310c05849	docs/obligations/0216-two-merge-hooks-of-this-repository-print-a-resolve-flag-that-the-verb-refuses.md	1
d98feed8-2032-4d52-a8e1-10e310c05849	docs/process/decisions/0017-ci-concurrency-is-per-ref-and-every-ref-but-main-cancels-a-superseded-run.md	1
d98feed8-2032-4d52-a8e1-10e310c05849	docs/process/decisions/0020-merges-go-through-the-github-merge-queue-one-squash-commit-per-pull-request.md	2
d98feed8-2032-4d52-a8e1-10e310c05849	docs/process/decisions/0023-a-build-order-parent-restarts-every-few-merges-drains-to-zero-first-and-resumes-from-the-handover-files-on-disk.md	0
d98feed8-2032-4d52-a8e1-10e310c05849	missing	0
da53f52f-fe97-42b0-aaaa-12baa488cd2f	docs/decisions/0029-q29-whether-a-corpus-root-may-contain-code-and-what-an-interface-contract-may-reach.md	0
da53f52f-fe97-42b0-aaaa-12baa488cd2f	docs/decisions/0080-q66-the-corpus-dashboard-ships-free-and-self-hosted-with-tenant-isolation-stated-as-a-data-model-constraint-from-day-one.md	1
da53f52f-fe97-42b0-aaaa-12baa488cd2f	docs/how-to/diagnose-an-isolation-failure.md	0
da53f52f-fe97-42b0-aaaa-12baa488cd2f	docs/how-to/publish-your-corpus-as-a-site.md	0
da53f52f-fe97-42b0-aaaa-12baa488cd2f	docs/interfaces/headwater-capture.md	0
da53f52f-fe97-42b0-aaaa-12baa488cd2f	docs/interfaces/headwater-route.md	1
da53f52f-fe97-42b0-aaaa-12baa488cd2f	docs/interfaces/headwater-site.md	0
da53f52f-fe97-42b0-aaaa-12baa488cd2f	docs/obligations/0071-a-corpus-scoped-check-makes-the-coverage-rule-unreachable.md	0
da53f52f-fe97-42b0-aaaa-12baa488cd2f	docs/obligations/0097-whether-the-four-modes-of-di-taxis-are-the-kind-set.md	0
da53f52f-fe97-42b0-aaaa-12baa488cd2f	docs/obligations/0117-a-cached-verdict-about-an-anchor-survives-the-change-that-falsifies-it.md	0
da53f52f-fe97-42b0-aaaa-12baa488cd2f	docs/obligations/0226-six-corpus-gaps-from-run-20260929-1205-filed-together.md	0
da53f52f-fe97-42b0-aaaa-12baa488cd2f	docs/requirements/0005-a-code-path-names-every-document-that-governs-it.md	1
da53f52f-fe97-42b0-aaaa-12baa488cd2f	docs/spec/08-design-departures.md	1
da53f52f-fe97-42b0-aaaa-12baa488cd2f	docs/subsystems/parse-and-census.md	1
da53f52f-fe97-42b0-aaaa-12baa488cd2f	missing	1
da74db73-2059-442c-884e-a30208581e56	docs/acceptance-criteria/0001-no-source-file-of-the-engine-names-a-network-api-and-no-locked-dependency-provides-one.md	0
da74db73-2059-442c-884e-a30208581e56	docs/decisions/0060-the-engine-s-version-stays-one-number-and-a-build-s-exact-commit-is-a-separate-unwired-fact.md	0
da74db73-2059-442c-884e-a30208581e56	docs/decisions/0062-a-refused-recording-is-held-by-the-reliance-its-state-claims-and-not-by-promotion.md	0
da74db73-2059-442c-884e-a30208581e56	docs/evaluations/two-triggers-one-verdict-how-this-repository-s-ci-decides-where-a-job-runs-and-what-it-trusts.md	0
da74db73-2059-442c-884e-a30208581e56	docs/interfaces/headwater-init.md	0
da74db73-2059-442c-884e-a30208581e56	docs/interfaces/headwater-json.md	0
da74db73-2059-442c-884e-a30208581e56	docs/interfaces/headwater-show.md	0
da74db73-2059-442c-884e-a30208581e56	docs/obligations/0017-publishing-the-read-set-skips-a-re-run-on-two-of-the-eighteen.md	0
da74db73-2059-442c-884e-a30208581e56	docs/obligations/0136-seven-rustdoc-relative-links-in-comments-point-at-pages-the-doc-tree-does-not-have.md	0
da74db73-2059-442c-884e-a30208581e56	docs/obligations/0148-the-help-assertion-never-asks-a-subcommand-and-no-rust-version-declares-the-floor-clap-now-sits-on.md	0
da74db73-2059-442c-884e-a30208581e56	docs/obligations/0206-hw-run-policy-names-a-worktree-add-workaround-that-write-edit-refuses-under-this-harness.md	0
da74db73-2059-442c-884e-a30208581e56	docs/obligations/0213-ci-builds-no-mkdocs-site-so-a-generated-page-under-docs-is-never-checked-against-a-strict-build-before-merge.md	0
da74db73-2059-442c-884e-a30208581e56	docs/process/decisions/0015-a-condition-in-ci-may-take-work-away-and-never-grant-it-so-one-run-per-commit-comes-from-a-job-level-if.md	0
da74db73-2059-442c-884e-a30208581e56	docs/requirements/0001-the-engine-reaches-no-network-at-check-time.md	0
da74db73-2059-442c-884e-a30208581e56	docs/spec/13-open-obligations.md	0
da74db73-2059-442c-884e-a30208581e56	missing	1
db203fd4-7ae0-4e85-aff2-efc89a5eac83	docs/acceptance-criteria/0002-every-required-section-of-every-governed-document-has-a-heading.md	0
db203fd4-7ae0-4e85-aff2-efc89a5eac83	docs/decisions/0057-a-shelf-layout-is-the-second-half-of-what-the-identifier-claim-store-covers.md	0
db203fd4-7ae0-4e85-aff2-efc89a5eac83	docs/decisions/0063-every-required-facet-of-a-generated-document-is-derived-and-the-emitter-composes-the-summary.md	0
db203fd4-7ae0-4e85-aff2-efc89a5eac83	docs/evaluations/adjacent-work.md	0
db203fd4-7ae0-4e85-aff2-efc89a5eac83	docs/evaluations/default-taxonomy-first-run.md	0
db203fd4-7ae0-4e85-aff2-efc89a5eac83	docs/evaluations/language-choice.md	0
db203fd4-7ae0-4e85-aff2-efc89a5eac83	docs/evaluations/n8n-worked-example.md	0
db203fd4-7ae0-4e85-aff2-efc89a5eac83	docs/evaluations/theoretical-foundations.md	0
db203fd4-7ae0-4e85-aff2-efc89a5eac83	docs/obligations/0100-the-size-of-a-committed-snapshot-with-full-requirement-text.md	0
db203fd4-7ae0-4e85-aff2-efc89a5eac83	docs/obligations/0201-no-coverage-or-mutation-measurement-has-ever-been-taken-over-the-engine-s-test-suite.md	0
db203fd4-7ae0-4e85-aff2-efc89a5eac83	docs/obligations/0218-the-opening-sentence-of-the-self-found-list-in-spec-13-counts-forty-nine-items-in-ranges-that-do-not-match-the-list.md	0
db203fd4-7ae0-4e85-aff2-efc89a5eac83	docs/probes/an-agent-reaches-the-adjudication-from-the-document-that-lost-it.md	0
db203fd4-7ae0-4e85-aff2-efc89a5eac83	docs/reviews/the-sixty-four-restored-help-strings-checked-against-the-binary.md	0
db203fd4-7ae0-4e85-aff2-efc89a5eac83	docs/spec/17-orchestration-architecture.md	0
db203fd4-7ae0-4e85-aff2-efc89a5eac83	docs/taxonomies/diataxis-site/doctrine.md	0
db203fd4-7ae0-4e85-aff2-efc89a5eac83	missing	1
db8e62af-829a-4e1e-a4e8-06fb258de53a	docs/decisions/0023-the-engine-lint-floor.md	0
db8e62af-829a-4e1e-a4e8-06fb258de53a	docs/decisions/0037-q37-which-parts-of-the-site-are-hand-built-and-which-are-a-projection-of-this-corpus.md	1
db8e62af-829a-4e1e-a4e8-06fb258de53a	docs/decisions/0039-q39-how-a-figure-reaches-a-hand-built-page.md	1
db8e62af-829a-4e1e-a4e8-06fb258de53a	docs/decisions/0052-a-document-is-proposed-at-the-state-it-will-hold-and-the-merge-activates-it.md	1
db8e62af-829a-4e1e-a4e8-06fb258de53a	docs/evaluations/n8n-worked-example.md	0
db8e62af-829a-4e1e-a4e8-06fb258de53a	docs/how-to/wire-headwater-check-into-your-own-workflow.md	0
db8e62af-829a-4e1e-a4e8-06fb258de53a	docs/interfaces/headwater-change.md	0
db8e62af-829a-4e1e-a4e8-06fb258de53a	docs/interfaces/headwater-check.md	1
db8e62af-829a-4e1e-a4e8-06fb258de53a	docs/interfaces/headwater-sweep.md	0
db8e62af-829a-4e1e-a4e8-06fb258de53a	docs/obligations/0204-docs-decisions-0077-still-describes-hw-dr-0049-s-rewrite-as-pending-after-574-made-it.md	0
db8e62af-829a-4e1e-a4e8-06fb258de53a	docs/obligations/0212-ci-done-sh-reads-a-cancelled-run-of-another-branch-as-a-red-result-on-a-main-merge-commit.md	1
db8e62af-829a-4e1e-a4e8-06fb258de53a	docs/obligations/0215-a-bless-run-of-the-conformance-render-tests-races-two-tests-over-one-fixture-file.md	0
db8e62af-829a-4e1e-a4e8-06fb258de53a	docs/obligations/0216-two-merge-hooks-of-this-repository-print-a-resolve-flag-that-the-verb-refuses.md	1
db8e62af-829a-4e1e-a4e8-06fb258de53a	docs/requirements/0001-the-engine-reaches-no-network-at-check-time.md	0
db8e62af-829a-4e1e-a4e8-06fb258de53a	missing	1
dc522a77-0b5c-42fb-9470-122b3edf43ad	docs/acceptance-criteria/0004-each-list-anchor-in-the-native-export-carries-its-sorted-members-and-a-single-pattern-carries-none.md	0
dc522a77-0b5c-42fb-9470-122b3edf43ad	docs/how-to/diagnose-an-isolation-failure.md	0
dc522a77-0b5c-42fb-9470-122b3edf43ad	docs/interfaces/headwater-help.md	0
dc522a77-0b5c-42fb-9470-122b3edf43ad	docs/interfaces/headwater-taxonomy.md	0
dc522a77-0b5c-42fb-9470-122b3edf43ad	docs/obligations/0163-ten-decision-records-claim-a-q-number-the-decision-register-does-not-carry.md	0
dc522a77-0b5c-42fb-9470-122b3edf43ad	docs/obligations/0193-admission-criterion-5-has-no-reading-for-an-entry-that-serves-neither-core-purpose.md	0
dc522a77-0b5c-42fb-9470-122b3edf43ad	docs/process/decisions/0006-the-entrypoint-keeps-its-name-and-becomes-a-resumable-run.md	1
dc522a77-0b5c-42fb-9470-122b3edf43ad	docs/process/decisions/0011-crates-publish-in-one-fixed-order-that-a-test-holds-and-a-rerun-continues-where-the-last-run-stopped.md	0
dc522a77-0b5c-42fb-9470-122b3edf43ad	docs/process/evaluations/the-build-order-as-a-multi-agent-system.md	1
dc522a77-0b5c-42fb-9470-122b3edf43ad	docs/process/obligations/0207-the-plan-usage-of-one-issue-is-known-only-as-the-average-of-its-run.md	0
dc522a77-0b5c-42fb-9470-122b3edf43ad	docs/process/obligations/0227-seven-run-tooling-gaps-from-run-20260929-2201-filed-together.md	0
dc522a77-0b5c-42fb-9470-122b3edf43ad	docs/process/specs/orchestration-architecture.md	1
dc522a77-0b5c-42fb-9470-122b3edf43ad	docs/verifications/0004-the-ingest-stubs-of-the-query-fixture-tree-prove-what-governs-a-path.md	0
dc522a77-0b5c-42fb-9470-122b3edf43ad	missing	0
dcc9fc6a-69db-4276-bc5c-624de55e06a2	docs/decisions/0031-q31-whether-this-repository-becomes-public-and-when.md	0
dcc9fc6a-69db-4276-bc5c-624de55e06a2	docs/decisions/0073-a-verification-is-a-kind-and-its-identity-is-minted-rather-than-found-in-the-code-that-cites-it.md	0
dcc9fc6a-69db-4276-bc5c-624de55e06a2	docs/decisions/0084-a-language-rule-reaches-front-door-prose-outside-the-corpus-root-and-no-other-rule-does.md	1
dcc9fc6a-69db-4276-bc5c-624de55e06a2	docs/decisions/0096-harper-does-not-become-part-of-the-engine-now-and-q41-stands.md	0
dcc9fc6a-69db-4276-bc5c-624de55e06a2	docs/evaluations/first-contact.md	1
dcc9fc6a-69db-4276-bc5c-624de55e06a2	docs/obligations/0082-the-lock-is-half-generated-and-half-authored-and-nothing.md	0
dcc9fc6a-69db-4276-bc5c-624de55e06a2	docs/obligations/0097-whether-the-four-modes-of-di-taxis-are-the-kind-set.md	0
dcc9fc6a-69db-4276-bc5c-624de55e06a2	docs/obligations/0175-two-documents-take-one-sequence-on-a-sequence-declaring-shelf-and-no-rule-reads-it.md	0
dcc9fc6a-69db-4276-bc5c-624de55e06a2	docs/obligations/0188-the-negative-compliance-edge-and-the-governance-precedence-clause-contradict.md	0
dcc9fc6a-69db-4276-bc5c-624de55e06a2	docs/obligations/0201-no-coverage-or-mutation-measurement-has-ever-been-taken-over-the-engine-s-test-suite.md	0
dcc9fc6a-69db-4276-bc5c-624de55e06a2	docs/obligations/0205-hw-obl-0002-s-sample-counts-and-voice-rs-s-own-census-predate-the-scent-role-fix-and-need-retaking.md	0
dcc9fc6a-69db-4276-bc5c-624de55e06a2	docs/process/obligations/0227-seven-run-tooling-gaps-from-run-20260929-2201-filed-together.md	0
dcc9fc6a-69db-4276-bc5c-624de55e06a2	docs/requirements/0002-every-document-of-a-kind-that-requires-sections-carries-all-of-them.md	0
dcc9fc6a-69db-4276-bc5c-624de55e06a2	docs/reviews/core-concepts-findings-assessment.md	0
dcc9fc6a-69db-4276-bc5c-624de55e06a2	docs/spec/glossary.md	0
dcc9fc6a-69db-4276-bc5c-624de55e06a2	missing	1
dcf1853e-a231-4cbe-9bf9-800b1f9654b3	docs/acceptance-criteria/0003-check-reports-a-document-path-written-as-a-relation-target-once-in-every-spelling-and-through-a-symlink.md	0
dcf1853e-a231-4cbe-9bf9-800b1f9654b3	docs/decisions/0089-a-taxonomy-release-publishes-the-source-at-the-tagged-commit-and-never-ships-the-vendored-copy.md	0
dcf1853e-a231-4cbe-9bf9-800b1f9654b3	docs/evaluations/harper-spike-results.md	0
dcf1853e-a231-4cbe-9bf9-800b1f9654b3	docs/explanations/how-a-headwater-release-reaches-an-adopter.md	0
dcf1853e-a231-4cbe-9bf9-800b1f9654b3	docs/how-to/relocate-a-shelf.md	0
dcf1853e-a231-4cbe-9bf9-800b1f9654b3	docs/interfaces/headwater-explain.md	1
dcf1853e-a231-4cbe-9bf9-800b1f9654b3	docs/interfaces/headwater-import.md	0
dcf1853e-a231-4cbe-9bf9-800b1f9654b3	docs/interfaces/headwater-infer.md	1
dcf1853e-a231-4cbe-9bf9-800b1f9654b3	docs/interfaces/headwater-new.md	1
dcf1853e-a231-4cbe-9bf9-800b1f9654b3	docs/obligations/0085-headwater-init-cannot-reach-a-package-that-is-not-already.md	0
dcf1853e-a231-4cbe-9bf9-800b1f9654b3	docs/obligations/0214-the-commit-gate-does-not-see-docs-taxonomies-readme-md-drift-from-its-vendored-copy.md	0
dcf1853e-a231-4cbe-9bf9-800b1f9654b3	docs/obligations/0223-no-run-measures-whether-the-documents-under-docs-change-what-an-agent-builds.md	1
dcf1853e-a231-4cbe-9bf9-800b1f9654b3	docs/process/decisions/0009-a-release-gets-all-its-assets-in-one-create-call-and-a-person-deletes-it-to-run-again.md	0
dcf1853e-a231-4cbe-9bf9-800b1f9654b3	docs/process/obligations/0221-subagents-read-skills-from-the-shared-checkout-and-a-worktree-isolated-integrator-cannot-fast-forward-it-after-a-merge.md	0
dcf1853e-a231-4cbe-9bf9-800b1f9654b3	docs/spec/07-distribution-and-federation.md	0
dcf1853e-a231-4cbe-9bf9-800b1f9654b3	missing	1
ddf71980-5ed6-4356-bd08-7634f65a6cda	docs/decisions/0031-q31-whether-this-repository-becomes-public-and-when.md	0
ddf71980-5ed6-4356-bd08-7634f65a6cda	docs/how-to/cut-a-release.md	0
ddf71980-5ed6-4356-bd08-7634f65a6cda	docs/how-to/diagnose-an-isolation-failure.md	0
ddf71980-5ed6-4356-bd08-7634f65a6cda	docs/how-to/rotate-or-revoke-the-apt-signing-subkey.md	0
ddf71980-5ed6-4356-bd08-7634f65a6cda	docs/interfaces/headwater-capture.md	0
ddf71980-5ed6-4356-bd08-7634f65a6cda	docs/obligations/0057-a-retrofit-cannot-recover-the-two-dates-or-the-acceptance.md	0
ddf71980-5ed6-4356-bd08-7634f65a6cda	docs/obligations/0130-the-publication-date-of-this-repository-is-unset-and-the-owner-alone-sets-it.md	0
ddf71980-5ed6-4356-bd08-7634f65a6cda	docs/probe-runs/campaign-of-2026-09-28-campaign-tier-present-arm-navigability.md	0
ddf71980-5ed6-4356-bd08-7634f65a6cda	docs/probe-runs/campaign-pilot-of-2026-09-28-campaign-tier-present-arm-discovery.md	0
ddf71980-5ed6-4356-bd08-7634f65a6cda	docs/probe-runs/regression-probe-transcript-for-2026-09-11.md	0
ddf71980-5ed6-4356-bd08-7634f65a6cda	docs/probe-runs/second-campaign-pilot-of-2026-09-28-campaign-tier-absent-arm-discovery.md	0
ddf71980-5ed6-4356-bd08-7634f65a6cda	docs/probe-runs/second-campaign-pilot-of-2026-09-28-campaign-tier-present-arm-discovery.md	0
ddf71980-5ed6-4356-bd08-7634f65a6cda	docs/probe-runs/second-campaign-pilot-of-2026-09-28-campaign-tier-present-arm-sufficiency.md	0
ddf71980-5ed6-4356-bd08-7634f65a6cda	docs/probe-runs/status-probe-pilot-of-2026-09-29-campaign-tier-present-arm-sufficiency.md	0
ddf71980-5ed6-4356-bd08-7634f65a6cda	docs/process/specs/orchestration-architecture.md	0
ddf71980-5ed6-4356-bd08-7634f65a6cda	missing	0
deb36747-77f5-4fd7-97a8-b54eaff4fe14	docs/decisions/0052-a-document-is-proposed-at-the-state-it-will-hold-and-the-merge-activates-it.md	1
deb36747-77f5-4fd7-97a8-b54eaff4fe14	docs/evaluations/why-corpus-counts-are-derived-not-stored.md	0
deb36747-77f5-4fd7-97a8-b54eaff4fe14	docs/how-to/cut-a-release.md	0
deb36747-77f5-4fd7-97a8-b54eaff4fe14	docs/how-to/diagnose-an-isolation-failure.md	0
deb36747-77f5-4fd7-97a8-b54eaff4fe14	docs/how-to/relocate-a-shelf.md	1
deb36747-77f5-4fd7-97a8-b54eaff4fe14	docs/obligations/0204-docs-decisions-0077-still-describes-hw-dr-0049-s-rewrite-as-pending-after-574-made-it.md	0
deb36747-77f5-4fd7-97a8-b54eaff4fe14	docs/process/decisions/0017-ci-concurrency-is-per-ref-and-every-ref-but-main-cancels-a-superseded-run.md	0
deb36747-77f5-4fd7-97a8-b54eaff4fe14	docs/process/decisions/0020-merges-go-through-the-github-merge-queue-one-squash-commit-per-pull-request.md	2
deb36747-77f5-4fd7-97a8-b54eaff4fe14	docs/process/explanations/where-a-ci-job-runs.md	1
deb36747-77f5-4fd7-97a8-b54eaff4fe14	docs/process/obligations/0216-two-merge-hooks-of-this-repository-print-a-resolve-flag-that-the-verb-refuses.md	0
deb36747-77f5-4fd7-97a8-b54eaff4fe14	docs/requirements/0005-a-code-path-names-every-document-that-governs-it.md	0
deb36747-77f5-4fd7-97a8-b54eaff4fe14	docs/subsystems/authoring.md	0
deb36747-77f5-4fd7-97a8-b54eaff4fe14	missing	0
dfa50b2c-6c90-4051-a829-e4199b453611	docs/decisions/0009-multi-repository-corpora.md	0
dfa50b2c-6c90-4051-a829-e4199b453611	docs/decisions/0013-linkml-and-shacl-as-substrate.md	0
dfa50b2c-6c90-4051-a829-e4199b453611	docs/decisions/0049-a-corpus-wide-fold-is-derived-and-never-stored.md	0
dfa50b2c-6c90-4051-a829-e4199b453611	docs/decisions/0052-a-document-is-proposed-at-the-state-it-will-hold-and-the-merge-activates-it.md	0
dfa50b2c-6c90-4051-a829-e4199b453611	docs/evaluations/governs-edges-what-an-anchor-reaches-what-covers-it-when-it-ages-and-where-a-session-meets-it.md	0
dfa50b2c-6c90-4051-a829-e4199b453611	docs/evaluations/why-corpus-counts-are-derived-not-stored.md	0
dfa50b2c-6c90-4051-a829-e4199b453611	docs/how-to/cut-a-release.md	0
dfa50b2c-6c90-4051-a829-e4199b453611	docs/how-to/diagnose-an-isolation-failure.md	0
dfa50b2c-6c90-4051-a829-e4199b453611	docs/how-to/mine-the-shadow-mode-routing-log.md	0
dfa50b2c-6c90-4051-a829-e4199b453611	docs/how-to/relocate-a-shelf.md	0
dfa50b2c-6c90-4051-a829-e4199b453611	docs/how-to/wire-headwater-check-into-your-own-workflow.md	0
dfa50b2c-6c90-4051-a829-e4199b453611	docs/obligations/0081-a-published-read-set-never-says-which-instances-must-run-again.md	0
dfa50b2c-6c90-4051-a829-e4199b453611	docs/obligations/0216-two-merge-hooks-of-this-repository-print-a-resolve-flag-that-the-verb-refuses.md	0
dfa50b2c-6c90-4051-a829-e4199b453611	docs/process/decisions/0017-ci-concurrency-is-per-ref-and-every-ref-but-main-cancels-a-superseded-run.md	0
dfa50b2c-6c90-4051-a829-e4199b453611	docs/spec/17-orchestration-architecture.md	1
dfa50b2c-6c90-4051-a829-e4199b453611	missing	0
e042ac1e-5b08-46b3-8abf-68670690514b	docs/decisions/0029-q29-whether-a-corpus-root-may-contain-code-and-what-an-interface-contract-may-reach.md	0
e042ac1e-5b08-46b3-8abf-68670690514b	docs/decisions/0039-q39-how-a-figure-reaches-a-hand-built-page.md	1
e042ac1e-5b08-46b3-8abf-68670690514b	docs/decisions/0047-how-the-two-halves-of-the-site-share-one-host.md	0
e042ac1e-5b08-46b3-8abf-68670690514b	docs/decisions/0050-q50-where-the-visual-register-of-the-hand-built-pages-lives.md	0
e042ac1e-5b08-46b3-8abf-68670690514b	docs/interfaces/headwater-change.md	0
e042ac1e-5b08-46b3-8abf-68670690514b	docs/interfaces/headwater-generate.md	0
e042ac1e-5b08-46b3-8abf-68670690514b	docs/interfaces/headwater-new.md	0
e042ac1e-5b08-46b3-8abf-68670690514b	docs/obligations/0138-the-rest-of-the-editorial-pass-with-cli-src-main-rs-at-the-head-of-the-distribution.md	0
e042ac1e-5b08-46b3-8abf-68670690514b	docs/obligations/0179-the-commit-gate-checks-prose-with-a-binary-it-never-compares-against-the-engine-sources.md	1
e042ac1e-5b08-46b3-8abf-68670690514b	docs/obligations/0199-an-observation-snapshot-records-a-commit-and-nothing-reads-it-back.md	0
e042ac1e-5b08-46b3-8abf-68670690514b	missing	0
e0ba09be-0a5f-4f95-8817-8f462a70f8d1	docs/decisions/0020-where-scent-lives.md	0
e0ba09be-0a5f-4f95-8817-8f462a70f8d1	docs/decisions/0044-q44-whether-bundles-decompose-into-capabilities-and-assemblies-compose-practices.md	0
e0ba09be-0a5f-4f95-8817-8f462a70f8d1	docs/decisions/0052-a-document-is-proposed-at-the-state-it-will-hold-and-the-merge-activates-it.md	1
e0ba09be-0a5f-4f95-8817-8f462a70f8d1	docs/obligations/0041-no-declaration-expresses-a-rule-about-content-or-state-over.md	0
e0ba09be-0a5f-4f95-8817-8f462a70f8d1	docs/obligations/0167-the-default-branch-requires-no-approving-review-which-is-the-condition-hw-dr-0034-named-as-reopening-it.md	0
e0ba09be-0a5f-4f95-8817-8f462a70f8d1	docs/probes/a-session-names-the-event-that-makes-a-document-accepted.md	1
e0ba09be-0a5f-4f95-8817-8f462a70f8d1	docs/probes/a-session-names-the-status-a-settled-decision-carries-in-its-pull-request.md	1
e0ba09be-0a5f-4f95-8817-8f462a70f8d1	docs/spec/09-open-questions.md	0
e0ba09be-0a5f-4f95-8817-8f462a70f8d1	docs/taxonomies/decision-record/doctrine.md	1
e0ba09be-0a5f-4f95-8817-8f462a70f8d1	docs/taxonomies/evidence-and-obligation/doctrine.md	0
e0ba09be-0a5f-4f95-8817-8f462a70f8d1	missing	1
e1858bba-0a9d-418f-b700-084bf9dd3e79	docs/acceptance-criteria/0002-every-required-section-of-every-governed-document-has-a-heading.md	0
e1858bba-0a9d-418f-b700-084bf9dd3e79	docs/decisions/0033-q33-whether-the-command-line-is-derived-and-who-a-flag-belongs-to.md	0
e1858bba-0a9d-418f-b700-084bf9dd3e79	docs/decisions/0087-no-paragraph-limit-joins-the-language-rule-because-most-paragraphs-past-six-sentences-hold-one-topic.md	0
e1858bba-0a9d-418f-b700-084bf9dd3e79	docs/evaluations/one-clone-many-agents-how-this-repository-isolates-the-sessions-that-build-it.md	0
e1858bba-0a9d-418f-b700-084bf9dd3e79	docs/how-to/cut-a-release.md	0
e1858bba-0a9d-418f-b700-084bf9dd3e79	docs/obligations/0074-a-check-version-is-raised-by-hand-and-nothing-catches-a-stale.md	0
e1858bba-0a9d-418f-b700-084bf9dd3e79	docs/obligations/0083-the-pair-grain-absorbs-a-second-violation-inside-one-cell.md	0
e1858bba-0a9d-418f-b700-084bf9dd3e79	docs/obligations/0086-an-inline-quotation-reaches-every-lexical-rule-as-this-authors.md	0
e1858bba-0a9d-418f-b700-084bf9dd3e79	docs/obligations/0108-an-agent-writes-the-acceptance-stamp-of-every-document-in-this-corpus.md	0
e1858bba-0a9d-418f-b700-084bf9dd3e79	docs/obligations/0110-the-loss-census-carries-a-finding-by-substring-so-an-index-of-rules-and-paths-passes-it.md	0
e1858bba-0a9d-418f-b700-084bf9dd3e79	docs/obligations/0134-the-comment-prose-defines-by-contrast-979-times-in-179-000-words-and-no-mechanism-here-performs-an-editorial-pass.md	0
e1858bba-0a9d-418f-b700-084bf9dd3e79	docs/obligations/0167-the-default-branch-requires-no-approving-review-which-is-the-condition-hw-dr-0034-named-as-reopening-it.md	0
e1858bba-0a9d-418f-b700-084bf9dd3e79	docs/obligations/0170-the-blank-facet-value-rule-reaches-no-obligation-so-the-report-names-none.md	0
e1858bba-0a9d-418f-b700-084bf9dd3e79	docs/obligations/0195-a-requirement-has-no-identity-so-a-descoped-requirement-has-no-form.md	0
e1858bba-0a9d-418f-b700-084bf9dd3e79	docs/spec/glossary.md	0
e1858bba-0a9d-418f-b700-084bf9dd3e79	missing	0
e2784294-85a6-4597-a9f7-b262f58ff2ee	docs/decisions/0021-terminological-succession-and-validity-under-merge.md	0
e2784294-85a6-4597-a9f7-b262f58ff2ee	docs/decisions/0045-coloring-the-cli-and-where-the-banner-goes.md	0
e2784294-85a6-4597-a9f7-b262f58ff2ee	docs/how-to/diagnose-an-isolation-failure.md	0
e2784294-85a6-4597-a9f7-b262f58ff2ee	docs/obligations/0011-nothing-has-been-promoted-out-of-the-synthesized-tier.md	0
e2784294-85a6-4597-a9f7-b262f58ff2ee	docs/obligations/0017-publishing-the-read-set-skips-a-re-run-on-two-of-the-eighteen.md	0
e2784294-85a6-4597-a9f7-b262f58ff2ee	docs/obligations/0074-a-check-version-is-raised-by-hand-and-nothing-catches-a-stale.md	0
e2784294-85a6-4597-a9f7-b262f58ff2ee	docs/obligations/0106-a-shelf-layout-names-a-file-at-birth-and-no-rule-reads-it.md	0
e2784294-85a6-4597-a9f7-b262f58ff2ee	docs/obligations/0127-a-deletion-is-invisible-where-the-version-that-stood-there-does-not-parse.md	0
e2784294-85a6-4597-a9f7-b262f58ff2ee	docs/obligations/0144-the-cache-identity-test-reads-the-live-working-tree-so-an-edit-during-the-run-reports-the-correctness-root-as-violated.md	0
e2784294-85a6-4597-a9f7-b262f58ff2ee	docs/obligations/0204-docs-decisions-0077-still-describes-hw-dr-0049-s-rewrite-as-pending-after-574-made-it.md	0
e2784294-85a6-4597-a9f7-b262f58ff2ee	docs/probe-runs/regression-probe-transcript-for-2026-09-11.md	0
e2784294-85a6-4597-a9f7-b262f58ff2ee	docs/probes/a-session-answers-from-the-register-without-opening-the-question-it-replaced.md	0
e2784294-85a6-4597-a9f7-b262f58ff2ee	docs/probes/an-agent-reaches-the-adjudication-from-the-document-that-lost-it.md	0
e2784294-85a6-4597-a9f7-b262f58ff2ee	docs/requirements/0001-the-engine-reaches-no-network-at-check-time.md	0
e2784294-85a6-4597-a9f7-b262f58ff2ee	docs/reviews/core-concepts-findings-assessment.md	0
e2784294-85a6-4597-a9f7-b262f58ff2ee	missing	0
e432953f-97e5-4c9f-b94e-7f91fa1192b4	docs/acceptance-criteria/0001-no-source-file-of-the-engine-names-a-network-api-and-no-locked-dependency-provides-one.md	0
e432953f-97e5-4c9f-b94e-7f91fa1192b4	docs/decisions/0001-implementation-language.md	0
e432953f-97e5-4c9f-b94e-7f91fa1192b4	docs/decisions/0011-license-and-distribution-posture.md	0
e432953f-97e5-4c9f-b94e-7f91fa1192b4	docs/decisions/0036-q36-which-of-mkdocs-docusaurus-or-astro-this-corpus-emits-navigation-for-and-why.md	0
e432953f-97e5-4c9f-b94e-7f91fa1192b4	docs/decisions/0080-q66-the-corpus-dashboard-ships-free-and-self-hosted-with-tenant-isolation-stated-as-a-data-model-constraint-from-day-one.md	1
e432953f-97e5-4c9f-b94e-7f91fa1192b4	docs/evaluations/graph-export-and-federation.md	0
e432953f-97e5-4c9f-b94e-7f91fa1192b4	docs/evaluations/two-triggers-one-verdict-how-this-repository-s-ci-decides-where-a-job-runs-and-what-it-trusts.md	0
e432953f-97e5-4c9f-b94e-7f91fa1192b4	docs/how-to/diagnose-an-isolation-failure.md	0
e432953f-97e5-4c9f-b94e-7f91fa1192b4	docs/interfaces/headwater-capture.md	1
e432953f-97e5-4c9f-b94e-7f91fa1192b4	docs/interfaces/headwater-probe.md	1
e432953f-97e5-4c9f-b94e-7f91fa1192b4	docs/obligations/0100-the-size-of-a-committed-snapshot-with-full-requirement-text.md	0
e432953f-97e5-4c9f-b94e-7f91fa1192b4	docs/process/decisions/0007-a-background-wait-caps-below-the-cache-lifetime-and-re-issues-itself.md	0
e432953f-97e5-4c9f-b94e-7f91fa1192b4	docs/spec/00-vision-and-scope.md	0
e432953f-97e5-4c9f-b94e-7f91fa1192b4	docs/spec/06-engine-architecture.md	0
e432953f-97e5-4c9f-b94e-7f91fa1192b4	missing	1
e4b3236c-3075-4a95-892d-9e3c9f82fc1c	docs/how-to/cut-a-release.md	0
e4b3236c-3075-4a95-892d-9e3c9f82fc1c	docs/obligations/0011-nothing-has-been-promoted-out-of-the-synthesized-tier.md	0
e4b3236c-3075-4a95-892d-9e3c9f82fc1c	docs/obligations/0072-a-cache-of-check-results-does-not-make-a-run-proportional.md	0
e4b3236c-3075-4a95-892d-9e3c9f82fc1c	docs/obligations/0113-every-check-passes-a-document-that-is-still-the-scaffolder-s-placeholder.md	0
e4b3236c-3075-4a95-892d-9e3c9f82fc1c	docs/obligations/0204-docs-decisions-0077-still-describes-hw-dr-0049-s-rewrite-as-pending-after-574-made-it.md	0
e4b3236c-3075-4a95-892d-9e3c9f82fc1c	docs/obligations/0207-the-plan-usage-of-one-issue-is-known-only-as-the-average-of-its-run.md	0
e4b3236c-3075-4a95-892d-9e3c9f82fc1c	docs/obligations/0212-ci-done-sh-reads-a-cancelled-run-of-another-branch-as-a-red-result-on-a-main-merge-commit.md	0
e4b3236c-3075-4a95-892d-9e3c9f82fc1c	docs/probe-results/regression-probe-transcript-for-2026-09-17-after-the-probe-corrections.md	0
e4b3236c-3075-4a95-892d-9e3c9f82fc1c	docs/probe-runs/regression-probe-transcript-for-2026-09-17-after-the-probe-corrections.md	0
e4b3236c-3075-4a95-892d-9e3c9f82fc1c	docs/process/decisions/0007-a-background-wait-caps-below-the-cache-lifetime-and-re-issues-itself.md	0
e4b3236c-3075-4a95-892d-9e3c9f82fc1c	missing	0
e5561197-df9b-44b5-9bf5-ab655f026aaa	docs/acceptance-criteria/0003-check-reports-a-document-path-written-as-a-relation-target-once-in-every-spelling-and-through-a-symlink.md	0
e5561197-df9b-44b5-9bf5-ab655f026aaa	docs/decisions/0029-q29-whether-a-corpus-root-may-contain-code-and-what-an-interface-contract-may-reach.md	0
e5561197-df9b-44b5-9bf5-ab655f026aaa	docs/decisions/0074-a-code-path-anchor-is-a-pattern-over-the-tree-and-it-binds-when-the-pattern-matches-at-least-one-entry.md	0
e5561197-df9b-44b5-9bf5-ab655f026aaa	docs/decisions/0096-harper-does-not-become-part-of-the-engine-now-and-q41-stands.md	0
e5561197-df9b-44b5-9bf5-ab655f026aaa	docs/evaluations/n8n-worked-example.md	0
e5561197-df9b-44b5-9bf5-ab655f026aaa	docs/explanations/how-a-headwater-release-reaches-an-adopter.md	1
e5561197-df9b-44b5-9bf5-ab655f026aaa	docs/how-to/rotate-or-revoke-the-apt-signing-subkey.md	0
e5561197-df9b-44b5-9bf5-ab655f026aaa	docs/obligations/0077-a-fragment-on-a-path-needs-a-grain-that-no-scope-supplies.md	0
e5561197-df9b-44b5-9bf5-ab655f026aaa	docs/obligations/0097-whether-the-four-modes-of-di-taxis-are-the-kind-set.md	0
e5561197-df9b-44b5-9bf5-ab655f026aaa	docs/obligations/0174-publishing-the-base-package-reports-51-references-that-resolve-nowhere-and-exits-0.md	0
e5561197-df9b-44b5-9bf5-ab655f026aaa	docs/obligations/0187-the-registered-deviation-edge-of-the-compliance-tradition-cannot-be-declared.md	0
e5561197-df9b-44b5-9bf5-ab655f026aaa	docs/obligations/0226-six-corpus-gaps-from-run-20260929-1205-filed-together.md	1
e5561197-df9b-44b5-9bf5-ab655f026aaa	docs/process/explanations/where-a-ci-job-runs.md	0
e5561197-df9b-44b5-9bf5-ab655f026aaa	docs/process/obligations/0203-three-small-run-tooling-gaps-from-run-20260922-1121-filed-together.md	0
e5561197-df9b-44b5-9bf5-ab655f026aaa	docs/requirements/0005-a-code-path-names-every-document-that-governs-it.md	0
e5561197-df9b-44b5-9bf5-ab655f026aaa	missing	1
e5ad98e5-dd4f-492f-a82f-68a5239d7a75	docs/decisions/0009-multi-repository-corpora.md	0
e5ad98e5-dd4f-492f-a82f-68a5239d7a75	docs/decisions/0072-the-binary-is-the-only-interface-an-adopter-must-run-and-every-integration-point-outside-it-is-declared.md	0
e5ad98e5-dd4f-492f-a82f-68a5239d7a75	docs/how-to/rotate-or-revoke-the-apt-signing-subkey.md	0
e5ad98e5-dd4f-492f-a82f-68a5239d7a75	docs/interfaces/headwater-merge-driver.md	0
e5ad98e5-dd4f-492f-a82f-68a5239d7a75	docs/obligations/0104-a-governs-edge-reaches-the-path-it-names-and-nothing.md	0
e5ad98e5-dd4f-492f-a82f-68a5239d7a75	docs/obligations/0116-no-anchor-resolver-reads-a-committed-snapshot-so-every-imported-edge-lands-unresolved.md	0
e5ad98e5-dd4f-492f-a82f-68a5239d7a75	docs/obligations/0135-repo-cleanup-names-one-cause-for-a-gone-upstream-and-this-repository-produced-a-second.md	1
e5ad98e5-dd4f-492f-a82f-68a5239d7a75	docs/obligations/0196-a-relation-writes-a-state-onto-a-kind-that-binds-no-lifecycle-regime-and-nothing-reads-that-pair.md	0
e5ad98e5-dd4f-492f-a82f-68a5239d7a75	docs/obligations/0199-an-observation-snapshot-records-a-commit-and-nothing-reads-it-back.md	0
e5ad98e5-dd4f-492f-a82f-68a5239d7a75	docs/obligations/0229-the-counterfactual-campaign-evaluation-withholds-its-discharges-edge-until-a-person-promotes-it.md	0
e5ad98e5-dd4f-492f-a82f-68a5239d7a75	docs/process/decisions/0004-coordination-is-a-create-only-claim-and-authority-stays-on-the-tree.md	0
e5ad98e5-dd4f-492f-a82f-68a5239d7a75	docs/process/decisions/0014-the-boundary-against-a-fork-is-the-approval-of-outside-runs-and-a-person-reads-a-github-diff-before-approving-one.md	1
e5ad98e5-dd4f-492f-a82f-68a5239d7a75	docs/process/decisions/0017-ci-concurrency-is-per-ref-and-every-ref-but-main-cancels-a-superseded-run.md	0
e5ad98e5-dd4f-492f-a82f-68a5239d7a75	docs/process/explanations/where-a-ci-job-runs.md	1
e5ad98e5-dd4f-492f-a82f-68a5239d7a75	docs/process/obligations/0217-the-site-review-marker-lives-in-the-common-directory-of-a-clone-so-one-worktree-s-unreviewed-merge-blocks-the-push-of-every-worktree.md	0
e5ad98e5-dd4f-492f-a82f-68a5239d7a75	missing	0
e61f3386-619f-4ab3-a607-2852a40669cc	docs/decisions/0034-q34-whether-acceptance-means-merged-to-main-and-what-an-agent-may-write-before-that.md	2
e61f3386-619f-4ab3-a607-2852a40669cc	docs/decisions/0052-a-document-is-proposed-at-the-state-it-will-hold-and-the-merge-activates-it.md	1
e61f3386-619f-4ab3-a607-2852a40669cc	docs/how-to/diagnose-an-isolation-failure.md	0
e61f3386-619f-4ab3-a607-2852a40669cc	docs/obligations/0108-an-agent-writes-the-acceptance-stamp-of-every-document-in-this-corpus.md	1
e61f3386-619f-4ab3-a607-2852a40669cc	docs/obligations/0120-no-reader-takes-a-waiver-against-a-check-finding-so-one-arm-of-the-escape-partition-is-empty.md	0
e61f3386-619f-4ab3-a607-2852a40669cc	docs/obligations/0193-admission-criterion-5-has-no-reading-for-an-entry-that-serves-neither-core-purpose.md	0
e61f3386-619f-4ab3-a607-2852a40669cc	docs/obligations/0204-docs-decisions-0077-still-describes-hw-dr-0049-s-rewrite-as-pending-after-574-made-it.md	0
e61f3386-619f-4ab3-a607-2852a40669cc	docs/obligations/0205-hw-obl-0002-s-sample-counts-and-voice-rs-s-own-census-predate-the-scent-role-fix-and-need-retaking.md	0
e61f3386-619f-4ab3-a607-2852a40669cc	docs/obligations/0211-two-hand-remedy-lines-for-hw-cargo-in-hw-run-policy-may-no-longer-earn-their-cost-on-every-dispatch.md	0
e61f3386-619f-4ab3-a607-2852a40669cc	docs/tutorials/your-first-governed-corpus.md	0
e61f3386-619f-4ab3-a607-2852a40669cc	missing	1
e70c582d-db54-43b6-be08-74b5c6ed71f4	docs/decisions/0078-a-recorded-terminal-demonstration-may-show-a-frozen-number-behind-a-recorded-on-date-marker.md	0
e70c582d-db54-43b6-be08-74b5c6ed71f4	docs/evaluations/language-choice.md	0
e70c582d-db54-43b6-be08-74b5c6ed71f4	docs/evaluations/schema-format-walkthrough.md	0
e70c582d-db54-43b6-be08-74b5c6ed71f4	docs/evaluations/theoretical-foundations.md	0
e70c582d-db54-43b6-be08-74b5c6ed71f4	docs/obligations/0009-the-shape-origin-finding-rate-is-already-zero.md	0
e70c582d-db54-43b6-be08-74b5c6ed71f4	docs/obligations/0015-imported-edge-staleness-is-unmeasured-against-scaffolded-edges.md	0
e70c582d-db54-43b6-be08-74b5c6ed71f4	docs/obligations/0019-whether-any-corpus-needs-a-second-export-profile.md	0
e70c582d-db54-43b6-be08-74b5c6ed71f4	docs/obligations/0102-two-documents-state-what-voids-a-verdict-and-they-do-not.md	0
e70c582d-db54-43b6-be08-74b5c6ed71f4	docs/probe-runs/regression-probe-transcript-for-2026-09-17-after-the-probe-corrections.md	0
e70c582d-db54-43b6-be08-74b5c6ed71f4	docs/reviews/core-concepts-review-findings.md	0
e70c582d-db54-43b6-be08-74b5c6ed71f4	missing	0
e741bd65-ac21-4eac-a2e9-0a40a57fc22b	docs/decisions/0042-q42-what-one-screen-means-for-the-first-help-screen.md	0
e741bd65-ac21-4eac-a2e9-0a40a57fc22b	docs/evaluations/adjacent-work.md	0
e741bd65-ac21-4eac-a2e9-0a40a57fc22b	docs/evaluations/harper-spike-results.md	0
e741bd65-ac21-4eac-a2e9-0a40a57fc22b	docs/evaluations/inspect-evals-worked-example.md	0
e741bd65-ac21-4eac-a2e9-0a40a57fc22b	docs/evaluations/language-spike-results.md	0
e741bd65-ac21-4eac-a2e9-0a40a57fc22b	docs/evaluations/one-clone-many-agents-how-this-repository-isolates-the-sessions-that-build-it.md	0
e741bd65-ac21-4eac-a2e9-0a40a57fc22b	docs/evaluations/what-a-check-can-know.md	0
e741bd65-ac21-4eac-a2e9-0a40a57fc22b	docs/how-to/diagnose-an-isolation-failure.md	0
e741bd65-ac21-4eac-a2e9-0a40a57fc22b	docs/obligations/0058-no-relation-records-that-one-argument-settled-several.md	0
e741bd65-ac21-4eac-a2e9-0a40a57fc22b	docs/obligations/0063-an-anchor-that-resolves-inside-a-declared-exclusion.md	0
e741bd65-ac21-4eac-a2e9-0a40a57fc22b	docs/obligations/0143-a-specification-sentence-closes-a-set-with-a-count-the-source-exceeds-and-115-of-127-candidates-are-unchecked.md	0
e741bd65-ac21-4eac-a2e9-0a40a57fc22b	docs/obligations/0159-a-sentence-that-opens-with-a-hash-and-an-issue-number-is-folded-into-the-sentence-before-it.md	0
e741bd65-ac21-4eac-a2e9-0a40a57fc22b	docs/reviews/core-concepts-review-findings.md	0
e741bd65-ac21-4eac-a2e9-0a40a57fc22b	missing	0
e8065ec4-efc4-4b00-8462-73ed9c0a9aeb	docs/decisions/0041-q41-whether-vale-becomes-a-declared-regime-backend.md	0
e8065ec4-efc4-4b00-8462-73ed9c0a9aeb	docs/evaluations/adjacent-work.md	0
e8065ec4-efc4-4b00-8462-73ed9c0a9aeb	docs/evaluations/schema-format-walkthrough.md	0
e8065ec4-efc4-4b00-8462-73ed9c0a9aeb	docs/evaluations/the-measurement-layer.md	0
e8065ec4-efc4-4b00-8462-73ed9c0a9aeb	docs/evaluations/why-corpus-counts-are-derived-not-stored.md	0
e8065ec4-efc4-4b00-8462-73ed9c0a9aeb	docs/interfaces/headwater-route.md	0
e8065ec4-efc4-4b00-8462-73ed9c0a9aeb	docs/obligations/0042-a-declared-invalid-when-reaches-no-check-and-two-live.md	0
e8065ec4-efc4-4b00-8462-73ed9c0a9aeb	docs/obligations/0202-a-bare-none-footprint-is-claimed-as-a-literal-path-so-two-disjoint-issues-collide.md	0
e8065ec4-efc4-4b00-8462-73ed9c0a9aeb	docs/obligations/0203-three-small-run-tooling-gaps-from-run-20260922-1121-filed-together.md	0
e8065ec4-efc4-4b00-8462-73ed9c0a9aeb	docs/obligations/0207-the-plan-usage-of-one-issue-is-known-only-as-the-average-of-its-run.md	1
e8065ec4-efc4-4b00-8462-73ed9c0a9aeb	docs/probe-runs/regression-probe-transcript-for-2026-09-11.md	0
e8065ec4-efc4-4b00-8462-73ed9c0a9aeb	docs/reviews/core-concepts-findings-assessment.md	0
e8065ec4-efc4-4b00-8462-73ed9c0a9aeb	docs/reviews/core-concepts-review-findings.md	0
e8065ec4-efc4-4b00-8462-73ed9c0a9aeb	docs/spec/13-open-obligations.md	1
e8065ec4-efc4-4b00-8462-73ed9c0a9aeb	docs/spec/17-orchestration-architecture.md	1
e8065ec4-efc4-4b00-8462-73ed9c0a9aeb	missing	0
e87aaf17-abac-4808-aa17-057349bbb37d	docs/how-to/keep-derived-files-from-conflicting-in-parallel-pull-requests.md	0
e87aaf17-abac-4808-aa17-057349bbb37d	docs/interfaces/headwater-completions.md	0
e87aaf17-abac-4808-aa17-057349bbb37d	docs/obligations/0080-changed-only-is-the-content-addressed-cache-under-another-name.md	0
e87aaf17-abac-4808-aa17-057349bbb37d	docs/probe-runs/campaign-of-2026-09-28-campaign-tier-absent-arm-sufficiency.md	0
e87aaf17-abac-4808-aa17-057349bbb37d	docs/probe-runs/campaign-of-2026-09-28-campaign-tier-present-arm-navigability.md	0
e87aaf17-abac-4808-aa17-057349bbb37d	docs/probe-runs/campaign-of-2026-09-28-campaign-tier-present-arm-sufficiency.md	0
e87aaf17-abac-4808-aa17-057349bbb37d	docs/probe-runs/campaign-of-2026-09-28-documentation-tier-absent-arm-sufficiency.md	0
e87aaf17-abac-4808-aa17-057349bbb37d	docs/probe-runs/campaign-pilot-of-2026-09-28-campaign-tier-absent-arm-discovery.md	0
e87aaf17-abac-4808-aa17-057349bbb37d	docs/probe-runs/campaign-pilot-of-2026-09-28-campaign-tier-present-arm-discovery.md	0
e87aaf17-abac-4808-aa17-057349bbb37d	docs/probe-runs/campaign-pilot-of-2026-09-28-documentation-tier-absent-arm-sufficiency.md	0
e87aaf17-abac-4808-aa17-057349bbb37d	docs/probe-runs/second-campaign-pilot-of-2026-09-28-campaign-tier-present-arm-discovery.md	0
e87aaf17-abac-4808-aa17-057349bbb37d	docs/process/decisions/0005-the-ledger-is-split-its-tabular-parts-are-jsonl-and-its-totals-are-derived.md	0
e87aaf17-abac-4808-aa17-057349bbb37d	docs/process/decisions/0023-a-build-order-parent-restarts-every-few-merges-drains-to-zero-first-and-resumes-from-the-handover-files-on-disk.md	0
e87aaf17-abac-4808-aa17-057349bbb37d	docs/process/evaluations/the-build-order-as-a-multi-agent-system.md	0
e87aaf17-abac-4808-aa17-057349bbb37d	docs/process/obligations/0206-hw-run-policy-names-a-worktree-add-workaround-that-write-edit-refuses-under-this-harness.md	0
e87aaf17-abac-4808-aa17-057349bbb37d	missing	1
ea422580-770b-4405-9a65-6ab217883619	docs/decisions/0031-q31-whether-this-repository-becomes-public-and-when.md	0
ea422580-770b-4405-9a65-6ab217883619	docs/decisions/0074-a-code-path-anchor-is-a-pattern-over-the-tree-and-it-binds-when-the-pattern-matches-at-least-one-entry.md	0
ea422580-770b-4405-9a65-6ab217883619	docs/decisions/0078-a-recorded-terminal-demonstration-may-show-a-frozen-number-behind-a-recorded-on-date-marker.md	0
ea422580-770b-4405-9a65-6ab217883619	docs/obligations/0037-the-register-is-not-a-projection-of-the-lock-alone-so-generate.md	0
ea422580-770b-4405-9a65-6ab217883619	docs/obligations/0073-the-prior-version-still-owes-the-key-edit-that-the-clock.md	0
ea422580-770b-4405-9a65-6ab217883619	docs/obligations/0130-the-publication-date-of-this-repository-is-unset-and-the-owner-alone-sets-it.md	0
ea422580-770b-4405-9a65-6ab217883619	docs/obligations/0182-the-publish-crates-retry-loop-has-no-retry-ceiling.md	0
ea422580-770b-4405-9a65-6ab217883619	docs/obligations/0198-nothing-states-how-much-of-a-session-s-budget-the-standing-instructions-consume-before-work-starts.md	0
ea422580-770b-4405-9a65-6ab217883619	docs/probe-runs/campaign-of-2026-09-28-campaign-tier-present-arm-sufficiency.md	0
ea422580-770b-4405-9a65-6ab217883619	docs/probe-runs/regression-probe-transcript-for-2026-09-11.md	0
ea422580-770b-4405-9a65-6ab217883619	docs/process/decisions/0003-a-dispatch-pays-when-it-retires-more-parent-turns-than-it-costs.md	0
ea422580-770b-4405-9a65-6ab217883619	docs/process/evaluations/the-build-order-as-a-multi-agent-system.md	0
ea422580-770b-4405-9a65-6ab217883619	docs/process/explanations/where-a-ci-job-runs.md	0
ea422580-770b-4405-9a65-6ab217883619	docs/process/obligations/0202-a-bare-none-footprint-is-claimed-as-a-literal-path-so-two-disjoint-issues-collide.md	0
ea422580-770b-4405-9a65-6ab217883619	docs/process/obligations/0207-the-plan-usage-of-one-issue-is-known-only-as-the-average-of-its-run.md	0
ea422580-770b-4405-9a65-6ab217883619	missing	0
ea780d90-a719-47cc-b963-cf1f4346e6e5	docs/decisions/0002-schema-format.md	1
ea780d90-a719-47cc-b963-cf1f4346e6e5	docs/decisions/0055-a-hook-reads-a-wire-format-through-the-engine-and-not-through-an-interpreter.md	0
ea780d90-a719-47cc-b963-cf1f4346e6e5	docs/evaluations/linkml-worked-example.md	1
ea780d90-a719-47cc-b963-cf1f4346e6e5	docs/how-to/mine-the-shadow-mode-routing-log.md	0
ea780d90-a719-47cc-b963-cf1f4346e6e5	docs/interfaces/headwater-explain.md	1
ea780d90-a719-47cc-b963-cf1f4346e6e5	docs/interfaces/headwater-init.md	0
ea780d90-a719-47cc-b963-cf1f4346e6e5	docs/interfaces/headwater-route.md	1
ea780d90-a719-47cc-b963-cf1f4346e6e5	docs/obligations/0071-a-corpus-scoped-check-makes-the-coverage-rule-unreachable.md	0
ea780d90-a719-47cc-b963-cf1f4346e6e5	docs/probes/the-authoring-skill-reaches-an-agent-that-is-about-to-write-a-governed-document.md	1
ea780d90-a719-47cc-b963-cf1f4346e6e5	docs/requirements/0002-every-document-of-a-kind-that-requires-sections-carries-all-of-them.md	0
ea780d90-a719-47cc-b963-cf1f4346e6e5	docs/spec/00-vision-and-scope.md	2
ea780d90-a719-47cc-b963-cf1f4346e6e5	docs/spec/05-ai-integration.md	2
ea780d90-a719-47cc-b963-cf1f4346e6e5	docs/spec/07-distribution-and-federation.md	1
ea780d90-a719-47cc-b963-cf1f4346e6e5	docs/spec/08-design-departures.md	2
ea780d90-a719-47cc-b963-cf1f4346e6e5	docs/spec/09-open-questions.md	1
ea780d90-a719-47cc-b963-cf1f4346e6e5	missing	1
eabcebbf-f850-488f-842c-b81ec44442df	docs/decisions/0078-a-recorded-terminal-demonstration-may-show-a-frozen-number-behind-a-recorded-on-date-marker.md	0
eabcebbf-f850-488f-842c-b81ec44442df	docs/evaluations/adjacent-work.md	0
eabcebbf-f850-488f-842c-b81ec44442df	docs/evaluations/schema-format-walkthrough.md	0
eabcebbf-f850-488f-842c-b81ec44442df	docs/evaluations/specifying-the-engine.md	0
eabcebbf-f850-488f-842c-b81ec44442df	docs/how-to/mine-the-shadow-mode-routing-log.md	0
eabcebbf-f850-488f-842c-b81ec44442df	docs/obligations/0051-downstream-delivery-of-a-standards-corpus.md	0
eabcebbf-f850-488f-842c-b81ec44442df	docs/obligations/0082-the-lock-is-half-generated-and-half-authored-and-nothing.md	0
eabcebbf-f850-488f-842c-b81ec44442df	docs/obligations/0088-correcting-an-identifier-is-mechanical-and-it-is-not-local.md	0
eabcebbf-f850-488f-842c-b81ec44442df	docs/obligations/0105-nothing-plays-the-hook-role-that-two-relations-name.md	0
eabcebbf-f850-488f-842c-b81ec44442df	docs/obligations/0107-the-base-package-ships-a-kind-that-the-scaffolder-refuses-to-write.md	0
eabcebbf-f850-488f-842c-b81ec44442df	docs/probes/a-session-records-an-unmeasured-claim-in-the-shape-this-corpus-checks.md	0
eabcebbf-f850-488f-842c-b81ec44442df	docs/probes/the-authoring-skill-reaches-an-agent-that-is-about-to-write-a-governed-document.md	0
eabcebbf-f850-488f-842c-b81ec44442df	docs/requirements/0002-every-document-of-a-kind-that-requires-sections-carries-all-of-them.md	0
eabcebbf-f850-488f-842c-b81ec44442df	docs/spec/08-design-departures.md	0
eabcebbf-f850-488f-842c-b81ec44442df	docs/spec/glossary.md	0
eabcebbf-f850-488f-842c-b81ec44442df	missing	1
ec294fa3-f7ea-42f1-b3ea-8031386d8772	docs/evaluations/shacl-worked-example.md	0
ec294fa3-f7ea-42f1-b3ea-8031386d8772	docs/evaluations/the-pointer-probe-grades-a-session-against-the-router-s-own-first-pick-so-a-correct-session-that-declines-a-wrong-pointer-fails.md	0
ec294fa3-f7ea-42f1-b3ea-8031386d8772	docs/how-to/rotate-or-revoke-the-apt-signing-subkey.md	0
ec294fa3-f7ea-42f1-b3ea-8031386d8772	docs/obligations/0041-no-declaration-expresses-a-rule-about-content-or-state-over.md	0
ec294fa3-f7ea-42f1-b3ea-8031386d8772	docs/obligations/0112-a-surface-cannot-move-the-assisted-fraction-of-a-run.md	0
ec294fa3-f7ea-42f1-b3ea-8031386d8772	docs/obligations/0121-three-conformance-rules-name-an-attestation-that-no-record-format-exists-for.md	0
ec294fa3-f7ea-42f1-b3ea-8031386d8772	docs/obligations/0142-the-obligation-register-states-its-own-size-by-hand-and-it-went-stale-three-times-in-two-days.md	0
ec294fa3-f7ea-42f1-b3ea-8031386d8772	docs/obligations/0172-nine-hand-kept-constants-enumerate-an-enum-and-nothing-holds-one-against-the-variants.md	0
ec294fa3-f7ea-42f1-b3ea-8031386d8772	docs/obligations/0218-the-opening-sentence-of-the-self-found-list-in-spec-13-counts-forty-nine-items-in-ranges-that-do-not-match-the-list.md	0
ec294fa3-f7ea-42f1-b3ea-8031386d8772	docs/probes/the-authoring-skill-reaches-an-agent-that-is-about-to-write-a-governed-document.md	0
ec294fa3-f7ea-42f1-b3ea-8031386d8772	docs/spec/05-ai-integration.md	1
ec294fa3-f7ea-42f1-b3ea-8031386d8772	missing	1
ec8b1c06-3900-4d8c-9a8e-e1af2a8659d0	docs/acceptance-criteria/0001-no-engine-source-outside-the-fetch-crate-names-a-network-api-and-no-crate-of-the-checking-loop-reaches-a-network-package.md	0
ec8b1c06-3900-4d8c-9a8e-e1af2a8659d0	docs/decisions/0006-where-the-corpus-graph-lives-at-rest.md	1
ec8b1c06-3900-4d8c-9a8e-e1af2a8659d0	docs/decisions/0060-the-engine-s-version-stays-one-number-and-a-build-s-exact-commit-is-a-separate-unwired-fact.md	0
ec8b1c06-3900-4d8c-9a8e-e1af2a8659d0	docs/evaluations/relation-storage.md	0
ec8b1c06-3900-4d8c-9a8e-e1af2a8659d0	docs/evaluations/specifying-the-engine.md	1
ec8b1c06-3900-4d8c-9a8e-e1af2a8659d0	docs/how-to/mine-the-shadow-mode-routing-log.md	0
ec8b1c06-3900-4d8c-9a8e-e1af2a8659d0	docs/interfaces/headwater-derived.md	2
ec8b1c06-3900-4d8c-9a8e-e1af2a8659d0	docs/obligations/0075-a-participation-expectation-needs-depth-one-and-edge.md	0
ec8b1c06-3900-4d8c-9a8e-e1af2a8659d0	docs/obligations/0079-a-correctness-root-that-is-a-type-has-no-failing-fixture.md	0
ec8b1c06-3900-4d8c-9a8e-e1af2a8659d0	docs/obligations/0102-two-documents-state-what-voids-a-verdict-and-they-do-not.md	0
ec8b1c06-3900-4d8c-9a8e-e1af2a8659d0	docs/obligations/0155-probe-s-fourteen-refusals-have-no-coverage-test-and-three-of-them-are-named-by-no-test-at-all.md	0
ec8b1c06-3900-4d8c-9a8e-e1af2a8659d0	docs/process/evaluations/the-build-order-as-a-multi-agent-system.md	0
ec8b1c06-3900-4d8c-9a8e-e1af2a8659d0	docs/process/obligations/0207-the-plan-usage-of-one-issue-is-known-only-as-the-average-of-its-run.md	0
ec8b1c06-3900-4d8c-9a8e-e1af2a8659d0	docs/reviews/core-concepts-review-findings.md	0
ec8b1c06-3900-4d8c-9a8e-e1af2a8659d0	docs/spec/04-assurance-model.md	1
ec8b1c06-3900-4d8c-9a8e-e1af2a8659d0	missing	1
ee684701-3050-4225-98db-1fcb07a5eeb3	docs/acceptance-criteria/0002-every-required-section-of-every-governed-document-has-a-heading.md	0
ee684701-3050-4225-98db-1fcb07a5eeb3	docs/decisions/0041-q41-whether-vale-becomes-a-declared-regime-backend.md	0
ee684701-3050-4225-98db-1fcb07a5eeb3	docs/obligations/0057-a-retrofit-cannot-recover-the-two-dates-or-the-acceptance.md	0
ee684701-3050-4225-98db-1fcb07a5eeb3	docs/obligations/0106-a-shelf-layout-names-a-file-at-birth-and-no-rule-reads-it.md	0
ee684701-3050-4225-98db-1fcb07a5eeb3	docs/obligations/0201-no-coverage-or-mutation-measurement-has-ever-been-taken-over-the-engine-s-test-suite.md	0
ee684701-3050-4225-98db-1fcb07a5eeb3	docs/obligations/0204-docs-decisions-0077-still-describes-hw-dr-0049-s-rewrite-as-pending-after-574-made-it.md	0
ee684701-3050-4225-98db-1fcb07a5eeb3	docs/probe-runs/campaign-of-2026-09-28-campaign-tier-absent-arm-sufficiency.md	0
ee684701-3050-4225-98db-1fcb07a5eeb3	docs/probe-runs/campaign-of-2026-09-28-campaign-tier-present-arm-sufficiency.md	0
ee684701-3050-4225-98db-1fcb07a5eeb3	docs/probe-runs/regression-probe-transcript-for-2026-09-11.md	0
ee684701-3050-4225-98db-1fcb07a5eeb3	docs/probe-runs/regression-probe-transcript-for-2026-09-16.md	0
ee684701-3050-4225-98db-1fcb07a5eeb3	docs/probe-runs/regression-probe-transcript-for-2026-09-17-after-the-probe-corrections.md	0
ee684701-3050-4225-98db-1fcb07a5eeb3	docs/probes/an-agent-reaches-the-adjudication-from-the-document-that-lost-it.md	0
ee684701-3050-4225-98db-1fcb07a5eeb3	docs/process/decisions/0007-a-background-wait-caps-below-the-cache-lifetime-and-re-issues-itself.md	0
ee684701-3050-4225-98db-1fcb07a5eeb3	docs/requirements/0001-the-engine-reaches-no-network-at-check-time.md	0
ee684701-3050-4225-98db-1fcb07a5eeb3	docs/spec/00-vision-and-scope.md	0
ee684701-3050-4225-98db-1fcb07a5eeb3	missing	1
ef3076ca-8ab7-4285-a6e7-2b124e6bd5bc	docs/decisions/0009-multi-repository-corpora.md	0
ef3076ca-8ab7-4285-a6e7-2b124e6bd5bc	docs/decisions/0054-the-upper-bound-of-a-reconcile-first-allocator-is-the-corpus-and-a-claim-store.md	0
ef3076ca-8ab7-4285-a6e7-2b124e6bd5bc	docs/evaluations/the-build-order-as-a-multi-agent-system.md	0
ef3076ca-8ab7-4285-a6e7-2b124e6bd5bc	docs/evaluations/why-corpus-counts-are-derived-not-stored.md	0
ef3076ca-8ab7-4285-a6e7-2b124e6bd5bc	docs/interfaces/headwater-merge-driver.md	0
ef3076ca-8ab7-4285-a6e7-2b124e6bd5bc	docs/obligations/0070-one-of-the-four-warrant-values-has-no-instance-in-this-corpus.md	0
ef3076ca-8ab7-4285-a6e7-2b124e6bd5bc	docs/obligations/0089-a-profile-names-its-rules-and-never-states-them.md	0
ef3076ca-8ab7-4285-a6e7-2b124e6bd5bc	docs/obligations/0135-repo-cleanup-names-one-cause-for-a-gone-upstream-and-this-repository-produced-a-second.md	2
ef3076ca-8ab7-4285-a6e7-2b124e6bd5bc	docs/obligations/0150-a-current-decision-declares-no-required-edge-to-the-document-it-settled-so-22-of-23-reach-no-specification-at-all.md	0
ef3076ca-8ab7-4285-a6e7-2b124e6bd5bc	docs/obligations/0161-the-validation-block-of-mkdocs-yml-is-a-gate-this-repository-owns-and-no-fixture-drives.md	0
ef3076ca-8ab7-4285-a6e7-2b124e6bd5bc	docs/obligations/0167-the-default-branch-requires-no-approving-review-which-is-the-condition-hw-dr-0034-named-as-reopening-it.md	0
ef3076ca-8ab7-4285-a6e7-2b124e6bd5bc	docs/obligations/0175-two-documents-take-one-sequence-on-a-sequence-declaring-shelf-and-no-rule-reads-it.md	0
ef3076ca-8ab7-4285-a6e7-2b124e6bd5bc	docs/obligations/0210-no-fixture-holds-the-symlink-case-of-new-worktree-sh-and-a-bare-name-of-two-dots-leaves-a-branch-behind.md	1
ef3076ca-8ab7-4285-a6e7-2b124e6bd5bc	docs/probe-runs/regression-probe-transcript-for-2026-09-16.md	0
ef3076ca-8ab7-4285-a6e7-2b124e6bd5bc	docs/reviews/ste-editorial-pass-findings.md	1
ef3076ca-8ab7-4285-a6e7-2b124e6bd5bc	missing	0
f0054efe-dc8b-4933-ba77-76f0d5b49dd5	docs/decisions/0025-q25-where-the-namespace-goes-in-an-identifier-and-who-declares-it.md	0
f0054efe-dc8b-4933-ba77-76f0d5b49dd5	docs/decisions/0085-a-live-document-that-rests-on-a-draft-one-is-reported-over-every-relation-because-a-draft-leaves-no-record-to-cite.md	0
f0054efe-dc8b-4933-ba77-76f0d5b49dd5	docs/evaluations/what-the-counterfactual-campaign-of-2026-09-30-measured-by-component.md	0
f0054efe-dc8b-4933-ba77-76f0d5b49dd5	docs/obligations/0004-working-tree-write-tools-have-no-measured-effect.md	0
f0054efe-dc8b-4933-ba77-76f0d5b49dd5	docs/obligations/0009-the-shape-origin-finding-rate-is-already-zero.md	0
f0054efe-dc8b-4933-ba77-76f0d5b49dd5	docs/obligations/0030-the-provenance-block-belongs-to-the-engine-and-nothing-states.md	0
f0054efe-dc8b-4933-ba77-76f0d5b49dd5	docs/obligations/0037-the-register-is-not-a-projection-of-the-lock-alone-so-generate.md	0
f0054efe-dc8b-4933-ba77-76f0d5b49dd5	docs/obligations/0101-whether-the-read-set-of-a-real-corpus-is-small-enough.md	0
f0054efe-dc8b-4933-ba77-76f0d5b49dd5	docs/obligations/0110-the-loss-census-carries-a-finding-by-substring-so-an-index-of-rules-and-paths-passes-it.md	0
f0054efe-dc8b-4933-ba77-76f0d5b49dd5	docs/obligations/0134-the-comment-prose-defines-by-contrast-979-times-in-179-000-words-and-no-mechanism-here-performs-an-editorial-pass.md	0
f0054efe-dc8b-4933-ba77-76f0d5b49dd5	docs/obligations/0149-the-write-time-hook-still-picks-pointer-lines-out-of-prose-by-their-em-dash.md	0
f0054efe-dc8b-4933-ba77-76f0d5b49dd5	docs/requirements/0003-a-relation-target-written-as-the-path-of-a-document-is-reported-and-never-bound-as-an-anchor-onto-that-file.md	0
f0054efe-dc8b-4933-ba77-76f0d5b49dd5	docs/subsystems/projections-and-export.md	0
f0054efe-dc8b-4933-ba77-76f0d5b49dd5	missing	0
f0a95d20-081c-4c17-9651-9227d314f2da	docs/decisions/0078-a-recorded-terminal-demonstration-may-show-a-frozen-number-behind-a-recorded-on-date-marker.md	0
f0a95d20-081c-4c17-9651-9227d314f2da	docs/how-to/diagnose-an-isolation-failure.md	0
f0a95d20-081c-4c17-9651-9227d314f2da	docs/how-to/relocate-a-shelf.md	0
f0a95d20-081c-4c17-9651-9227d314f2da	docs/obligations/0107-the-base-package-ships-a-kind-that-the-scaffolder-refuses-to-write.md	0
f0a95d20-081c-4c17-9651-9227d314f2da	docs/obligations/0130-the-publication-date-of-this-repository-is-unset-and-the-owner-alone-sets-it.md	0
f0a95d20-081c-4c17-9651-9227d314f2da	docs/obligations/0159-a-sentence-that-opens-with-a-hash-and-an-issue-number-is-folded-into-the-sentence-before-it.md	0
f0a95d20-081c-4c17-9651-9227d314f2da	docs/obligations/0163-ten-decision-records-claim-a-q-number-the-decision-register-does-not-carry.md	0
f0a95d20-081c-4c17-9651-9227d314f2da	docs/obligations/0176-a-blessed-fixture-is-read-by-a-sibling-case-that-runs-while-the-write-truncates-it.md	0
f0a95d20-081c-4c17-9651-9227d314f2da	docs/obligations/0180-a-renderer-s-color-mode-is-wired-at-a-call-site-that-no-type-forbids-from-being-wrong.md	0
f0a95d20-081c-4c17-9651-9227d314f2da	docs/obligations/0183-no-mechanism-holds-a-committed-binary-asset-against-a-run.md	0
f0a95d20-081c-4c17-9651-9227d314f2da	docs/obligations/0201-no-coverage-or-mutation-measurement-has-ever-been-taken-over-the-engine-s-test-suite.md	0
f0a95d20-081c-4c17-9651-9227d314f2da	docs/obligations/0204-docs-decisions-0077-still-describes-hw-dr-0049-s-rewrite-as-pending-after-574-made-it.md	2
f0a95d20-081c-4c17-9651-9227d314f2da	docs/probes/the-pointer-this-corpus-offers-for-a-task-is-the-document-a-session-opens.md	0
f0a95d20-081c-4c17-9651-9227d314f2da	docs/requirements/0002-every-document-of-a-kind-that-requires-sections-carries-all-of-them.md	0
f0a95d20-081c-4c17-9651-9227d314f2da	docs/spec/15-the-recorder-contract.md	0
f0a95d20-081c-4c17-9651-9227d314f2da	missing	1
f0d94479-88ea-4567-a634-006cea99e28d	docs/decisions/0096-harper-does-not-become-part-of-the-engine-now-and-q41-stands.md	0
f0d94479-88ea-4567-a634-006cea99e28d	docs/explanations/how-a-headwater-release-reaches-an-adopter.md	0
f0d94479-88ea-4567-a634-006cea99e28d	docs/obligations/0007-no-count-exists-of-adopters-who-stopped-at-the-license-terms.md	0
f0d94479-88ea-4567-a634-006cea99e28d	docs/obligations/0077-a-fragment-on-a-path-needs-a-grain-that-no-scope-supplies.md	0
f0d94479-88ea-4567-a634-006cea99e28d	docs/obligations/0083-the-pair-grain-absorbs-a-second-violation-inside-one-cell.md	0
f0d94479-88ea-4567-a634-006cea99e28d	docs/obligations/0086-an-inline-quotation-reaches-every-lexical-rule-as-this-authors.md	0
f0d94479-88ea-4567-a634-006cea99e28d	docs/obligations/0096-whether-anything-is-ever-promoted-out-of-the-asserted-tier.md	0
f0d94479-88ea-4567-a634-006cea99e28d	docs/obligations/0108-an-agent-writes-the-acceptance-stamp-of-every-document-in-this-corpus.md	0
f0d94479-88ea-4567-a634-006cea99e28d	docs/obligations/0134-the-comment-prose-defines-by-contrast-979-times-in-179-000-words-and-no-mechanism-here-performs-an-editorial-pass.md	0
f0d94479-88ea-4567-a634-006cea99e28d	docs/obligations/0143-a-specification-sentence-closes-a-set-with-a-count-the-source-exceeds-and-115-of-127-candidates-are-unchecked.md	0
f0d94479-88ea-4567-a634-006cea99e28d	docs/obligations/0204-docs-decisions-0077-still-describes-hw-dr-0049-s-rewrite-as-pending-after-574-made-it.md	0
f0d94479-88ea-4567-a634-006cea99e28d	docs/probe-runs/campaign-of-2026-09-30-campaign-tier-absent-arm-discovery.md	0
f0d94479-88ea-4567-a634-006cea99e28d	docs/probe-runs/campaign-of-2026-09-30-campaign-tier-present-arm-discovery.md	0
f0d94479-88ea-4567-a634-006cea99e28d	docs/process/decisions/0003-a-dispatch-pays-when-it-retires-more-parent-turns-than-it-costs.md	0
f0d94479-88ea-4567-a634-006cea99e28d	docs/requirements/0005-a-code-path-names-every-document-that-governs-it.md	0
f0d94479-88ea-4567-a634-006cea99e28d	missing	0
f1e5eb7c-fdf0-49ab-bd73-6726838c650f	docs/decisions/0070-the-matched-purposes-take-turns-at-a-route-budget-and-each-pointer-states-what-reached-it.md	0
f1e5eb7c-fdf0-49ab-bd73-6726838c650f	docs/how-to/diagnose-an-isolation-failure.md	0
f1e5eb7c-fdf0-49ab-bd73-6726838c650f	docs/interfaces/headwater-route.md	0
f1e5eb7c-fdf0-49ab-bd73-6726838c650f	docs/obligations/0008-an-adoption-payload-has-a-first-reading-and-no-elapsed-time.md	0
f1e5eb7c-fdf0-49ab-bd73-6726838c650f	docs/obligations/0112-a-surface-cannot-move-the-assisted-fraction-of-a-run.md	0
f1e5eb7c-fdf0-49ab-bd73-6726838c650f	docs/obligations/0145-the-ci-job-named-advisory-carries-every-blocking-shell-suite-in-the-repository.md	0
f1e5eb7c-fdf0-49ab-bd73-6726838c650f	docs/obligations/0182-the-publish-crates-retry-loop-has-no-retry-ceiling.md	0
f1e5eb7c-fdf0-49ab-bd73-6726838c650f	docs/obligations/0198-nothing-states-how-much-of-a-session-s-budget-the-standing-instructions-consume-before-work-starts.md	1
f1e5eb7c-fdf0-49ab-bd73-6726838c650f	docs/probes/a-session-records-an-unmeasured-claim-in-the-shape-this-corpus-checks.md	0
f1e5eb7c-fdf0-49ab-bd73-6726838c650f	docs/probes/the-pointer-this-corpus-offers-for-a-task-is-the-document-a-session-opens.md	0
f1e5eb7c-fdf0-49ab-bd73-6726838c650f	docs/process/decisions/0004-coordination-is-a-create-only-claim-and-authority-stays-on-the-tree.md	0
f1e5eb7c-fdf0-49ab-bd73-6726838c650f	docs/process/decisions/0007-a-background-wait-caps-below-the-cache-lifetime-and-re-issues-itself.md	0
f1e5eb7c-fdf0-49ab-bd73-6726838c650f	docs/requirements/0001-the-engine-reaches-no-network-at-check-time.md	0
f1e5eb7c-fdf0-49ab-bd73-6726838c650f	docs/spec/00-vision-and-scope.md	0
f1e5eb7c-fdf0-49ab-bd73-6726838c650f	docs/spec/13-open-obligations.md	1
f1e5eb7c-fdf0-49ab-bd73-6726838c650f	missing	1
f321d342-d8fc-4471-8b5c-9d2c8d637ded	docs/decisions/0002-schema-format.md	0
f321d342-d8fc-4471-8b5c-9d2c8d637ded	docs/decisions/0038-q38-which-link-relation-a-rendered-page-carries-to-the-served-corpus-descriptor.md	0
f321d342-d8fc-4471-8b5c-9d2c8d637ded	docs/decisions/0039-q39-how-a-figure-reaches-a-hand-built-page.md	1
f321d342-d8fc-4471-8b5c-9d2c8d637ded	docs/decisions/0067-the-vendored-package-root-moves-under-headwater-and-the-old-root-is-named-in-a-refusal.md	0
f321d342-d8fc-4471-8b5c-9d2c8d637ded	docs/evaluations/default-taxonomy-first-run.md	0
f321d342-d8fc-4471-8b5c-9d2c8d637ded	docs/how-to/keep-derived-files-from-conflicting-in-parallel-pull-requests.md	0
f321d342-d8fc-4471-8b5c-9d2c8d637ded	docs/obligations/0018-the-bundle-set-is-a-guess-about-how-adopters-cluster.md	0
f321d342-d8fc-4471-8b5c-9d2c8d637ded	docs/obligations/0026-the-operational-shape-of-a-hosted-server-is-unstated.md	0
f321d342-d8fc-4471-8b5c-9d2c8d637ded	docs/obligations/0045-what-shelf-expands-to-in-a-projection-output.md	0
f321d342-d8fc-4471-8b5c-9d2c8d637ded	docs/obligations/0141-an-identifier-scheme-names-no-prefix-so-an-rdf-projection-derives-a-document-iri-from-a-file-path.md	0
f321d342-d8fc-4471-8b5c-9d2c8d637ded	docs/obligations/0161-the-validation-block-of-mkdocs-yml-is-a-gate-this-repository-owns-and-no-fixture-drives.md	0
f321d342-d8fc-4471-8b5c-9d2c8d637ded	docs/obligations/0184-nothing-states-why-the-vendored-package-root-is-visible-in-an-adopter-tree.md	0
f321d342-d8fc-4471-8b5c-9d2c8d637ded	docs/probe-runs/regression-probe-transcript-for-2026-09-17-after-the-probe-corrections.md	0
f321d342-d8fc-4471-8b5c-9d2c8d637ded	docs/process/decisions/0011-crates-publish-in-one-fixed-order-that-a-test-holds-and-a-rerun-continues-where-the-last-run-stopped.md	0
f321d342-d8fc-4471-8b5c-9d2c8d637ded	docs/process/explanations/where-a-ci-job-runs.md	0
f321d342-d8fc-4471-8b5c-9d2c8d637ded	missing	1
f3a5ab25-3d0f-4bd6-b71b-cdaf03a691dd	docs/acceptance-criteria/0001-no-engine-source-outside-the-fetch-crate-names-a-network-api-and-no-crate-of-the-checking-loop-reaches-a-network-package.md	0
f3a5ab25-3d0f-4bd6-b71b-cdaf03a691dd	docs/decisions/0015-a-synthesized-content-tier.md	0
f3a5ab25-3d0f-4bd6-b71b-cdaf03a691dd	docs/decisions/0041-q41-whether-vale-becomes-a-declared-regime-backend.md	0
f3a5ab25-3d0f-4bd6-b71b-cdaf03a691dd	docs/decisions/0063-every-required-facet-of-a-generated-document-is-derived-and-the-emitter-composes-the-summary.md	0
f3a5ab25-3d0f-4bd6-b71b-cdaf03a691dd	docs/how-to/relocate-a-shelf.md	0
f3a5ab25-3d0f-4bd6-b71b-cdaf03a691dd	docs/obligations/0013-no-probe-tests-whether-a-counted-tombstone-stops-a-confident.md	0
f3a5ab25-3d0f-4bd6-b71b-cdaf03a691dd	docs/obligations/0017-publishing-the-read-set-skips-a-re-run-on-two-of-the-eighteen.md	0
f3a5ab25-3d0f-4bd6-b71b-cdaf03a691dd	docs/obligations/0069-a-suppressed-finding-leaves-its-obligation-verified-and-spec-4.md	0
f3a5ab25-3d0f-4bd6-b71b-cdaf03a691dd	docs/obligations/0179-the-commit-gate-checks-prose-with-a-binary-it-never-compares-against-the-engine-sources.md	0
f3a5ab25-3d0f-4bd6-b71b-cdaf03a691dd	docs/obligations/0201-no-coverage-or-mutation-measurement-has-ever-been-taken-over-the-engine-s-test-suite.md	0
f3a5ab25-3d0f-4bd6-b71b-cdaf03a691dd	docs/process/evaluations/the-build-order-as-a-multi-agent-system.md	1
f3a5ab25-3d0f-4bd6-b71b-cdaf03a691dd	docs/process/obligations/0211-two-hand-remedy-lines-for-hw-cargo-in-hw-run-policy-may-no-longer-earn-their-cost-on-every-dispatch.md	0
f3a5ab25-3d0f-4bd6-b71b-cdaf03a691dd	docs/process/obligations/0220-no-disk-floor-is-stated-for-a-build-order-run-and-nothing-prunes-the-cargo-pool.md	1
f3a5ab25-3d0f-4bd6-b71b-cdaf03a691dd	docs/process/obligations/0224-thirteen-run-tooling-gaps-from-run-20260928-1109-filed-together.md	0
f3a5ab25-3d0f-4bd6-b71b-cdaf03a691dd	docs/process/specs/orchestration-architecture.md	2
f3a5ab25-3d0f-4bd6-b71b-cdaf03a691dd	missing	1
f41c2176-c387-4391-b8be-e8b8d2a6d44b	docs/decisions/0031-q31-whether-this-repository-becomes-public-and-when.md	0
f41c2176-c387-4391-b8be-e8b8d2a6d44b	docs/decisions/0100-a-counted-tombstone-lists-a-digest-of-each-withheld-identifier-and-a-sealed-one-lists-nothing.md	0
f41c2176-c387-4391-b8be-e8b8d2a6d44b	docs/evaluations/shacl-worked-example.md	0
f41c2176-c387-4391-b8be-e8b8d2a6d44b	docs/how-to/relocate-a-shelf.md	0
f41c2176-c387-4391-b8be-e8b8d2a6d44b	docs/obligations/0013-no-probe-tests-whether-a-counted-tombstone-stops-a-confident.md	0
f41c2176-c387-4391-b8be-e8b8d2a6d44b	docs/obligations/0073-the-prior-version-still-owes-the-key-edit-that-the-clock.md	0
f41c2176-c387-4391-b8be-e8b8d2a6d44b	docs/obligations/0074-a-check-version-is-raised-by-hand-and-nothing-catches-a-stale.md	0
f41c2176-c387-4391-b8be-e8b8d2a6d44b	docs/obligations/0110-the-loss-census-carries-a-finding-by-substring-so-an-index-of-rules-and-paths-passes-it.md	0
f41c2176-c387-4391-b8be-e8b8d2a6d44b	docs/obligations/0130-the-publication-date-of-this-repository-is-unset-and-the-owner-alone-sets-it.md	0
f41c2176-c387-4391-b8be-e8b8d2a6d44b	docs/obligations/0159-a-sentence-that-opens-with-a-hash-and-an-issue-number-is-folded-into-the-sentence-before-it.md	0
f41c2176-c387-4391-b8be-e8b8d2a6d44b	docs/obligations/0183-no-mechanism-holds-a-committed-binary-asset-against-a-run.md	0
f41c2176-c387-4391-b8be-e8b8d2a6d44b	docs/probe-runs/campaign-of-2026-09-30-campaign-tier-absent-arm-discovery.md	0
f41c2176-c387-4391-b8be-e8b8d2a6d44b	docs/process/obligations/0177-the-value-rule-writes-adopter-on-every-self-audit-record-and-most-of-them-wait-on-a-build.md	0
f41c2176-c387-4391-b8be-e8b8d2a6d44b	docs/requirements/0005-a-code-path-names-every-document-that-governs-it.md	0
f41c2176-c387-4391-b8be-e8b8d2a6d44b	docs/spec/16-harness-support.md	0
f41c2176-c387-4391-b8be-e8b8d2a6d44b	missing	1
f51820f2-7d95-432e-b45d-6abcd07985ee	docs/acceptance-criteria/0005-the-governing-documents-of-a-path-are-the-same-for-every-spelling-of-it-and-a-path-no-anchor-matches-has-none.md	0
f51820f2-7d95-432e-b45d-6abcd07985ee	docs/decisions/0030-q30-whether-what-an-obligation-waits-on-is-a-state-or-a-property-and-how-many-values-it-takes.md	0
f51820f2-7d95-432e-b45d-6abcd07985ee	docs/decisions/0096-harper-does-not-become-part-of-the-engine-now-and-q41-stands.md	0
f51820f2-7d95-432e-b45d-6abcd07985ee	docs/how-to/rotate-or-revoke-the-apt-signing-subkey.md	0
f51820f2-7d95-432e-b45d-6abcd07985ee	docs/obligations/0161-the-validation-block-of-mkdocs-yml-is-a-gate-this-repository-owns-and-no-fixture-drives.md	0
f51820f2-7d95-432e-b45d-6abcd07985ee	docs/obligations/0198-nothing-states-how-much-of-a-session-s-budget-the-standing-instructions-consume-before-work-starts.md	0
f51820f2-7d95-432e-b45d-6abcd07985ee	docs/probe-runs/campaign-of-2026-09-28-documentation-tier-absent-arm-sufficiency.md	0
f51820f2-7d95-432e-b45d-6abcd07985ee	docs/probe-runs/campaign-of-2026-09-30-campaign-tier-present-arm-navigability.md	0
f51820f2-7d95-432e-b45d-6abcd07985ee	docs/probe-runs/campaign-of-2026-09-30-documentation-tier-absent-arm-sufficiency.md	0
f51820f2-7d95-432e-b45d-6abcd07985ee	docs/probe-runs/second-campaign-pilot-of-2026-09-28-documentation-tier-absent-arm-sufficiency.md	0
f51820f2-7d95-432e-b45d-6abcd07985ee	docs/probe-runs/status-probe-pilot-of-2026-09-29-campaign-tier-present-arm-sufficiency.md	0
f51820f2-7d95-432e-b45d-6abcd07985ee	docs/process/decisions/0020-merges-go-through-the-github-merge-queue-one-squash-commit-per-pull-request.md	0
f51820f2-7d95-432e-b45d-6abcd07985ee	docs/process/obligations/0207-the-plan-usage-of-one-issue-is-known-only-as-the-average-of-its-run.md	0
f51820f2-7d95-432e-b45d-6abcd07985ee	docs/process/obligations/0227-seven-run-tooling-gaps-from-run-20260929-2201-filed-together.md	0
f51820f2-7d95-432e-b45d-6abcd07985ee	docs/verifications/0001-the-section-heading-rule-has-no-case-table-and-a-golden-fixture-report-is-what-proves-it-runs.md	0
f51820f2-7d95-432e-b45d-6abcd07985ee	missing	0
f6f18d64-e7df-4948-9cd9-85c3289bb837	docs/acceptance-criteria/0002-every-required-section-of-every-governed-document-has-a-heading.md	0
f6f18d64-e7df-4948-9cd9-85c3289bb837	docs/decisions/0069-a-paragraph-limit-counts-sentences-under-the-language-rule-and-never-words.md	0
f6f18d64-e7df-4948-9cd9-85c3289bb837	docs/how-to/diagnose-an-isolation-failure.md	0
f6f18d64-e7df-4948-9cd9-85c3289bb837	docs/interfaces/headwater-conformance.md	0
f6f18d64-e7df-4948-9cd9-85c3289bb837	docs/interfaces/headwater-explain.md	0
f6f18d64-e7df-4948-9cd9-85c3289bb837	docs/interfaces/headwater-json.md	0
f6f18d64-e7df-4948-9cd9-85c3289bb837	docs/obligations/0066-a-finding-names-one-obligation-and-a-control-discharges-a-list.md	1
f6f18d64-e7df-4948-9cd9-85c3289bb837	docs/obligations/0067-a-rule-that-reads-the-taxonomy-has-no-grain-in-spec-12s-list.md	1
f6f18d64-e7df-4948-9cd9-85c3289bb837	docs/obligations/0083-the-pair-grain-absorbs-a-second-violation-inside-one-cell.md	1
f6f18d64-e7df-4948-9cd9-85c3289bb837	docs/obligations/0121-three-conformance-rules-name-an-attestation-that-no-record-format-exists-for.md	1
f6f18d64-e7df-4948-9cd9-85c3289bb837	docs/obligations/0177-the-value-rule-writes-adopter-on-every-self-audit-record-and-most-of-them-wait-on-a-build.md	1
f6f18d64-e7df-4948-9cd9-85c3289bb837	docs/obligations/0190-a-voice-regime-carries-a-forbid-list-so-a-normative-keyword-rule-has-no-form.md	1
f6f18d64-e7df-4948-9cd9-85c3289bb837	docs/obligations/0196-a-relation-writes-a-state-onto-a-kind-that-binds-no-lifecycle-regime-and-nothing-reads-that-pair.md	1
f6f18d64-e7df-4948-9cd9-85c3289bb837	docs/probes/a-session-records-an-unmeasured-claim-in-the-shape-this-corpus-checks.md	0
f6f18d64-e7df-4948-9cd9-85c3289bb837	docs/spec/00-vision-and-scope.md	0
f6f18d64-e7df-4948-9cd9-85c3289bb837	missing	1
f771f090-f0a1-4b34-9821-a35a555162fe	docs/evaluations/relation-storage.md	0
f771f090-f0a1-4b34-9821-a35a555162fe	docs/obligations/0096-whether-anything-is-ever-promoted-out-of-the-asserted-tier.md	0
f771f090-f0a1-4b34-9821-a35a555162fe	docs/obligations/0114-a-control-that-names-a-sweep-marks-its-obligation-verified-with-nothing-run.md	0
f771f090-f0a1-4b34-9821-a35a555162fe	docs/obligations/0146-the-stop-hook-reads-its-re-entry-guard-with-an-interpreter-it-does-not-require-so-a-machine-with-no-python3-re-blocks-the-same-turn.md	0
f771f090-f0a1-4b34-9821-a35a555162fe	docs/obligations/0204-docs-decisions-0077-still-describes-hw-dr-0049-s-rewrite-as-pending-after-574-made-it.md	0
f771f090-f0a1-4b34-9821-a35a555162fe	docs/obligations/0222-ten-rules-of-the-editions-ledger-have-one-recorded-corpus-so-a-rule-change-blessed-with-an-edit-to-that-corpus-passes.md	0
f771f090-f0a1-4b34-9821-a35a555162fe	docs/probes/a-session-names-the-status-a-settled-decision-carries-in-its-pull-request.md	0
f771f090-f0a1-4b34-9821-a35a555162fe	docs/process/decisions/0007-a-background-wait-caps-below-the-cache-lifetime-and-re-issues-itself.md	0
f771f090-f0a1-4b34-9821-a35a555162fe	docs/process/decisions/0009-a-release-gets-all-its-assets-in-one-create-call-and-a-person-deletes-it-to-run-again.md	0
f771f090-f0a1-4b34-9821-a35a555162fe	docs/process/decisions/0017-ci-concurrency-is-per-ref-and-every-ref-but-main-cancels-a-superseded-run.md	0
f771f090-f0a1-4b34-9821-a35a555162fe	docs/process/decisions/0021-a-subagent-waits-in-the-foreground-because-a-background-wait-wakes-its-parent.md	0
f771f090-f0a1-4b34-9821-a35a555162fe	docs/process/evaluations/two-triggers-one-verdict-how-this-repository-s-ci-decides-where-a-job-runs-and-what-it-trusts.md	0
f771f090-f0a1-4b34-9821-a35a555162fe	docs/process/obligations/0173-four-inline-gates-in-the-workflow-decide-an-exit-status-and-no-suite-provokes-one.md	0
f771f090-f0a1-4b34-9821-a35a555162fe	docs/process/obligations/0212-ci-done-sh-reads-a-cancelled-run-of-another-branch-as-a-red-result-on-a-main-merge-commit.md	0
f771f090-f0a1-4b34-9821-a35a555162fe	docs/spec/13-open-obligations.md	0
f771f090-f0a1-4b34-9821-a35a555162fe	missing	0
f8891b49-edba-4c13-a347-f3ebf099cc67	docs/how-to/keep-derived-files-from-conflicting-in-parallel-pull-requests.md	0
f8891b49-edba-4c13-a347-f3ebf099cc67	docs/how-to/mine-the-shadow-mode-routing-log.md	0
f8891b49-edba-4c13-a347-f3ebf099cc67	docs/obligations/0135-repo-cleanup-names-one-cause-for-a-gone-upstream-and-this-repository-produced-a-second.md	0
f8891b49-edba-4c13-a347-f3ebf099cc67	docs/probes/a-cold-agent-reaches-the-governing-document-through-the-corpus-descriptor.md	0
f8891b49-edba-4c13-a347-f3ebf099cc67	docs/probes/a-session-records-which-obligation-an-evaluation-discharged.md	0
f8891b49-edba-4c13-a347-f3ebf099cc67	docs/probes/a-session-says-how-a-governs-line-reaches-a-document.md	0
f8891b49-edba-4c13-a347-f3ebf099cc67	docs/probes/an-agent-reaches-the-adjudication-from-the-document-that-lost-it.md	0
f8891b49-edba-4c13-a347-f3ebf099cc67	docs/process/decisions/0017-ci-concurrency-is-per-ref-and-every-ref-but-main-cancels-a-superseded-run.md	1
f8891b49-edba-4c13-a347-f3ebf099cc67	docs/process/decisions/0020-merges-go-through-the-github-merge-queue-one-squash-commit-per-pull-request.md	2
f8891b49-edba-4c13-a347-f3ebf099cc67	docs/process/decisions/0023-a-build-order-parent-restarts-every-few-merges-drains-to-zero-first-and-resumes-from-the-handover-files-on-disk.md	1
f8891b49-edba-4c13-a347-f3ebf099cc67	docs/process/evaluations/two-triggers-one-verdict-how-this-repository-s-ci-decides-where-a-job-runs-and-what-it-trusts.md	0
f8891b49-edba-4c13-a347-f3ebf099cc67	docs/process/explanations/where-a-ci-job-runs.md	0
f8891b49-edba-4c13-a347-f3ebf099cc67	docs/process/obligations/0221-subagents-read-skills-from-the-shared-checkout-and-a-worktree-isolated-integrator-cannot-fast-forward-it-after-a-merge.md	1
f8891b49-edba-4c13-a347-f3ebf099cc67	missing	1
fa61b58f-97a1-4c04-9b8e-c140d8f5b97d	docs/decisions/0030-q30-whether-what-an-obligation-waits-on-is-a-state-or-a-property-and-how-many-values-it-takes.md	1
fa61b58f-97a1-4c04-9b8e-c140d8f5b97d	docs/decisions/0044-q44-whether-bundles-decompose-into-capabilities-and-assemblies-compose-practices.md	0
fa61b58f-97a1-4c04-9b8e-c140d8f5b97d	docs/evaluations/governs-edges-what-an-anchor-reaches-what-covers-it-when-it-ages-and-where-a-session-meets-it.md	0
fa61b58f-97a1-4c04-9b8e-c140d8f5b97d	docs/how-to/relocate-a-shelf.md	0
fa61b58f-97a1-4c04-9b8e-c140d8f5b97d	docs/how-to/rotate-or-revoke-the-apt-signing-subkey.md	0
fa61b58f-97a1-4c04-9b8e-c140d8f5b97d	docs/interfaces/headwater-check.md	0
fa61b58f-97a1-4c04-9b8e-c140d8f5b97d	docs/interfaces/headwater-conformance.md	0
fa61b58f-97a1-4c04-9b8e-c140d8f5b97d	docs/obligations/0069-a-suppressed-finding-leaves-its-obligation-verified-and-spec-4.md	0
fa61b58f-97a1-4c04-9b8e-c140d8f5b97d	docs/obligations/0087-fixable-has-two-readings-inside-one-engine.md	0
fa61b58f-97a1-4c04-9b8e-c140d8f5b97d	docs/obligations/0093-whether-a-harvesting-tier-owes-conformance-rules-of-its-own.md	0
fa61b58f-97a1-4c04-9b8e-c140d8f5b97d	docs/obligations/0125-nine-documents-state-a-warrant-outside-the-closed-set-and-only-a-person-can-set-the-value.md	1
fa61b58f-97a1-4c04-9b8e-c140d8f5b97d	docs/obligations/0196-a-relation-writes-a-state-onto-a-kind-that-binds-no-lifecycle-regime-and-nothing-reads-that-pair.md	0
fa61b58f-97a1-4c04-9b8e-c140d8f5b97d	docs/probes/an-agent-reaches-the-adjudication-from-the-document-that-lost-it.md	0
fa61b58f-97a1-4c04-9b8e-c140d8f5b97d	docs/spec/13-open-obligations.md	1
fa61b58f-97a1-4c04-9b8e-c140d8f5b97d	docs/tutorials/your-first-governed-corpus.md	0
fa61b58f-97a1-4c04-9b8e-c140d8f5b97d	missing	1
faec63e5-2de1-443a-8563-d47fb0408c0b	docs/acceptance-criteria/0001-no-source-file-of-the-engine-names-a-network-api-and-no-locked-dependency-provides-one.md	0
faec63e5-2de1-443a-8563-d47fb0408c0b	docs/decisions/0016-public-presence.md	0
faec63e5-2de1-443a-8563-d47fb0408c0b	docs/decisions/0019-inbound-integration-an-external-system-of-record.md	0
faec63e5-2de1-443a-8563-d47fb0408c0b	docs/decisions/0031-q31-whether-this-repository-becomes-public-and-when.md	0
faec63e5-2de1-443a-8563-d47fb0408c0b	docs/decisions/0078-a-recorded-terminal-demonstration-may-show-a-frozen-number-behind-a-recorded-on-date-marker.md	0
faec63e5-2de1-443a-8563-d47fb0408c0b	docs/evaluations/what-a-check-can-know.md	0
faec63e5-2de1-443a-8563-d47fb0408c0b	docs/how-to/relocate-a-shelf.md	0
faec63e5-2de1-443a-8563-d47fb0408c0b	docs/interfaces/headwater-mcp.md	0
faec63e5-2de1-443a-8563-d47fb0408c0b	docs/interfaces/headwater-sweep.md	0
faec63e5-2de1-443a-8563-d47fb0408c0b	docs/obligations/0011-nothing-has-been-promoted-out-of-the-synthesized-tier.md	0
faec63e5-2de1-443a-8563-d47fb0408c0b	docs/obligations/0019-whether-any-corpus-needs-a-second-export-profile.md	0
faec63e5-2de1-443a-8563-d47fb0408c0b	docs/obligations/0096-whether-anything-is-ever-promoted-out-of-the-asserted-tier.md	0
faec63e5-2de1-443a-8563-d47fb0408c0b	docs/obligations/0187-the-registered-deviation-edge-of-the-compliance-tradition-cannot-be-declared.md	0
faec63e5-2de1-443a-8563-d47fb0408c0b	docs/probe-runs/regression-probe-transcript-for-2026-09-17-after-the-probe-corrections.md	0
faec63e5-2de1-443a-8563-d47fb0408c0b	docs/requirements/0001-the-engine-reaches-no-network-at-check-time.md	0
faec63e5-2de1-443a-8563-d47fb0408c0b	missing	0
fc418271-a106-4642-bb15-171d8047914c	docs/decisions/0040-q40-whether-extends-bundle-requires-and-an-overlay-s-taxonomy-key-are-a-mechanism-or-a-label.md	0
fc418271-a106-4642-bb15-171d8047914c	docs/decisions/0073-a-verification-is-a-kind-and-its-identity-is-minted-rather-than-found-in-the-code-that-cites-it.md	0
fc418271-a106-4642-bb15-171d8047914c	docs/evaluations/graph-export-and-federation.md	0
fc418271-a106-4642-bb15-171d8047914c	docs/evaluations/theoretical-foundations.md	1
fc418271-a106-4642-bb15-171d8047914c	docs/how-to/mine-the-shadow-mode-routing-log.md	0
fc418271-a106-4642-bb15-171d8047914c	docs/interfaces/headwater-capture.md	0
fc418271-a106-4642-bb15-171d8047914c	docs/interfaces/headwater-derived.md	0
fc418271-a106-4642-bb15-171d8047914c	docs/interfaces/headwater-explain.md	0
fc418271-a106-4642-bb15-171d8047914c	docs/interfaces/headwater-route.md	0
fc418271-a106-4642-bb15-171d8047914c	docs/obligations/0103-the-front-matter-half-of-a-patch-has-no-writer.md	0
fc418271-a106-4642-bb15-171d8047914c	docs/probe-runs/regression-probe-transcript-for-2026-09-17.md	0
fc418271-a106-4642-bb15-171d8047914c	docs/requirements/0002-every-document-of-a-kind-that-requires-sections-carries-all-of-them.md	0
fc418271-a106-4642-bb15-171d8047914c	docs/spec/02-taxonomy-model.md	1
fc418271-a106-4642-bb15-171d8047914c	docs/spec/07-distribution-and-federation.md	0
fc418271-a106-4642-bb15-171d8047914c	docs/spec/08-design-departures.md	1
fc418271-a106-4642-bb15-171d8047914c	missing	1
fdc2229e-887a-4b09-84e9-efe99ac2e569	docs/decisions/0011-license-and-distribution-posture.md	0
fdc2229e-887a-4b09-84e9-efe99ac2e569	docs/decisions/0031-q31-whether-this-repository-becomes-public-and-when.md	0
fdc2229e-887a-4b09-84e9-efe99ac2e569	docs/decisions/0080-q66-the-corpus-dashboard-ships-free-and-self-hosted-with-tenant-isolation-stated-as-a-data-model-constraint-from-day-one.md	0
fdc2229e-887a-4b09-84e9-efe99ac2e569	docs/how-to/cut-a-release.md	0
fdc2229e-887a-4b09-84e9-efe99ac2e569	docs/interfaces/headwater-site.md	0
fdc2229e-887a-4b09-84e9-efe99ac2e569	docs/interfaces/headwater-taxonomy.md	0
fdc2229e-887a-4b09-84e9-efe99ac2e569	docs/obligations/0096-whether-anything-is-ever-promoted-out-of-the-asserted-tier.md	0
fdc2229e-887a-4b09-84e9-efe99ac2e569	docs/obligations/0222-ten-rules-of-the-editions-ledger-have-one-recorded-corpus-so-a-rule-change-blessed-with-an-edit-to-that-corpus-passes.md	0
fdc2229e-887a-4b09-84e9-efe99ac2e569	docs/process/obligations/0217-the-site-review-marker-lives-in-the-common-directory-of-a-clone-so-one-worktree-s-unreviewed-merge-blocks-the-push-of-every-worktree.md	0
fdc2229e-887a-4b09-84e9-efe99ac2e569	docs/taxonomies/diataxis-site/doctrine.md	0
fdc2229e-887a-4b09-84e9-efe99ac2e569	missing	0
fdc872ea-1d0d-48b8-b20d-dcd7492c05c5	docs/decisions/0031-q31-whether-this-repository-becomes-public-and-when.md	0
fdc872ea-1d0d-48b8-b20d-dcd7492c05c5	docs/interfaces/headwater-change.md	0
fdc872ea-1d0d-48b8-b20d-dcd7492c05c5	docs/interfaces/headwater-completions.md	0
fdc872ea-1d0d-48b8-b20d-dcd7492c05c5	docs/interfaces/headwater-derived.md	0
fdc872ea-1d0d-48b8-b20d-dcd7492c05c5	docs/interfaces/headwater-sweep.md	0
fdc872ea-1d0d-48b8-b20d-dcd7492c05c5	docs/obligations/0075-a-participation-expectation-needs-depth-one-and-edge.md	0
fdc872ea-1d0d-48b8-b20d-dcd7492c05c5	docs/obligations/0093-whether-a-harvesting-tier-owes-conformance-rules-of-its-own.md	0
fdc872ea-1d0d-48b8-b20d-dcd7492c05c5	docs/obligations/0125-nine-documents-state-a-warrant-the-closed-set-does-not-hold-and-no-check-reads-one.md	0
fdc872ea-1d0d-48b8-b20d-dcd7492c05c5	docs/obligations/0141-an-identifier-scheme-names-no-prefix-so-an-rdf-projection-derives-a-document-iri-from-a-file-path.md	0
fdc872ea-1d0d-48b8-b20d-dcd7492c05c5	docs/obligations/0159-a-sentence-that-opens-with-a-hash-and-an-issue-number-is-folded-into-the-sentence-before-it.md	0
fdc872ea-1d0d-48b8-b20d-dcd7492c05c5	docs/obligations/0183-no-mechanism-holds-a-committed-binary-asset-against-a-run.md	0
fdc872ea-1d0d-48b8-b20d-dcd7492c05c5	docs/probe-runs/regression-probe-transcript-for-2026-09-11.md	0
fdc872ea-1d0d-48b8-b20d-dcd7492c05c5	docs/probe-runs/regression-probe-transcript-for-2026-09-16.md	0
fdc872ea-1d0d-48b8-b20d-dcd7492c05c5	docs/spec/00-vision-and-scope.md	0
fdc872ea-1d0d-48b8-b20d-dcd7492c05c5	docs/spec/05-ai-integration.md	0
fdc872ea-1d0d-48b8-b20d-dcd7492c05c5	missing	1
fe93d5f7-b0af-4f93-90fd-a24718379482	docs/decisions/0001-implementation-language.md	0
fe93d5f7-b0af-4f93-90fd-a24718379482	docs/decisions/0023-the-engine-lint-floor.md	1
fe93d5f7-b0af-4f93-90fd-a24718379482	docs/decisions/0092-the-citation-comment-of-spec-5-is-for-an-adopter-s-corpus-and-this-repository-does-not-practice-it-on-its-own-code.md	0
fe93d5f7-b0af-4f93-90fd-a24718379482	docs/how-to/diagnose-an-isolation-failure.md	0
fe93d5f7-b0af-4f93-90fd-a24718379482	docs/interfaces/headwater-change.md	0
fe93d5f7-b0af-4f93-90fd-a24718379482	docs/obligations/0089-a-profile-names-its-rules-and-never-states-them.md	0
fe93d5f7-b0af-4f93-90fd-a24718379482	docs/obligations/0107-the-base-package-ships-a-kind-that-the-scaffolder-refuses-to-write.md	0
fe93d5f7-b0af-4f93-90fd-a24718379482	docs/obligations/0136-seven-rustdoc-relative-links-in-comments-point-at-pages-the-doc-tree-does-not-have.md	0
fe93d5f7-b0af-4f93-90fd-a24718379482	docs/obligations/0148-the-help-assertion-never-asks-a-subcommand-and-no-rust-version-declares-the-floor-clap-now-sits-on.md	0
fe93d5f7-b0af-4f93-90fd-a24718379482	docs/obligations/0176-a-blessed-fixture-is-read-by-a-sibling-case-that-runs-while-the-write-truncates-it.md	0
fe93d5f7-b0af-4f93-90fd-a24718379482	docs/obligations/0203-three-small-run-tooling-gaps-from-run-20260922-1121-filed-together.md	1
fe93d5f7-b0af-4f93-90fd-a24718379482	docs/obligations/0211-two-hand-remedy-lines-for-hw-cargo-in-hw-run-policy-may-no-longer-earn-their-cost-on-every-dispatch.md	0
fe93d5f7-b0af-4f93-90fd-a24718379482	docs/obligations/0213-ci-builds-no-mkdocs-site-so-a-generated-page-under-docs-is-never-checked-against-a-strict-build-before-merge.md	2
fe93d5f7-b0af-4f93-90fd-a24718379482	docs/probes/what-a-session-writes-points-back-at-the-ruling-it-rests-on.md	0
fe93d5f7-b0af-4f93-90fd-a24718379482	docs/requirements/0002-every-document-of-a-kind-that-requires-sections-carries-all-of-them.md	0
fe93d5f7-b0af-4f93-90fd-a24718379482	missing	1
fee322d1-be51-4c8f-99ad-094fe7eae923	docs/decisions/0030-q30-whether-what-an-obligation-waits-on-is-a-state-or-a-property-and-how-many-values-it-takes.md	0
fee322d1-be51-4c8f-99ad-094fe7eae923	docs/decisions/0031-q31-whether-this-repository-becomes-public-and-when.md	0
fee322d1-be51-4c8f-99ad-094fe7eae923	docs/decisions/0078-a-recorded-terminal-demonstration-may-show-a-frozen-number-behind-a-recorded-on-date-marker.md	0
fee322d1-be51-4c8f-99ad-094fe7eae923	docs/interfaces/headwater-help.md	0
fee322d1-be51-4c8f-99ad-094fe7eae923	docs/obligations/0011-nothing-has-been-promoted-out-of-the-synthesized-tier.md	0
fee322d1-be51-4c8f-99ad-094fe7eae923	docs/obligations/0085-headwater-init-cannot-reach-a-package-that-is-not-already.md	0
fee322d1-be51-4c8f-99ad-094fe7eae923	docs/obligations/0096-whether-anything-is-ever-promoted-out-of-the-asserted-tier.md	0
fee322d1-be51-4c8f-99ad-094fe7eae923	docs/obligations/0130-the-publication-date-of-this-repository-is-unset-and-the-owner-alone-sets-it.md	0
fee322d1-be51-4c8f-99ad-094fe7eae923	docs/obligations/0144-the-cache-identity-test-reads-the-live-working-tree-so-an-edit-during-the-run-reports-the-correctness-root-as-violated.md	0
fee322d1-be51-4c8f-99ad-094fe7eae923	docs/probes/an-agent-reaches-the-adjudication-from-the-document-that-lost-it.md	0
fee322d1-be51-4c8f-99ad-094fe7eae923	missing	0
