path	line	column	start	end	rule	kind	flagged	expect	suggestion	message
docs/spec/03-authoring-and-lifecycle.md	36	5	1271	1276	SentenceCapitalization	Capitalization	state	state	replace:State	This sentence does not start with a capital letter
docs/spec/03-authoring-and-lifecycle.md	37	5	1341	1346	SentenceCapitalization	Capitalization	state	state	replace:State	This sentence does not start with a capital letter
docs/spec/03-authoring-and-lifecycle.md	37	237	1573	1582	MassNouns	Agreement	a finding	a finding	replace:finding	`finding` is a mass noun.
docs/spec/03-authoring-and-lifecycle.md	38	5	1955	1964	SentenceCapitalization	Capitalization	freshness	freshness	replace:Freshness	This sentence does not start with a capital letter
docs/spec/03-authoring-and-lifecycle.md	60	106	3708	3712	SentenceCapitalization	Capitalization	says	says	replace:Says	This sentence does not start with a capital letter
docs/spec/03-authoring-and-lifecycle.md	60	156	3758	3762	SentenceCapitalization	Capitalization	says	says	replace:Says	This sentence does not start with a capital letter
docs/spec/03-authoring-and-lifecycle.md	64	25	-	-	RepeatedWords	Repetition	and and		replace:and	Did you mean to repeat this word?
docs/spec/03-authoring-and-lifecycle.md	64	339	4668	4679	SpellCheck	Spelling	Terminality	Terminality	replace:Terminally	Did you mean `Terminally`?
docs/spec/03-authoring-and-lifecycle.md	64	422	4751	4754	SpellCheck	Spelling	Q26	Q26	replace:Qua	Did you mean to spell `Q26` this way?
docs/spec/03-authoring-and-lifecycle.md	64	553	4882	4885	PronounInflectionBe	Agreement	are	are	replace:is	Make the verb agree with its subject.
docs/spec/03-authoring-and-lifecycle.md	64	553	4882	4898	ThereIsAgreement	Agreement	are there rather	are there rather	replace:is there a rather	There is disagreement in number between the verb and the noun.
docs/spec/03-authoring-and-lifecycle.md	66	262	5172	5176	SentenceCapitalization	Capitalization	then	then	replace:Then	This sentence does not start with a capital letter
docs/spec/03-authoring-and-lifecycle.md	66	458	5368	5370	SentenceCapitalization	Capitalization	is	is	replace:Is	This sentence does not start with a capital letter
docs/spec/03-authoring-and-lifecycle.md	68	198	5620	5625	SentenceCapitalization	Capitalization	names	names	replace:Names	This sentence does not start with a capital letter
docs/spec/03-authoring-and-lifecycle.md	68	309	5731	5732	Spaces	Formatting	 	 	remove	Unnecessary space at the end of the sentence.
docs/spec/03-authoring-and-lifecycle.md	72	3	5893	5896	SentenceCapitalization	Capitalization	the	the	replace:The	This sentence does not start with a capital letter
docs/spec/03-authoring-and-lifecycle.md	72	128	6018	6020	SentenceCapitalization	Capitalization	is	is	replace:Is	This sentence does not start with a capital letter
docs/spec/03-authoring-and-lifecycle.md	72	375	6265	6269	DiscourseMarkers	Punctuation	Thus	Thus	insert:,	Discourse markers at the beginning of a sentence should be followed by a comma.
docs/spec/03-authoring-and-lifecycle.md	73	3	6561	6562	SentenceCapitalization	Capitalization	a	a	replace:A	This sentence does not start with a capital letter
docs/spec/03-authoring-and-lifecycle.md	73	103	6661	6663	SentenceCapitalization	Capitalization	is	is	replace:Is	This sentence does not start with a capital letter
docs/spec/03-authoring-and-lifecycle.md	73	495	7053	7064	MassNouns	Agreement	one finding	one finding	replace:one piece of finding	`finding` is a mass noun.
docs/spec/03-authoring-and-lifecycle.md	74	3	7068	7069	SentenceCapitalization	Capitalization	a	a	replace:A	This sentence does not start with a capital letter
docs/spec/03-authoring-and-lifecycle.md	74	96	7161	7162	Spaces	Formatting	 	 	remove	Unnecessary space at the end of the sentence.
docs/spec/03-authoring-and-lifecycle.md	74	157	7222	7224	SentenceCapitalization	Capitalization	is	is	replace:Is	This sentence does not start with a capital letter
docs/spec/03-authoring-and-lifecycle.md	75	3	7873	7874	SentenceCapitalization	Capitalization	a	a	replace:A	This sentence does not start with a capital letter
docs/spec/03-authoring-and-lifecycle.md	75	83	7953	7954	Spaces	Formatting	 	 	remove	Unnecessary space at the end of the sentence.
docs/spec/03-authoring-and-lifecycle.md	75	243	8113	8115	SentenceCapitalization	Capitalization	is	is	replace:Is	This sentence does not start with a capital letter
docs/spec/03-authoring-and-lifecycle.md	75	779	8649	8661	SpellCheck	Spelling	supersession	supersession	replace:suppression	Did you mean `suppression`?
docs/spec/03-authoring-and-lifecycle.md	75	779	8649	8661	SplitWords	Typo	supersession	supersession	replace:super session	`supersession` should probably be written as `super session`.
docs/spec/03-authoring-and-lifecycle.md	75	1285	9155	9157	SpellCheck	Spelling	HW	HW	replace:Ha	Did you mean to spell `HW` this way?
docs/spec/03-authoring-and-lifecycle.md	75	1288	9158	9160	SpellCheck	Spelling	DR	DR	replace:Do	Did you mean to spell `DR` this way?
docs/spec/03-authoring-and-lifecycle.md	75	1494	9364	9365	Spaces	Formatting	 	 	remove	Unnecessary space at the end of the sentence.
docs/spec/03-authoring-and-lifecycle.md	76	3	9513	9514	SentenceCapitalization	Capitalization	a	a	replace:A	This sentence does not start with a capital letter
docs/spec/03-authoring-and-lifecycle.md	76	266	9776	9777	Spaces	Formatting	 	 	remove	Unnecessary space at the end of the sentence.
docs/spec/03-authoring-and-lifecycle.md	76	547	10057	10059	SpellCheck	Spelling	HW	HW	replace:Ha	Did you mean to spell `HW` this way?
docs/spec/03-authoring-and-lifecycle.md	76	550	10060	10062	SpellCheck	Spelling	DR	DR	replace:Do	Did you mean to spell `DR` this way?
docs/spec/03-authoring-and-lifecycle.md	76	1153	10663	10665	SpellCheck	Spelling	HW	HW	replace:Ha	Did you mean to spell `HW` this way?
docs/spec/03-authoring-and-lifecycle.md	76	1156	10666	10668	SpellCheck	Spelling	DR	DR	replace:Do	Did you mean to spell `DR` this way?
docs/spec/03-authoring-and-lifecycle.md	77	3	10829	10831	SentenceCapitalization	Capitalization	an	an	replace:An	This sentence does not start with a capital letter
docs/spec/03-authoring-and-lifecycle.md	77	79	10905	10906	Spaces	Formatting	 	 	remove	Unnecessary space at the end of the sentence.
docs/spec/03-authoring-and-lifecycle.md	77	559	11385	11386	Spaces	Formatting	 	 	remove	Unnecessary space at the end of the sentence.
docs/spec/03-authoring-and-lifecycle.md	77	768	11594	11606	SpellCheck	Spelling	supersession	supersession	replace:suppression	Did you mean `suppression`?
docs/spec/03-authoring-and-lifecycle.md	77	768	11594	11606	SplitWords	Typo	supersession	supersession	replace:super session	`supersession` should probably be written as `super session`.
docs/spec/03-authoring-and-lifecycle.md	78	3	11863	11868	SentenceCapitalization	Capitalization	entry	entry	replace:Entry	This sentence does not start with a capital letter
docs/spec/03-authoring-and-lifecycle.md	79	3	12009	12014	SentenceCapitalization	Capitalization	dwell	dwell	replace:Dwell	This sentence does not start with a capital letter
docs/spec/03-authoring-and-lifecycle.md	79	138	12144	12151	SentenceCapitalization	Capitalization	reports	reports	replace:Reports	This sentence does not start with a capital letter
docs/spec/03-authoring-and-lifecycle.md	79	265	12271	12280	MassNouns	Agreement	a finding	a finding	replace:finding	`finding` is a mass noun.
docs/spec/03-authoring-and-lifecycle.md	81	267	12722	12734	MassNouns	Agreement	A conflation	A conflation	replace:Conflation	`conflation` is a mass noun.
docs/spec/03-authoring-and-lifecycle.md	83	368	13214	13220	NounVerbConfusion	WordChoice	effect	effect	replace:affect	Use `affect` for the verb meaning to influence; `effect` usually names the result.
docs/spec/03-authoring-and-lifecycle.md	87	17	13382	13384	SentenceCapitalization	Capitalization	is	is	replace:Is	This sentence does not start with a capital letter
docs/spec/03-authoring-and-lifecycle.md	89	3	13545	13548	SentenceCapitalization	Capitalization	the	the	replace:The	This sentence does not start with a capital letter
docs/spec/03-authoring-and-lifecycle.md	90	3	13611	13614	SentenceCapitalization	Capitalization	the	the	replace:The	This sentence does not start with a capital letter
docs/spec/03-authoring-and-lifecycle.md	91	3	13714	13717	SentenceCapitalization	Capitalization	the	the	replace:The	This sentence does not start with a capital letter
docs/spec/03-authoring-and-lifecycle.md	95	127	14189	14196	SentenceCapitalization	Capitalization	records	records	replace:Records	This sentence does not start with a capital letter
docs/spec/03-authoring-and-lifecycle.md	95	244	14306	14307	CommaFixes	Punctuation	 	 	remove	Don't use a space before a comma.
docs/spec/03-authoring-and-lifecycle.md	95	488	14550	14553	SpellCheck	Spelling	Q15	Q15	replace:Qua	Did you mean to spell `Q15` this way?
docs/spec/03-authoring-and-lifecycle.md	101	175	14975	14982	PhrasalVerbAsCompoundNoun	WordChoice	rollout	rollout	replace:roll out	This word should be a phrasal verb, not a compound noun.
docs/spec/03-authoring-and-lifecycle.md	106	159	15714	15717	SentenceCapitalization	Capitalization	and	and	replace:And	This sentence does not start with a capital letter
docs/spec/03-authoring-and-lifecycle.md	114	35	16570	16580	SpellCheck	Spelling	fixability	fixability	replace:liability	Did you mean to spell `fixability` this way?
docs/spec/03-authoring-and-lifecycle.md	114	35	16570	16580	SplitWords	Typo	fixability	fixability	replace:fix ability	`fixability` should probably be written as `fix ability`.
docs/spec/03-authoring-and-lifecycle.md	114	435	16970	16977	PhrasalVerbAsCompoundNoun	WordChoice	rollout	rollout	replace:roll out	This word should be a phrasal verb, not a compound noun.
docs/spec/03-authoring-and-lifecycle.md	126	133	18127	18131	DiscourseMarkers	Punctuation	Thus	Thus	insert:,	Discourse markers at the beginning of a sentence should be followed by a comma.
docs/spec/03-authoring-and-lifecycle.md	132	1	18384	18392	SentenceCapitalization	Capitalization	resolves	resolves	replace:Resolves	This sentence does not start with a capital letter
docs/spec/03-authoring-and-lifecycle.md	134	291	18908	18918	SpellCheck	Spelling	scaffolder	scaffolder	replace:scaffold's	Did you mean to spell `scaffolder` this way?
docs/spec/03-authoring-and-lifecycle.md	134	321	18938	18948	SpellCheck	Spelling	scaffolder	scaffolder	replace:scaffold's	Did you mean to spell `scaffolder` this way?
docs/spec/03-authoring-and-lifecycle.md	134	501	19118	19128	SpellCheck	Spelling	scaffolder	scaffolder	replace:scaffold's	Did you mean to spell `scaffolder` this way?
docs/spec/03-authoring-and-lifecycle.md	136	5	19355	19365	SpellCheck	Spelling	scaffolded	scaffolded	replace:scaffold's	Did you mean to spell `scaffolded` this way?
docs/spec/03-authoring-and-lifecycle.md	136	330	19680	19690	SpellCheck	Spelling	scaffolded	scaffolded	replace:scaffold's	Did you mean to spell `scaffolded` this way?
docs/spec/03-authoring-and-lifecycle.md	136	542	19892	19902	SpellCheck	Spelling	scaffolded	scaffolded	replace:scaffold's	Did you mean to spell `scaffolded` this way?
docs/spec/03-authoring-and-lifecycle.md	138	37	20035	20045	SpellCheck	Spelling	scaffolder	scaffolder	replace:scaffold's	Did you mean to spell `scaffolder` this way?
docs/spec/03-authoring-and-lifecycle.md	138	78	20076	20086	SpellCheck	Spelling	scaffolder	scaffolder	replace:scaffold's	Did you mean to spell `scaffolder` this way?
docs/spec/03-authoring-and-lifecycle.md	138	184	20182	20191	CompoundNouns	WordChoice	file name	file name	replace:filename	Did you mean the closed compound noun “filename”?
docs/spec/03-authoring-and-lifecycle.md	138	241	20239	20248	CompoundNouns	WordChoice	file name	file name	replace:filename	Did you mean the closed compound noun “filename”?
docs/spec/03-authoring-and-lifecycle.md	138	289	20287	20297	SpellCheck	Spelling	scaffolder	scaffolder	replace:scaffold's	Did you mean to spell `scaffolder` this way?
docs/spec/03-authoring-and-lifecycle.md	140	97	20714	20719	SentenceCapitalization	Capitalization	takes	takes	replace:Takes	This sentence does not start with a capital letter
docs/spec/03-authoring-and-lifecycle.md	140	219	20836	20841	SentenceCapitalization	Capitalization	takes	takes	replace:Takes	This sentence does not start with a capital letter
docs/spec/03-authoring-and-lifecycle.md	140	526	21143	21152	CompoundNouns	WordChoice	file name	file name	replace:filename	Did you mean the closed compound noun “filename”?
docs/spec/03-authoring-and-lifecycle.md	142	286	21558	21563	SentenceCapitalization	Capitalization	takes	takes	replace:Takes	This sentence does not start with a capital letter
docs/spec/03-authoring-and-lifecycle.md	142	417	21689	21691	SpellCheck	Spelling	HW	HW	replace:Ha	Did you mean to spell `HW` this way?
docs/spec/03-authoring-and-lifecycle.md	142	420	21692	21695	SpellCheck	Spelling	OBL	OBL	replace:Obi	Did you mean to spell `OBL` this way?
docs/spec/03-authoring-and-lifecycle.md	142	610	21882	21892	SpellCheck	Spelling	scaffolder	scaffolder	replace:scaffold's	Did you mean to spell `scaffolder` this way?
docs/spec/03-authoring-and-lifecycle.md	144	315	22283	22293	SpellCheck	Spelling	scaffolder	scaffolder	replace:scaffold's	Did you mean to spell `scaffolder` this way?
docs/spec/03-authoring-and-lifecycle.md	148	442	23157	23158	CommaFixes	Punctuation	 	 	remove	Don't use a space before a comma.
docs/spec/03-authoring-and-lifecycle.md	150	108	23446	23455	CompoundNouns	WordChoice	file name	file name	replace:filename	Did you mean the closed compound noun “filename”?
docs/spec/03-authoring-and-lifecycle.md	150	346	23684	23693	CompoundNouns	WordChoice	file name	file name	replace:filename	Did you mean the closed compound noun “filename”?
docs/spec/03-authoring-and-lifecycle.md	150	577	23915	23917	SpellCheck	Spelling	HW	HW	replace:Ha	Did you mean to spell `HW` this way?
docs/spec/03-authoring-and-lifecycle.md	150	580	23918	23920	SpellCheck	Spelling	DR	DR	replace:Do	Did you mean to spell `DR` this way?
docs/spec/03-authoring-and-lifecycle.md	160	145	25289	25294	OneOfTheSingular	Usage	three	three	replace:threes	The construction `one of the ...` should use a plural noun.
docs/spec/03-authoring-and-lifecycle.md	160	305	25449	25452	SpellCheck	Spelling	Q25	Q25	replace:Qua	Did you mean to spell `Q25` this way?
docs/spec/03-authoring-and-lifecycle.md	166	572	26789	26796	SentenceCapitalization	Capitalization	reports	reports	replace:Reports	This sentence does not start with a capital letter
docs/spec/03-authoring-and-lifecycle.md	180	30	27919	27920	Spaces	Formatting	 	 	remove	Unnecessary space at the end of the sentence.
docs/spec/03-authoring-and-lifecycle.md	180	93	27982	27983	CommaFixes	Punctuation	 	 	remove	Don't use a space before a comma.
docs/spec/03-authoring-and-lifecycle.md	184	46	28612	28615	SpellCheck	Spelling	Q15	Q15	replace:Qua	Did you mean to spell `Q15` this way?
docs/spec/03-authoring-and-lifecycle.md	184	102	28668	28671	SpellCheck	Spelling	Q19	Q19	replace:Qua	Did you mean to spell `Q19` this way?
docs/spec/03-authoring-and-lifecycle.md	184	282	28848	28849	CommaFixes	Punctuation	 	 	remove	Don't use a space before a comma.
docs/spec/03-authoring-and-lifecycle.md	184	381	28947	28956	CompoundNouns	WordChoice	file name	file name	replace:filename	Did you mean the closed compound noun “filename”?
docs/spec/03-authoring-and-lifecycle.md	184	488	29054	29055	Spaces	Formatting	 	 	remove	Unnecessary space at the end of the sentence.
docs/spec/03-authoring-and-lifecycle.md	186	19	29219	29220	CommaFixes	Punctuation	 	 	remove	Don't use a space before a comma.
docs/spec/03-authoring-and-lifecycle.md	186	42	29242	29243	CommaFixes	Punctuation	 	 	remove	Don't use a space before a comma.
docs/spec/03-authoring-and-lifecycle.md	192	49	29854	29857	SpellCheck	Spelling	W3C	W3C	replace:Wag	Did you mean to spell `W3C` this way?
docs/spec/03-authoring-and-lifecycle.md	205	15	30255	30257	SentenceCapitalization	Capitalization	is	is	replace:Is	This sentence does not start with a capital letter
docs/spec/03-authoring-and-lifecycle.md	220	14	31512	31519	SentenceCapitalization	Capitalization	forbids	forbids	replace:Forbids	This sentence does not start with a capital letter
docs/spec/03-authoring-and-lifecycle.md	220	116	31614	31622	SpellCheck	Spelling	acceptor	acceptor	replace:accept	Did you mean to spell `acceptor` this way?
docs/spec/03-authoring-and-lifecycle.md	220	116	31614	31622	SplitWords	Typo	acceptor	acceptor	replace:accept or	`acceptor` should probably be written as `accept or`.
docs/spec/03-authoring-and-lifecycle.md	220	127	31625	31626	Spaces	Formatting	 	 	remove	Unnecessary space at the end of the sentence.
docs/spec/03-authoring-and-lifecycle.md	222	100	31851	31853	AnA	Miscellaneous	an	an	replace:a	Incorrect indefinite article.
docs/spec/03-authoring-and-lifecycle.md	226	19	32603	32604	CommaFixes	Punctuation	 	 	remove	Don't use a space before a comma.
docs/spec/03-authoring-and-lifecycle.md	226	413	32997	32998	CommaFixes	Punctuation	 	 	remove	Don't use a space before a comma.
docs/spec/03-authoring-and-lifecycle.md	230	1	33221	33223	AnA	Miscellaneous	An	An	replace:A	Incorrect indefinite article.
docs/spec/03-authoring-and-lifecycle.md	232	279	33682	33691	MassNouns	Agreement	a finding	a finding	replace:finding	`finding` is a mass noun.
docs/spec/03-authoring-and-lifecycle.md	234	160	34166	34167	Spaces	Formatting	 	 	remove	Unnecessary space at the end of the sentence.
docs/spec/03-authoring-and-lifecycle.md	234	313	34319	34327	SentenceCapitalization	Capitalization	declares	declares	replace:Declares	This sentence does not start with a capital letter
docs/spec/03-authoring-and-lifecycle.md	234	321	34327	34328	CommaFixes	Punctuation	 	 	remove	Don't use a space before a comma.
docs/spec/03-authoring-and-lifecycle.md	234	418	34424	34426	SentenceCapitalization	Capitalization	is	is	replace:Is	This sentence does not start with a capital letter
docs/spec/03-authoring-and-lifecycle.md	236	129	34852	34857	SentenceCapitalization	Capitalization	turns	turns	replace:Turns	This sentence does not start with a capital letter
docs/spec/03-authoring-and-lifecycle.md	236	252	34975	34980	SentenceCapitalization	Capitalization	names	names	replace:Names	This sentence does not start with a capital letter
docs/spec/03-authoring-and-lifecycle.md	240	215	35950	35951	Spaces	Formatting	 	 	remove	Unnecessary space at the end of the sentence.
docs/spec/03-authoring-and-lifecycle.md	240	353	36088	36089	Spaces	Formatting	 	 	remove	Unnecessary space at the end of the sentence.
docs/spec/03-authoring-and-lifecycle.md	242	20	36230	36231	CommaFixes	Punctuation	 	 	remove	Don't use a space before a comma.
docs/spec/03-authoring-and-lifecycle.md	242	214	36424	36427	SpellCheck	Spelling	mis	mis	replace:mi's	Did you mean to spell `mis` this way?
docs/spec/03-authoring-and-lifecycle.md	242	347	36557	36558	CommaFixes	Punctuation	 	 	remove	Don't use a space before a comma.
docs/spec/03-authoring-and-lifecycle.md	242	646	36856	36858	SpellCheck	Spelling	HW	HW	replace:Ha	Did you mean to spell `HW` this way?
docs/spec/03-authoring-and-lifecycle.md	242	649	36859	36862	SpellCheck	Spelling	OBL	OBL	replace:Obi	Did you mean to spell `OBL` this way?
docs/spec/03-authoring-and-lifecycle.md	244	48	37088	37091	SentenceCapitalization	Capitalization	and	and	replace:And	This sentence does not start with a capital letter
docs/spec/03-authoring-and-lifecycle.md	248	65	37280	37285	SpellCheck	Spelling	gIBIS	gIBIS	replace:gibes	Did you mean to spell `gIBIS` this way?
docs/spec/03-authoring-and-lifecycle.md	248	72	37287	37290	SpellCheck	Spelling	QOC	QOC	replace:QC	Did you mean to spell `QOC` this way?
docs/spec/03-authoring-and-lifecycle.md	248	347	37562	37566	DiscourseMarkers	Punctuation	Thus	Thus	insert:,	Discourse markers at the beginning of a sentence should be followed by a comma.
docs/spec/03-authoring-and-lifecycle.md	250	154	37757	37767	SpellCheck	Spelling	scaffolded	scaffolded	replace:scaffold's	Did you mean to spell `scaffolded` this way?
docs/spec/03-authoring-and-lifecycle.md	250	265	37868	37878	SpellCheck	Spelling	scaffolder	scaffolder	replace:scaffold's	Did you mean to spell `scaffolder` this way?
docs/spec/03-authoring-and-lifecycle.md	259	7	38934	38944	SpellCheck	Spelling	scaffolder	scaffolder	replace:scaffold's	Did you mean to spell `scaffolder` this way?
docs/spec/03-authoring-and-lifecycle.md	259	255	39182	39185	ItsContraction	Punctuation	its	its	replace:it's	Use `it's` (short for `it has` or `it is`) here, not the possessive `its`.
docs/spec/03-authoring-and-lifecycle.md	259	639	39566	39568	SpellCheck	Spelling	HW	HW	replace:Ha	Did you mean to spell `HW` this way?
docs/spec/03-authoring-and-lifecycle.md	259	642	39569	39571	SpellCheck	Spelling	DR	DR	replace:Do	Did you mean to spell `DR` this way?
docs/spec/03-authoring-and-lifecycle.md	261	64	39733	39743	MassNouns	Agreement	one ruling	one ruling	replace:one piece of ruling	`ruling` is a mass noun.
docs/spec/03-authoring-and-lifecycle.md	261	260	39929	39939	SpellCheck	Spelling	scaffolded	scaffolded	replace:scaffold's	Did you mean to spell `scaffolded` this way?
docs/spec/03-authoring-and-lifecycle.md	265	13	40194	40195	Spaces	Formatting	 	 	remove	Unnecessary space at the end of the sentence.
docs/spec/03-authoring-and-lifecycle.md	265	210	40391	40399	DisjointPrefixes	Spelling	non-zero	non-zero	replace:nonzero	This looks like a prefix that can be joined with the rest of the word.
docs/spec/03-authoring-and-lifecycle.md	267	306	40791	40801	SpellCheck	Spelling	scaffolder	scaffolder	replace:scaffold's	Did you mean to spell `scaffolder` this way?
docs/spec/03-authoring-and-lifecycle.md	267	542	41027	41029	SpellCheck	Spelling	HW	HW	replace:Ha	Did you mean to spell `HW` this way?
docs/spec/03-authoring-and-lifecycle.md	267	545	41030	41033	SpellCheck	Spelling	OBL	OBL	replace:Obi	Did you mean to spell `OBL` this way?
docs/spec/03-authoring-and-lifecycle.md	277	3	42023	42030	SentenceCapitalization	Capitalization	whether	whether	replace:Whether	This sentence does not start with a capital letter
docs/spec/03-authoring-and-lifecycle.md	279	44	42354	42355	CommaFixes	Punctuation	 	 	remove	Don't use a space before a comma.
docs/spec/03-authoring-and-lifecycle.md	279	285	42595	42605	CompoundNouns	WordChoice	plain text	plain text	replace:plaintext	Did you mean the closed compound noun “plaintext”?
docs/spec/03-authoring-and-lifecycle.md	281	69	42842	42849	SentenceCapitalization	Capitalization	reports	reports	replace:Reports	This sentence does not start with a capital letter
docs/spec/03-authoring-and-lifecycle.md	283	331	43618	43627	MassNouns	Agreement	a finding	a finding	replace:finding	`finding` is a mass noun.
docs/spec/03-authoring-and-lifecycle.md	285	2	43670	43672	SpellCheck	Spelling	HW	HW	replace:Ha	Did you mean to spell `HW` this way?
docs/spec/03-authoring-and-lifecycle.md	285	5	43673	43676	SpellCheck	Spelling	OBL	OBL	replace:Obi	Did you mean to spell `OBL` this way?
docs/spec/03-authoring-and-lifecycle.md	298	518	44926	44928	SpellCheck	Spelling	HW	HW	replace:Ha	Did you mean to spell `HW` this way?
docs/spec/03-authoring-and-lifecycle.md	298	521	44929	44932	SpellCheck	Spelling	OBL	OBL	replace:Obi	Did you mean to spell `OBL` this way?
docs/spec/07-distribution-and-federation.md	45	113	1756	1767	SpellCheck	Spelling	checksummed	checksummed	replace:checksumed	Did you mean `checksumed`?
docs/spec/07-distribution-and-federation.md	45	286	1929	1933	DiscourseMarkers	Punctuation	Thus	Thus	insert:,	Discourse markers at the beginning of a sentence should be followed by a comma.
docs/spec/07-distribution-and-federation.md	69	563	3680	3684	SentenceCapitalization	Capitalization	does	does	replace:Does	This sentence does not start with a capital letter
docs/spec/07-distribution-and-federation.md	69	630	3747	3754	OxfordComma	Style	version	version	insert:,	An Oxford comma is necessary here.
docs/spec/07-distribution-and-federation.md	71	518	4404	4407	SentenceCapitalization	Capitalization	and	and	replace:And	This sentence does not start with a capital letter
docs/spec/07-distribution-and-federation.md	71	705	4591	4600	MassNouns	Agreement	a listing	a listing	replace:listing	`listing` is a mass noun.
docs/spec/07-distribution-and-federation.md	77	75	6038	6039	Spaces	Formatting	 	 	remove	Unnecessary space at the end of the sentence.
docs/spec/07-distribution-and-federation.md	77	107	6070	6078	CompoundNouns	WordChoice	key maps	key maps	replace:keymaps	Did you mean the closed compound noun “keymaps”?
docs/spec/07-distribution-and-federation.md	79	547	7245	7249	SentenceCapitalization	Capitalization	then	then	replace:Then	This sentence does not start with a capital letter
docs/spec/07-distribution-and-federation.md	79	581	7279	7289	SpellCheck	Spelling	unrepaired	unrepaired	replace:unimpaired	Did you mean to spell `unrepaired` this way?
docs/spec/07-distribution-and-federation.md	81	32	7622	7624	SentenceCapitalization	Capitalization	is	is	replace:Is	This sentence does not start with a capital letter
docs/spec/07-distribution-and-federation.md	81	370	7960	7961	Spaces	Formatting	 	 	remove	Unnecessary space at the end of the sentence.
docs/spec/07-distribution-and-federation.md	83	24	8409	8418	CompoundNouns	WordChoice	file name	file name	replace:filename	Did you mean the closed compound noun “filename”?
docs/spec/07-distribution-and-federation.md	85	157	9811	9812	Spaces	Formatting	 	 	remove	Unnecessary space at the end of the sentence.
docs/spec/07-distribution-and-federation.md	87	231	10688	10697	Everyone	Miscellaneous	every one	every one	replace:everyone	Did you mean the closed compound `everyone`?
docs/spec/07-distribution-and-federation.md	89	70	11512	11519	SentenceCapitalization	Capitalization	reaches	reaches	replace:Reaches	This sentence does not start with a capital letter
docs/spec/07-distribution-and-federation.md	89	77	11519	11520	CommaFixes	Punctuation	 	 	remove	Don't use a space before a comma.
docs/spec/07-distribution-and-federation.md	89	264	11706	11709	SpellCheck	Spelling	Q11	Q11	replace:Qua	Did you mean to spell `Q11` this way?
docs/spec/07-distribution-and-federation.md	89	443	11885	11886	SpellCheck	Spelling	s	s	replace:so	Did you mean to spell `s` this way?
docs/spec/07-distribution-and-federation.md	91	202	12172	12183	MassNouns	Agreement	one outside	one outside	replace:one piece of outside	`outside` is a mass noun.
docs/spec/07-distribution-and-federation.md	91	527	12497	12500	ExpandMemoryShorthands	WordChoice	KiB	KiB	replace:kibibytes	Did you mean `kibibytes`?
docs/spec/07-distribution-and-federation.md	93	174	-	-	NotIn	Typo	no in		replace:not in	Use `not in` for correct grammar.
docs/spec/07-distribution-and-federation.md	93	470	13731	13742	CompoundNouns	WordChoice	file system	file system	replace:filesystem	Did you mean the closed compound noun “filesystem”?
docs/spec/07-distribution-and-federation.md	93	531	13792	13794	OxfordComma	Style	or	or	insert:,	An Oxford comma is necessary here.
docs/spec/07-distribution-and-federation.md	95	60	14065	14070	SentenceCapitalization	Capitalization	holds	holds	replace:Holds	This sentence does not start with a capital letter
docs/spec/07-distribution-and-federation.md	95	363	14368	14379	CompoundNouns	WordChoice	file system	file system	replace:filesystem	Did you mean the closed compound noun “filesystem”?
docs/spec/07-distribution-and-federation.md	95	421	14426	14429	SpellCheck	Spelling	UTF	UTF	replace:Uhf	Did you mean to spell `UTF` this way?
docs/spec/07-distribution-and-federation.md	103	21	16408	16410	SentenceCapitalization	Capitalization	is	is	replace:Is	This sentence does not start with a capital letter
docs/spec/07-distribution-and-federation.md	103	125	16512	16523	SpellCheck	Spelling	comparators	comparators	replace:compactors	Did you mean to spell `comparators` this way?
docs/spec/07-distribution-and-federation.md	103	172	16559	16560	Spaces	Formatting	 	 	remove	Unnecessary space at the end of the sentence.
docs/spec/07-distribution-and-federation.md	105	191	17041	17042	AnA	Miscellaneous	a	a	replace:an	Incorrect indefinite article.
docs/spec/07-distribution-and-federation.md	107	615	18323	18326	OxfordComma	Style	and	and	insert:,	An Oxford comma is necessary here.
docs/spec/07-distribution-and-federation.md	107	870	18578	18579	CommaFixes	Punctuation	 	 	remove	Don't use a space before a comma.
docs/spec/07-distribution-and-federation.md	109	54	18835	18836	CommaFixes	Punctuation	 	 	remove	Don't use a space before a comma.
docs/spec/07-distribution-and-federation.md	109	182	18963	18964	Spaces	Formatting	 	 	remove	Unnecessary space at the end of the sentence.
docs/spec/07-distribution-and-federation.md	109	216	18997	19004	SentenceCapitalization	Capitalization	refuses	refuses	replace:Refuses	This sentence does not start with a capital letter
docs/spec/07-distribution-and-federation.md	109	313	19094	19095	Spaces	Formatting	 	 	remove	Unnecessary space at the end of the sentence.
docs/spec/07-distribution-and-federation.md	111	84	19387	19396	SpellCheck	Spelling	injective	injective	replace:invective	Did you mean to spell `injective` this way?
docs/spec/07-distribution-and-federation.md	111	130	19433	19434	CommaFixes	Punctuation	 	 	remove	Don't use a space before a comma.
docs/spec/07-distribution-and-federation.md	111	190	19493	19494	Spaces	Formatting	 	 	remove	Unnecessary space at the end of the sentence.
docs/spec/07-distribution-and-federation.md	111	339	19642	19649	SentenceCapitalization	Capitalization	refuses	refuses	replace:Refuses	This sentence does not start with a capital letter
docs/spec/07-distribution-and-federation.md	113	495	20474	20477	SentenceCapitalization	Capitalization	now	now	replace:Now	This sentence does not start with a capital letter
docs/spec/07-distribution-and-federation.md	115	390	21070	21071	CommaFixes	Punctuation	 	 	remove	Don't use a space before a comma.
docs/spec/07-distribution-and-federation.md	115	579	21259	21268	SpellCheck	Spelling	Headwater	Headwater	replace:Headwaters	Did you mean to spell `Headwater` this way?
docs/spec/07-distribution-and-federation.md	115	834	21514	21517	SpellCheck	Spelling	Q11	Q11	replace:Qua	Did you mean to spell `Q11` this way?
docs/spec/07-distribution-and-federation.md	119	23	21626	21631	SentenceCapitalization	Capitalization	names	names	replace:Names	This sentence does not start with a capital letter
docs/spec/07-distribution-and-federation.md	119	234	21837	21844	SentenceCapitalization	Capitalization	selects	selects	replace:Selects	This sentence does not start with a capital letter
docs/spec/07-distribution-and-federation.md	121	174	22158	22159	Spaces	Formatting	 	 	remove	Unnecessary space at the end of the sentence.
docs/spec/07-distribution-and-federation.md	140	175	23524	23536	DisjointPrefixes	Spelling	re-statement	re-statement	replace:restatement	This looks like a prefix that can be joined with the rest of the word.
docs/spec/07-distribution-and-federation.md	140	272	23621	23633	DisjointPrefixes	Spelling	re-statement	re-statement	replace:restatement	This looks like a prefix that can be joined with the rest of the word.
docs/spec/07-distribution-and-federation.md	140	294	23643	23644	CommaFixes	Punctuation	 	 	remove	Don't use a space before a comma.
docs/spec/07-distribution-and-federation.md	142	124	23989	24001	DisjointPrefixes	Spelling	re-statement	re-statement	replace:restatement	This looks like a prefix that can be joined with the rest of the word.
docs/spec/07-distribution-and-federation.md	142	219	24084	24086	SentenceCapitalization	Capitalization	is	is	replace:Is	This sentence does not start with a capital letter
docs/spec/07-distribution-and-federation.md	146	29	24384	24387	SentenceCapitalization	Capitalization	the	the	replace:The	This sentence does not start with a capital letter
docs/spec/07-distribution-and-federation.md	148	19	24451	24454	SentenceCapitalization	Capitalization	one	one	replace:One	This sentence does not start with a capital letter
docs/spec/07-distribution-and-federation.md	149	12	24572	24575	SentenceCapitalization	Capitalization	one	one	replace:One	This sentence does not start with a capital letter
docs/spec/07-distribution-and-federation.md	150	23	24672	24675	SentenceCapitalization	Capitalization	one	one	replace:One	This sentence does not start with a capital letter
docs/spec/07-distribution-and-federation.md	152	15	24802	24808	SentenceCapitalization	Capitalization	stands	stands	replace:Stands	This sentence does not start with a capital letter
docs/spec/07-distribution-and-federation.md	154	106	25107	25108	CommaFixes	Punctuation	 	 	remove	Don't use a space before a comma.
docs/spec/07-distribution-and-federation.md	154	239	25240	25241	Spaces	Formatting	 	 	remove	Unnecessary space at the end of the sentence.
docs/spec/07-distribution-and-federation.md	156	325	25777	25784	SentenceCapitalization	Capitalization	reports	reports	replace:Reports	This sentence does not start with a capital letter
docs/spec/07-distribution-and-federation.md	156	590	26042	26049	SentenceCapitalization	Capitalization	records	records	replace:Records	This sentence does not start with a capital letter
docs/spec/07-distribution-and-federation.md	156	676	26128	26129	Spaces	Formatting	 	 	remove	Unnecessary space at the end of the sentence.
docs/spec/07-distribution-and-federation.md	156	776	26228	26240	DisjointPrefixes	Spelling	re-statement	re-statement	replace:restatement	This looks like a prefix that can be joined with the rest of the word.
docs/spec/07-distribution-and-federation.md	156	1001	26453	26465	DisjointPrefixes	Spelling	re-statement	re-statement	replace:restatement	This looks like a prefix that can be joined with the rest of the word.
docs/spec/07-distribution-and-federation.md	156	1052	26504	26510	SentenceCapitalization	Capitalization	writes	writes	replace:Writes	This sentence does not start with a capital letter
docs/spec/07-distribution-and-federation.md	158	67	27036	27038	AnA	Miscellaneous	an	an	replace:a	Incorrect indefinite article.
docs/spec/07-distribution-and-federation.md	158	136	27105	27106	Spaces	Formatting	 	 	remove	Unnecessary space at the end of the sentence.
docs/spec/07-distribution-and-federation.md	158	467	27436	27437	Spaces	Formatting	 	 	remove	Unnecessary space at the end of the sentence.
docs/spec/07-distribution-and-federation.md	158	523	27492	27500	SentenceCapitalization	Capitalization	rewrites	rewrites	replace:Rewrites	This sentence does not start with a capital letter
docs/spec/07-distribution-and-federation.md	162	115	28282	28287	SentenceCapitalization	Capitalization	reads	reads	replace:Reads	This sentence does not start with a capital letter
docs/spec/07-distribution-and-federation.md	162	462	28629	28634	SentenceCapitalization	Capitalization	reads	reads	replace:Reads	This sentence does not start with a capital letter
docs/spec/07-distribution-and-federation.md	164	846	29763	29772	SentenceCapitalization	Capitalization	therefore	therefore	replace:Therefore	This sentence does not start with a capital letter
docs/spec/07-distribution-and-federation.md	166	246	30572	30579	SentenceCapitalization	Capitalization	answers	answers	replace:Answers	This sentence does not start with a capital letter
docs/spec/07-distribution-and-federation.md	166	336	30662	30669	SentenceCapitalization	Capitalization	answers	answers	replace:Answers	This sentence does not start with a capital letter
docs/spec/07-distribution-and-federation.md	181	105	31415	31416	CommaFixes	Punctuation	 	 	remove	Don't use a space before a comma.
docs/spec/07-distribution-and-federation.md	181	227	31537	31538	CommaFixes	Punctuation	 	 	remove	Don't use a space before a comma.
docs/spec/07-distribution-and-federation.md	181	492	31802	31809	SentenceCapitalization	Capitalization	reports	reports	replace:Reports	This sentence does not start with a capital letter
docs/spec/07-distribution-and-federation.md	181	499	31809	31810	CommaFixes	Punctuation	 	 	remove	Don't use a space before a comma.
docs/spec/07-distribution-and-federation.md	183	130	32149	32156	SentenceCapitalization	Capitalization	fetches	fetches	replace:Fetches	This sentence does not start with a capital letter
docs/spec/07-distribution-and-federation.md	183	356	32375	32376	CommaFixes	Punctuation	 	 	remove	Don't use a space before a comma.
docs/spec/07-distribution-and-federation.md	183	511	32530	32532	SpellCheck	Spelling	HW	HW	replace:Ha	Did you mean to spell `HW` this way?
docs/spec/07-distribution-and-federation.md	183	514	32533	32535	SpellCheck	Spelling	DR	DR	replace:Do	Did you mean to spell `DR` this way?
docs/spec/07-distribution-and-federation.md	183	753	32772	32776	DiscourseMarkers	Punctuation	Thus	Thus	insert:,	Discourse markers at the beginning of a sentence should be followed by a comma.
docs/spec/07-distribution-and-federation.md	187	74	33027	33037	SentenceCapitalization	Capitalization	recomputes	recomputes	replace:Recomputes	This sentence does not start with a capital letter
docs/spec/07-distribution-and-federation.md	189	329	33730	33732	SentenceCapitalization	Capitalization	is	is	replace:Is	This sentence does not start with a capital letter
docs/spec/07-distribution-and-federation.md	189	990	34391	34399	MassNouns	Agreement	a ruling	a ruling	replace:ruling	`ruling` is a mass noun.
docs/spec/07-distribution-and-federation.md	191	227	34862	34866	ThatThan	Typo	that	that	replace:than	This looks like a comparison that should use `than` rather than `that`.
docs/spec/07-distribution-and-federation.md	191	259	34894	34897	SentenceCapitalization	Capitalization	and	and	replace:And	This sentence does not start with a capital letter
docs/spec/07-distribution-and-federation.md	195	269	35665	35670	SentenceCapitalization	Capitalization	first	first	replace:First	This sentence does not start with a capital letter
docs/spec/07-distribution-and-federation.md	195	369	35765	35766	CommaFixes	Punctuation	 	 	remove	Don't use a space before a comma.
docs/spec/07-distribution-and-federation.md	195	637	36033	36039	MissingTo	WordChoice	failed	failed	insert: to	Insert `to` to complete the infinitive (e.g., `need to talk`).
docs/spec/07-distribution-and-federation.md	195	1097	36493	36495	SpellCheck	Spelling	HW	HW	replace:Ha	Did you mean to spell `HW` this way?
docs/spec/07-distribution-and-federation.md	195	1100	36496	36499	SpellCheck	Spelling	OBL	OBL	replace:Obi	Did you mean to spell `OBL` this way?
docs/spec/07-distribution-and-federation.md	197	308	37023	37026	SpellCheck	Spelling	Q22	Q22	replace:Qua	Did you mean to spell `Q22` this way?
docs/spec/07-distribution-and-federation.md	197	387	37102	37104	SpellCheck	Spelling	HW	HW	replace:Ha	Did you mean to spell `HW` this way?
docs/spec/07-distribution-and-federation.md	197	390	37105	37108	SpellCheck	Spelling	OBL	OBL	replace:Obi	Did you mean to spell `OBL` this way?
docs/spec/07-distribution-and-federation.md	199	58	37335	37343	SentenceCapitalization	Capitalization	replaces	replaces	replace:Replaces	This sentence does not start with a capital letter
docs/spec/07-distribution-and-federation.md	201	56	37768	37769	CommaFixes	Punctuation	 	 	remove	Don't use a space before a comma.
docs/spec/07-distribution-and-federation.md	201	79	37791	37792	Spaces	Formatting	 	 	remove	Unnecessary space at the end of the sentence.
docs/spec/07-distribution-and-federation.md	201	407	38119	38127	DisjointPrefixes	Spelling	non-zero	non-zero	replace:nonzero	This looks like a prefix that can be joined with the rest of the word.
docs/spec/07-distribution-and-federation.md	201	577	38289	38294	SentenceCapitalization	Capitalization	reads	reads	replace:Reads	This sentence does not start with a capital letter
docs/spec/07-distribution-and-federation.md	203	57	38446	38447	Spaces	Formatting	 	 	remove	Unnecessary space at the end of the sentence.
docs/spec/07-distribution-and-federation.md	203	110	38499	38505	SentenceCapitalization	Capitalization	copies	copies	replace:Copies	This sentence does not start with a capital letter
docs/spec/07-distribution-and-federation.md	203	213	38602	38604	SentenceCapitalization	Capitalization	is	is	replace:Is	This sentence does not start with a capital letter
docs/spec/07-distribution-and-federation.md	203	280	38669	38677	SentenceCapitalization	Capitalization	resolves	resolves	replace:Resolves	This sentence does not start with a capital letter
docs/spec/07-distribution-and-federation.md	205	377	39410	39416	SentenceCapitalization	Capitalization	writes	writes	replace:Writes	This sentence does not start with a capital letter
docs/spec/07-distribution-and-federation.md	205	383	39416	39417	CommaFixes	Punctuation	 	 	remove	Don't use a space before a comma.
docs/spec/07-distribution-and-federation.md	205	455	39488	39489	CommaFixes	Punctuation	 	 	remove	Don't use a space before a comma.
docs/spec/07-distribution-and-federation.md	205	731	39764	39765	CommaFixes	Punctuation	 	 	remove	Don't use a space before a comma.
docs/spec/07-distribution-and-federation.md	207	141	40081	40083	SpellCheck	Spelling	HW	HW	replace:Ha	Did you mean to spell `HW` this way?
docs/spec/07-distribution-and-federation.md	207	144	40084	40086	SpellCheck	Spelling	DR	DR	replace:Do	Did you mean to spell `DR` this way?
docs/spec/07-distribution-and-federation.md	207	416	40356	40363	SentenceCapitalization	Capitalization	reports	reports	replace:Reports	This sentence does not start with a capital letter
docs/spec/07-distribution-and-federation.md	207	463	40403	40404	CommaFixes	Punctuation	 	 	remove	Don't use a space before a comma.
docs/spec/07-distribution-and-federation.md	207	582	40522	40525	OneOfTheSingular	Usage	two	two	replace:twos	The construction `one of the ...` should use a plural noun.
docs/spec/07-distribution-and-federation.md	215	69	42278	42284	SentenceCapitalization	Capitalization	writes	writes	replace:Writes	This sentence does not start with a capital letter
docs/spec/07-distribution-and-federation.md	217	107	42717	42722	SentenceCapitalization	Capitalization	holds	holds	replace:Holds	This sentence does not start with a capital letter
docs/spec/07-distribution-and-federation.md	217	220	42830	42835	SentenceCapitalization	Capitalization	holds	holds	replace:Holds	This sentence does not start with a capital letter
docs/spec/07-distribution-and-federation.md	217	295	42905	42910	SentenceCapitalization	Capitalization	reads	reads	replace:Reads	This sentence does not start with a capital letter
docs/spec/07-distribution-and-federation.md	217	562	43172	43179	SentenceCapitalization	Capitalization	refuses	refuses	replace:Refuses	This sentence does not start with a capital letter
docs/spec/07-distribution-and-federation.md	219	101	43363	43365	SpellCheck	Spelling	HW	HW	replace:Ha	Did you mean to spell `HW` this way?
docs/spec/07-distribution-and-federation.md	219	104	43366	43368	SpellCheck	Spelling	DR	DR	replace:Do	Did you mean to spell `DR` this way?
docs/spec/07-distribution-and-federation.md	219	256	43518	43519	CommaFixes	Punctuation	 	 	remove	Don't use a space before a comma.
docs/spec/07-distribution-and-federation.md	219	364	-	-	LongSentences	Readability	The lookup computes a sentence from the tree in front of it: where a directory stands at , the two refusals the lookup can reach name that directory and say to move what is under it, and where none stands neither refusal mentions one.			This sentence is 43 words long.
docs/spec/07-distribution-and-federation.md	219	452	43714	43715	CommaFixes	Punctuation	 	 	remove	Don't use a space before a comma.
docs/spec/07-distribution-and-federation.md	243	38	45429	45430	Spaces	Formatting	 	 	remove	Unnecessary space at the end of the sentence.
docs/spec/07-distribution-and-federation.md	243	200	45591	45601	SpellCheck	Spelling	resolver's	resolver's	replace:resolder's	Did you mean to spell `resolver's` this way?
docs/spec/07-distribution-and-federation.md	243	310	45701	45705	SentenceCapitalization	Capitalization	runs	runs	replace:Runs	This sentence does not start with a capital letter
docs/spec/07-distribution-and-federation.md	245	241	46207	46211	SentenceCapitalization	Capitalization	runs	runs	replace:Runs	This sentence does not start with a capital letter
docs/spec/07-distribution-and-federation.md	247	42	46670	46671	CommaFixes	Punctuation	 	 	remove	Don't use a space before a comma.
docs/spec/07-distribution-and-federation.md	247	60	46688	46691	SpellCheck	Spelling	Q40	Q40	replace:Qua	Did you mean to spell `Q40` this way?
docs/spec/07-distribution-and-federation.md	247	617	47245	47246	Spaces	Formatting	 	 	remove	Unnecessary space at the end of the sentence.
docs/spec/07-distribution-and-federation.md	255	54	48245	48246	Spaces	Formatting	 	 	remove	Unnecessary space at the end of the sentence.
docs/spec/07-distribution-and-federation.md	286	54	50051	50054	SentenceCapitalization	Capitalization	and	and	replace:And	This sentence does not start with a capital letter
docs/spec/07-distribution-and-federation.md	286	189	50186	50187	Spaces	Formatting	 	 	remove	Unnecessary space at the end of the sentence.
docs/spec/07-distribution-and-federation.md	286	232	50229	50231	SentenceCapitalization	Capitalization	is	is	replace:Is	This sentence does not start with a capital letter
docs/spec/07-distribution-and-federation.md	286	315	50312	50319	SentenceCapitalization	Capitalization	selects	selects	replace:Selects	This sentence does not start with a capital letter
docs/spec/07-distribution-and-federation.md	290	170	51010	51011	Spaces	Formatting	 	 	remove	Unnecessary space at the end of the sentence.
docs/spec/07-distribution-and-federation.md	302	17	52672	52673	CommaFixes	Punctuation	 	 	remove	Don't use a space before a comma.
docs/spec/07-distribution-and-federation.md	302	62	52717	52718	Spaces	Formatting	 	 	remove	Unnecessary space at the end of the sentence.
docs/spec/07-distribution-and-federation.md	302	147	52802	52804	SpellCheck	Spelling	HW	HW	replace:Ha	Did you mean to spell `HW` this way?
docs/spec/07-distribution-and-federation.md	302	150	52805	52808	SpellCheck	Spelling	OBL	OBL	replace:Obi	Did you mean to spell `OBL` this way?
docs/spec/07-distribution-and-federation.md	306	18	53087	53095	SentenceCapitalization	Capitalization	composes	composes	replace:Composes	This sentence does not start with a capital letter
docs/spec/07-distribution-and-federation.md	310	63	54168	54171	SpellCheck	Spelling	Q12	Q12	replace:Qua	Did you mean to spell `Q12` this way?
docs/spec/07-distribution-and-federation.md	311	327	54858	54864	SentenceCapitalization	Capitalization	cannot	cannot	replace:Cannot	This sentence does not start with a capital letter
docs/spec/07-distribution-and-federation.md	312	100	55155	55160	SentenceCapitalization	Capitalization	needs	needs	replace:Needs	This sentence does not start with a capital letter
docs/spec/07-distribution-and-federation.md	312	174	55229	55234	SentenceCapitalization	Capitalization	needs	needs	replace:Needs	This sentence does not start with a capital letter
docs/spec/07-distribution-and-federation.md	317	336	56696	56706	DisjointPrefixes	Spelling	Re-running	Re-running	replace:Rerunning	This looks like a prefix that can be joined with the rest of the word.
docs/spec/07-distribution-and-federation.md	325	92	57707	57715	SentenceCapitalization	Capitalization	requires	requires	replace:Requires	This sentence does not start with a capital letter
docs/spec/07-distribution-and-federation.md	325	114	57729	57737	MissingTo	WordChoice	resolved	resolved	insert: to	Insert `to` to complete the infinitive (e.g., `need to talk`).
docs/spec/07-distribution-and-federation.md	329	264	58541	58550	SpellCheck	Spelling	satisfier	satisfier	replace:satisfied	Did you mean to spell `satisfier` this way?
docs/spec/07-distribution-and-federation.md	331	131	58683	58693	SpellCheck	Spelling	conformant	conformant	replace:conformal	Did you mean to spell `conformant` this way?
docs/spec/07-distribution-and-federation.md	331	131	58683	58693	SplitWords	Typo	conformant	conformant	replace:conform ant	`conformant` should probably be written as `conform ant`.
docs/spec/07-distribution-and-federation.md	339	1	58854	58861	SentenceCapitalization	Capitalization	reports	reports	replace:Reports	This sentence does not start with a capital letter
docs/spec/07-distribution-and-federation.md	342	5	58952	58960	SentenceCapitalization	Capitalization	measured	measured	replace:Measured	This sentence does not start with a capital letter
docs/spec/07-distribution-and-federation.md	342	141	59088	59102	SpellCheck	Spelling	addressability	addressability	replace:accessibility	Did you mean to spell `addressability` this way?
docs/spec/07-distribution-and-federation.md	342	141	59088	59102	SplitWords	Typo	addressability	addressability	replace:address ability	`addressability` should probably be written as `address ability`.
docs/spec/07-distribution-and-federation.md	343	3	59176	59181	SentenceCapitalization	Capitalization	which	which	replace:Which	This sentence does not start with a capital letter
docs/spec/07-distribution-and-federation.md	344	3	59395	59402	SentenceCapitalization	Capitalization	whether	whether	replace:Whether	This sentence does not start with a capital letter
docs/spec/07-distribution-and-federation.md	345	3	59468	59473	SentenceCapitalization	Capitalization	which	which	replace:Which	This sentence does not start with a capital letter
docs/spec/07-distribution-and-federation.md	346	3	59516	59521	SentenceCapitalization	Capitalization	which	which	replace:Which	This sentence does not start with a capital letter
docs/spec/07-distribution-and-federation.md	352	187	60761	60768	OxfordComma	Style	version	version	insert:,	An Oxford comma is necessary here.
docs/spec/07-distribution-and-federation.md	352	446	61020	61029	MassNouns	Agreement	a finding	a finding	replace:finding	`finding` is a mass noun.
docs/spec/07-distribution-and-federation.md	354	206	61466	61470	OxfordComma	Style	plan	plan	insert:,	An Oxford comma is necessary here.
docs/spec/07-distribution-and-federation.md	354	383	61643	61651	DisjointPrefixes	Spelling	non-zero	non-zero	replace:nonzero	This looks like a prefix that can be joined with the rest of the word.
docs/spec/07-distribution-and-federation.md	358	606	62908	62919	SpellCheck	Spelling	automatable	automatable	replace:automata's	Did you mean to spell `automatable` this way?
docs/spec/07-distribution-and-federation.md	360	402	63368	63372	OxfordComma	Style	kind	kind	insert:,	An Oxford comma is necessary here.
docs/spec/07-distribution-and-federation.md	362	65	63738	63750	DisjointPrefixes	Spelling	re-addressed	re-addressed	replace:readdressed	This looks like a prefix that can be joined with the rest of the word.
docs/spec/07-distribution-and-federation.md	364	130	64181	64184	SentenceCapitalization	Capitalization	and	and	replace:And	This sentence does not start with a capital letter
docs/spec/07-distribution-and-federation.md	364	187	64238	64240	SpellCheck	Spelling	HW	HW	replace:Ha	Did you mean to spell `HW` this way?
docs/spec/07-distribution-and-federation.md	364	190	64241	64243	SpellCheck	Spelling	DR	DR	replace:Do	Did you mean to spell `DR` this way?
docs/spec/07-distribution-and-federation.md	364	329	64380	64386	OxfordComma	Style	expiry	expiry	insert:,	An Oxford comma is necessary here.
docs/spec/07-distribution-and-federation.md	372	1	65599	65603	DiscourseMarkers	Punctuation	Thus	Thus	insert:,	Discourse markers at the beginning of a sentence should be followed by a comma.
docs/spec/07-distribution-and-federation.md	372	87	65685	65694	MassNouns	Agreement	an expiry	an expiry	replace:expiry	`expiry` is a mass noun.
docs/spec/07-distribution-and-federation.md	372	370	65968	65977	MassNouns	Agreement	A finding	A finding	replace:Finding	`finding` is a mass noun.
docs/spec/07-distribution-and-federation.md	372	550	66148	66157	DisjointPrefixes	Spelling	re-stated	re-stated	replace:restated	This looks like a prefix that can be joined with the rest of the word.
docs/spec/07-distribution-and-federation.md	372	561	66159	66163	DiscourseMarkers	Punctuation	Thus	Thus	insert:,	Discourse markers at the beginning of a sentence should be followed by a comma.
docs/spec/07-distribution-and-federation.md	374	41	66298	66311	MassNouns	Agreement	every finding	every finding	replace:every piece of finding	`finding` is a mass noun.
docs/spec/07-distribution-and-federation.md	376	30	66656	66662	SentenceCapitalization	Capitalization	writes	writes	replace:Writes	This sentence does not start with a capital letter
docs/spec/07-distribution-and-federation.md	376	47	66673	66674	CommaFixes	Punctuation	 	 	remove	Don't use a space before a comma.
docs/spec/07-distribution-and-federation.md	376	92	66718	66720	SpellCheck	Spelling	HW	HW	replace:Ha	Did you mean to spell `HW` this way?
docs/spec/07-distribution-and-federation.md	376	95	66721	66724	SpellCheck	Spelling	OBL	OBL	replace:Obi	Did you mean to spell `OBL` this way?
docs/spec/07-distribution-and-federation.md	376	260	66886	66888	SpellCheck	Spelling	HW	HW	replace:Ha	Did you mean to spell `HW` this way?
docs/spec/07-distribution-and-federation.md	376	263	66889	66891	SpellCheck	Spelling	DR	DR	replace:Do	Did you mean to spell `DR` this way?
docs/spec/07-distribution-and-federation.md	376	418	67044	67046	SentenceCapitalization	Capitalization	is	is	replace:Is	This sentence does not start with a capital letter
docs/spec/07-distribution-and-federation.md	376	423	67049	67055	OrthographicConsistency	Capitalization	semver	semver	replace:SemVer	The canonical dictionary spelling is `SemVer`.
docs/spec/07-distribution-and-federation.md	376	423	67049	67055	SpellCheck	Spelling	semver	semver	replace:server	Did you mean to spell `semver` this way?
docs/spec/07-distribution-and-federation.md	376	600	67226	67232	SentenceCapitalization	Capitalization	writes	writes	replace:Writes	This sentence does not start with a capital letter
docs/spec/07-distribution-and-federation.md	376	868	67494	67500	OxfordComma	Style	expiry	expiry	insert:,	An Oxford comma is necessary here.
docs/spec/07-distribution-and-federation.md	376	977	67603	67605	SpellCheck	Spelling	HW	HW	replace:Ha	Did you mean to spell `HW` this way?
docs/spec/07-distribution-and-federation.md	376	980	67606	67609	SpellCheck	Spelling	OBL	OBL	replace:Obi	Did you mean to spell `OBL` this way?
docs/spec/07-distribution-and-federation.md	376	989	67615	67616	SpellCheck	Spelling	s	s	replace:so	Did you mean to spell `s` this way?
docs/spec/07-distribution-and-federation.md	378	30	67844	67850	SentenceCapitalization	Capitalization	passes	passes	replace:Passes	This sentence does not start with a capital letter
docs/spec/07-distribution-and-federation.md	378	109	67923	67931	MassNouns	Agreement	a ruling	a ruling	replace:ruling	`ruling` is a mass noun.
docs/spec/07-distribution-and-federation.md	378	238	68052	68057	SentenceCapitalization	Capitalization	reads	reads	replace:Reads	This sentence does not start with a capital letter
docs/spec/07-distribution-and-federation.md	378	335	68149	68158	MassNouns	Agreement	a finding	a finding	replace:finding	`finding` is a mass noun.
docs/spec/07-distribution-and-federation.md	378	364	68178	68180	SentenceCapitalization	Capitalization	is	is	replace:Is	This sentence does not start with a capital letter
docs/spec/07-distribution-and-federation.md	378	478	68292	68299	SentenceCapitalization	Capitalization	reports	reports	replace:Reports	This sentence does not start with a capital letter
docs/spec/07-distribution-and-federation.md	378	537	68351	68353	AnA	Miscellaneous	an	an	replace:a	Incorrect indefinite article.
docs/spec/07-distribution-and-federation.md	380	165	68686	68695	MassNouns	Agreement	a finding	a finding	replace:finding	`finding` is a mass noun.
docs/spec/07-distribution-and-federation.md	380	218	68739	68741	SentenceCapitalization	Capitalization	is	is	replace:Is	This sentence does not start with a capital letter
docs/spec/07-distribution-and-federation.md	384	29	69195	69204	SpellCheck	Spelling	Headwater	Headwater	replace:Headwaters	Did you mean to spell `Headwater` this way?
docs/spec/07-distribution-and-federation.md	384	431	69597	69600	SpellCheck	Spelling	Q12	Q12	replace:Qua	Did you mean to spell `Q12` this way?
docs/spec/07-distribution-and-federation.md	388	108	70322	70331	MassNouns	Agreement	an expiry	an expiry	replace:expiry	`expiry` is a mass noun.
docs/spec/07-distribution-and-federation.md	390	30	70488	70501	MassNouns	Agreement	an accounting	an accounting	replace:accounting	`accounting` is a mass noun.
docs/spec/07-distribution-and-federation.md	390	301	70759	70761	SpellCheck	Spelling	HW	HW	replace:Ha	Did you mean to spell `HW` this way?
docs/spec/07-distribution-and-federation.md	390	325	70783	70785	SpellCheck	Spelling	S.	S.	replace:So	Did you mean to spell `S.` this way?
docs/spec/07-distribution-and-federation.md	390	412	-	-	SpellCheck	Spelling	4's		replace:E's	Did you mean to spell `4's` this way?
docs/spec/07-distribution-and-federation.md	398	13	71931	71932	Spaces	Formatting	 	 	remove	Unnecessary space at the end of the sentence.
docs/spec/07-distribution-and-federation.md	400	446	72651	72652	SpellCheck	Spelling	s	s	replace:so	Did you mean to spell `s` this way?
docs/spec/07-distribution-and-federation.md	412	3	74109	74112	SentenceCapitalization	Capitalization	the	the	replace:The	This sentence does not start with a capital letter
docs/spec/07-distribution-and-federation.md	414	3	74655	74656	SentenceCapitalization	Capitalization	a	a	replace:A	This sentence does not start with a capital letter
docs/spec/07-distribution-and-federation.md	418	44	75062	75063	CommaFixes	Punctuation	 	 	remove	Don't use a space before a comma.
docs/spec/07-distribution-and-federation.md	418	319	75337	75347	CompoundNouns	WordChoice	plain text	plain text	replace:plaintext	Did you mean the closed compound noun “plaintext”?
docs/spec/07-distribution-and-federation.md	422	545	76399	76401	SpellCheck	Spelling	HW	HW	replace:Ha	Did you mean to spell `HW` this way?
docs/spec/07-distribution-and-federation.md	422	548	76402	76405	SpellCheck	Spelling	OBL	OBL	replace:Obi	Did you mean to spell `OBL` this way?
docs/spec/07-distribution-and-federation.md	432	1	76733	76742	SentenceCapitalization	Capitalization	evaluates	evaluates	replace:Evaluates	This sentence does not start with a capital letter
docs/spec/07-distribution-and-federation.md	432	275	77007	77011	DiscourseMarkers	Punctuation	Thus	Thus	insert:,	Discourse markers at the beginning of a sentence should be followed by a comma.
docs/spec/07-distribution-and-federation.md	434	67	77296	77298	SentenceCapitalization	Capitalization	is	is	replace:Is	This sentence does not start with a capital letter
docs/spec/07-distribution-and-federation.md	440	94	77890	77891	CommaFixes	Punctuation	 	 	remove	Don't use a space before a comma.
docs/spec/07-distribution-and-federation.md	448	15	79198	79201	SentenceCapitalization	Capitalization	was	was	replace:Was	This sentence does not start with a capital letter
docs/spec/07-distribution-and-federation.md	448	183	79366	79367	Spaces	Formatting	 	 	remove	Unnecessary space at the end of the sentence.
docs/spec/07-distribution-and-federation.md	452	271	80066	80067	Spaces	Formatting	 	 	remove	Unnecessary space at the end of the sentence.
docs/spec/07-distribution-and-federation.md	454	189	80379	80386	SentenceCapitalization	Capitalization	already	already	replace:Already	This sentence does not start with a capital letter
docs/spec/07-distribution-and-federation.md	454	197	80387	80394	MissingTo	WordChoice	decides	decides	insert: to	Insert `to` to complete the infinitive (e.g., `need to talk`).
docs/spec/07-distribution-and-federation.md	456	324	81024	81025	SpellCheck	Spelling	s	s	replace:so	Did you mean to spell `s` this way?
docs/spec/07-distribution-and-federation.md	464	206	82216	82218	SentenceCapitalization	Capitalization	is	is	replace:Is	This sentence does not start with a capital letter
docs/spec/07-distribution-and-federation.md	472	90	83225	83234	MassNouns	Agreement	an expiry	an expiry	replace:expiry	`expiry` is a mass noun.
docs/spec/07-distribution-and-federation.md	474	108	83498	83506	SentenceCapitalization	Capitalization	replaces	replaces	replace:Replaces	This sentence does not start with a capital letter
docs/spec/07-distribution-and-federation.md	490	142	85010	85015	SentenceCapitalization	Capitalization	exits	exits	replace:Exits	This sentence does not start with a capital letter
docs/spec/07-distribution-and-federation.md	490	148	85016	85024	DisjointPrefixes	Spelling	non-zero	non-zero	replace:nonzero	This looks like a prefix that can be joined with the rest of the word.
docs/spec/07-distribution-and-federation.md	492	307	85554	85559	SentenceCapitalization	Capitalization	reads	reads	replace:Reads	This sentence does not start with a capital letter
docs/spec/07-distribution-and-federation.md	498	82	86249	86250	CommaFixes	Punctuation	 	 	remove	Don't use a space before a comma.
docs/spec/07-distribution-and-federation.md	500	644	86962	86964	SpellCheck	Spelling	HW	HW	replace:Ha	Did you mean to spell `HW` this way?
docs/spec/07-distribution-and-federation.md	500	647	86965	86967	SpellCheck	Spelling	DR	DR	replace:Do	Did you mean to spell `DR` this way?
docs/spec/07-distribution-and-federation.md	502	137	87376	87381	SentenceCapitalization	Capitalization	finds	finds	replace:Finds	This sentence does not start with a capital letter
docs/spec/07-distribution-and-federation.md	502	235	87474	87479	SentenceCapitalization	Capitalization	finds	finds	replace:Finds	This sentence does not start with a capital letter
docs/spec/07-distribution-and-federation.md	502	354	87593	87598	MergeWords	WordChoice	s own	s own	replace:sown	It seems these words would go better together.
docs/spec/07-distribution-and-federation.md	502	354	87593	87594	SpellCheck	Spelling	s	s	replace:so	Did you mean to spell `s` this way?
docs/spec/07-distribution-and-federation.md	502	378	87617	87624	SentenceCapitalization	Capitalization	refuses	refuses	replace:Refuses	This sentence does not start with a capital letter
docs/spec/07-distribution-and-federation.md	504	38	88151	88152	CommaFixes	Punctuation	 	 	remove	Don't use a space before a comma.
docs/spec/07-distribution-and-federation.md	504	154	88267	88268	CommaFixes	Punctuation	 	 	remove	Don't use a space before a comma.
docs/spec/07-distribution-and-federation.md	504	267	88380	88385	SentenceCapitalization	Capitalization	reads	reads	replace:Reads	This sentence does not start with a capital letter
docs/spec/07-distribution-and-federation.md	504	596	88709	88714	MergeWords	WordChoice	s own	s own	replace:sown	It seems these words would go better together.
docs/spec/07-distribution-and-federation.md	504	596	88709	88710	SpellCheck	Spelling	s	s	replace:so	Did you mean to spell `s` this way?
docs/spec/07-distribution-and-federation.md	506	143	88876	88881	SentenceCapitalization	Capitalization	reads	reads	replace:Reads	This sentence does not start with a capital letter
docs/spec/07-distribution-and-federation.md	506	339	89072	89073	CommaFixes	Punctuation	 	 	remove	Don't use a space before a comma.
docs/spec/07-distribution-and-federation.md	506	369	89102	89103	CommaFixes	Punctuation	 	 	remove	Don't use a space before a comma.
docs/spec/07-distribution-and-federation.md	506	384	89117	89118	Spaces	Formatting	 	 	remove	Unnecessary space at the end of the sentence.
docs/spec/07-distribution-and-federation.md	512	227	90207	90210	SpellCheck	Spelling	Q14	Q14	replace:Qua	Did you mean to spell `Q14` this way?
docs/spec/07-distribution-and-federation.md	514	256	90510	90519	Everyone	Miscellaneous	Every one	Every one	replace:Everyone	Did you mean the closed compound `everyone`?
docs/spec/07-distribution-and-federation.md	516	92	90791	90794	SpellCheck	Spelling	Q16	Q16	replace:Qua	Did you mean to spell `Q16` this way?
docs/spec/07-distribution-and-federation.md	516	268	90967	90969	SpellCheck	Spelling	HW	HW	replace:Ha	Did you mean to spell `HW` this way?
docs/spec/07-distribution-and-federation.md	516	292	90991	90993	SpellCheck	Spelling	O.	O.	replace:Of	Did you mean to spell `O.` this way?
docs/spec/07-distribution-and-federation.md	516	445	91144	91153	SpellCheck	Spelling	Headwater	Headwater	replace:Headwaters	Did you mean to spell `Headwater` this way?
docs/spec/07-distribution-and-federation.md	516	851	91550	91559	SpellCheck	Spelling	Headwater	Headwater	replace:Headwaters	Did you mean to spell `Headwater` this way?
docs/spec/07-distribution-and-federation.md	518	112	91689	91695	SentenceCapitalization	Capitalization	writes	writes	replace:Writes	This sentence does not start with a capital letter
docs/spec/07-distribution-and-federation.md	518	443	92020	92021	CommaFixes	Punctuation	 	 	remove	Don't use a space before a comma.
docs/spec/07-distribution-and-federation.md	530	50	94223	94229	OxfordComma	Style	output	output	insert:,	An Oxford comma is necessary here.
docs/spec/07-distribution-and-federation.md	530	208	94381	94387	OxfordComma	Style	filter	filter	insert:,	An Oxford comma is necessary here.
docs/spec/07-distribution-and-federation.md	544	121	97123	97126	MissingPreposition	Miscellaneous	is 	is 		You may be missing a preposition here.
docs/spec/07-distribution-and-federation.md	552	305	98120	98124	DiscourseMarkers	Punctuation	Thus	Thus	insert:,	Discourse markers at the beginning of a sentence should be followed by a comma.
docs/spec/07-distribution-and-federation.md	558	68	98614	98618	SpellCheck	Spelling	SKOS	SKOS	replace:SOS	Did you mean to spell `SKOS` this way?
docs/spec/07-distribution-and-federation.md	558	201	98747	98752	SentenceCapitalization	Capitalization	where	where	replace:Where	This sentence does not start with a capital letter
docs/spec/07-distribution-and-federation.md	564	195	99773	99775	SpellCheck	Spelling	Q9	Q9	replace:QA	Did you mean to spell `Q9` this way?
docs/spec/07-distribution-and-federation.md	573	71	101336	101338	ExpandTimeShorthands	WordChoice	ms	ms	replace:milliseconds	Did you mean `milliseconds`?
docs/spec/07-distribution-and-federation.md	576	1	-	-	MassNouns	Agreement	a finding		replace:finding	`finding` is a mass noun.
docs/spec/07-distribution-and-federation.md	578	217	102282	102285	SpellCheck	Spelling	Q17	Q17	replace:Qua	Did you mean to spell `Q17` this way?
docs/spec/07-distribution-and-federation.md	580	613	103304	103306	SpellCheck	Spelling	HW	HW	replace:Ha	Did you mean to spell `HW` this way?
docs/spec/07-distribution-and-federation.md	582	240	103671	103673	SpellCheck	Spelling	HW	HW	replace:Ha	Did you mean to spell `HW` this way?
docs/spec/07-distribution-and-federation.md	582	264	103695	103697	SpellCheck	Spelling	A.	A.	replace:A	Did you mean to spell `A.` this way?
docs/spec/07-distribution-and-federation.md	582	725	104156	104160	OxfordComma	Style	name	name	insert:,	An Oxford comma is necessary here.
docs/spec/07-distribution-and-federation.md	588	495	105261	105270	SpellCheck	Spelling	Headwater	Headwater	replace:Headwaters	Did you mean to spell `Headwater` this way?
docs/spec/07-distribution-and-federation.md	590	663	106023	106025	SpellCheck	Spelling	Q7	Q7	replace:QA	Did you mean to spell `Q7` this way?
docs/spec/07-distribution-and-federation.md	592	81	106156	106159	SpellCheck	Spelling	Q19	Q19	replace:Qua	Did you mean to spell `Q19` this way?
docs/spec/07-distribution-and-federation.md	594	262	106805	106807	SpellCheck	Spelling	HW	HW	replace:Ha	Did you mean to spell `HW` this way?
docs/spec/07-distribution-and-federation.md	594	265	106808	106811	SpellCheck	Spelling	OBL	OBL	replace:Obi	Did you mean to spell `OBL` this way?
docs/spec/07-distribution-and-federation.md	596	236	107685	107694	MassNouns	Agreement	a finding	a finding	replace:finding	`finding` is a mass noun.
docs/spec/07-distribution-and-federation.md	596	416	107865	107874	MassNouns	Agreement	a finding	a finding	replace:finding	`finding` is a mass noun.
docs/spec/07-distribution-and-federation.md	596	478	-	-	SpellCheck	Spelling	4's		replace:E's	Did you mean to spell `4's` this way?
docs/spec/07-distribution-and-federation.md	598	31	108103	108104	CommaFixes	Punctuation	 	 	remove	Don't use a space before a comma.
docs/spec/07-distribution-and-federation.md	598	150	108222	108223	CommaFixes	Punctuation	 	 	remove	Don't use a space before a comma.
docs/spec/07-distribution-and-federation.md	598	503	108575	108576	AnA	Miscellaneous	a	a	replace:an	Incorrect indefinite article.
docs/spec/07-distribution-and-federation.md	598	1474	109546	109554	DisjointPrefixes	Spelling	re-reads	re-reads	replace:rereads	This looks like a prefix that can be joined with the rest of the word.
docs/spec/07-distribution-and-federation.md	600	41	109843	109845	SpellCheck	Spelling	HW	HW	replace:Ha	Did you mean to spell `HW` this way?
docs/spec/07-distribution-and-federation.md	600	44	109846	109849	SpellCheck	Spelling	OBL	OBL	replace:Obi	Did you mean to spell `OBL` this way?
docs/spec/16-harness-support.md	37	52	1920	1925	SentenceCapitalization	Capitalization	names	names	replace:Names	This sentence does not start with a capital letter
docs/spec/16-harness-support.md	45	3	2785	2787	SpellCheck	Spelling	C1	C1	replace:Co	Did you mean to spell `C1` this way?
docs/spec/16-harness-support.md	47	3	3247	3249	SpellCheck	Spelling	C2	C2	replace:Co	Did you mean to spell `C2` this way?
docs/spec/16-harness-support.md	49	3	3836	3838	SpellCheck	Spelling	C3	C3	replace:Co	Did you mean to spell `C3` this way?
docs/spec/16-harness-support.md	53	3	4309	4311	SpellCheck	Spelling	C4	C4	replace:Co	Did you mean to spell `C4` this way?
docs/spec/16-harness-support.md	53	255	4561	4562	Spaces	Formatting	 	 	remove	Unnecessary space at the end of the sentence.
docs/spec/16-harness-support.md	55	3	4736	4738	SpellCheck	Spelling	C5	C5	replace:Co	Did you mean to spell `C5` this way?
docs/spec/16-harness-support.md	57	1	5496	5498	SpellCheck	Spelling	C5	C5	replace:Co	Did you mean to spell `C5` this way?
docs/spec/16-harness-support.md	57	161	5656	5657	Spaces	Formatting	 	 	remove	Unnecessary space at the end of the sentence.
docs/spec/16-harness-support.md	57	355	5850	5851	Spaces	Formatting	 	 	remove	Unnecessary space at the end of the sentence.
docs/spec/16-harness-support.md	57	625	6120	6121	Spaces	Formatting	 	 	remove	Unnecessary space at the end of the sentence.
docs/spec/16-harness-support.md	57	941	6436	6438	ExpandTimeShorthands	WordChoice	ms	ms	replace:milliseconds	Did you mean `milliseconds`?
docs/spec/16-harness-support.md	57	1144	6639	6641	ExpandTimeShorthands	WordChoice	ms	ms	replace:milliseconds	Did you mean `milliseconds`?
docs/spec/16-harness-support.md	57	1204	6699	6701	ExpandTimeShorthands	WordChoice	ms	ms	replace:milliseconds	Did you mean `milliseconds`?
docs/spec/16-harness-support.md	57	1275	6770	6772	ExpandTimeShorthands	WordChoice	ms	ms	replace:milliseconds	Did you mean `milliseconds`?
docs/spec/16-harness-support.md	59	3	6794	6797	SpellCheck	Spelling	C11	C11	replace:Cab	Did you mean to spell `C11` this way?
docs/spec/16-harness-support.md	59	212	7003	7005	SpellCheck	Spelling	C5	C5	replace:Co	Did you mean to spell `C5` this way?
docs/spec/16-harness-support.md	59	327	7118	7120	SpellCheck	Spelling	C2	C2	replace:Co	Did you mean to spell `C2` this way?
docs/spec/16-harness-support.md	59	331	7122	7124	SpellCheck	Spelling	C2	C2	replace:Co	Did you mean to spell `C2` this way?
docs/spec/16-harness-support.md	59	380	7171	7174	SpellCheck	Spelling	C11	C11	replace:Cab	Did you mean to spell `C11` this way?
docs/spec/16-harness-support.md	59	413	7204	7205	Spaces	Formatting	 	 	remove	Unnecessary space at the end of the sentence.
docs/spec/16-harness-support.md	59	460	7251	7253	SpellCheck	Spelling	C5	C5	replace:Co	Did you mean to spell `C5` this way?
docs/spec/16-harness-support.md	61	13	7368	7371	SpellCheck	Spelling	C11	C11	replace:Cab	Did you mean to spell `C11` this way?
docs/spec/16-harness-support.md	61	73	7428	7433	SentenceCapitalization	Capitalization	times	times	replace:Times	This sentence does not start with a capital letter
docs/spec/16-harness-support.md	61	240	7595	7597	ExpandTimeShorthands	WordChoice	ms	ms	replace:milliseconds	Did you mean `milliseconds`?
docs/spec/16-harness-support.md	61	349	7704	7706	ExpandTimeShorthands	WordChoice	ms	ms	replace:milliseconds	Did you mean `milliseconds`?
docs/spec/16-harness-support.md	61	460	7815	7817	ExpandTimeShorthands	WordChoice	ms	ms	replace:milliseconds	Did you mean `milliseconds`?
docs/spec/16-harness-support.md	63	3	7919	7921	SpellCheck	Spelling	C6	C6	replace:Co	Did you mean to spell `C6` this way?
docs/spec/16-harness-support.md	67	3	8389	8391	SpellCheck	Spelling	C7	C7	replace:Co	Did you mean to spell `C7` this way?
docs/spec/16-harness-support.md	69	3	8673	8675	SpellCheck	Spelling	C8	C8	replace:Co	Did you mean to spell `C8` this way?
docs/spec/16-harness-support.md	71	3	9014	9016	SpellCheck	Spelling	C9	C9	replace:Co	Did you mean to spell `C9` this way?
docs/spec/16-harness-support.md	75	3	9267	9270	SpellCheck	Spelling	C10	C10	replace:Cab	Did you mean to spell `C10` this way?
docs/spec/16-harness-support.md	77	9	9754	9767	MassNouns	Agreement	every binding	every binding	replace:every piece of binding	`binding` is a mass noun.
docs/spec/16-harness-support.md	79	21	9816	9825	MassNouns	Agreement	a binding	a binding	replace:binding	`binding` is a mass noun.
docs/spec/16-harness-support.md	82	50	10099	10104	MissingTo	WordChoice	fails	fails	insert: to	Insert `to` to complete the infinitive (e.g., `need to talk`).
docs/spec/16-harness-support.md	82	225	10274	10285	SpellCheck	Spelling	unparseable	unparseable	replace:unarguable	Did you mean to spell `unparseable` this way?
docs/spec/16-harness-support.md	84	119	10667	10669	SentenceCapitalization	Capitalization	is	is	replace:Is	This sentence does not start with a capital letter
docs/spec/16-harness-support.md	88	35	10811	10812	Spaces	Formatting	 	 	remove	Unnecessary space at the end of the sentence.
docs/spec/16-harness-support.md	88	195	10971	10973	SpellCheck	Spelling	C3	C3	replace:Co	Did you mean to spell `C3` this way?
docs/spec/16-harness-support.md	88	206	10982	10984	SpellCheck	Spelling	C6	C6	replace:Co	Did you mean to spell `C6` this way?
docs/spec/16-harness-support.md	88	254	11030	11031	CommaFixes	Punctuation	 	 	remove	Don't use a space before a comma.
docs/spec/16-harness-support.md	88	367	11143	11149	SentenceCapitalization	Capitalization	reruns	reruns	replace:Reruns	This sentence does not start with a capital letter
docs/spec/16-harness-support.md	88	480	11256	11257	Spaces	Formatting	 	 	remove	Unnecessary space at the end of the sentence.
docs/spec/16-harness-support.md	90	28	11420	11423	SpellCheck	Spelling	cli	cli	replace:chi	Did you mean to spell `cli` this way?
docs/spec/16-harness-support.md	90	113	11505	11517	SpellCheck	Spelling	reachability	reachability	replace:readability	Did you mean `readability`?
docs/spec/16-harness-support.md	90	113	11505	11517	SplitWords	Typo	reachability	reachability	replace:reach ability	`reachability` should probably be written as `reach ability`.
docs/spec/16-harness-support.md	94	3	11862	11864	SpellCheck	Spelling	C1	C1	replace:Co	Did you mean to spell `C1` this way?
docs/spec/16-harness-support.md	95	3	11976	11978	SpellCheck	Spelling	C2	C2	replace:Co	Did you mean to spell `C2` this way?
docs/spec/16-harness-support.md	95	23	11996	11997	AnA	Miscellaneous	a	a	replace:an	Incorrect indefinite article.
docs/spec/16-harness-support.md	95	23	11996	11997	SentenceCapitalization	Capitalization	a	a	replace:A	This sentence does not start with a capital letter
docs/spec/16-harness-support.md	95	113	12086	12088	AnA	Miscellaneous	an	an	replace:a	Incorrect indefinite article.
docs/spec/16-harness-support.md	95	133	12106	12108	AndIn	Typo	an	an	replace:and	Did you mean `and in`?
docs/spec/16-harness-support.md	95	133	12106	12108	SentenceCapitalization	Capitalization	an	an	replace:An	This sentence does not start with a capital letter
docs/spec/16-harness-support.md	96	3	12152	12154	SpellCheck	Spelling	C3	C3	replace:Co	Did you mean to spell `C3` this way?
docs/spec/16-harness-support.md	97	3	12257	12259	SpellCheck	Spelling	C4	C4	replace:Co	Did you mean to spell `C4` this way?
docs/spec/16-harness-support.md	98	3	12434	12436	SpellCheck	Spelling	C5	C5	replace:Co	Did you mean to spell `C5` this way?
docs/spec/16-harness-support.md	98	159	12590	12592	SentenceCapitalization	Capitalization	on	on	replace:On	This sentence does not start with a capital letter
docs/spec/16-harness-support.md	99	3	12827	12830	SpellCheck	Spelling	C11	C11	replace:Cab	Did you mean to spell `C11` this way?
docs/spec/16-harness-support.md	99	36	12860	12862	SentenceCapitalization	Capitalization	on	on	replace:On	This sentence does not start with a capital letter
docs/spec/16-harness-support.md	99	38	12862	12863	CommaFixes	Punctuation	 	 	remove	Don't use a space before a comma.
docs/spec/16-harness-support.md	99	64	12888	12889	CommaFixes	Punctuation	 	 	remove	Don't use a space before a comma.
docs/spec/16-harness-support.md	99	166	12990	12993	SentenceCapitalization	Capitalization	not	not	replace:Not	This sentence does not start with a capital letter
docs/spec/16-harness-support.md	99	270	13094	13097	SentenceCapitalization	Capitalization	not	not	replace:Not	This sentence does not start with a capital letter
docs/spec/16-harness-support.md	100	3	13191	13193	SpellCheck	Spelling	C6	C6	replace:Co	Did you mean to spell `C6` this way?
docs/spec/16-harness-support.md	100	122	13310	13315	SpellCheck	Spelling	IDE's	IDE's	replace:IDA's	Did you mean to spell `IDE's` this way?
docs/spec/16-harness-support.md	100	157	13345	13347	SentenceCapitalization	Capitalization	is	is	replace:Is	This sentence does not start with a capital letter
docs/spec/16-harness-support.md	101	3	13393	13395	SpellCheck	Spelling	C7	C7	replace:Co	Did you mean to spell `C7` this way?
docs/spec/16-harness-support.md	102	3	13540	13542	SpellCheck	Spelling	C8	C8	replace:Co	Did you mean to spell `C8` this way?
docs/spec/16-harness-support.md	103	3	13712	13714	SpellCheck	Spelling	C9	C9	replace:Co	Did you mean to spell `C9` this way?
docs/spec/16-harness-support.md	103	65	13774	13779	SentenceCapitalization	Capitalization	reads	reads	replace:Reads	This sentence does not start with a capital letter
docs/spec/16-harness-support.md	104	3	13911	13914	SpellCheck	Spelling	C10	C10	replace:Cab	Did you mean to spell `C10` this way?
docs/spec/16-harness-support.md	104	57	13965	13966	SentenceCapitalization	Capitalization	a	a	replace:A	This sentence does not start with a capital letter
docs/spec/16-harness-support.md	104	146	14054	14055	CommaFixes	Punctuation	 	 	remove	Don't use a space before a comma.
docs/spec/16-harness-support.md	105	149	14243	14244	CommaFixes	Punctuation	 	 	remove	Don't use a space before a comma.
docs/spec/16-harness-support.md	107	31	14336	14338	SpellCheck	Spelling	C2	C2	replace:Co	Did you mean to spell `C2` this way?
docs/spec/16-harness-support.md	107	75	14380	14382	SpellCheck	Spelling	C3	C3	replace:Co	Did you mean to spell `C3` this way?
docs/spec/16-harness-support.md	107	86	14391	14393	SpellCheck	Spelling	C6	C6	replace:Co	Did you mean to spell `C6` this way?
docs/spec/16-harness-support.md	107	125	14430	14431	Spaces	Formatting	 	 	remove	Unnecessary space at the end of the sentence.
docs/spec/16-harness-support.md	107	155	14460	14463	SpellCheck	Spelling	C11	C11	replace:Cab	Did you mean to spell `C11` this way?
docs/spec/16-harness-support.md	107	266	14571	14573	SentenceCapitalization	Capitalization	is	is	replace:Is	This sentence does not start with a capital letter
docs/spec/16-harness-support.md	109	102	14922	14923	AnA	Miscellaneous	a	a	replace:an	Incorrect indefinite article.
docs/spec/16-harness-support.md	109	316	15136	15137	CommaFixes	Punctuation	 	 	remove	Don't use a space before a comma.
docs/spec/16-harness-support.md	109	368	15188	15189	Spaces	Formatting	 	 	remove	Unnecessary space at the end of the sentence.
docs/spec/16-harness-support.md	109	521	15341	15350	MassNouns	Agreement	A binding	A binding	replace:Binding	`binding` is a mass noun.
docs/spec/16-harness-support.md	113	111	15839	15843	MissingTo	WordChoice	fail	fail	insert: to	Insert `to` to complete the infinitive (e.g., `need to talk`).
docs/spec/16-harness-support.md	113	216	15944	15945	AnA	Miscellaneous	a	a	replace:an	Incorrect indefinite article.
docs/spec/16-harness-support.md	113	299	16027	16035	SentenceCapitalization	Capitalization	branches	branches	replace:Branches	This sentence does not start with a capital letter
docs/spec/16-harness-support.md	115	103	16279	16284	SentenceCapitalization	Capitalization	reads	reads	replace:Reads	This sentence does not start with a capital letter
docs/spec/16-harness-support.md	115	262	-	-	DisjointPrefixes	Spelling	under serve		replace:underserve	This looks like a prefix that can be joined with the rest of the word.
docs/spec/16-harness-support.md	117	175	16931	16939	DisjointPrefixes	Spelling	sub-task	sub-task	replace:subtask	This looks like a prefix that can be joined with the rest of the word.
docs/spec/16-harness-support.md	117	441	17197	17204	DiscourseMarkers	Punctuation	instead	instead	insert:,	Discourse markers at the beginning of a sentence should be followed by a comma.
docs/spec/16-harness-support.md	117	441	17197	17204	SentenceCapitalization	Capitalization	instead	instead	replace:Instead	This sentence does not start with a capital letter
docs/spec/16-harness-support.md	121	57	17827	17836	MassNouns	Agreement	a finding	a finding	replace:finding	`finding` is a mass noun.
docs/spec/00-vision-and-scope.md	59	249	4207	4217	SpellCheck	Spelling	conformant	conformant	replace:conformal	Did you mean to spell `conformant` this way?
docs/spec/00-vision-and-scope.md	59	249	4207	4217	SplitWords	Typo	conformant	conformant	replace:conform ant	`conformant` should probably be written as `conform ant`.
docs/spec/00-vision-and-scope.md	67	90	4846	4852	ExpandConfiguration	Style	config	config	replace:configuration	Use `configuration` instead of `config` or `conf`
docs/spec/00-vision-and-scope.md	67	101	4857	4863	SpellCheck	Spelling	MkDocs	MkDocs	replace:Medics	Did you mean to spell `MkDocs` this way?
docs/spec/00-vision-and-scope.md	67	110	4866	4876	SpellCheck	Spelling	Docusaurus	Docusaurus	replace:Dinosaur's	Did you mean to spell `Docusaurus` this way?
docs/spec/00-vision-and-scope.md	67	123	4879	4884	SpellCheck	Spelling	Astro	Astro	replace:Astor	Did you mean to spell `Astro` this way?
docs/spec/00-vision-and-scope.md	70	101	5253	5261	SpellCheck	Spelling	textlint	textlint	replace:texting	Did you mean `texting`?
docs/spec/00-vision-and-scope.md	75	320	6205	6208	SpellCheck	Spelling	Q16	Q16	replace:Qua	Did you mean to spell `Q16` this way?
docs/spec/00-vision-and-scope.md	85	35	6834	6845	SpellCheck	Spelling	regenerable	regenerable	replace:regenerate	Did you mean `regenerate`?
docs/spec/00-vision-and-scope.md	93	382	8397	8401	ThatThan	Typo	that	that	replace:than	This looks like a comparison that should use `than` rather than `that`.
docs/spec/00-vision-and-scope.md	95	56	8612	8621	SpellCheck	Spelling	Headwater	Headwater	replace:Headwaters	Did you mean to spell `Headwater` this way?
docs/spec/00-vision-and-scope.md	95	78	8634	8643	SpellCheck	Spelling	Headwater	Headwater	replace:Headwaters	Did you mean to spell `Headwater` this way?
docs/spec/00-vision-and-scope.md	95	100	8656	8665	SpellCheck	Spelling	Headwater	Headwater	replace:Headwaters	Did you mean to spell `Headwater` this way?
docs/spec/00-vision-and-scope.md	97	25	8782	8791	SpellCheck	Spelling	Headwater	Headwater	replace:Headwaters	Did you mean to spell `Headwater` this way?
docs/spec/00-vision-and-scope.md	97	320	9077	9079	SpellCheck	Spelling	HW	HW	replace:Ha	Did you mean to spell `HW` this way?
docs/spec/00-vision-and-scope.md	99	307	9472	9474	SpellCheck	Spelling	HW	HW	replace:Ha	Did you mean to spell `HW` this way?
docs/spec/00-vision-and-scope.md	99	388	9553	9555	SpellCheck	Spelling	HW	HW	replace:Ha	Did you mean to spell `HW` this way?
docs/spec/00-vision-and-scope.md	101	254	9979	9981	SpellCheck	Spelling	HW	HW	replace:Ha	Did you mean to spell `HW` this way?
docs/spec/00-vision-and-scope.md	113	8	11367	11378	SpellCheck	Spelling	negotiables	negotiables	replace:negotiable	Did you mean to spell `negotiables` this way?
docs/spec/01-conceptual-model.md	34	110	1244	1248	SpellCheck	Spelling	TBox	TBox	replace:Tho	Did you mean to spell `TBox` this way?
docs/spec/01-conceptual-model.md	34	126	1260	1264	SpellCheck	Spelling	ABox	ABox	replace:AB's	Did you mean to spell `ABox` this way?
docs/spec/01-conceptual-model.md	34	140	1274	1278	SpellCheck	Spelling	TBox	TBox	replace:Tho	Did you mean to spell `TBox` this way?
docs/spec/01-conceptual-model.md	34	268	1402	1406	SpellCheck	Spelling	ABox	ABox	replace:AB's	Did you mean to spell `ABox` this way?
docs/spec/01-conceptual-model.md	36	3	1491	1500	SpellCheck	Spelling	Headwater	Headwater	replace:Headwaters	Did you mean to spell `Headwater` this way?
docs/spec/01-conceptual-model.md	38	14	1546	1550	SpellCheck	Spelling	TBox	TBox	replace:Tho	Did you mean to spell `TBox` this way?
docs/spec/01-conceptual-model.md	39	37	1589	1593	SpellCheck	Spelling	TBox	TBox	replace:Tho	Did you mean to spell `TBox` this way?
docs/spec/01-conceptual-model.md	40	51	1646	1650	SpellCheck	Spelling	ABox	ABox	replace:AB's	Did you mean to spell `ABox` this way?
docs/spec/01-conceptual-model.md	41	25	1677	1681	SpellCheck	Spelling	TBox	TBox	replace:Tho	Did you mean to spell `TBox` this way?
docs/spec/01-conceptual-model.md	42	31	1735	1739	SpellCheck	Spelling	ABox	ABox	replace:AB's	Did you mean to spell `ABox` this way?
docs/spec/01-conceptual-model.md	42	44	1748	1752	SpellCheck	Spelling	TBox	TBox	replace:Tho	Did you mean to spell `TBox` this way?
docs/spec/01-conceptual-model.md	46	13	2024	2028	SpellCheck	Spelling	ABox	ABox	replace:AB's	Did you mean to spell `ABox` this way?
docs/spec/01-conceptual-model.md	46	27	2038	2049	SpellCheck	Spelling	Headwater's	Headwater's	replace:Headwaiter's	Did you mean to spell `Headwater's` this way?
docs/spec/01-conceptual-model.md	50	168	2733	2737	DiscourseMarkers	Punctuation	Thus	Thus	insert:,	Discourse markers at the beginning of a sentence should be followed by a comma.
docs/spec/01-conceptual-model.md	52	269	3094	3097	MissingPreposition	Miscellaneous	is 	is 		You may be missing a preposition here.
docs/spec/01-conceptual-model.md	54	384	3559	3561	SpellCheck	Spelling	Q9	Q9	replace:QA	Did you mean to spell `Q9` this way?
docs/spec/01-conceptual-model.md	58	412	4276	4278	SpellCheck	Spelling	Q6	Q6	replace:QA	Did you mean to spell `Q6` this way?
docs/spec/01-conceptual-model.md	68	256	4866	4870	DiscourseMarkers	Punctuation	Thus	Thus	insert:,	Discourse markers at the beginning of a sentence should be followed by a comma.
docs/spec/01-conceptual-model.md	74	71	5291	5298	SpellCheck	Spelling	runbook	runbook	replace:rulebook	Did you mean to spell `runbook` this way?
docs/spec/01-conceptual-model.md	74	71	5291	5298	SplitWords	Typo	runbook	runbook	replace:run book	`runbook` should probably be written as `run book`.
docs/spec/01-conceptual-model.md	76	3	5351	5354	SentenceCapitalization	Capitalization	the	the	replace:The	This sentence does not start with a capital letter
docs/spec/01-conceptual-model.md	77	3	5555	5558	SentenceCapitalization	Capitalization	the	the	replace:The	This sentence does not start with a capital letter
docs/spec/01-conceptual-model.md	78	3	5631	5634	SentenceCapitalization	Capitalization	the	the	replace:The	This sentence does not start with a capital letter
docs/spec/01-conceptual-model.md	79	3	5707	5710	SentenceCapitalization	Capitalization	the	the	replace:The	This sentence does not start with a capital letter
docs/spec/01-conceptual-model.md	81	3	5816	5819	SentenceCapitalization	Capitalization	the	the	replace:The	This sentence does not start with a capital letter
docs/spec/01-conceptual-model.md	88	318	6476	6483	SentenceCapitalization	Capitalization	without	without	replace:Without	This sentence does not start with a capital letter
docs/spec/01-conceptual-model.md	90	298	6824	6828	DiscourseMarkers	Punctuation	Thus	Thus	insert:,	Discourse markers at the beginning of a sentence should be followed by a comma.
docs/spec/01-conceptual-model.md	90	575	7101	7110	MassNouns	Agreement	a finding	a finding	replace:finding	`finding` is a mass noun.
docs/spec/01-conceptual-model.md	92	406	7574	7577	SpellCheck	Spelling	Q17	Q17	replace:Qua	Did you mean to spell `Q17` this way?
docs/spec/01-conceptual-model.md	100	5	7900	7906	SentenceCapitalization	Capitalization	family	family	replace:Family	This sentence does not start with a capital letter
docs/spec/01-conceptual-model.md	101	5	8068	8078	SentenceCapitalization	Capitalization	nuclearity	nuclearity	replace:Nuclearity	This sentence does not start with a capital letter
docs/spec/01-conceptual-model.md	101	5	8068	8078	SpellCheck	Spelling	nuclearity	nuclearity	replace:nuclear	Did you mean to spell `nuclearity` this way?
docs/spec/01-conceptual-model.md	101	48	8111	8123	SpellCheck	Spelling	multinuclear	multinuclear	replace:antinuclear	Did you mean `antinuclear`?
docs/spec/01-conceptual-model.md	101	48	8111	8123	SplitWords	Typo	multinuclear	multinuclear	replace:multi nuclear	`multinuclear` should probably be written as `multi nuclear`.
docs/spec/01-conceptual-model.md	102	5	8423	8432	SentenceCapitalization	Capitalization	endpoints	endpoints	replace:Endpoints	This sentence does not start with a capital letter
docs/spec/01-conceptual-model.md	104	5	8542	8553	SentenceCapitalization	Capitalization	reciprocity	reciprocity	replace:Reciprocity	This sentence does not start with a capital letter
docs/spec/01-conceptual-model.md	105	5	8640	8654	SentenceCapitalization	Capitalization	directionality	directionality	replace:Directionality	This sentence does not start with a capital letter
docs/spec/01-conceptual-model.md	106	5	8757	8766	SentenceCapitalization	Capitalization	lifecycle	lifecycle	replace:Lifecycle	This sentence does not start with a capital letter
docs/spec/01-conceptual-model.md	107	5	8854	8862	SentenceCapitalization	Capitalization	instance	instance	replace:Instance	This sentence does not start with a capital letter
docs/spec/01-conceptual-model.md	113	289	9451	9463	SpellCheck	Spelling	unresolvable	unresolvable	replace:unsolvable	Did you mean to spell `unresolvable` this way?
docs/spec/01-conceptual-model.md	115	133	9656	9657	CommaFixes	Punctuation	 	 	remove	Don't use a space before a comma.
docs/spec/01-conceptual-model.md	139	325	11816	11821	MissingPreposition	Miscellaneous	rest 	rest 		You may be missing a preposition here.
docs/spec/01-conceptual-model.md	143	312	12773	12785	SpellCheck	Spelling	multinuclear	multinuclear	replace:antinuclear	Did you mean `antinuclear`?
docs/spec/01-conceptual-model.md	143	312	12773	12785	SplitWords	Typo	multinuclear	multinuclear	replace:multi nuclear	`multinuclear` should probably be written as `multi nuclear`.
docs/spec/01-conceptual-model.md	149	279	13522	13532	SpellCheck	Spelling	nuclearity	nuclearity	replace:nuclear	Did you mean to spell `nuclearity` this way?
docs/spec/01-conceptual-model.md	149	339	13582	13583	CommaFixes	Punctuation	 	 	remove	Don't use a space before a comma.
docs/spec/01-conceptual-model.md	164	113	15258	15259	Spaces	Formatting	 	 	remove	Unnecessary space at the end of the sentence.
docs/spec/01-conceptual-model.md	170	191	15672	15679	PhrasalVerbAsCompoundNoun	WordChoice	rollout	rollout	replace:roll out	This word should be a phrasal verb, not a compound noun.
docs/spec/01-conceptual-model.md	171	182	15942	15950	SpellCheck	Spelling	delinked	delinked	replace:delinted	Did you mean to spell `delinked` this way?
docs/spec/01-conceptual-model.md	171	182	15942	15950	WrongNegative	WordChoice	delinked	delinked	replace:unlinked	Could this be the negative word you intended?
docs/spec/01-conceptual-model.md	196	5	18248	18255	SentenceCapitalization	Capitalization	checked	checked	replace:Checked	This sentence does not start with a capital letter
docs/spec/01-conceptual-model.md	197	5	18335	18343	SentenceCapitalization	Capitalization	declared	declared	replace:Declared	This sentence does not start with a capital letter
docs/spec/01-conceptual-model.md	199	262	18756	18769	MassNouns	Agreement	A withholding	A withholding	replace:Withholding	`withholding` is a mass noun.
docs/spec/01-conceptual-model.md	199	429	18923	18926	SpellCheck	Spelling	Q17	Q17	replace:Qua	Did you mean to spell `Q17` this way?
docs/spec/01-conceptual-model.md	201	367	19358	19361	SpellCheck	Spelling	Q14	Q14	replace:Qua	Did you mean to spell `Q14` this way?
docs/spec/01-conceptual-model.md	205	124	19762	19771	SpellCheck	Spelling	Toulmin's	Toulmin's	replace:Tomlin's	Did you mean `Tomlin's`?
docs/spec/01-conceptual-model.md	211	72	20287	20295	DisjointPrefixes	Spelling	re-reads	re-reads	replace:rereads	This looks like a prefix that can be joined with the rest of the word.
docs/spec/01-conceptual-model.md	213	98	20546	20553	SentenceCapitalization	Capitalization	against	against	replace:Against	This sentence does not start with a capital letter
docs/spec/01-conceptual-model.md	218	22	21114	21123	MassNouns	Agreement	a finding	a finding	replace:finding	`finding` is a mass noun.
docs/spec/01-conceptual-model.md	218	112	21204	21208	SpellCheck	Spelling	SPDX	SPDX	replace:Sad	Did you mean to spell `SPDX` this way?
docs/spec/01-conceptual-model.md	218	199	21291	21293	SpellCheck	Spelling	HW	HW	replace:Ha	Did you mean to spell `HW` this way?
docs/spec/01-conceptual-model.md	220	138	21546	21547	Spaces	Formatting	 	 	remove	Unnecessary space at the end of the sentence.
docs/spec/01-conceptual-model.md	220	289	21697	21707	SpellCheck	Spelling	unreviewed	unreviewed	replace:unrelieved	Did you mean to spell `unreviewed` this way?
docs/spec/01-conceptual-model.md	220	350	21758	21761	SpellCheck	Spelling	Q15	Q15	replace:Qua	Did you mean to spell `Q15` this way?
docs/spec/01-conceptual-model.md	224	173	22096	22106	SpellCheck	Spelling	nuclearity	nuclearity	replace:nuclear	Did you mean to spell `nuclearity` this way?
docs/spec/01-conceptual-model.md	224	313	22236	22245	MassNouns	Agreement	a finding	a finding	replace:finding	`finding` is a mass noun.
docs/spec/01-conceptual-model.md	225	99	22549	22556	SentenceCapitalization	Capitalization	obliges	obliges	replace:Obliges	This sentence does not start with a capital letter
docs/spec/02-taxonomy-model.md	45	5	2966	2974	SentenceCapitalization	Capitalization	complete	complete	replace:Complete	This sentence does not start with a capital letter
docs/spec/02-taxonomy-model.md	46	5	3030	3039	SentenceCapitalization	Capitalization	validated	validated	replace:Validated	This sentence does not start with a capital letter
docs/spec/02-taxonomy-model.md	48	5	3144	3153	SentenceCapitalization	Capitalization	versioned	versioned	replace:Versioned	This sentence does not start with a capital letter
docs/spec/02-taxonomy-model.md	49	5	3210	3221	SentenceCapitalization	Capitalization	explainable	explainable	replace:Explainable	This sentence does not start with a capital letter
docs/spec/02-taxonomy-model.md	251	53	10548	10549	CommaFixes	Punctuation	 	 	remove	Don't use a space before a comma.
docs/spec/02-taxonomy-model.md	251	181	10676	10677	CommaFixes	Punctuation	 	 	remove	Don't use a space before a comma.
docs/spec/02-taxonomy-model.md	251	443	10938	10940	SentenceCapitalization	Capitalization	at	at	replace:At	This sentence does not start with a capital letter
docs/spec/02-taxonomy-model.md	251	612	11107	11110	SpellCheck	Spelling	Q40	Q40	replace:Qua	Did you mean to spell `Q40` this way?
docs/spec/02-taxonomy-model.md	260	66	11688	11698	SpellCheck	Spelling	nuclearity	nuclearity	replace:nuclear	Did you mean to spell `nuclearity` this way?
docs/spec/02-taxonomy-model.md	266	59	12189	12198	SpellCheck	Spelling	another's	another's	replace:anther's	Did you mean to spell `another's` this way?
docs/spec/02-taxonomy-model.md	266	59	12189	12198	SplitWords	Typo	another's	another's	replace:an other's	`another's` should probably be written as `an other's`.
docs/spec/02-taxonomy-model.md	273	13	12641	12644	SentenceCapitalization	Capitalization	was	was	replace:Was	This sentence does not start with a capital letter
docs/spec/02-taxonomy-model.md	273	216	12844	12849	SentenceCapitalization	Capitalization	named	named	replace:Named	This sentence does not start with a capital letter
docs/spec/02-taxonomy-model.md	273	376	13004	13011	SentenceCapitalization	Capitalization	remains	remains	replace:Remains	This sentence does not start with a capital letter
docs/spec/02-taxonomy-model.md	273	475	13103	13104	CommaFixes	Punctuation	 	 	remove	Don't use a space before a comma.
docs/spec/02-taxonomy-model.md	275	108	13276	13277	CommaFixes	Punctuation	 	 	remove	Don't use a space before a comma.
docs/spec/02-taxonomy-model.md	275	431	13599	13602	SpellCheck	Spelling	Q17	Q17	replace:Qua	Did you mean to spell `Q17` this way?
docs/spec/02-taxonomy-model.md	277	239	13906	13909	SpellCheck	Spelling	Q19	Q19	replace:Qua	Did you mean to spell `Q19` this way?
docs/spec/02-taxonomy-model.md	281	125	14861	14872	SpellCheck	Spelling	sublanguage	sublanguage	replace:sublingual	Did you mean to spell `sublanguage` this way?
docs/spec/02-taxonomy-model.md	281	125	14861	14872	SplitWords	Typo	sublanguage	sublanguage	replace:sub language	`sublanguage` should probably be written as `sub language`.
docs/spec/02-taxonomy-model.md	289	310	16144	16145	Spaces	Formatting	 	 	remove	Unnecessary space at the end of the sentence.
docs/spec/02-taxonomy-model.md	291	175	16384	16385	Spaces	Formatting	 	 	remove	Unnecessary space at the end of the sentence.
docs/spec/02-taxonomy-model.md	293	9	16511	16516	MissingPreposition	Miscellaneous	does 	does 		You may be missing a preposition here.
docs/spec/02-taxonomy-model.md	297	133	17172	17184	SpellCheck	Spelling	recognisable	recognisable	replace:recognizable	Did you mean to spell `recognisable` this way?
docs/spec/02-taxonomy-model.md	305	36	17859	17862	SpellCheck	Spelling	BCP	BCP	replace:Bop	Did you mean to spell `BCP` this way?
docs/spec/02-taxonomy-model.md	306	63	17974	17977	SpellCheck	Spelling	STE	STE	replace:Sate	Did you mean to spell `STE` this way?
docs/spec/02-taxonomy-model.md	306	95	18006	18009	SpellCheck	Spelling	STE	STE	replace:Sate	Did you mean to spell `STE` this way?
docs/spec/02-taxonomy-model.md	308	115	18215	18223	SpellCheck	Spelling	runbooks	runbooks	replace:rulebooks	Did you mean to spell `runbooks` this way?
docs/spec/02-taxonomy-model.md	308	115	18215	18223	SplitWords	Typo	runbooks	runbooks	replace:run books	`runbooks` should probably be written as `run books`.
docs/spec/02-taxonomy-model.md	312	393	19009	19014	SentenceCapitalization	Capitalization	reads	reads	replace:Reads	This sentence does not start with a capital letter
docs/spec/02-taxonomy-model.md	314	114	19249	19252	SpellCheck	Spelling	Q18	Q18	replace:Qua	Did you mean to spell `Q18` this way?
docs/spec/02-taxonomy-model.md	316	27	19406	19416	SpellCheck	Spelling	fixability	fixability	replace:liability	Did you mean to spell `fixability` this way?
docs/spec/02-taxonomy-model.md	316	27	19406	19416	SplitWords	Typo	fixability	fixability	replace:fix ability	`fixability` should probably be written as `fix ability`.
docs/spec/02-taxonomy-model.md	320	386	20590	20599	MassNouns	Agreement	an expiry	an expiry	replace:expiry	`expiry` is a mass noun.
docs/spec/02-taxonomy-model.md	324	39	21524	21525	CommaFixes	Punctuation	 	 	remove	Don't use a space before a comma.
docs/spec/02-taxonomy-model.md	324	591	22076	22078	SpellCheck	Spelling	HW	HW	replace:Ha	Did you mean to spell `HW` this way?
docs/spec/02-taxonomy-model.md	324	594	22079	22081	SpellCheck	Spelling	DR	DR	replace:Do	Did you mean to spell `DR` this way?
docs/spec/02-taxonomy-model.md	328	75	22366	22367	AnA	Miscellaneous	a	a	replace:an	Incorrect indefinite article.
docs/spec/02-taxonomy-model.md	328	142	22433	22434	Spaces	Formatting	 	 	remove	Unnecessary space at the end of the sentence.
docs/spec/02-taxonomy-model.md	328	245	22536	22538	SpellCheck	Spelling	HW	HW	replace:Ha	Did you mean to spell `HW` this way?
docs/spec/02-taxonomy-model.md	328	248	22539	22541	SpellCheck	Spelling	DR	DR	replace:Do	Did you mean to spell `DR` this way?
docs/spec/02-taxonomy-model.md	328	454	22745	22746	CommaFixes	Punctuation	 	 	remove	Don't use a space before a comma.
docs/spec/02-taxonomy-model.md	330	68	22885	22895	OxfordComma	Style	identifier	identifier	insert:,	An Oxford comma is necessary here.
docs/spec/02-taxonomy-model.md	330	225	23042	23043	Spaces	Formatting	 	 	remove	Unnecessary space at the end of the sentence.
docs/spec/02-taxonomy-model.md	330	430	23247	23249	SpellCheck	Spelling	HW	HW	replace:Ha	Did you mean to spell `HW` this way?
docs/spec/02-taxonomy-model.md	330	433	23250	23252	SpellCheck	Spelling	DR	DR	replace:Do	Did you mean to spell `DR` this way?
docs/spec/02-taxonomy-model.md	330	793	23610	23617	SentenceCapitalization	Capitalization	refuses	refuses	replace:Refuses	This sentence does not start with a capital letter
docs/spec/02-taxonomy-model.md	332	26	23858	23868	SpellCheck	Spelling	nuclearity	nuclearity	replace:nuclear	Did you mean to spell `nuclearity` this way?
docs/spec/02-taxonomy-model.md	334	48	23917	23927	MassNouns	Agreement	one chosen	one chosen	replace:one piece of chosen	`chosen` is a mass noun.
docs/spec/02-taxonomy-model.md	340	30	24136	24146	SpellCheck	Spelling	nuclearity	nuclearity	replace:nuclear	Did you mean to spell `nuclearity` this way?
docs/spec/02-taxonomy-model.md	342	61	24249	24261	SpellCheck	Spelling	multinuclear	multinuclear	replace:antinuclear	Did you mean `antinuclear`?
docs/spec/02-taxonomy-model.md	342	61	24249	24261	SplitWords	Typo	multinuclear	multinuclear	replace:multi nuclear	`multinuclear` should probably be written as `multi nuclear`.
docs/spec/02-taxonomy-model.md	343	47	24316	24325	SpellCheck	Spelling	distilled	distilled	replace:distiller	Did you mean to spell `distilled` this way?
docs/spec/02-taxonomy-model.md	347	53	24658	24670	SpellCheck	Spelling	multinuclear	multinuclear	replace:antinuclear	Did you mean `antinuclear`?
docs/spec/02-taxonomy-model.md	347	53	24658	24670	SplitWords	Typo	multinuclear	multinuclear	replace:multi nuclear	`multinuclear` should probably be written as `multi nuclear`.
docs/spec/02-taxonomy-model.md	351	5	25112	25122	SpellCheck	Spelling	Nuclearity	Nuclearity	replace:Nuclear	Did you mean to spell `Nuclearity` this way?
docs/spec/02-taxonomy-model.md	353	17	25140	25152	SpellCheck	Spelling	multinuclear	multinuclear	replace:antinuclear	Did you mean `antinuclear`?
docs/spec/02-taxonomy-model.md	353	17	25140	25152	SplitWords	Typo	multinuclear	multinuclear	replace:multi nuclear	`multinuclear` should probably be written as `multi nuclear`.
docs/spec/02-taxonomy-model.md	353	402	25525	25536	SpellCheck	Spelling	misassigned	misassigned	replace:misaligned	Did you mean `misaligned`?
docs/spec/02-taxonomy-model.md	353	423	25546	25555	MassNouns	Agreement	a finding	a finding	replace:finding	`finding` is a mass noun.
docs/spec/02-taxonomy-model.md	355	245	25917	25918	Spaces	Formatting	 	 	remove	Unnecessary space at the end of the sentence.
docs/spec/02-taxonomy-model.md	360	213	26556	26566	SpellCheck	Spelling	nuclearity	nuclearity	replace:nuclear	Did you mean to spell `nuclearity` this way?
docs/spec/02-taxonomy-model.md	362	78	26937	26946	MassNouns	Agreement	a finding	a finding	replace:finding	`finding` is a mass noun.
docs/spec/02-taxonomy-model.md	371	66	27850	27853	SentenceCapitalization	Capitalization	and	and	replace:And	This sentence does not start with a capital letter
docs/spec/02-taxonomy-model.md	375	349	28548	28558	SpellCheck	Spelling	nuclearity	nuclearity	replace:nuclear	Did you mean to spell `nuclearity` this way?
docs/spec/02-taxonomy-model.md	377	29	28938	28948	SpellCheck	Spelling	nuclearity	nuclearity	replace:nuclear	Did you mean to spell `nuclearity` this way?
docs/spec/02-taxonomy-model.md	377	83	28992	29002	SpellCheck	Spelling	nuclearity	nuclearity	replace:nuclear	Did you mean to spell `nuclearity` this way?
docs/spec/02-taxonomy-model.md	377	136	29045	29055	SpellCheck	Spelling	Nuclearity	Nuclearity	replace:Nuclear	Did you mean to spell `Nuclearity` this way?
docs/spec/02-taxonomy-model.md	377	376	29285	29301	WouldNeverHave	Style	could never have	could never have	replace:never could have	For a more standard style, consider using `never could have`.
docs/spec/02-taxonomy-model.md	379	221	29536	29548	SpellCheck	Spelling	multinuclear	multinuclear	replace:antinuclear	Did you mean `antinuclear`?
docs/spec/02-taxonomy-model.md	379	221	29536	29548	SplitWords	Typo	multinuclear	multinuclear	replace:multi nuclear	`multinuclear` should probably be written as `multi nuclear`.
docs/spec/02-taxonomy-model.md	385	70	30090	30100	SpellCheck	Spelling	Kruchten's	Kruchten's	replace:Kuchen's	Did you mean `Kuchen's`?
docs/spec/02-taxonomy-model.md	404	46	31321	31324	SpellCheck	Spelling	Q18	Q18	replace:Qua	Did you mean to spell `Q18` this way?
docs/spec/02-taxonomy-model.md	404	226	31501	31507	NounVerbConfusion	WordChoice	effect	effect	replace:affect	Use `affect` for the verb meaning to influence; `effect` usually names the result.
docs/spec/02-taxonomy-model.md	404	336	31611	31617	NounVerbConfusion	WordChoice	effect	effect	replace:affect	Use `affect` for the verb meaning to influence; `effect` usually names the result.
docs/spec/02-taxonomy-model.md	408	3	31920	31923	SentenceCapitalization	Capitalization	two	two	replace:Two	This sentence does not start with a capital letter
docs/spec/02-taxonomy-model.md	409	3	32005	32006	SentenceCapitalization	Capitalization	a	a	replace:A	This sentence does not start with a capital letter
docs/spec/02-taxonomy-model.md	410	13	32100	32103	SentenceCapitalization	Capitalization	and	and	replace:And	This sentence does not start with a capital letter
docs/spec/02-taxonomy-model.md	411	3	32168	32169	AnA	Miscellaneous	a	a	replace:an	Incorrect indefinite article.
docs/spec/02-taxonomy-model.md	411	3	32168	32169	SentenceCapitalization	Capitalization	a	a	replace:A	This sentence does not start with a capital letter
docs/spec/02-taxonomy-model.md	411	130	32295	32304	MassNouns	Agreement	an expiry	an expiry	replace:expiry	`expiry` is a mass noun.
docs/spec/02-taxonomy-model.md	413	110	32416	32417	Spaces	Formatting	 	 	remove	Unnecessary space at the end of the sentence.
docs/spec/02-taxonomy-model.md	415	433	33138	33139	CommaFixes	Punctuation	 	 	remove	Don't use a space before a comma.
docs/spec/02-taxonomy-model.md	415	579	33284	33287	SpellCheck	Spelling	0's	0's	replace:0s	Did you mean to spell `0's` this way?
docs/spec/02-taxonomy-model.md	419	526	34581	34590	SpellCheck	Spelling	unenabled	unenabled	replace:unsnarled	Did you mean to spell `unenabled` this way?
docs/spec/02-taxonomy-model.md	419	851	34906	34919	SpellCheck	Spelling	redeclaration	redeclaration	replace:redecoration	Did you mean to spell `redeclaration` this way?
docs/spec/02-taxonomy-model.md	421	227	35148	35153	SentenceCapitalization	Capitalization	needs	needs	replace:Needs	This sentence does not start with a capital letter
docs/spec/02-taxonomy-model.md	421	647	35568	35569	CommaFixes	Punctuation	 	 	remove	Don't use a space before a comma.
docs/spec/02-taxonomy-model.md	425	26	35963	35964	CommaFixes	Punctuation	 	 	remove	Don't use a space before a comma.
docs/spec/02-taxonomy-model.md	429	66	36522	36529	SentenceCapitalization	Capitalization	reports	reports	replace:Reports	This sentence does not start with a capital letter
docs/spec/02-taxonomy-model.md	429	275	36731	36732	CommaFixes	Punctuation	 	 	remove	Don't use a space before a comma.
docs/spec/02-taxonomy-model.md	431	90	36865	36866	Spaces	Formatting	 	 	remove	Unnecessary space at the end of the sentence.
docs/spec/02-taxonomy-model.md	433	146	37118	37119	Spaces	Formatting	 	 	remove	Unnecessary space at the end of the sentence.
docs/spec/02-taxonomy-model.md	433	215	37187	37190	SentenceCapitalization	Capitalization	and	and	replace:And	This sentence does not start with a capital letter
docs/spec/02-taxonomy-model.md	433	234	37206	37207	CommaFixes	Punctuation	 	 	remove	Don't use a space before a comma.
docs/spec/02-taxonomy-model.md	433	316	37288	37290	SpellCheck	Spelling	HW	HW	replace:Ha	Did you mean to spell `HW` this way?
docs/spec/02-taxonomy-model.md	433	319	37291	37293	SpellCheck	Spelling	DR	DR	replace:Do	Did you mean to spell `DR` this way?
docs/spec/02-taxonomy-model.md	433	473	37445	37448	SentenceCapitalization	Capitalization	and	and	replace:And	This sentence does not start with a capital letter
docs/spec/02-taxonomy-model.md	435	105	37750	37752	SpellCheck	Spelling	HW	HW	replace:Ha	Did you mean to spell `HW` this way?
docs/spec/02-taxonomy-model.md	435	400	38045	38052	SentenceCapitalization	Capitalization	reports	reports	replace:Reports	This sentence does not start with a capital letter
docs/spec/02-taxonomy-model.md	441	69	38320	38321	Spaces	Formatting	 	 	remove	Unnecessary space at the end of the sentence.
docs/spec/02-taxonomy-model.md	445	111	39103	39109	SentenceCapitalization	Capitalization	prints	prints	replace:Prints	This sentence does not start with a capital letter
docs/spec/02-taxonomy-model.md	449	35	39348	39351	SpellCheck	Spelling	Q20	Q20	replace:Qua	Did you mean to spell `Q20` this way?
docs/spec/02-taxonomy-model.md	449	197	39510	39513	SpellCheck	Spelling	Q19	Q19	replace:Qua	Did you mean to spell `Q19` this way?
docs/spec/02-taxonomy-model.md	471	81	40358	40367	MassNouns	Agreement	a finding	a finding	replace:finding	`finding` is a mass noun.
docs/spec/02-taxonomy-model.md	475	2	40954	40957	SpellCheck	Spelling	Q18	Q18	replace:Qua	Did you mean to spell `Q18` this way?
docs/spec/02-taxonomy-model.md	475	365	41317	41318	AnA	Miscellaneous	a	a	replace:an	Incorrect indefinite article.
docs/spec/02-taxonomy-model.md	477	54	41415	41416	Spaces	Formatting	 	 	remove	Unnecessary space at the end of the sentence.
docs/spec/02-taxonomy-model.md	477	241	41602	41611	MassNouns	Agreement	a finding	a finding	replace:finding	`finding` is a mass noun.
docs/spec/02-taxonomy-model.md	479	14	41689	41694	SentenceCapitalization	Capitalization	stays	stays	replace:Stays	This sentence does not start with a capital letter
docs/spec/02-taxonomy-model.md	483	53	42094	42097	SpellCheck	Spelling	W3C	W3C	replace:Wag	Did you mean to spell `W3C` this way?
docs/spec/02-taxonomy-model.md	483	78	42119	42121	ToTwoToo	WordChoice	to	to	replace:too	Use `too` here to mean ‘also’ or an excessive degree.
docs/spec/02-taxonomy-model.md	483	80	42121	42122	CommaFixes	Punctuation	 	 	remove	Don't use a space before a comma.
docs/spec/02-taxonomy-model.md	483	117	42158	42160	ToTwoToo	WordChoice	to	to	replace:too	Use `too` here to mean ‘also’ or an excessive degree.
docs/spec/02-taxonomy-model.md	483	119	42160	42161	CommaFixes	Punctuation	 	 	remove	Don't use a space before a comma.
docs/spec/02-taxonomy-model.md	483	170	42211	42212	Spaces	Formatting	 	 	remove	Unnecessary space at the end of the sentence.
docs/spec/02-taxonomy-model.md	485	16	42430	42436	SpellCheck	Spelling	PROV's	PROV's	replace:POV's	Did you mean to spell `PROV's` this way?
docs/spec/02-taxonomy-model.md	487	264	42885	42887	SentenceCapitalization	Capitalization	is	is	replace:Is	This sentence does not start with a capital letter
docs/spec/02-taxonomy-model.md	487	443	43064	43066	SentenceCapitalization	Capitalization	is	is	replace:Is	This sentence does not start with a capital letter
docs/spec/02-taxonomy-model.md	487	575	43196	43198	SpellCheck	Spelling	HW	HW	replace:Ha	Did you mean to spell `HW` this way?
docs/spec/02-taxonomy-model.md	493	668	44277	44287	SpellCheck	Spelling	Acyclicity	Acyclicity	replace:Acclivity	Did you mean `Acclivity`?
docs/spec/02-taxonomy-model.md	494	284	44845	44854	MassNouns	Agreement	a finding	a finding	replace:finding	`finding` is a mass noun.
docs/spec/02-taxonomy-model.md	494	679	45240	45243	SpellCheck	Spelling	Q15	Q15	replace:Qua	Did you mean to spell `Q15` this way?
docs/spec/02-taxonomy-model.md	495	43	45338	45347	MassNouns	Agreement	a finding	a finding	replace:finding	`finding` is a mass noun.
docs/spec/02-taxonomy-model.md	496	32	45558	45567	MassNouns	Agreement	a finding	a finding	replace:finding	`finding` is a mass noun.
docs/spec/02-taxonomy-model.md	496	243	45769	45776	MissingPreposition	Miscellaneous	corpus 	corpus 		You may be missing a preposition here.
docs/spec/02-taxonomy-model.md	497	160	45984	45985	CommaFixes	Punctuation	 	 	remove	Don't use a space before a comma.
docs/spec/02-taxonomy-model.md	497	258	46082	46091	MassNouns	Agreement	a finding	a finding	replace:finding	`finding` is a mass noun.
docs/spec/02-taxonomy-model.md	497	408	46232	46241	MassNouns	Agreement	a finding	a finding	replace:finding	`finding` is a mass noun.
docs/spec/02-taxonomy-model.md	498	57	46355	46365	SpellCheck	Spelling	Nuclearity	Nuclearity	replace:Nuclear	Did you mean to spell `Nuclearity` this way?
docs/spec/02-taxonomy-model.md	498	286	46584	46594	SpellCheck	Spelling	nuclearity	nuclearity	replace:nuclear	Did you mean to spell `nuclearity` this way?
docs/spec/02-taxonomy-model.md	498	602	46900	46909	MassNouns	Agreement	a finding	a finding	replace:finding	`finding` is a mass noun.
docs/spec/02-taxonomy-model.md	498	1044	47342	47345	SpellCheck	Spelling	Q19	Q19	replace:Qua	Did you mean to spell `Q19` this way?
docs/spec/02-taxonomy-model.md	498	1432	47730	47731	CommaFixes	Punctuation	 	 	remove	Don't use a space before a comma.
docs/spec/02-taxonomy-model.md	498	1549	47847	47850	SpellCheck	Spelling	Q17	Q17	replace:Qua	Did you mean to spell `Q17` this way?
docs/spec/02-taxonomy-model.md	502	214	48174	48176	AnA	Miscellaneous	an	an	replace:a	Incorrect indefinite article.
docs/spec/02-taxonomy-model.md	504	20	48278	48290	SpellCheck	Spelling	unobservable	unobservable	replace:observable	Did you mean `observable`?
docs/spec/02-taxonomy-model.md	504	126	48384	48388	SentenceCapitalization	Capitalization	spec	spec	replace:Spec	This sentence does not start with a capital letter
docs/spec/02-taxonomy-model.md	505	134	48839	48842	SpellCheck	Spelling	4's	4's	replace:E's	Did you mean to spell `4's` this way?
docs/spec/02-taxonomy-model.md	506	204	49243	49245	SentenceCapitalization	Capitalization	is	is	replace:Is	This sentence does not start with a capital letter
docs/spec/02-taxonomy-model.md	510	72	49582	49585	SpellCheck	Spelling	Q18	Q18	replace:Qua	Did you mean to spell `Q18` this way?
docs/spec/02-taxonomy-model.md	510	242	49752	49758	NounVerbConfusion	WordChoice	effect	effect	replace:affect	Use `affect` for the verb meaning to influence; `effect` usually names the result.
docs/spec/02-taxonomy-model.md	510	293	49803	49804	CommaFixes	Punctuation	 	 	remove	Don't use a space before a comma.
docs/spec/02-taxonomy-model.md	531	212	52016	52017	Spaces	Formatting	 	 	remove	Unnecessary space at the end of the sentence.
docs/spec/02-taxonomy-model.md	554	13	53096	53098	SentenceCapitalization	Capitalization	is	is	replace:Is	This sentence does not start with a capital letter
docs/spec/02-taxonomy-model.md	554	96	53179	53180	CommaFixes	Punctuation	 	 	remove	Don't use a space before a comma.
docs/spec/02-taxonomy-model.md	554	229	53312	53314	OxfordComma	Style	or	or	insert:,	An Oxford comma is necessary here.
docs/spec/02-taxonomy-model.md	556	139	53807	53814	SentenceCapitalization	Capitalization	reports	reports	replace:Reports	This sentence does not start with a capital letter
docs/spec/02-taxonomy-model.md	562	53	55421	55423	SentenceCapitalization	Capitalization	is	is	replace:Is	This sentence does not start with a capital letter
docs/spec/02-taxonomy-model.md	562	112	55480	55483	SentenceCapitalization	Capitalization	has	has	replace:Has	This sentence does not start with a capital letter
docs/spec/02-taxonomy-model.md	562	259	55627	55639	SpellCheck	Spelling	uncomputable	uncomputable	replace:computable	Did you mean `computable`?
docs/spec/02-taxonomy-model.md	562	637	56005	56006	Spaces	Formatting	 	 	remove	Unnecessary space at the end of the sentence.
docs/spec/02-taxonomy-model.md	566	384	56725	56734	MassNouns	Agreement	a finding	a finding	replace:finding	`finding` is a mass noun.
docs/spec/02-taxonomy-model.md	566	475	56816	56825	MassNouns	Agreement	a finding	a finding	replace:finding	`finding` is a mass noun.
docs/spec/02-taxonomy-model.md	567	17	56960	56966	SentenceCapitalization	Capitalization	stamps	stamps	replace:Stamps	This sentence does not start with a capital letter
docs/spec/02-taxonomy-model.md	567	248	57191	57200	MassNouns	Agreement	a finding	a finding	replace:finding	`finding` is a mass noun.
docs/spec/02-taxonomy-model.md	568	81	57282	57286	SentenceCapitalization	Capitalization	sets	sets	replace:Sets	This sentence does not start with a capital letter
docs/spec/02-taxonomy-model.md	569	5	57423	57431	DisjointPrefixes	Spelling	Re-entry	Re-entry	replace:Reentry	This looks like a prefix that can be joined with the rest of the word.
docs/spec/02-taxonomy-model.md	569	156	57574	57581	DisjointPrefixes	Spelling	re-arms	re-arms	replace:rearms	This looks like a prefix that can be joined with the rest of the word.
docs/spec/02-taxonomy-model.md	569	195	57613	57619	There	Miscellaneous	the re	the re	replace:there	Did you mean the closed compound `there`?
docs/spec/02-taxonomy-model.md	569	199	57617	57627	DisjointPrefixes	Spelling	re-entered	re-entered	replace:reentered	This looks like a prefix that can be joined with the rest of the word.
docs/spec/02-taxonomy-model.md	569	374	57792	57793	SpellCheck	Spelling	s	s	replace:so	Did you mean to spell `s` this way?
docs/spec/02-taxonomy-model.md	569	443	57861	57867	DisjointPrefixes	Spelling	re-arm	re-arm	replace:rearm	This looks like a prefix that can be joined with the rest of the word.
docs/spec/02-taxonomy-model.md	569	461	57879	57889	SpellCheck	Spelling	reportable	reportable	replace:deportable	Did you mean to spell `reportable` this way?
docs/spec/02-taxonomy-model.md	570	170	58068	58071	PronounInflectionBe	Agreement	are	are	replace:is	Make the verb agree with its subject.
docs/spec/02-taxonomy-model.md	601	113	60150	60158	SentenceCapitalization	Capitalization	requires	requires	replace:Requires	This sentence does not start with a capital letter
docs/spec/02-taxonomy-model.md	601	135	60172	60180	MissingTo	WordChoice	resolved	resolved	insert: to	Insert `to` to complete the infinitive (e.g., `need to talk`).
docs/spec/02-taxonomy-model.md	601	214	60251	60254	SentenceCapitalization	Capitalization	has	has	replace:Has	This sentence does not start with a capital letter
docs/spec/02-taxonomy-model.md	603	383	61148	61151	SpellCheck	Spelling	Q25	Q25	replace:Qua	Did you mean to spell `Q25` this way?
docs/spec/02-taxonomy-model.md	607	290	61803	61812	SpellCheck	Spelling	satisfier	satisfier	replace:satisfied	Did you mean to spell `satisfier` this way?
docs/spec/02-taxonomy-model.md	611	133	62077	62081	SpellCheck	Spelling	SKOS	SKOS	replace:SOS	Did you mean to spell `SKOS` this way?
docs/spec/02-taxonomy-model.md	626	306	63106	63115	MassNouns	Agreement	a finding	a finding	replace:finding	`finding` is a mass noun.
docs/spec/02-taxonomy-model.md	630	1	63568	63569	AnA	Miscellaneous	A	A	replace:AN	Incorrect indefinite article.
docs/spec/02-taxonomy-model.md	630	3	63570	63574	SpellCheck	Spelling	SKOS	SKOS	replace:SOS	Did you mean to spell `SKOS` this way?
docs/spec/02-taxonomy-model.md	630	58	63625	63632	SpellCheck	Spelling	unbuilt	unbuilt	replace:inbuilt	Did you mean to spell `unbuilt` this way?
docs/spec/02-taxonomy-model.md	630	58	63625	63632	WrongNegative	WordChoice	unbuilt	unbuilt	replace:inbuilt	Could this be the negative word you intended?
docs/spec/02-taxonomy-model.md	630	68	63635	63638	SpellCheck	Spelling	Q13	Q13	replace:Qua	Did you mean to spell `Q13` this way?
docs/spec/02-taxonomy-model.md	630	161	63728	63737	Everyone	Miscellaneous	every one	every one	replace:everyone	Did you mean the closed compound `everyone`?
docs/spec/02-taxonomy-model.md	646	104	64826	64835	MassNouns	Agreement	a finding	a finding	replace:finding	`finding` is a mass noun.
docs/spec/02-taxonomy-model.md	649	28	65074	65080	SentenceCapitalization	Capitalization	prints	prints	replace:Prints	This sentence does not start with a capital letter
docs/spec/02-taxonomy-model.md	659	154	66533	66540	SentenceCapitalization	Capitalization	reports	reports	replace:Reports	This sentence does not start with a capital letter
docs/spec/02-taxonomy-model.md	668	5	66985	67001	SpellCheck	Spelling	Ascertainability	Ascertainability	replace:Ascertainable	Did you mean to spell `Ascertainability` this way?
docs/spec/02-taxonomy-model.md	669	38	67116	67117	Spaces	Formatting	 	 	remove	Unnecessary space at the end of the sentence.
docs/spec/02-taxonomy-model.md	673	66	67522	67523	Spaces	Formatting	 	 	remove	Unnecessary space at the end of the sentence.
docs/spec/02-taxonomy-model.md	673	167	67623	67624	CommaFixes	Punctuation	 	 	remove	Don't use a space before a comma.
docs/spec/02-taxonomy-model.md	681	145	68707	68708	CommaFixes	Punctuation	 	 	remove	Don't use a space before a comma.
docs/spec/02-taxonomy-model.md	703	120	69960	69962	SpellCheck	Spelling	un	un	replace:uh	Did you mean to spell `un` this way?
docs/spec/02-taxonomy-model.md	703	319	70159	70164	SentenceCapitalization	Capitalization	takes	takes	replace:Takes	This sentence does not start with a capital letter
docs/spec/02-taxonomy-model.md	703	682	70522	70527	SentenceCapitalization	Capitalization	takes	takes	replace:Takes	This sentence does not start with a capital letter
docs/spec/02-taxonomy-model.md	703	1083	70923	70925	SpellCheck	Spelling	un	un	replace:uh	Did you mean to spell `un` this way?
docs/spec/02-taxonomy-model.md	703	1251	71091	71093	SpellCheck	Spelling	HW	HW	replace:Ha	Did you mean to spell `HW` this way?
docs/spec/02-taxonomy-model.md	703	1254	71094	71096	SpellCheck	Spelling	DR	DR	replace:Do	Did you mean to spell `DR` this way?
docs/spec/02-taxonomy-model.md	705	86	71680	71687	SentenceCapitalization	Capitalization	permits	permits	replace:Permits	This sentence does not start with a capital letter
docs/spec/02-taxonomy-model.md	708	16	71942	71943	Spaces	Formatting	 	 	remove	Unnecessary space at the end of the sentence.
docs/spec/02-taxonomy-model.md	708	216	72142	72146	SentenceCapitalization	Capitalization	says	says	replace:Says	This sentence does not start with a capital letter
docs/spec/02-taxonomy-model.md	708	310	72236	72240	SentenceCapitalization	Capitalization	says	says	replace:Says	This sentence does not start with a capital letter
docs/spec/02-taxonomy-model.md	708	440	72366	72370	SpellCheck	Spelling	TBox	TBox	replace:Tho	Did you mean to spell `TBox` this way?
docs/spec/02-taxonomy-model.md	708	459	72385	72389	SpellCheck	Spelling	ABox	ABox	replace:AB's	Did you mean to spell `ABox` this way?
docs/spec/02-taxonomy-model.md	710	49	72466	72469	SentenceCapitalization	Capitalization	and	and	replace:And	This sentence does not start with a capital letter
docs/spec/02-taxonomy-model.md	710	77	72494	72495	CommaFixes	Punctuation	 	 	remove	Don't use a space before a comma.
docs/spec/02-taxonomy-model.md	748	116	74545	74553	SentenceCapitalization	Capitalization	restates	restates	replace:Restates	This sentence does not start with a capital letter
docs/spec/02-taxonomy-model.md	748	341	74770	74774	SentenceCapitalization	Capitalization	here	here	replace:Here	This sentence does not start with a capital letter
docs/spec/02-taxonomy-model.md	748	607	75036	75039	SpellCheck	Spelling	Q40	Q40	replace:Qua	Did you mean to spell `Q40` this way?
docs/spec/02-taxonomy-model.md	754	18	75702	75710	SentenceCapitalization	Capitalization	replaces	replaces	replace:Replaces	This sentence does not start with a capital letter
docs/spec/02-taxonomy-model.md	756	16	75851	75858	SentenceCapitalization	Capitalization	deletes	deletes	replace:Deletes	This sentence does not start with a capital letter
docs/spec/02-taxonomy-model.md	760	41	76667	76668	Spaces	Formatting	 	 	remove	Unnecessary space at the end of the sentence.
docs/spec/02-taxonomy-model.md	762	148	76870	76875	SentenceCapitalization	Capitalization	needs	needs	replace:Needs	This sentence does not start with a capital letter
docs/spec/02-taxonomy-model.md	762	185	76907	76912	SentenceCapitalization	Capitalization	needs	needs	replace:Needs	This sentence does not start with a capital letter
docs/spec/02-taxonomy-model.md	768	288	78621	78622	Spaces	Formatting	 	 	remove	Unnecessary space at the end of the sentence.
docs/spec/02-taxonomy-model.md	768	401	78734	78739	SentenceCapitalization	Capitalization	keeps	keeps	replace:Keeps	This sentence does not start with a capital letter
docs/spec/02-taxonomy-model.md	770	296	79164	79165	AnA	Miscellaneous	a	a	replace:an	Incorrect indefinite article.
docs/spec/02-taxonomy-model.md	770	492	79360	79367	MissingTo	WordChoice	resolve	resolve	insert: to	Insert `to` to complete the infinitive (e.g., `need to talk`).
docs/spec/02-taxonomy-model.md	772	411	79889	79891	AnA	Miscellaneous	An	An	replace:A	Incorrect indefinite article.
docs/spec/02-taxonomy-model.md	776	48	80340	80349	CompoundNouns	WordChoice	lock file	lock file	replace:lockfile	Did you mean the closed compound noun “lockfile”?
docs/spec/02-taxonomy-model.md	778	142	80625	80626	CommaFixes	Punctuation	 	 	remove	Don't use a space before a comma.
docs/spec/02-taxonomy-model.md	782	22	81591	81602	SpellCheck	Spelling	sublanguage	sublanguage	replace:sublingual	Did you mean to spell `sublanguage` this way?
docs/spec/02-taxonomy-model.md	782	22	81591	81602	SplitWords	Typo	sublanguage	sublanguage	replace:sub language	`sublanguage` should probably be written as `sub language`.
docs/spec/02-taxonomy-model.md	784	33	81636	81637	Spaces	Formatting	 	 	remove	Unnecessary space at the end of the sentence.
docs/spec/02-taxonomy-model.md	784	99	81702	81703	Spaces	Formatting	 	 	remove	Unnecessary space at the end of the sentence.
docs/spec/02-taxonomy-model.md	784	190	81793	81794	Spaces	Formatting	 	 	remove	Unnecessary space at the end of the sentence.
docs/spec/02-taxonomy-model.md	784	321	81924	81935	SpellCheck	Spelling	sublanguage	sublanguage	replace:sublingual	Did you mean to spell `sublanguage` this way?
docs/spec/02-taxonomy-model.md	784	321	81924	81935	SplitWords	Typo	sublanguage	sublanguage	replace:sub language	`sublanguage` should probably be written as `sub language`.
docs/spec/02-taxonomy-model.md	784	350	81953	81964	SpellCheck	Spelling	sublanguage	sublanguage	replace:sublingual	Did you mean to spell `sublanguage` this way?
docs/spec/02-taxonomy-model.md	784	350	81953	81964	SplitWords	Typo	sublanguage	sublanguage	replace:sub language	`sublanguage` should probably be written as `sub language`.
docs/spec/02-taxonomy-model.md	793	154	82380	82381	CommaFixes	Punctuation	 	 	remove	Don't use a space before a comma.
docs/spec/02-taxonomy-model.md	795	209	-	-	DisjointPrefixes	Spelling	under takes		replace:undertakes	This looks like a prefix that can be joined with the rest of the word.
docs/spec/02-taxonomy-model.md	797	78	83046	83048	SentenceCapitalization	Capitalization	is	is	replace:Is	This sentence does not start with a capital letter
docs/spec/02-taxonomy-model.md	797	139	83107	83109	SentenceCapitalization	Capitalization	is	is	replace:Is	This sentence does not start with a capital letter
docs/spec/02-taxonomy-model.md	797	213	83181	83190	SpellCheck	Spelling	unenabled	unenabled	replace:unsnarled	Did you mean to spell `unenabled` this way?
docs/spec/02-taxonomy-model.md	797	270	83238	83239	Spaces	Formatting	 	 	remove	Unnecessary space at the end of the sentence.
docs/spec/02-taxonomy-model.md	801	36	83699	83710	SpellCheck	Spelling	sublanguage	sublanguage	replace:sublingual	Did you mean to spell `sublanguage` this way?
docs/spec/02-taxonomy-model.md	801	36	83699	83710	SplitWords	Typo	sublanguage	sublanguage	replace:sub language	`sublanguage` should probably be written as `sub language`.
docs/spec/02-taxonomy-model.md	801	324	83987	83988	CommaFixes	Punctuation	 	 	remove	Don't use a space before a comma.
docs/spec/02-taxonomy-model.md	801	359	84022	84023	Spaces	Formatting	 	 	remove	Unnecessary space at the end of the sentence.
docs/spec/02-taxonomy-model.md	803	43	84274	84275	Spaces	Formatting	 	 	remove	Unnecessary space at the end of the sentence.
docs/spec/02-taxonomy-model.md	803	515	84746	84755	MassNouns	Agreement	a finding	a finding	replace:finding	`finding` is a mass noun.
docs/spec/02-taxonomy-model.md	805	165	84970	84972	SentenceCapitalization	Capitalization	is	is	replace:Is	This sentence does not start with a capital letter
docs/spec/02-taxonomy-model.md	805	187	84992	84993	CommaFixes	Punctuation	 	 	remove	Don't use a space before a comma.
docs/spec/02-taxonomy-model.md	805	333	85138	85150	SpellCheck	Spelling	Disjointness	Disjointness	replace:Disjointedness	Did you mean `Disjointedness`?
docs/spec/02-taxonomy-model.md	807	114	85470	85471	CommaFixes	Punctuation	 	 	remove	Don't use a space before a comma.
docs/spec/02-taxonomy-model.md	813	78	86347	86349	SentenceCapitalization	Capitalization	is	is	replace:Is	This sentence does not start with a capital letter
docs/spec/02-taxonomy-model.md	813	267	-	-	RepeatedWords	Repetition	and and		replace:and	Did you mean to repeat this word?
docs/spec/02-taxonomy-model.md	822	5	87258	87267	SentenceCapitalization	Capitalization	reference	reference	replace:Reference	This sentence does not start with a capital letter
docs/spec/02-taxonomy-model.md	822	20	87273	87283	SpellCheck	Spelling	formedness	formedness	replace:firmness	Did you mean to spell `formedness` this way?
docs/spec/02-taxonomy-model.md	822	93	87346	87357	SpellCheck	Spelling	sublanguage	sublanguage	replace:sublingual	Did you mean to spell `sublanguage` this way?
docs/spec/02-taxonomy-model.md	822	93	87346	87357	SplitWords	Typo	sublanguage	sublanguage	replace:sub language	`sublanguage` should probably be written as `sub language`.
docs/spec/02-taxonomy-model.md	824	5	87731	87737	SentenceCapitalization	Capitalization	anchor	anchor	replace:Anchor	This sentence does not start with a capital letter
docs/spec/02-taxonomy-model.md	825	5	87863	87873	SentenceCapitalization	Capitalization	identifier	identifier	replace:Identifier	This sentence does not start with a capital letter
docs/spec/02-taxonomy-model.md	825	713	-	-	RepeatedWords	Repetition	And and		replace:And	Did you mean to repeat this word?
docs/spec/02-taxonomy-model.md	826	3	88978	88986	SentenceCapitalization	Capitalization	coverage	coverage	replace:Coverage	This sentence does not start with a capital letter
docs/spec/02-taxonomy-model.md	827	5	89150	89154	SentenceCapitalization	Capitalization	kind	kind	replace:Kind	This sentence does not start with a capital letter
docs/spec/02-taxonomy-model.md	827	117	89262	89264	SpellCheck	Spelling	un	un	replace:uh	Did you mean to spell `un` this way?
docs/spec/02-taxonomy-model.md	828	5	89604	89611	SentenceCapitalization	Capitalization	purpose	purpose	replace:Purpose	This sentence does not start with a capital letter
docs/spec/02-taxonomy-model.md	829	3	89759	89770	SentenceCapitalization	Capitalization	determinism	determinism	replace:Determinism	This sentence does not start with a capital letter
docs/spec/02-taxonomy-model.md	830	3	89836	89840	SentenceCapitalization	Capitalization	role	role	replace:Role	This sentence does not start with a capital letter
docs/spec/02-taxonomy-model.md	830	420	90253	90255	SentenceCapitalization	Capitalization	is	is	replace:Is	This sentence does not start with a capital letter
docs/spec/02-taxonomy-model.md	831	3	90594	90603	SentenceCapitalization	Capitalization	lifecycle	lifecycle	replace:Lifecycle	This sentence does not start with a capital letter
docs/spec/02-taxonomy-model.md	831	151	90742	90754	SpellCheck	Spelling	Reachability	Reachability	replace:Readability	Did you mean `Readability`?
docs/spec/02-taxonomy-model.md	832	5	90972	90980	SentenceCapitalization	Capitalization	relation	relation	replace:Relation	This sentence does not start with a capital letter
docs/spec/02-taxonomy-model.md	832	128	91095	91100	SentenceCapitalization	Capitalization	names	names	replace:Names	This sentence does not start with a capital letter
docs/spec/02-taxonomy-model.md	832	182	91149	91151	AnA	Miscellaneous	an	an	replace:a	Incorrect indefinite article.
docs/spec/02-taxonomy-model.md	833	5	91383	91394	SentenceCapitalization	Capitalization	expectation	expectation	replace:Expectation	This sentence does not start with a capital letter
docs/spec/02-taxonomy-model.md	833	22	91400	91410	SpellCheck	Spelling	formedness	formedness	replace:firmness	Did you mean to spell `formedness` this way?
docs/spec/02-taxonomy-model.md	834	5	91738	91742	SentenceCapitalization	Capitalization	core	core	replace:Core	This sentence does not start with a capital letter
docs/spec/02-taxonomy-model.md	834	10	91743	91757	SpellCheck	Spelling	satisfiability	satisfiability		Did you mean to spell `satisfiability` this way?
docs/spec/02-taxonomy-model.md	835	5	91824	91829	SentenceCapitalization	Capitalization	facet	facet	replace:Facet	This sentence does not start with a capital letter
docs/spec/02-taxonomy-model.md	835	35	91854	91870	SpellCheck	Spelling	ascertainability	ascertainability	replace:ascertainable	Did you mean to spell `ascertainability` this way?
docs/spec/02-taxonomy-model.md	835	35	91854	91870	SplitWords	Typo	ascertainability	ascertainability	replace:ascertain ability	`ascertainability` should probably be written as `ascertain ability`.
docs/spec/02-taxonomy-model.md	836	5	91969	91973	SentenceCapitalization	Capitalization	kind	kind	replace:Kind	This sentence does not start with a capital letter
docs/spec/02-taxonomy-model.md	837	5	92080	92084	SentenceCapitalization	Capitalization	edge	edge	replace:Edge	This sentence does not start with a capital letter
docs/spec/02-taxonomy-model.md	838	5	92166	92175	SentenceCapitalization	Capitalization	attribute	attribute	replace:Attribute	This sentence does not start with a capital letter
docs/spec/02-taxonomy-model.md	838	20	92181	92191	SpellCheck	Spelling	formedness	formedness	replace:firmness	Did you mean to spell `formedness` this way?
docs/spec/02-taxonomy-model.md	838	187	92348	92349	Spaces	Formatting	 	 	remove	Unnecessary space at the end of the sentence.
docs/spec/02-taxonomy-model.md	839	5	92359	92366	SentenceCapitalization	Capitalization	warrant	warrant	replace:Warrant	This sentence does not start with a capital letter
docs/spec/02-taxonomy-model.md	840	5	92605	92612	SentenceCapitalization	Capitalization	context	context	replace:Context	This sentence does not start with a capital letter
docs/spec/02-taxonomy-model.md	841	5	92851	92858	SentenceCapitalization	Capitalization	overlay	overlay	replace:Overlay	This sentence does not start with a capital letter
docs/spec/02-taxonomy-model.md	842	5	92906	92913	SentenceCapitalization	Capitalization	mapping	mapping	replace:Mapping	This sentence does not start with a capital letter
docs/spec/02-taxonomy-model.md	842	116	93017	93021	SpellCheck	Spelling	SKOS	SKOS	replace:SOS	Did you mean to spell `SKOS` this way?
docs/spec/02-taxonomy-model.md	843	3	93034	93044	SentenceCapitalization	Capitalization	projection	projection	replace:Projection	This sentence does not start with a capital letter
docs/spec/02-taxonomy-model.md	864	38	95268	95272	SentenceCapitalization	Capitalization	runs	runs	replace:Runs	This sentence does not start with a capital letter
docs/spec/02-taxonomy-model.md	866	209	95759	95766	OxfordComma	Style	version	version	insert:,	An Oxford comma is necessary here.
docs/spec/02-taxonomy-model.md	866	867	96417	96421	SentenceCapitalization	Capitalization	asks	asks	replace:Asks	This sentence does not start with a capital letter
docs/spec/02-taxonomy-model.md	866	928	96478	96480	AnA	Miscellaneous	An	An	replace:A	Incorrect indefinite article.
docs/spec/02-taxonomy-model.md	868	23	96952	96954	SentenceCapitalization	Capitalization	is	is	replace:Is	This sentence does not start with a capital letter
docs/spec/02-taxonomy-model.md	868	54	96983	96984	CommaFixes	Punctuation	 	 	remove	Don't use a space before a comma.
docs/spec/02-taxonomy-model.md	870	20	97443	97445	SentenceCapitalization	Capitalization	is	is	replace:Is	This sentence does not start with a capital letter
docs/spec/02-taxonomy-model.md	872	430	98260	98262	AnA	Miscellaneous	An	An	replace:A	Incorrect indefinite article.
docs/spec/02-taxonomy-model.md	881	134	99672	99681	DisjointPrefixes	Spelling	re-stated	re-stated	replace:restated	This looks like a prefix that can be joined with the rest of the word.
docs/spec/02-taxonomy-model.md	881	603	100141	100150	CompoundNouns	WordChoice	lock file	lock file	replace:lockfile	Did you mean the closed compound noun “lockfile”?
docs/spec/02-taxonomy-model.md	883	318	100576	100584	SentenceCapitalization	Capitalization	rewrites	rewrites	replace:Rewrites	This sentence does not start with a capital letter
docs/spec/02-taxonomy-model.md	883	497	100755	100761	SentenceCapitalization	Capitalization	prints	prints	replace:Prints	This sentence does not start with a capital letter
docs/spec/02-taxonomy-model.md	891	105	101470	101478	SpellCheck	Spelling	approver	approver	replace:approve	Did you mean to spell `approver` this way?
docs/spec/02-taxonomy-model.md	898	201	102182	102183	CommaFixes	Punctuation	 	 	remove	Don't use a space before a comma.
docs/spec/02-taxonomy-model.md	904	380	103445	103446	CommaFixes	Punctuation	 	 	remove	Don't use a space before a comma.
docs/spec/02-taxonomy-model.md	906	97	103609	103618	Everyone	Miscellaneous	every one	every one	replace:everyone	Did you mean the closed compound `everyone`?
docs/decisions/0024-q24-readability-and-what-a-sweep-can-be-asked-about.md	22	3	727	730	SpellCheck	Spelling	Q24	Q24	replace:Qua	Did you mean to spell `Q24` this way?
docs/decisions/0024-q24-readability-and-what-a-sweep-can-be-asked-about.md	26	18	814	821	SentenceCapitalization	Capitalization	carries	carries	replace:Carries	This sentence does not start with a capital letter
docs/decisions/0024-q24-readability-and-what-a-sweep-can-be-asked-about.md	26	107	903	904	Spaces	Formatting	 	 	remove	Unnecessary space at the end of the sentence.
docs/decisions/0024-q24-readability-and-what-a-sweep-can-be-asked-about.md	26	362	1158	1165	SentenceCapitalization	Capitalization	appears	appears	replace:Appears	This sentence does not start with a capital letter
docs/decisions/0024-q24-readability-and-what-a-sweep-can-be-asked-about.md	26	598	1394	1403	MassNouns	Agreement	a finding	a finding	replace:finding	`finding` is a mass noun.
docs/decisions/0024-q24-readability-and-what-a-sweep-can-be-asked-about.md	28	304	1709	1719	SpellCheck	Spelling	fixability	fixability	replace:liability	Did you mean to spell `fixability` this way?
docs/decisions/0024-q24-readability-and-what-a-sweep-can-be-asked-about.md	28	304	1709	1719	SplitWords	Typo	fixability	fixability	replace:fix ability	`fixability` should probably be written as `fix ability`.
docs/decisions/0024-q24-readability-and-what-a-sweep-can-be-asked-about.md	30	249	2228	2238	MassNouns	Agreement	a briefing	a briefing	replace:briefing	`briefing` is a mass noun.
docs/decisions/0024-q24-readability-and-what-a-sweep-can-be-asked-about.md	30	568	2547	2548	CommaFixes	Punctuation	 	 	remove	Don't use a space before a comma.
docs/decisions/0024-q24-readability-and-what-a-sweep-can-be-asked-about.md	36	88	2825	2837	SpellCheck	Spelling	unmechanized	unmechanized	replace:mechanized	Did you mean `mechanized`?
docs/decisions/0024-q24-readability-and-what-a-sweep-can-be-asked-about.md	38	163	3054	3055	Spaces	Formatting	 	 	remove	Unnecessary space at the end of the sentence.
docs/decisions/0024-q24-readability-and-what-a-sweep-can-be-asked-about.md	46	22	4579	4586	SentenceCapitalization	Capitalization	refuses	refuses	replace:Refuses	This sentence does not start with a capital letter
docs/decisions/0024-q24-readability-and-what-a-sweep-can-be-asked-about.md	46	30	4587	4596	MassNouns	Agreement	a finding	a finding	replace:finding	`finding` is a mass noun.
docs/decisions/0024-q24-readability-and-what-a-sweep-can-be-asked-about.md	46	276	4833	4834	Spaces	Formatting	 	 	remove	Unnecessary space at the end of the sentence.
docs/decisions/0024-q24-readability-and-what-a-sweep-can-be-asked-about.md	48	59	5186	5193	SentenceCapitalization	Capitalization	reports	reports	replace:Reports	This sentence does not start with a capital letter
docs/decisions/0024-q24-readability-and-what-a-sweep-can-be-asked-about.md	48	339	5466	5467	Spaces	Formatting	 	 	remove	Unnecessary space at the end of the sentence.
docs/decisions/0024-q24-readability-and-what-a-sweep-can-be-asked-about.md	50	73	5656	5657	AnA	Miscellaneous	a	a	replace:an	Incorrect indefinite article.
docs/decisions/0024-q24-readability-and-what-a-sweep-can-be-asked-about.md	50	142	5725	5727	SentenceCapitalization	Capitalization	is	is	replace:Is	This sentence does not start with a capital letter
docs/decisions/0024-q24-readability-and-what-a-sweep-can-be-asked-about.md	60	205	7667	7675	SpellCheck	Spelling	retitled	retitled	replace:rattled	Did you mean to spell `retitled` this way?
docs/decisions/0024-q24-readability-and-what-a-sweep-can-be-asked-about.md	60	352	7814	7819	SentenceCapitalization	Capitalization	holds	holds	replace:Holds	This sentence does not start with a capital letter
docs/decisions/0024-q24-readability-and-what-a-sweep-can-be-asked-about.md	62	237	8215	8220	SentenceCapitalization	Capitalization	reads	reads	replace:Reads	This sentence does not start with a capital letter
docs/decisions/0025-q25-where-the-namespace-goes-in-an-identifier-and-who-declares-it.md	23	3	716	719	SpellCheck	Spelling	Q25	Q25	replace:Qua	Did you mean to spell `Q25` this way?
docs/decisions/0025-q25-where-the-namespace-goes-in-an-identifier-and-who-declares-it.md	27	107	906	907	Spaces	Formatting	 	 	remove	Unnecessary space at the end of the sentence.
docs/decisions/0025-q25-where-the-namespace-goes-in-an-identifier-and-who-declares-it.md	27	178	977	978	Spaces	Formatting	 	 	remove	Unnecessary space at the end of the sentence.
docs/decisions/0025-q25-where-the-namespace-goes-in-an-identifier-and-who-declares-it.md	27	307	1106	1107	Spaces	Formatting	 	 	remove	Unnecessary space at the end of the sentence.
docs/decisions/0025-q25-where-the-namespace-goes-in-an-identifier-and-who-declares-it.md	29	125	1278	1280	SentenceCapitalization	Capitalization	is	is	replace:Is	This sentence does not start with a capital letter
docs/decisions/0025-q25-where-the-namespace-goes-in-an-identifier-and-who-declares-it.md	29	292	1445	1446	CommaFixes	Punctuation	 	 	remove	Don't use a space before a comma.
docs/decisions/0025-q25-where-the-namespace-goes-in-an-identifier-and-who-declares-it.md	29	352	1505	1508	SentenceCapitalization	Capitalization	and	and	replace:And	This sentence does not start with a capital letter
docs/decisions/0025-q25-where-the-namespace-goes-in-an-identifier-and-who-declares-it.md	33	144	2314	2315	Spaces	Formatting	 	 	remove	Unnecessary space at the end of the sentence.
docs/decisions/0025-q25-where-the-namespace-goes-in-an-identifier-and-who-declares-it.md	37	49	2860	2861	Spaces	Formatting	 	 	remove	Unnecessary space at the end of the sentence.
docs/decisions/0025-q25-where-the-namespace-goes-in-an-identifier-and-who-declares-it.md	39	62	2960	2961	CommaFixes	Punctuation	 	 	remove	Don't use a space before a comma.
docs/decisions/0025-q25-where-the-namespace-goes-in-an-identifier-and-who-declares-it.md	39	81	2979	2980	CommaFixes	Punctuation	 	 	remove	Don't use a space before a comma.
docs/decisions/0025-q25-where-the-namespace-goes-in-an-identifier-and-who-declares-it.md	41	69	3325	3327	SentenceCapitalization	Capitalization	is	is	replace:Is	This sentence does not start with a capital letter
docs/decisions/0025-q25-where-the-namespace-goes-in-an-identifier-and-who-declares-it.md	41	241	3497	3500	SpellCheck	Spelling	IRI	IRI	replace:Ii	Did you mean to spell `IRI` this way?
docs/decisions/0025-q25-where-the-namespace-goes-in-an-identifier-and-who-declares-it.md	47	246	4143	4151	SentenceCapitalization	Capitalization	declares	declares	replace:Declares	This sentence does not start with a capital letter
docs/decisions/0025-q25-where-the-namespace-goes-in-an-identifier-and-who-declares-it.md	49	128	4346	4347	Spaces	Formatting	 	 	remove	Unnecessary space at the end of the sentence.
docs/decisions/0025-q25-where-the-namespace-goes-in-an-identifier-and-who-declares-it.md	53	93	5094	5101	SentenceCapitalization	Capitalization	refused	refused	replace:Refused	This sentence does not start with a capital letter
docs/decisions/0025-q25-where-the-namespace-goes-in-an-identifier-and-who-declares-it.md	53	224	5225	5226	Spaces	Formatting	 	 	remove	Unnecessary space at the end of the sentence.
docs/decisions/0025-q25-where-the-namespace-goes-in-an-identifier-and-who-declares-it.md	53	266	5267	5268	CommaFixes	Punctuation	 	 	remove	Don't use a space before a comma.
docs/decisions/0025-q25-where-the-namespace-goes-in-an-identifier-and-who-declares-it.md	53	397	5398	5401	SentenceCapitalization	Capitalization	and	and	replace:And	This sentence does not start with a capital letter
docs/decisions/0025-q25-where-the-namespace-goes-in-an-identifier-and-who-declares-it.md	57	65	5884	5886	SpellCheck	Spelling	HW	HW	replace:Ha	Did you mean to spell `HW` this way?
docs/decisions/0025-q25-where-the-namespace-goes-in-an-identifier-and-who-declares-it.md	57	68	5887	5890	SpellCheck	Spelling	OBL	OBL	replace:Obi	Did you mean to spell `OBL` this way?
docs/decisions/0025-q25-where-the-namespace-goes-in-an-identifier-and-who-declares-it.md	57	157	5976	5985	OxfordComma	Style	namespace	namespace	insert:,	An Oxford comma is necessary here.
docs/decisions/0025-q25-where-the-namespace-goes-in-an-identifier-and-who-declares-it.md	57	215	6034	6046	SpellCheck	Spelling	Disjointness	Disjointness	replace:Disjointedness	Did you mean `Disjointedness`?
docs/decisions/0025-q25-where-the-namespace-goes-in-an-identifier-and-who-declares-it.md	57	412	6231	6234	SpellCheck	Spelling	RDF	RDF	replace:Ref	Did you mean to spell `RDF` this way?
docs/decisions/0025-q25-where-the-namespace-goes-in-an-identifier-and-who-declares-it.md	57	454	6273	6276	SpellCheck	Spelling	IRI	IRI	replace:Ii	Did you mean to spell `IRI` this way?
docs/decisions/0025-q25-where-the-namespace-goes-in-an-identifier-and-who-declares-it.md	61	251	6897	6901	SentenceCapitalization	Capitalization	asks	asks	replace:Asks	This sentence does not start with a capital letter
docs/decisions/0025-q25-where-the-namespace-goes-in-an-identifier-and-who-declares-it.md	65	356	7970	7972	SentenceCapitalization	Capitalization	is	is	replace:Is	This sentence does not start with a capital letter
docs/decisions/0025-q25-where-the-namespace-goes-in-an-identifier-and-who-declares-it.md	65	544	8158	8160	SpellCheck	Spelling	HW	HW	replace:Ha	Did you mean to spell `HW` this way?
docs/decisions/0025-q25-where-the-namespace-goes-in-an-identifier-and-who-declares-it.md	65	547	8161	8164	SpellCheck	Spelling	OBL	OBL	replace:Obi	Did you mean to spell `OBL` this way?
docs/decisions/0025-q25-where-the-namespace-goes-in-an-identifier-and-who-declares-it.md	67	270	8522	8525	SpellCheck	Spelling	Q27	Q27	replace:Qua	Did you mean to spell `Q27` this way?
docs/decisions/0026-q26-whether-terminality-belongs-to-a-state-or-to-a-state-and-a-regime.md	22	3	756	759	SpellCheck	Spelling	Q26	Q26	replace:Qua	Did you mean to spell `Q26` this way?
docs/decisions/0026-q26-whether-terminality-belongs-to-a-state-or-to-a-state-and-a-regime.md	22	19	772	783	SpellCheck	Spelling	terminality	terminality	replace:terminally	Did you mean `terminally`?
docs/decisions/0026-q26-whether-terminality-belongs-to-a-state-or-to-a-state-and-a-regime.md	26	80	923	924	Spaces	Formatting	 	 	remove	Unnecessary space at the end of the sentence.
docs/decisions/0026-q26-whether-terminality-belongs-to-a-state-or-to-a-state-and-a-regime.md	28	97	1247	1258	SpellCheck	Spelling	terminality	terminality	replace:terminally	Did you mean `terminally`?
docs/decisions/0026-q26-whether-terminality-belongs-to-a-state-or-to-a-state-and-a-regime.md	30	313	1883	1885	SentenceCapitalization	Capitalization	is	is	replace:Is	This sentence does not start with a capital letter
docs/decisions/0026-q26-whether-terminality-belongs-to-a-state-or-to-a-state-and-a-regime.md	30	343	1913	1914	CommaFixes	Punctuation	 	 	remove	Don't use a space before a comma.
docs/decisions/0026-q26-whether-terminality-belongs-to-a-state-or-to-a-state-and-a-regime.md	32	31	2035	2046	MassNouns	Agreement	a narrowing	a narrowing	replace:narrowing	`narrowing` is a mass noun.
docs/decisions/0026-q26-whether-terminality-belongs-to-a-state-or-to-a-state-and-a-regime.md	32	257	2261	2264	OneOfTheSingular	Usage	two	two	replace:twos	The construction `one of the ...` should use a plural noun.
docs/decisions/0026-q26-whether-terminality-belongs-to-a-state-or-to-a-state-and-a-regime.md	32	487	2491	2499	MassNouns	Agreement	A ruling	A ruling	replace:Ruling	`ruling` is a mass noun.
docs/decisions/0026-q26-whether-terminality-belongs-to-a-state-or-to-a-state-and-a-regime.md	34	249	2779	2790	SpellCheck	Spelling	Terminality	Terminality	replace:Terminally	Did you mean `Terminally`?
docs/decisions/0026-q26-whether-terminality-belongs-to-a-state-or-to-a-state-and-a-regime.md	34	308	2838	2843	SentenceCapitalization	Capitalization	reads	reads	replace:Reads	This sentence does not start with a capital letter
docs/decisions/0026-q26-whether-terminality-belongs-to-a-state-or-to-a-state-and-a-regime.md	34	333	2863	2864	CommaFixes	Punctuation	 	 	remove	Don't use a space before a comma.
docs/decisions/0026-q26-whether-terminality-belongs-to-a-state-or-to-a-state-and-a-regime.md	34	416	2946	2951	SentenceCapitalization	Capitalization	reads	reads	replace:Reads	This sentence does not start with a capital letter
docs/decisions/0026-q26-whether-terminality-belongs-to-a-state-or-to-a-state-and-a-regime.md	34	438	2968	2969	CommaFixes	Punctuation	 	 	remove	Don't use a space before a comma.
docs/decisions/0026-q26-whether-terminality-belongs-to-a-state-or-to-a-state-and-a-regime.md	36	100	3328	3330	SentenceCapitalization	Capitalization	is	is	replace:Is	This sentence does not start with a capital letter
docs/decisions/0026-q26-whether-terminality-belongs-to-a-state-or-to-a-state-and-a-regime.md	36	117	3345	3346	CommaFixes	Punctuation	 	 	remove	Don't use a space before a comma.
docs/decisions/0026-q26-whether-terminality-belongs-to-a-state-or-to-a-state-and-a-regime.md	36	300	3528	3535	SentenceCapitalization	Capitalization	decides	decides	replace:Decides	This sentence does not start with a capital letter
docs/decisions/0026-q26-whether-terminality-belongs-to-a-state-or-to-a-state-and-a-regime.md	36	308	3536	3547	SpellCheck	Spelling	terminality	terminality	replace:terminally	Did you mean `terminally`?
docs/decisions/0026-q26-whether-terminality-belongs-to-a-state-or-to-a-state-and-a-regime.md	42	3	3847	3858	SpellCheck	Spelling	Terminality	Terminality	replace:Terminally	Did you mean `Terminally`?
docs/decisions/0026-q26-whether-terminality-belongs-to-a-state-or-to-a-state-and-a-regime.md	44	141	4187	4190	SentenceCapitalization	Capitalization	was	was	replace:Was	This sentence does not start with a capital letter
docs/decisions/0026-q26-whether-terminality-belongs-to-a-state-or-to-a-state-and-a-regime.md	44	449	4495	4496	Spaces	Formatting	 	 	remove	Unnecessary space at the end of the sentence.
docs/decisions/0026-q26-whether-terminality-belongs-to-a-state-or-to-a-state-and-a-regime.md	46	39	4613	4614	CommaFixes	Punctuation	 	 	remove	Don't use a space before a comma.
docs/decisions/0026-q26-whether-terminality-belongs-to-a-state-or-to-a-state-and-a-regime.md	46	648	5222	5233	MassNouns	Agreement	one finding	one finding	replace:one piece of finding	`finding` is a mass noun.
docs/decisions/0026-q26-whether-terminality-belongs-to-a-state-or-to-a-state-and-a-regime.md	48	139	5437	5441	SpellCheck	Spelling	IETF	IETF	replace:If	Did you mean to spell `IETF` this way?
docs/decisions/0026-q26-whether-terminality-belongs-to-a-state-or-to-a-state-and-a-regime.md	48	167	5465	5468	SpellCheck	Spelling	W3C	W3C	replace:Wag	Did you mean to spell `W3C` this way?
docs/decisions/0026-q26-whether-terminality-belongs-to-a-state-or-to-a-state-and-a-regime.md	48	198	5496	5499	SpellCheck	Spelling	JEP	JEP	replace:Jeep	Did you mean to spell `JEP` this way?
docs/decisions/0026-q26-whether-terminality-belongs-to-a-state-or-to-a-state-and-a-regime.md	48	399	5697	5701	SpellCheck	Spelling	DITA	DITA	replace:Data	Did you mean to spell `DITA` this way?
docs/decisions/0026-q26-whether-terminality-belongs-to-a-state-or-to-a-state-and-a-regime.md	48	405	5703	5710	SpellCheck	Spelling	DocBook	DocBook	replace:MacBook	Did you mean to spell `DocBook` this way?
docs/decisions/0026-q26-whether-terminality-belongs-to-a-state-or-to-a-state-and-a-regime.md	48	417	5715	5724	SpellCheck	Spelling	Diátaxis	Diátaxis	replace:Dictates	Did you mean to spell `Diátaxis` this way?
docs/decisions/0026-q26-whether-terminality-belongs-to-a-state-or-to-a-state-and-a-regime.md	48	476	5774	5783	MassNouns	Agreement	an ending	an ending	replace:ending	`ending` is a mass noun.
docs/decisions/0026-q26-whether-terminality-belongs-to-a-state-or-to-a-state-and-a-regime.md	50	224	6219	6220	Spaces	Formatting	 	 	remove	Unnecessary space at the end of the sentence.
docs/decisions/0026-q26-whether-terminality-belongs-to-a-state-or-to-a-state-and-a-regime.md	50	239	6234	6237	SpellCheck	Spelling	W3C	W3C	replace:Wag	Did you mean to spell `W3C` this way?
docs/decisions/0026-q26-whether-terminality-belongs-to-a-state-or-to-a-state-and-a-regime.md	50	362	6357	6358	CommaFixes	Punctuation	 	 	remove	Don't use a space before a comma.
docs/decisions/0026-q26-whether-terminality-belongs-to-a-state-or-to-a-state-and-a-regime.md	50	426	6421	6422	Spaces	Formatting	 	 	remove	Unnecessary space at the end of the sentence.
docs/decisions/0026-q26-whether-terminality-belongs-to-a-state-or-to-a-state-and-a-regime.md	50	490	6485	6488	SpellCheck	Spelling	JEP	JEP	replace:Jeep	Did you mean to spell `JEP` this way?
docs/decisions/0026-q26-whether-terminality-belongs-to-a-state-or-to-a-state-and-a-regime.md	52	118	6771	6772	Spaces	Formatting	 	 	remove	Unnecessary space at the end of the sentence.
docs/decisions/0026-q26-whether-terminality-belongs-to-a-state-or-to-a-state-and-a-regime.md	52	199	6852	6853	Spaces	Formatting	 	 	remove	Unnecessary space at the end of the sentence.
docs/decisions/0026-q26-whether-terminality-belongs-to-a-state-or-to-a-state-and-a-regime.md	52	337	6990	6991	Spaces	Formatting	 	 	remove	Unnecessary space at the end of the sentence.
docs/decisions/0026-q26-whether-terminality-belongs-to-a-state-or-to-a-state-and-a-regime.md	52	470	7123	7126	SpellCheck	Spelling	JEP	JEP	replace:Jeep	Did you mean to spell `JEP` this way?
docs/decisions/0026-q26-whether-terminality-belongs-to-a-state-or-to-a-state-and-a-regime.md	52	540	7193	7196	SpellCheck	Spelling	JEP	JEP	replace:Jeep	Did you mean to spell `JEP` this way?
docs/decisions/0026-q26-whether-terminality-belongs-to-a-state-or-to-a-state-and-a-regime.md	52	586	7239	7243	SpellCheck	Spelling	ITIL	ITIL	replace:Ital	Did you mean to spell `ITIL` this way?
docs/decisions/0026-q26-whether-terminality-belongs-to-a-state-or-to-a-state-and-a-regime.md	52	666	7319	7322	OrthographicConsistency	Capitalization	DoD	DoD	replace:DOD	This word's canonical spelling is all-caps.
docs/decisions/0026-q26-whether-terminality-belongs-to-a-state-or-to-a-state-and-a-regime.md	52	666	7319	7322	SpellCheck	Spelling	DoD	DoD	replace:Dad	Did you mean to spell `DoD` this way?
docs/decisions/0026-q26-whether-terminality-belongs-to-a-state-or-to-a-state-and-a-regime.md	54	191	7559	7561	SentenceCapitalization	Capitalization	is	is	replace:Is	This sentence does not start with a capital letter
docs/decisions/0026-q26-whether-terminality-belongs-to-a-state-or-to-a-state-and-a-regime.md	54	516	7884	7888	SentenceCapitalization	Capitalization	then	then	replace:Then	This sentence does not start with a capital letter
docs/decisions/0026-q26-whether-terminality-belongs-to-a-state-or-to-a-state-and-a-regime.md	56	109	8249	8257	SentenceCapitalization	Capitalization	requires	requires	replace:Requires	This sentence does not start with a capital letter
docs/decisions/0026-q26-whether-terminality-belongs-to-a-state-or-to-a-state-and-a-regime.md	60	158	8716	8717	CommaFixes	Punctuation	 	 	remove	Don't use a space before a comma.
docs/decisions/0026-q26-whether-terminality-belongs-to-a-state-or-to-a-state-and-a-regime.md	60	184	8742	8743	Spaces	Formatting	 	 	remove	Unnecessary space at the end of the sentence.
docs/decisions/0026-q26-whether-terminality-belongs-to-a-state-or-to-a-state-and-a-regime.md	64	264	9420	9423	SpellCheck	Spelling	Q19	Q19	replace:Qua	Did you mean to spell `Q19` this way?
docs/decisions/0026-q26-whether-terminality-belongs-to-a-state-or-to-a-state-and-a-regime.md	66	111	9906	9907	CommaFixes	Punctuation	 	 	remove	Don't use a space before a comma.
docs/decisions/0026-q26-whether-terminality-belongs-to-a-state-or-to-a-state-and-a-regime.md	66	337	10132	10133	Spaces	Formatting	 	 	remove	Unnecessary space at the end of the sentence.
docs/decisions/0026-q26-whether-terminality-belongs-to-a-state-or-to-a-state-and-a-regime.md	68	320	10632	10638	DisjointPrefixes	Spelling	re-run	re-run	replace:rerun	This looks like a prefix that can be joined with the rest of the word.
docs/decisions/0026-q26-whether-terminality-belongs-to-a-state-or-to-a-state-and-a-regime.md	68	529	10841	10851	SpellCheck	Spelling	resolver's	resolver's	replace:resolder's	Did you mean to spell `resolver's` this way?
docs/decisions/0026-q26-whether-terminality-belongs-to-a-state-or-to-a-state-and-a-regime.md	70	77	11026	11028	SpellCheck	Spelling	HW	HW	replace:Ha	Did you mean to spell `HW` this way?
docs/decisions/0026-q26-whether-terminality-belongs-to-a-state-or-to-a-state-and-a-regime.md	70	80	11029	11032	SpellCheck	Spelling	OBL	OBL	replace:Obi	Did you mean to spell `OBL` this way?
docs/decisions/0026-q26-whether-terminality-belongs-to-a-state-or-to-a-state-and-a-regime.md	70	292	-	-	RepeatedWords	Repetition	and and		replace:and	Did you mean to repeat this word?
docs/decisions/0026-q26-whether-terminality-belongs-to-a-state-or-to-a-state-and-a-regime.md	70	342	11291	11292	CommaFixes	Punctuation	 	 	remove	Don't use a space before a comma.
docs/decisions/0026-q26-whether-terminality-belongs-to-a-state-or-to-a-state-and-a-regime.md	72	218	11855	11858	SpellCheck	Spelling	Q27	Q27	replace:Qua	Did you mean to spell `Q27` this way?
docs/decisions/0001-implementation-language.md	25	100	626	632	OxfordComma	Style	Python	Python	insert:,	An Oxford comma is necessary here.
docs/decisions/0001-implementation-language.md	27	125	954	956	ExpandTimeShorthands	WordChoice	ms	ms	replace:milliseconds	Did you mean `milliseconds`?
docs/decisions/0001-implementation-language.md	29	13	1104	1108	WereWhere	Typo	were	were	replace:where	It looks like this is a typo, did you mean `where`?
docs/decisions/0001-implementation-language.md	33	408	2045	2052	SpellCheck	Spelling	esbuild	esbuild	replace:build	Did you mean to spell `esbuild` this way?
docs/decisions/0001-implementation-language.md	33	461	2098	2113	DisjointPrefixes	Spelling	counter-example	counter-example	replace:counterexample	This looks like a prefix that can be joined with the rest of the word.
docs/decisions/0001-implementation-language.md	39	77	3393	3400	DisjointPrefixes	Spelling	re-runs	re-runs	replace:reruns	This looks like a prefix that can be joined with the rest of the word.
docs/decisions/0001-implementation-language.md	39	97	3413	3416	SpellCheck	Spelling	RDF	RDF	replace:Ref	Did you mean to spell `RDF` this way?
docs/decisions/0001-implementation-language.md	39	134	3450	3453	SpellCheck	Spelling	Q13	Q13	replace:Qua	Did you mean to spell `Q13` this way?
docs/decisions/0001-implementation-language.md	39	191	3507	3512	SpellCheck	Spelling	SHACL	SHACL	replace:Shack	Did you mean to spell `SHACL` this way?
docs/decisions/0001-implementation-language.md	49	184	4397	4409	SpellCheck	Spelling	deserializer	deserializer	replace:deserialize	Did you mean to spell `deserializer` this way?
docs/decisions/0001-implementation-language.md	51	215	4770	4771	CommaFixes	Punctuation	 	 	remove	Don't use a space before a comma.
docs/decisions/0001-implementation-language.md	57	36	5218	5223	SpellCheck	Spelling	addon	addon	replace:add-on	Did you mean to spell `addon` this way?
docs/decisions/0001-implementation-language.md	57	36	5218	5223	SplitWords	Typo	addon	addon	replace:ad don	`addon` has a missing space between words.
docs/decisions/0001-implementation-language.md	57	64	5246	5249	ExpandMemoryShorthands	WordChoice	KiB	KiB	replace:kibibytes	Did you mean `kibibytes`?
docs/decisions/0001-implementation-language.md	57	68	5250	5255	SpellCheck	Spelling	addon	addon	replace:add-on	Did you mean to spell `addon` this way?
docs/decisions/0001-implementation-language.md	57	68	5250	5255	SplitWords	Typo	addon	addon	replace:ad don	`addon` has a missing space between words.
docs/decisions/0001-implementation-language.md	57	79	5261	5264	ExpandMemoryShorthands	WordChoice	KiB	KiB	replace:kibibytes	Did you mean `kibibytes`?
docs/decisions/0001-implementation-language.md	57	83	5265	5269	OrthographicConsistency	Capitalization	wasm	wasm	replace:WASM	This word's canonical spelling is all-caps.
docs/decisions/0001-implementation-language.md	57	83	5265	5269	SpellCheck	Spelling	wasm	wasm	replace:warm	Did you mean to spell `wasm` this way?
docs/decisions/0001-implementation-language.md	58	60	5349	5351	ExpandTimeShorthands	WordChoice	ms	ms	replace:milliseconds	Did you mean `milliseconds`?
docs/decisions/0001-implementation-language.md	58	73	5362	5364	ExpandTimeShorthands	WordChoice	ms	ms	replace:milliseconds	Did you mean `milliseconds`?
docs/decisions/0002-schema-format.md	26	100	830	833	SpellCheck	Spelling	Q13	Q13	replace:Qua	Did you mean to spell `Q13` this way?
docs/decisions/0002-schema-format.md	26	167	897	906	SpellCheck	Spelling	Headwater	Headwater	replace:Headwaters	Did you mean to spell `Headwater` this way?
docs/decisions/0002-schema-format.md	28	25	1081	1082	Spaces	Formatting	 	 	remove	Unnecessary space at the end of the sentence.
docs/decisions/0002-schema-format.md	28	523	1579	1588	SpellCheck	Spelling	Headwater	Headwater	replace:Headwaters	Did you mean to spell `Headwater` this way?
docs/decisions/0002-schema-format.md	30	31	1630	1633	SpellCheck	Spelling	Q13	Q13	replace:Qua	Did you mean to spell `Q13` this way?
docs/decisions/0002-schema-format.md	30	63	1662	1665	SpellCheck	Spelling	Q13	Q13	replace:Qua	Did you mean to spell `Q13` this way?
docs/decisions/0002-schema-format.md	30	78	1677	1683	SpellCheck	Spelling	LinkML	LinkML	replace:Link's	Did you mean to spell `LinkML` this way?
docs/decisions/0002-schema-format.md	30	89	1688	1693	SpellCheck	Spelling	SHACL	SHACL	replace:Shack	Did you mean to spell `SHACL` this way?
docs/decisions/0002-schema-format.md	32	156	2009	2010	Spaces	Formatting	 	 	remove	Unnecessary space at the end of the sentence.
docs/decisions/0002-schema-format.md	32	204	2057	2068	SpellCheck	Spelling	disjunction	disjunction	replace:distinction	Did you mean to spell `disjunction` this way?
docs/decisions/0002-schema-format.md	32	204	2057	2068	WrongNegative	WordChoice	disjunction	disjunction	replace:injunction	Could this be the negative word you intended?
docs/decisions/0002-schema-format.md	32	373	2226	2231	SpellCheck	Spelling	Dhall	Dhall	replace:Hall	Did you mean to spell `Dhall` this way?
docs/decisions/0002-schema-format.md	38	69	2896	2907	SpellCheck	Spelling	sublanguage	sublanguage	replace:sublingual	Did you mean to spell `sublanguage` this way?
docs/decisions/0002-schema-format.md	38	69	2896	2907	SplitWords	Typo	sublanguage	sublanguage	replace:sub language	`sublanguage` should probably be written as `sub language`.
docs/decisions/0002-schema-format.md	38	127	2954	2965	SpellCheck	Spelling	Headwater's	Headwater's	replace:Headwaiter's	Did you mean to spell `Headwater's` this way?
docs/decisions/0002-schema-format.md	42	67	3109	3110	Spaces	Formatting	 	 	remove	Unnecessary space at the end of the sentence.
docs/decisions/0002-schema-format.md	42	112	3154	3161	OxfordComma	Style	aliases	aliases	insert:,	An Oxford comma is necessary here.
docs/decisions/0002-schema-format.md	44	341	3737	3746	MassNouns	Agreement	a finding	a finding	replace:finding	`finding` is a mass noun.
docs/decisions/0002-schema-format.md	46	259	4055	4067	SpellCheck	Spelling	deserializer	deserializer	replace:deserialize	Did you mean to spell `deserializer` this way?
docs/decisions/0002-schema-format.md	48	41	4296	4309	SpellCheck	Spelling	authorability	authorability	replace:authority	Did you mean to spell `authorability` this way?
docs/decisions/0002-schema-format.md	48	41	4296	4309	SplitWords	Typo	authorability	authorability	replace:author ability	`authorability` should probably be written as `author ability`.
docs/decisions/0002-schema-format.md	48	111	4366	4370	DiscourseMarkers	Punctuation	thus	thus	insert:,	Discourse markers at the beginning of a sentence should be followed by a comma.
docs/decisions/0002-schema-format.md	48	111	4366	4370	SentenceCapitalization	Capitalization	thus	thus	replace:Thus	This sentence does not start with a capital letter
docs/decisions/0002-schema-format.md	50	151	4696	4705	SpellCheck	Spelling	Headwater	Headwater	replace:Headwaters	Did you mean to spell `Headwater` this way?
docs/decisions/0002-schema-format.md	52	272	5088	5092	DiscourseMarkers	Punctuation	Thus	Thus	insert:,	Discourse markers at the beginning of a sentence should be followed by a comma.
docs/decisions/0002-schema-format.md	52	314	5130	5139	CompoundNouns	WordChoice	lock file	lock file	replace:lockfile	Did you mean the closed compound noun “lockfile”?
docs/decisions/0002-schema-format.md	54	272	5464	5472	SentenceCapitalization	Capitalization	appeared	appeared	replace:Appeared	This sentence does not start with a capital letter
docs/decisions/0003-how-much-of-the-default-taxonomy-ships-in-the-box.md	32	142	2116	2117	CommaFixes	Punctuation	 	 	remove	Don't use a space before a comma.
docs/decisions/0003-how-much-of-the-default-taxonomy-ships-in-the-box.md	32	238	2212	2213	Spaces	Formatting	 	 	remove	Unnecessary space at the end of the sentence.
docs/decisions/0003-how-much-of-the-default-taxonomy-ships-in-the-box.md	42	29	3599	3602	SpellCheck	Spelling	Q11	Q11	replace:Qua	Did you mean to spell `Q11` this way?
docs/evaluations/adjacent-work.md	31	2	873	875	SpellCheck	Spelling	HW	HW	replace:Ha	Did you mean to spell `HW` this way?
docs/evaluations/adjacent-work.md	37	7	1304	1308	SpellCheck	Spelling	TBox	TBox	replace:Tho	Did you mean to spell `TBox` this way?
docs/evaluations/adjacent-work.md	37	16	1313	1317	SpellCheck	Spelling	ABox	ABox	replace:AB's	Did you mean to spell `ABox` this way?
docs/evaluations/adjacent-work.md	39	68	1433	1437	SpellCheck	Spelling	TBox	TBox	replace:Tho	Did you mean to spell `TBox` this way?
docs/evaluations/adjacent-work.md	39	189	1554	1558	SpellCheck	Spelling	ABox	ABox	replace:AB's	Did you mean to spell `ABox` this way?
docs/evaluations/adjacent-work.md	41	17	1690	1701	SpellCheck	Spelling	Headwater's	Headwater's	replace:Headwaiter's	Did you mean to spell `Headwater's` this way?
docs/evaluations/adjacent-work.md	43	3	1756	1765	SpellCheck	Spelling	Headwater	Headwater	replace:Headwaters	Did you mean to spell `Headwater` this way?
docs/evaluations/adjacent-work.md	45	50	1847	1851	SpellCheck	Spelling	TBox	TBox	replace:Tho	Did you mean to spell `TBox` this way?
docs/evaluations/adjacent-work.md	46	42	1895	1899	SpellCheck	Spelling	TBox	TBox	replace:Tho	Did you mean to spell `TBox` this way?
docs/evaluations/adjacent-work.md	47	46	1947	1951	SpellCheck	Spelling	ABox	ABox	replace:AB's	Did you mean to spell `ABox` this way?
docs/evaluations/adjacent-work.md	48	25	1978	1982	SpellCheck	Spelling	TBox	TBox	replace:Tho	Did you mean to spell `TBox` this way?
docs/evaluations/adjacent-work.md	49	31	2036	2040	SpellCheck	Spelling	ABox	ABox	replace:AB's	Did you mean to spell `ABox` this way?
docs/evaluations/adjacent-work.md	49	44	2049	2053	SpellCheck	Spelling	TBox	TBox	replace:Tho	Did you mean to spell `TBox` this way?
docs/evaluations/adjacent-work.md	51	228	2284	2288	SpellCheck	Spelling	TBox	TBox	replace:Tho	Did you mean to spell `TBox` this way?
docs/evaluations/adjacent-work.md	51	250	2306	2310	SpellCheck	Spelling	ABox	ABox	replace:AB's	Did you mean to spell `ABox` this way?
docs/evaluations/adjacent-work.md	53	36	2455	2466	SpellCheck	Spelling	Headwater's	Headwater's	replace:Headwaiter's	Did you mean to spell `Headwater's` this way?
docs/evaluations/adjacent-work.md	53	48	2467	2471	SpellCheck	Spelling	ABox	ABox	replace:AB's	Did you mean to spell `ABox` this way?
docs/evaluations/adjacent-work.md	53	187	2606	2608	SentenceCapitalization	Capitalization	is	is	replace:Is	This sentence does not start with a capital letter
docs/evaluations/adjacent-work.md	53	413	2832	2836	SpellCheck	Spelling	ABox	ABox	replace:AB's	Did you mean to spell `ABox` this way?
docs/evaluations/adjacent-work.md	57	5	3082	3084	SpellCheck	Spelling	A.	A.	replace:A	Did you mean to spell `A.` this way?
docs/evaluations/adjacent-work.md	59	108	3238	3240	SpellCheck	Spelling	Q9	Q9	replace:QA	Did you mean to spell `Q9` this way?
docs/evaluations/adjacent-work.md	69	128	4755	4757	SpellCheck	Spelling	F.	F.	replace:Fa	Did you mean to spell `F.` this way?
docs/evaluations/adjacent-work.md	73	54	5397	5410	SpellCheck	Spelling	testerstories	testerstories	replace:territories	Did you mean to spell `testerstories` this way?
docs/evaluations/adjacent-work.md	73	54	5397	5410	SplitWords	Typo	testerstories	testerstories	replace:tester stories	`testerstories` should probably be written as `tester stories`.
docs/evaluations/adjacent-work.md	75	57	5469	5472	SpellCheck	Spelling	RDF	RDF	replace:Ref	Did you mean to spell `RDF` this way?
docs/evaluations/adjacent-work.md	81	5	6231	6233	SpellCheck	Spelling	B.	B.	replace:Be	Did you mean to spell `B.` this way?
docs/evaluations/adjacent-work.md	85	1	6452	6461	SpellCheck	Spelling	Headwater	Headwater	replace:Headwaters	Did you mean to spell `Headwater` this way?
docs/evaluations/adjacent-work.md	89	5	7007	7009	SpellCheck	Spelling	B.	B.	replace:Be	Did you mean to spell `B.` this way?
docs/evaluations/adjacent-work.md	91	191	7228	7229	Spaces	Formatting	 	 	remove	Unnecessary space at the end of the sentence.
docs/evaluations/adjacent-work.md	93	1	7294	7303	SpellCheck	Spelling	Headwater	Headwater	replace:Headwaters	Did you mean to spell `Headwater` this way?
docs/evaluations/adjacent-work.md	97	5	8511	8513	SpellCheck	Spelling	B.	B.	replace:Be	Did you mean to spell `B.` this way?
docs/evaluations/adjacent-work.md	103	5	8847	8849	SpellCheck	Spelling	B.	B.	replace:Be	Did you mean to spell `B.` this way?
docs/evaluations/adjacent-work.md	109	5	9310	9312	SpellCheck	Spelling	B.	B.	replace:Be	Did you mean to spell `B.` this way?
docs/evaluations/adjacent-work.md	115	7	9704	9710	SpellCheck	Spelling	LinkML	LinkML	replace:Link's	Did you mean to spell `LinkML` this way?
docs/evaluations/adjacent-work.md	117	2	9739	9745	SpellCheck	Spelling	LinkML	LinkML	replace:Link's	Did you mean to spell `LinkML` this way?
docs/evaluations/adjacent-work.md	117	98	9835	9840	SpellCheck	Spelling	SHACL	SHACL	replace:Shack	Did you mean to spell `SHACL` this way?
docs/evaluations/adjacent-work.md	117	105	9842	9845	SpellCheck	Spelling	RDF	RDF	replace:Ref	Did you mean to spell `RDF` this way?
docs/evaluations/adjacent-work.md	117	114	9851	9855	SpellCheck	Spelling	ShEx	ShEx	replace:Sex	Did you mean to spell `ShEx` this way?
docs/evaluations/adjacent-work.md	117	120	9857	9865	SpellCheck	Spelling	Pydantic	Pydantic	replace:Pedantic	Did you mean `Pedantic`?
docs/evaluations/adjacent-work.md	117	142	9879	9882	SpellCheck	Spelling	DDL	DDL	replace:Dd	Did you mean to spell `DDL` this way?
docs/evaluations/adjacent-work.md	119	67	9998	10004	SpellCheck	Spelling	LinkML	LinkML	replace:Link's	Did you mean to spell `LinkML` this way?
docs/evaluations/adjacent-work.md	119	281	10212	10213	Spaces	Formatting	 	 	remove	Unnecessary space at the end of the sentence.
docs/evaluations/adjacent-work.md	119	402	10333	10339	SpellCheck	Spelling	LinkML	LinkML	replace:Link's	Did you mean to spell `LinkML` this way?
docs/evaluations/adjacent-work.md	119	429	10360	10366	SpellCheck	Spelling	LinkML	LinkML	replace:Link's	Did you mean to spell `LinkML` this way?
docs/evaluations/adjacent-work.md	119	451	10382	10394	DisjointPrefixes	Spelling	multi-format	multi-format	replace:multiformat	This looks like a prefix that can be joined with the rest of the word.
docs/evaluations/adjacent-work.md	121	229	10667	10676	SpellCheck	Spelling	Headwater	Headwater	replace:Headwaters	Did you mean to spell `Headwater` this way?
docs/evaluations/adjacent-work.md	121	266	10704	10710	SpellCheck	Spelling	LinkML	LinkML	replace:Link's	Did you mean to spell `LinkML` this way?
docs/evaluations/adjacent-work.md	121	418	10856	10859	SpellCheck	Spelling	1's	1's	replace:1s	Did you mean to spell `1's` this way?
docs/evaluations/adjacent-work.md	121	490	10928	10934	SpellCheck	Spelling	LinkML	LinkML	replace:Link's	Did you mean to spell `LinkML` this way?
docs/evaluations/adjacent-work.md	125	3	10956	10965	SpellCheck	Spelling	Headwater	Headwater	replace:Headwaters	Did you mean to spell `Headwater` this way?
docs/evaluations/adjacent-work.md	125	27	10980	10986	SpellCheck	Spelling	LinkML	LinkML	replace:Link's	Did you mean to spell `LinkML` this way?
docs/evaluations/adjacent-work.md	127	74	11072	11078	SpellCheck	Spelling	LinkML	LinkML	replace:Link's	Did you mean to spell `LinkML` this way?
docs/evaluations/adjacent-work.md	129	3	11144	11154	SpellCheck	Spelling	Nuclearity	Nuclearity	replace:Nuclear	Did you mean to spell `Nuclearity` this way?
docs/evaluations/adjacent-work.md	134	124	11541	11547	SpellCheck	Spelling	LinkML	LinkML	replace:Link's	Did you mean to spell `LinkML` this way?
docs/evaluations/adjacent-work.md	134	183	11600	11606	SpellCheck	Spelling	LinkML	LinkML	replace:Link's	Did you mean to spell `LinkML` this way?
docs/evaluations/adjacent-work.md	134	253	11670	11674	SpellCheck	Spelling	SKOS	SKOS	replace:SOS	Did you mean to spell `SKOS` this way?
docs/evaluations/adjacent-work.md	134	324	11741	11744	ItsContraction	Punctuation	Its	Its	replace:It's	Use `it's` (short for `it has` or `it is`) here, not the possessive `its`.
docs/evaluations/adjacent-work.md	136	154	11978	11984	SpellCheck	Spelling	LinkML	LinkML	replace:Link's	Did you mean to spell `LinkML` this way?
docs/evaluations/adjacent-work.md	136	162	11986	11991	SpellCheck	Spelling	SHACL	SHACL	replace:Shack	Did you mean to spell `SHACL` this way?
docs/evaluations/adjacent-work.md	136	248	12072	12081	SpellCheck	Spelling	Headwater	Headwater	replace:Headwaters	Did you mean to spell `Headwater` this way?
docs/evaluations/adjacent-work.md	140	65	12438	12444	SpellCheck	Spelling	LinkML	LinkML	replace:Link's	Did you mean to spell `LinkML` this way?
docs/evaluations/adjacent-work.md	140	79	12452	12463	SpellCheck	Spelling	Headwater's	Headwater's	replace:Headwaiter's	Did you mean to spell `Headwater's` this way?
docs/evaluations/adjacent-work.md	140	174	12547	12552	SpellCheck	Spelling	SHACL	SHACL	replace:Shack	Did you mean to spell `SHACL` this way?
docs/evaluations/adjacent-work.md	141	45	12705	12713	SpellCheck	Spelling	LinkML's	LinkML's	replace:Link's	Did you mean to spell `LinkML's` this way?
docs/evaluations/adjacent-work.md	141	196	12856	12862	SpellCheck	Spelling	LinkML	LinkML	replace:Link's	Did you mean to spell `LinkML` this way?
docs/evaluations/adjacent-work.md	143	48	13140	13151	SpellCheck	Spelling	Headwater's	Headwater's	replace:Headwaiter's	Did you mean to spell `Headwater's` this way?
docs/evaluations/adjacent-work.md	143	102	13194	13200	SpellCheck	Spelling	LinkML	LinkML	replace:Link's	Did you mean to spell `LinkML` this way?
docs/evaluations/adjacent-work.md	143	144	13236	13241	SpellCheck	Spelling	SHACL	SHACL	replace:Shack	Did you mean to spell `SHACL` this way?
docs/evaluations/adjacent-work.md	143	159	13251	13259	SpellCheck	Spelling	Pydantic	Pydantic	replace:Pedantic	Did you mean `Pedantic`?
docs/evaluations/adjacent-work.md	143	176	13268	13276	SpellCheck	Spelling	LinkML's	LinkML's	replace:Link's	Did you mean to spell `LinkML's` this way?
docs/evaluations/adjacent-work.md	145	63	13526	13535	SpellCheck	Spelling	Headwater	Headwater	replace:Headwaters	Did you mean to spell `Headwater` this way?
docs/evaluations/adjacent-work.md	145	91	13554	13560	SpellCheck	Spelling	LinkML	LinkML	replace:Link's	Did you mean to spell `LinkML` this way?
docs/evaluations/adjacent-work.md	145	97	13560	13561	CommaFixes	Punctuation	 	 	remove	Don't use a space before a comma.
docs/evaluations/adjacent-work.md	145	145	13608	13614	SpellCheck	Spelling	LinkML	LinkML	replace:Link's	Did you mean to spell `LinkML` this way?
docs/evaluations/adjacent-work.md	147	199	14015	14023	SpellCheck	Spelling	LinkML's	LinkML's	replace:Link's	Did you mean to spell `LinkML's` this way?
docs/evaluations/adjacent-work.md	151	7	14480	14485	SpellCheck	Spelling	SHACL	SHACL	replace:Shack	Did you mean to spell `SHACL` this way?
docs/evaluations/adjacent-work.md	153	112	14637	14642	SpellCheck	Spelling	SHACL	SHACL	replace:Shack	Did you mean to spell `SHACL` this way?
docs/evaluations/adjacent-work.md	153	147	14672	14675	SpellCheck	Spelling	W3C	W3C	replace:Wag	Did you mean to spell `W3C` this way?
docs/evaluations/adjacent-work.md	153	319	14844	14847	SpellCheck	Spelling	RDF	RDF	replace:Ref	Did you mean to spell `RDF` this way?
docs/evaluations/adjacent-work.md	153	390	14915	14918	SpellCheck	Spelling	RDF	RDF	replace:Ref	Did you mean to spell `RDF` this way?
docs/evaluations/adjacent-work.md	153	400	14925	14930	SpellCheck	Spelling	SHACL	SHACL	replace:Shack	Did you mean to spell `SHACL` this way?
docs/evaluations/adjacent-work.md	155	59	15064	15069	SpellCheck	Spelling	SHACL	SHACL	replace:Shack	Did you mean to spell `SHACL` this way?
docs/evaluations/adjacent-work.md	155	100	15105	15111	SpellCheck	Spelling	LinkML	LinkML	replace:Link's	Did you mean to spell `LinkML` this way?
docs/evaluations/adjacent-work.md	155	244	15249	15258	Everyone	Miscellaneous	Every one	Every one	replace:Everyone	Did you mean the closed compound `everyone`?
docs/evaluations/adjacent-work.md	155	278	15283	15289	SpellCheck	Spelling	SPARQL	SPARQL	replace:Spar's	Did you mean to spell `SPARQL` this way?
docs/evaluations/adjacent-work.md	155	286	15291	15296	SpellCheck	Spelling	SHACL	SHACL	replace:Shack	Did you mean to spell `SHACL` this way?
docs/evaluations/adjacent-work.md	157	30	15422	15429	SpellCheck	Spelling	SHACL's	SHACL's	replace:Shack's	Did you mean to spell `SHACL's` this way?
docs/evaluations/adjacent-work.md	157	113	15505	15509	SentenceCapitalization	Capitalization	with	with	replace:With	This sentence does not start with a capital letter
docs/evaluations/adjacent-work.md	157	259	15651	15661	SpellCheck	Spelling	fixability	fixability	replace:liability	Did you mean to spell `fixability` this way?
docs/evaluations/adjacent-work.md	157	259	15651	15661	SplitWords	Typo	fixability	fixability	replace:fix ability	`fixability` should probably be written as `fix ability`.
docs/evaluations/adjacent-work.md	157	289	15681	15684	SpellCheck	Spelling	RDF	RDF	replace:Ref	Did you mean to spell `RDF` this way?
docs/evaluations/adjacent-work.md	159	35	16013	16019	SpellCheck	Spelling	LinkML	LinkML	replace:Link's	Did you mean to spell `LinkML` this way?
docs/evaluations/adjacent-work.md	159	125	16103	16106	SpellCheck	Spelling	Q13	Q13	replace:Qua	Did you mean to spell `Q13` this way?
docs/evaluations/adjacent-work.md	159	151	16129	16134	SpellCheck	Spelling	SHACL	SHACL	replace:Shack	Did you mean to spell `SHACL` this way?
docs/evaluations/adjacent-work.md	161	7	16218	16225	SpellCheck	Spelling	OpenGEO	OpenGEO	replace:OpenGL	Did you mean to spell `OpenGEO` this way?
docs/evaluations/adjacent-work.md	163	2	16267	16274	SpellCheck	Spelling	OpenGEO	OpenGEO	replace:OpenGL	Did you mean to spell `OpenGEO` this way?
docs/evaluations/adjacent-work.md	167	130	16735	16738	SpellCheck	Spelling	RDF	RDF	replace:Ref	Did you mean to spell `RDF` this way?
docs/evaluations/adjacent-work.md	167	138	16743	16748	SpellCheck	Spelling	SHACL	SHACL	replace:Shack	Did you mean to spell `SHACL` this way?
docs/evaluations/adjacent-work.md	167	279	16884	16887	SpellCheck	Spelling	Q13	Q13	replace:Qua	Did you mean to spell `Q13` this way?
docs/evaluations/adjacent-work.md	168	87	17074	17086	SpellCheck	Spelling	auditability	auditability	replace:audibility	Did you mean to spell `auditability` this way?
docs/evaluations/adjacent-work.md	168	87	17074	17086	SplitWords	Typo	auditability	auditability	replace:audit ability	`auditability` should probably be written as `audit ability`.
docs/evaluations/adjacent-work.md	170	32	17305	17312	SpellCheck	Spelling	OpenGEO	OpenGEO	replace:OpenGL	Did you mean to spell `OpenGEO` this way?
docs/evaluations/adjacent-work.md	170	178	17451	17460	SpellCheck	Spelling	Headwater	Headwater	replace:Headwaters	Did you mean to spell `Headwater` this way?
docs/evaluations/adjacent-work.md	172	40	17881	17888	SpellCheck	Spelling	OpenGEO	OpenGEO	replace:OpenGL	Did you mean to spell `OpenGEO` this way?
docs/evaluations/adjacent-work.md	178	36	18699	18700	OrthographicConsistency	Capitalization	r	r	replace:R	This word's canonical spelling is all-caps.
docs/evaluations/adjacent-work.md	178	36	18699	18700	SpellCheck	Spelling	r	r	replace:re	Did you mean to spell `r` this way?
docs/evaluations/adjacent-work.md	178	38	18701	18720	SpellCheck	Spelling	OntologyEngineering	OntologyEngineering		Did you mean to spell `OntologyEngineering` this way?
docs/evaluations/adjacent-work.md	178	73	18736	18746	SpellCheck	Spelling	Karpathy's	Karpathy's	replace:Apathy's	Did you mean to spell `Karpathy's` this way?
docs/evaluations/adjacent-work.md	180	5	18838	18840	SpellCheck	Spelling	F.	F.	replace:Fa	Did you mean to spell `F.` this way?
docs/evaluations/adjacent-work.md	184	13	19210	19223	SpellCheck	Spelling	testerstories	testerstories	replace:territories	Did you mean to spell `testerstories` this way?
docs/evaluations/adjacent-work.md	184	13	19210	19223	SplitWords	Typo	testerstories	testerstories	replace:tester stories	`testerstories` should probably be written as `tester stories`.
docs/evaluations/adjacent-work.md	184	97	19294	19303	SpellCheck	Spelling	Headwater	Headwater	replace:Headwaters	Did you mean to spell `Headwater` this way?
docs/evaluations/adjacent-work.md	184	358	19555	19566	SpellCheck	Spelling	Headwater's	Headwater's	replace:Headwaiter's	Did you mean to spell `Headwater's` this way?
docs/evaluations/adjacent-work.md	186	5	19663	19665	SpellCheck	Spelling	F.	F.	replace:Fa	Did you mean to spell `F.` this way?
docs/evaluations/adjacent-work.md	186	9	19667	19677	SpellCheck	Spelling	Karpathy's	Karpathy's	replace:Apathy's	Did you mean to spell `Karpathy's` this way?
docs/evaluations/adjacent-work.md	194	166	20638	20649	SpellCheck	Spelling	Headwater's	Headwater's	replace:Headwaiter's	Did you mean to spell `Headwater's` this way?
docs/evaluations/adjacent-work.md	198	300	21266	21274	SpellCheck	Spelling	Grudin's	Grudin's	replace:Grain's	Did you mean to spell `Grudin's` this way?
docs/evaluations/adjacent-work.md	202	165	22213	22214	CommaFixes	Punctuation	 	 	remove	Don't use a space before a comma.
docs/evaluations/adjacent-work.md	206	238	22755	22764	SpellCheck	Spelling	Headwater	Headwater	replace:Headwaters	Did you mean to spell `Headwater` this way?
docs/evaluations/adjacent-work.md	208	9	22991	23000	SpellCheck	Spelling	Headwater	Headwater	replace:Headwaters	Did you mean to spell `Headwater` this way?
docs/evaluations/adjacent-work.md	214	5	23790	23794	SpellCheck	Spelling	TBox	TBox	replace:Tho	Did you mean to spell `TBox` this way?
docs/evaluations/adjacent-work.md	214	10	23795	23799	SpellCheck	Spelling	ABox	ABox	replace:AB's	Did you mean to spell `ABox` this way?
docs/evaluations/adjacent-work.md	214	26	23811	23812	AnA	Miscellaneous	A	A	replace:AN	Incorrect indefinite article.
docs/evaluations/adjacent-work.md	214	129	23914	23923	SpellCheck	Spelling	Headwater	Headwater	replace:Headwaters	Did you mean to spell `Headwater` this way?
docs/evaluations/adjacent-work.md	218	1	24542	24551	SpellCheck	Spelling	Headwater	Headwater	replace:Headwaters	Did you mean to spell `Headwater` this way?
docs/evaluations/adjacent-work.md	226	245	25435	25448	SpellCheck	Spelling	testerstories	testerstories	replace:territories	Did you mean to spell `testerstories` this way?
docs/evaluations/adjacent-work.md	226	245	25435	25448	SplitWords	Typo	testerstories	testerstories	replace:tester stories	`testerstories` should probably be written as `tester stories`.
docs/evaluations/adjacent-work.md	237	47	26234	26249	DisjointPrefixes	Spelling	non-determinism	non-determinism	replace:nondeterminism	This looks like a prefix that can be joined with the rest of the word.
docs/evaluations/adjacent-work.md	243	7	26902	26909	SpellCheck	Spelling	LeanCTX	LeanCTX	replace:Length	Did you mean to spell `LeanCTX` this way?
docs/evaluations/adjacent-work.md	243	48	26943	26947	SpellCheck	Spelling	TBox	TBox	replace:Tho	Did you mean to spell `TBox` this way?
docs/evaluations/adjacent-work.md	245	2	26950	26957	SpellCheck	Spelling	LeanCTX	LeanCTX	replace:Length	Did you mean to spell `LeanCTX` this way?
docs/evaluations/adjacent-work.md	249	5	27982	27984	SpellCheck	Spelling	I.	I.	replace:I	Did you mean to spell `I.` this way?
docs/evaluations/adjacent-work.md	249	9	27986	27989	SpellCheck	Spelling	OKF	OKF	replace:Of	Did you mean to spell `OKF` this way?
docs/evaluations/adjacent-work.md	251	62	28101	28108	SpellCheck	Spelling	LeanCTX	LeanCTX	replace:Length	Did you mean to spell `LeanCTX` this way?
docs/evaluations/adjacent-work.md	257	3	28426	28433	SentenceCapitalization	Capitalization	written	written	replace:Written	This sentence does not start with a capital letter
docs/evaluations/adjacent-work.md	259	63	28568	28579	SpellCheck	Spelling	Headwater's	Headwater's	replace:Headwaiter's	Did you mean to spell `Headwater's` this way?
docs/evaluations/adjacent-work.md	259	206	28711	28718	SpellCheck	Spelling	OpenGEO	OpenGEO	replace:OpenGL	Did you mean to spell `OpenGEO` this way?
docs/evaluations/adjacent-work.md	259	240	28745	28747	SpellCheck	Spelling	F.	F.	replace:Fa	Did you mean to spell `F.` this way?
docs/evaluations/adjacent-work.md	261	5	28812	28814	SpellCheck	Spelling	I.	I.	replace:I	Did you mean to spell `I.` this way?
docs/evaluations/adjacent-work.md	263	1	28882	28885	SpellCheck	Spelling	OKF	OKF	replace:Of	Did you mean to spell `OKF` this way?
docs/evaluations/adjacent-work.md	263	44	28925	28926	AnA	Miscellaneous	a	a	replace:an	Incorrect indefinite article.
docs/evaluations/adjacent-work.md	263	80	28961	28967	ExpandConfiguration	Style	config	config	replace:configuration	Use `configuration` instead of `config` or `conf`
docs/evaluations/adjacent-work.md	263	134	29015	29025	SpellCheck	Spelling	losslessly	losslessly	replace:lossless	Did you mean to spell `losslessly` this way?
docs/evaluations/adjacent-work.md	263	218	29099	29108	SpellCheck	Spelling	Headwater	Headwater	replace:Headwaters	Did you mean to spell `Headwater` this way?
docs/evaluations/adjacent-work.md	263	293	29174	29181	OxfordComma	Style	indexes	indexes	insert:,	An Oxford comma is necessary here.
docs/evaluations/adjacent-work.md	263	343	29224	29226	SpellCheck	Spelling	Q6	Q6	replace:QA	Did you mean to spell `Q6` this way?
docs/evaluations/adjacent-work.md	265	177	29571	29578	SentenceCapitalization	Capitalization	returns	returns	replace:Returns	This sentence does not start with a capital letter
docs/evaluations/adjacent-work.md	265	260	29654	29655	Spaces	Formatting	 	 	remove	Unnecessary space at the end of the sentence.
docs/evaluations/adjacent-work.md	265	404	29798	29799	CommaFixes	Punctuation	 	 	remove	Don't use a space before a comma.
docs/evaluations/adjacent-work.md	265	460	29854	29855	Spaces	Formatting	 	 	remove	Unnecessary space at the end of the sentence.
docs/evaluations/adjacent-work.md	267	10	29906	29908	SentenceCapitalization	Capitalization	is	is	replace:Is	This sentence does not start with a capital letter
docs/evaluations/adjacent-work.md	269	57	30111	30114	MissingPreposition	Miscellaneous	is 	is 		You may be missing a preposition here.
docs/evaluations/adjacent-work.md	269	214	30268	30275	SpellCheck	Spelling	LeanCTX	LeanCTX	replace:Length	Did you mean to spell `LeanCTX` this way?
docs/evaluations/adjacent-work.md	269	258	30312	30316	SpellCheck	Spelling	TBox	TBox	replace:Tho	Did you mean to spell `TBox` this way?
docs/evaluations/adjacent-work.md	269	337	30391	30400	SpellCheck	Spelling	Headwater	Headwater	replace:Headwaters	Did you mean to spell `Headwater` this way?
docs/evaluations/adjacent-work.md	271	5	30538	30540	SpellCheck	Spelling	I.	I.	replace:I	Did you mean to spell `I.` this way?
docs/evaluations/adjacent-work.md	273	3	30560	30563	SpellCheck	Spelling	OKF	OKF	replace:Of	Did you mean to spell `OKF` this way?
docs/evaluations/adjacent-work.md	273	83	30640	30643	SpellCheck	Spelling	OKF	OKF	replace:Of	Did you mean to spell `OKF` this way?
docs/evaluations/adjacent-work.md	273	124	30681	30695	SpellCheck	Spelling	interoperation	interoperation	replace:interpretation	Did you mean to spell `interoperation` this way?
docs/evaluations/adjacent-work.md	273	124	30681	30695	SplitWords	Typo	interoperation	interoperation	replace:inter operation	`interoperation` should probably be written as `inter operation`.
docs/evaluations/adjacent-work.md	277	17	31327	31329	SentenceCapitalization	Capitalization	as	as	replace:As	This sentence does not start with a capital letter
docs/evaluations/adjacent-work.md	277	105	31415	31418	SpellCheck	Spelling	OKF	OKF	replace:Of	Did you mean to spell `OKF` this way?
docs/evaluations/adjacent-work.md	277	302	31612	31616	SentenceCapitalization	Capitalization	spec	spec	replace:Spec	This sentence does not start with a capital letter
docs/evaluations/adjacent-work.md	277	403	31713	31714	CommaFixes	Punctuation	 	 	remove	Don't use a space before a comma.
docs/evaluations/adjacent-work.md	283	5	32770	32772	SpellCheck	Spelling	I.	I.	replace:I	Did you mean to spell `I.` this way?
docs/evaluations/adjacent-work.md	285	39	32844	32851	SpellCheck	Spelling	LeanCTX	LeanCTX	replace:Length	Did you mean to spell `LeanCTX` this way?
docs/evaluations/adjacent-work.md	285	134	32939	32940	Spaces	Formatting	 	 	remove	Unnecessary space at the end of the sentence.
docs/evaluations/adjacent-work.md	285	170	32975	32987	SpellCheck	Spelling	recognisably	recognisably	replace:recognizably	Did you mean to spell `recognisably` this way?
docs/evaluations/adjacent-work.md	289	337	33847	33850	SpellCheck	Spelling	OKF	OKF	replace:Of	Did you mean to spell `OKF` this way?
docs/evaluations/adjacent-work.md	291	5	34016	34018	SpellCheck	Spelling	I.	I.	replace:I	Did you mean to spell `I.` this way?
docs/evaluations/adjacent-work.md	293	52	34103	34110	SpellCheck	Spelling	LeanCTX	LeanCTX	replace:Length	Did you mean to spell `LeanCTX` this way?
docs/evaluations/adjacent-work.md	293	467	34518	34520	AnA	Miscellaneous	an	an	replace:a	Incorrect indefinite article.
docs/evaluations/adjacent-work.md	295	39	34609	34612	SpellCheck	Spelling	Q14	Q14	replace:Qua	Did you mean to spell `Q14` this way?
docs/evaluations/adjacent-work.md	295	550	35120	35122	SpellCheck	Spelling	O.	O.	replace:Of	Did you mean to spell `O.` this way?
docs/evaluations/adjacent-work.md	299	7	35485	35495	SpellCheck	Spelling	TrustGraph	TrustGraph	replace:Telegraph	Did you mean to spell `TrustGraph` this way?
docs/evaluations/adjacent-work.md	301	2	35541	35551	SpellCheck	Spelling	TrustGraph	TrustGraph	replace:Telegraph	Did you mean to spell `TrustGraph` this way?
docs/evaluations/adjacent-work.md	301	72	35611	35613	SpellCheck	Spelling	v1	v1	replace:vi	Did you mean to spell `v1` this way?
docs/evaluations/adjacent-work.md	301	283	35822	35827	OrthographicConsistency	Capitalization	Neo4j	Neo4j	replace:Neo4J	The canonical dictionary spelling is `Neo4J`.
docs/evaluations/adjacent-work.md	301	283	35822	35827	SpellCheck	Spelling	Neo4j	Neo4j	replace:Neo4J	Did you mean to spell `Neo4j` this way?
docs/evaluations/adjacent-work.md	301	290	35829	35837	SpellCheck	Spelling	Memgraph	Memgraph	replace:Membrane	Did you mean to spell `Memgraph` this way?
docs/evaluations/adjacent-work.md	301	302	35841	35849	SpellCheck	Spelling	FalkorDB	FalkorDB	replace:Factor's	Did you mean to spell `FalkorDB` this way?
docs/evaluations/adjacent-work.md	301	332	35871	35877	SpellCheck	Spelling	Qdrant	Qdrant	replace:Quadrant	Did you mean to spell `Qdrant` this way?
docs/evaluations/adjacent-work.md	301	491	36030	36033	SpellCheck	Spelling	RDF	RDF	replace:Ref	Did you mean to spell `RDF` this way?
docs/evaluations/adjacent-work.md	301	501	36040	36044	SpellCheck	Spelling	SKOS	SKOS	replace:SOS	Did you mean to spell `SKOS` this way?
docs/evaluations/adjacent-work.md	301	507	36046	36051	SpellCheck	Spelling	SHACL	SHACL	replace:Shack	Did you mean to spell `SHACL` this way?
docs/evaluations/adjacent-work.md	303	171	36333	36342	SpellCheck	Spelling	Headwater	Headwater	replace:Headwaters	Did you mean to spell `Headwater` this way?
docs/evaluations/adjacent-work.md	303	311	36473	36483	SpellCheck	Spelling	TrustGraph	TrustGraph	replace:Telegraph	Did you mean to spell `TrustGraph` this way?
docs/evaluations/adjacent-work.md	303	444	36606	36607	Spaces	Formatting	 	 	remove	Unnecessary space at the end of the sentence.
docs/evaluations/adjacent-work.md	303	653	36815	36825	SpellCheck	Spelling	TrustGraph	TrustGraph	replace:Telegraph	Did you mean to spell `TrustGraph` this way?
docs/evaluations/adjacent-work.md	307	31	36994	36997	SpellCheck	Spelling	Q13	Q13	replace:Qua	Did you mean to spell `Q13` this way?
docs/evaluations/adjacent-work.md	307	48	37011	37018	SpellCheck	Spelling	OpenGEO	OpenGEO	replace:OpenGL	Did you mean to spell `OpenGEO` this way?
docs/evaluations/adjacent-work.md	307	72	37035	37038	SpellCheck	Spelling	RDF	RDF	replace:Ref	Did you mean to spell `RDF` this way?
docs/evaluations/adjacent-work.md	307	80	37043	37048	SpellCheck	Spelling	SHACL	SHACL	replace:Shack	Did you mean to spell `SHACL` this way?
docs/evaluations/adjacent-work.md	307	167	37130	37140	SpellCheck	Spelling	TrustGraph	TrustGraph	replace:Telegraph	Did you mean to spell `TrustGraph` this way?
docs/evaluations/adjacent-work.md	307	301	37264	37275	AdjectiveDoubleDegree	WordChoice	more honest	more honest	replace:honest	The degree of the adverb conflicts with the degree of the adjective.
docs/evaluations/adjacent-work.md	308	18	37325	37330	SpellCheck	Spelling	Q15's	Q15's	replace:Q&A's	Did you mean to spell `Q15's` this way?
docs/evaluations/adjacent-work.md	308	45	37352	37364	SpellCheck	Spelling	TrustGraph's	TrustGraph's	replace:Telegraph's	Did you mean to spell `TrustGraph's` this way?
docs/evaluations/adjacent-work.md	308	101	37408	37411	SpellCheck	Spelling	Q15	Q15	replace:Qua	Did you mean to spell `Q15` this way?
docs/evaluations/adjacent-work.md	308	316	37623	37626	SpellCheck	Spelling	Q15	Q15	replace:Qua	Did you mean to spell `Q15` this way?
docs/evaluations/adjacent-work.md	308	573	37880	37882	SpellCheck	Spelling	P.	P.	replace:Pa	Did you mean to spell `P.` this way?
docs/evaluations/adjacent-work.md	311	401	38639	38649	SpellCheck	Spelling	TrustGraph	TrustGraph	replace:Telegraph	Did you mean to spell `TrustGraph` this way?
docs/evaluations/adjacent-work.md	311	452	38690	38699	SpellCheck	Spelling	Headwater	Headwater	replace:Headwaters	Did you mean to spell `Headwater` this way?
docs/evaluations/adjacent-work.md	311	543	38781	38784	SpellCheck	Spelling	OKF	OKF	replace:Of	Did you mean to spell `OKF` this way?
docs/evaluations/adjacent-work.md	317	9	39178	39197	SpellCheck	Spelling	Requirements4DevOps	Requirements4DevOps		Did you mean to spell `Requirements4DevOps` this way?
docs/evaluations/adjacent-work.md	317	439	39608	39613	SpellCheck	Spelling	ReqIF	ReqIF	replace:Reef	Did you mean to spell `ReqIF` this way?
docs/evaluations/adjacent-work.md	317	450	39619	39622	OhMyGod	Miscellaneous	OMG	OMG	replace:Oh my god	Try expanding this initialism.
docs/evaluations/adjacent-work.md	317	717	39886	39888	SentenceCapitalization	Capitalization	is	is	replace:Is	This sentence does not start with a capital letter
docs/evaluations/adjacent-work.md	319	41	39960	39963	SpellCheck	Spelling	ALM	ALM	replace:Aim	Did you mean to spell `ALM` this way?
docs/evaluations/adjacent-work.md	319	163	40082	40084	SpellCheck	Spelling	HW	HW	replace:Ha	Did you mean to spell `HW` this way?
docs/evaluations/adjacent-work.md	319	197	40116	40118	SpellCheck	Spelling	B.	B.	replace:Be	Did you mean to spell `B.` this way?
docs/evaluations/adjacent-work.md	319	311	40230	40241	SpellCheck	Spelling	Headwater's	Headwater's	replace:Headwaiter's	Did you mean to spell `Headwater's` this way?
docs/evaluations/adjacent-work.md	319	392	40311	40316	MissingTo	WordChoice	needs	needs	insert: to	Insert `to` to complete the infinitive (e.g., `need to talk`).
docs/evaluations/adjacent-work.md	325	20	40938	40942	SentenceCapitalization	Capitalization	asks	asks	replace:Asks	This sentence does not start with a capital letter
docs/evaluations/adjacent-work.md	329	104	41438	41448	SpellCheck	Spelling	TrustGraph	TrustGraph	replace:Telegraph	Did you mean to spell `TrustGraph` this way?
docs/evaluations/adjacent-work.md	329	130	41464	41467	SpellCheck	Spelling	OKF	OKF	replace:Of	Did you mean to spell `OKF` this way?
docs/evaluations/adjacent-work.md	329	150	41484	41490	SpellCheck	Spelling	LinkML	LinkML	replace:Link's	Did you mean to spell `LinkML` this way?
docs/evaluations/adjacent-work.md	329	158	41492	41497	SpellCheck	Spelling	SHACL	SHACL	replace:Shack	Did you mean to spell `SHACL` this way?
docs/evaluations/adjacent-work.md	329	169	41503	41507	SpellCheck	Spelling	SKOS	SKOS	replace:SOS	Did you mean to spell `SKOS` this way?
docs/evaluations/adjacent-work.md	329	196	41530	41540	SpellCheck	Spelling	TrustGraph	TrustGraph	replace:Telegraph	Did you mean to spell `TrustGraph` this way?
docs/evaluations/adjacent-work.md	334	123	42230	42235	SpellCheck	Spelling	ReqIF	ReqIF	replace:Reef	Did you mean to spell `ReqIF` this way?
docs/evaluations/adjacent-work.md	334	325	42432	42434	AnA	Miscellaneous	An	An	replace:A	Incorrect indefinite article.
docs/evaluations/adjacent-work.md	337	349	43263	43272	SpellCheck	Spelling	upstreams	upstreams	replace:upstream	Did you mean to spell `upstreams` this way?
docs/evaluations/adjacent-work.md	337	349	43263	43272	SplitWords	Typo	upstreams	upstreams	replace:up streams	`upstreams` should probably be written as `up streams`.
docs/evaluations/adjacent-work.md	339	98	43410	43412	SentenceCapitalization	Capitalization	is	is	replace:Is	This sentence does not start with a capital letter
docs/evaluations/adjacent-work.md	339	370	43682	43685	SpellCheck	Spelling	Q15	Q15	replace:Qua	Did you mean to spell `Q15` this way?
docs/evaluations/adjacent-work.md	347	38	45241	45248	SpellCheck	Spelling	LeanCTX	LeanCTX	replace:Length	Did you mean to spell `LeanCTX` this way?
docs/evaluations/adjacent-work.md	349	5	45457	45459	SpellCheck	Spelling	L.	L.	replace:Le	Did you mean to spell `L.` this way?
docs/evaluations/adjacent-work.md	351	3	45532	45534	SpellCheck	Spelling	I.	I.	replace:I	Did you mean to spell `I.` this way?
docs/evaluations/adjacent-work.md	351	121	45650	45657	SpellCheck	Spelling	OpenGEO	OpenGEO	replace:OpenGL	Did you mean to spell `OpenGEO` this way?
docs/evaluations/adjacent-work.md	351	148	45677	45680	SpellCheck	Spelling	OKF	OKF	replace:Of	Did you mean to spell `OKF` this way?
docs/evaluations/adjacent-work.md	355	4	45846	45851	SentenceCapitalization	Capitalization	files	files	replace:Files	This sentence does not start with a capital letter
docs/evaluations/adjacent-work.md	356	4	45907	45914	SentenceCapitalization	Capitalization	project	project	replace:Project	This sentence does not start with a capital letter
docs/evaluations/adjacent-work.md	357	4	45976	45978	SentenceCapitalization	Capitalization	an	an	replace:An	This sentence does not start with a capital letter
docs/evaluations/adjacent-work.md	359	4	46080	46083	SentenceCapitalization	Capitalization	the	the	replace:The	This sentence does not start with a capital letter
docs/evaluations/adjacent-work.md	361	16	46239	46246	OxfordComma	Style	project	project	insert:,	An Oxford comma is necessary here.
docs/evaluations/adjacent-work.md	363	421	46695	46701	SpellCheck	Spelling	Logseq	Logseq	replace:Logged	Did you mean to spell `Logseq` this way?
docs/evaluations/adjacent-work.md	365	40	46872	46875	SpellCheck	Spelling	OKF	OKF	replace:Of	Did you mean to spell `OKF` this way?
docs/evaluations/adjacent-work.md	365	160	46992	46995	SpellCheck	Spelling	OKF	OKF	replace:Of	Did you mean to spell `OKF` this way?
docs/evaluations/adjacent-work.md	365	225	47057	47059	SpellCheck	Spelling	I.	I.	replace:I	Did you mean to spell `I.` this way?
docs/evaluations/adjacent-work.md	365	282	47114	47116	SpellCheck	Spelling	I.	I.	replace:I	Did you mean to spell `I.` this way?
docs/evaluations/adjacent-work.md	365	359	47191	47195	SpellCheck	Spelling	TBox	TBox	replace:Tho	Did you mean to spell `TBox` this way?
docs/evaluations/adjacent-work.md	367	5	47257	47259	SpellCheck	Spelling	L.	L.	replace:Le	Did you mean to spell `L.` this way?
docs/evaluations/adjacent-work.md	369	183	47513	47523	SpellCheck	Spelling	Karpathy's	Karpathy's	replace:Apathy's	Did you mean to spell `Karpathy's` this way?
docs/evaluations/adjacent-work.md	369	203	47533	47535	SpellCheck	Spelling	F.	F.	replace:Fa	Did you mean to spell `F.` this way?
docs/evaluations/adjacent-work.md	373	76	47978	47993	DisjointPrefixes	Spelling	non-determinism	non-determinism	replace:nondeterminism	This looks like a prefix that can be joined with the rest of the word.
docs/evaluations/adjacent-work.md	377	5	48397	48399	SpellCheck	Spelling	L.	L.	replace:Le	Did you mean to spell `L.` this way?
docs/evaluations/adjacent-work.md	379	13	48471	48482	MassNouns	Agreement	one finding	one finding	replace:one piece of finding	`finding` is a mass noun.
docs/evaluations/adjacent-work.md	383	155	49048	49049	Spaces	Formatting	 	 	remove	Unnecessary space at the end of the sentence.
docs/evaluations/adjacent-work.md	389	71	49712	49718	SentenceCapitalization	Capitalization	builds	builds	replace:Builds	This sentence does not start with a capital letter
docs/evaluations/adjacent-work.md	391	182	50254	50262	DisjointPrefixes	Spelling	up-front	up-front	replace:upfront	This looks like a prefix that can be joined with the rest of the word.
docs/evaluations/adjacent-work.md	392	197	50538	50540	SpellCheck	Spelling	R.	R.	replace:RI	Did you mean to spell `R.` this way?
docs/evaluations/adjacent-work.md	394	1	50657	50666	SpellCheck	Spelling	Headwater	Headwater	replace:Headwaters	Did you mean to spell `Headwater` this way?
docs/evaluations/adjacent-work.md	394	122	50778	50783	MissingTo	WordChoice	means	means	insert: to	Insert `to` to complete the infinitive (e.g., `need to talk`).
docs/evaluations/adjacent-work.md	398	5	51154	51156	SpellCheck	Spelling	L.	L.	replace:Le	Did you mean to spell `L.` this way?
docs/evaluations/adjacent-work.md	400	145	51376	51385	DiscourseMarkers	Punctuation	Otherwise	Otherwise	insert:,	Discourse markers at the beginning of a sentence should be followed by a comma.
docs/evaluations/adjacent-work.md	400	197	51428	51437	DiscourseMarkers	Punctuation	Otherwise	Otherwise	insert:,	Discourse markers at the beginning of a sentence should be followed by a comma.
docs/evaluations/adjacent-work.md	402	1	-	-	SpellCheck	Spelling	7's		replace:E's	Did you mean to spell `7's` this way?
docs/evaluations/adjacent-work.md	406	182	52417	52420	SpellCheck	Spelling	7's	7's	replace:E's	Did you mean to spell `7's` this way?
docs/evaluations/adjacent-work.md	406	326	52561	52564	MissingPreposition	Miscellaneous	is 	is 		You may be missing a preposition here.
docs/evaluations/adjacent-work.md	408	5	52614	52616	SpellCheck	Spelling	L.	L.	replace:Le	Did you mean to spell `L.` this way?
docs/evaluations/adjacent-work.md	410	131	-	-	SpellCheck	Spelling	Q15's		replace:Q&A's	Did you mean to spell `Q15's` this way?
docs/evaluations/adjacent-work.md	410	266	52941	52953	SpellCheck	Spelling	TrustGraph's	TrustGraph's	replace:Telegraph's	Did you mean to spell `TrustGraph's` this way?
docs/evaluations/adjacent-work.md	412	1	52956	52966	SpellCheck	Spelling	TrustGraph	TrustGraph	replace:Telegraph	Did you mean to spell `TrustGraph` this way?
docs/evaluations/adjacent-work.md	412	101	53056	53065	OxfordComma	Style	timestamp	timestamp	insert:,	An Oxford comma is necessary here.
docs/evaluations/adjacent-work.md	414	111	53576	53579	SpellCheck	Spelling	Q15	Q15	replace:Qua	Did you mean to spell `Q15` this way?
docs/evaluations/adjacent-work.md	418	5	54254	54256	SpellCheck	Spelling	L.	L.	replace:Le	Did you mean to spell `L.` this way?
docs/evaluations/adjacent-work.md	420	186	54514	54521	SentenceCapitalization	Capitalization	removes	removes	replace:Removes	This sentence does not start with a capital letter
docs/evaluations/adjacent-work.md	422	377	54932	54933	Spaces	Formatting	 	 	remove	Unnecessary space at the end of the sentence.
docs/evaluations/adjacent-work.md	424	2	54991	54994	SpellCheck	Spelling	Q17	Q17	replace:Qua	Did you mean to spell `Q17` this way?
docs/evaluations/adjacent-work.md	424	338	55327	55329	SentenceCapitalization	Capitalization	is	is	replace:Is	This sentence does not start with a capital letter
docs/evaluations/adjacent-work.md	426	60	55493	55496	SpellCheck	Spelling	Q17	Q17	replace:Qua	Did you mean to spell `Q17` this way?
docs/evaluations/adjacent-work.md	426	317	55750	55759	SpellCheck	Spelling	Headwater	Headwater	replace:Headwaters	Did you mean to spell `Headwater` this way?
docs/evaluations/adjacent-work.md	430	5	56337	56339	SpellCheck	Spelling	L.	L.	replace:Le	Did you mean to spell `L.` this way?
docs/evaluations/adjacent-work.md	432	601	56990	57001	SpellCheck	Spelling	Headwater's	Headwater's	replace:Headwaiter's	Did you mean to spell `Headwater's` this way?
docs/evaluations/adjacent-work.md	434	454	57567	57576	SpellCheck	Spelling	Headwater	Headwater	replace:Headwaters	Did you mean to spell `Headwater` this way?
docs/evaluations/adjacent-work.md	436	318	57937	57946	SpellCheck	Spelling	Headwater	Headwater	replace:Headwaters	Did you mean to spell `Headwater` this way?
docs/evaluations/adjacent-work.md	442	5	58725	58727	SpellCheck	Spelling	M.	M.	replace:Ma	Did you mean to spell `M.` this way?
docs/evaluations/adjacent-work.md	444	58	58847	58849	SpellCheck	Spelling	B.	B.	replace:Be	Did you mean to spell `B.` this way?
docs/evaluations/adjacent-work.md	444	70	58859	58860	Spaces	Formatting	 	 	remove	Unnecessary space at the end of the sentence.
docs/evaluations/adjacent-work.md	444	131	58920	58922	SpellCheck	Spelling	F.	F.	replace:Fa	Did you mean to spell `F.` this way?
docs/evaluations/adjacent-work.md	444	234	59023	59025	SpellCheck	Spelling	I.	I.	replace:I	Did you mean to spell `I.` this way?
docs/evaluations/adjacent-work.md	444	343	59132	59134	SpellCheck	Spelling	L.	L.	replace:Le	Did you mean to spell `L.` this way?
docs/evaluations/adjacent-work.md	446	162	59315	59320	OxfordComma	Style	cheap	cheap	insert:,	An Oxford comma is necessary here.
docs/evaluations/adjacent-work.md	452	198	60047	60049	SpellCheck	Spelling	F.	F.	replace:Fa	Did you mean to spell `F.` this way?
docs/evaluations/adjacent-work.md	452	234	60083	60084	Spaces	Formatting	 	 	remove	Unnecessary space at the end of the sentence.
docs/evaluations/adjacent-work.md	454	5	60223	60225	SpellCheck	Spelling	M.	M.	replace:Ma	Did you mean to spell `M.` this way?
docs/evaluations/adjacent-work.md	460	3	60491	60504	SpellCheck	Spelling	testerstories	testerstories	replace:territories	Did you mean to spell `testerstories` this way?
docs/evaluations/adjacent-work.md	460	3	60491	60504	SplitWords	Typo	testerstories	testerstories	replace:tester stories	`testerstories` should probably be written as `tester stories`.
docs/evaluations/adjacent-work.md	462	3	60755	60762	SpellCheck	Spelling	LeanCTX	LeanCTX	replace:Length	Did you mean to spell `LeanCTX` this way?
docs/evaluations/adjacent-work.md	463	3	60910	60920	SpellCheck	Spelling	TrustGraph	TrustGraph	replace:Telegraph	Did you mean to spell `TrustGraph` this way?
docs/evaluations/adjacent-work.md	464	3	61068	61075	SpellCheck	Spelling	OpenGEO	OpenGEO	replace:OpenGL	Did you mean to spell `OpenGEO` this way?
docs/evaluations/adjacent-work.md	467	22	61358	61359	CommaFixes	Punctuation	 	 	remove	Don't use a space before a comma.
docs/evaluations/adjacent-work.md	471	5	61695	61697	SpellCheck	Spelling	M.	M.	replace:Ma	Did you mean to spell `M.` this way?
docs/evaluations/adjacent-work.md	475	156	62336	62337	Spaces	Formatting	 	 	remove	Unnecessary space at the end of the sentence.
docs/evaluations/adjacent-work.md	477	63	62466	62473	SpellCheck	Spelling	LeanCTX	LeanCTX	replace:Length	Did you mean to spell `LeanCTX` this way?
docs/evaluations/adjacent-work.md	481	5	62840	62842	SpellCheck	Spelling	M.	M.	replace:Ma	Did you mean to spell `M.` this way?
docs/evaluations/adjacent-work.md	481	27	62862	62871	SpellCheck	Spelling	Headwater	Headwater	replace:Headwaters	Did you mean to spell `Headwater` this way?
docs/evaluations/adjacent-work.md	483	236	63114	63116	SpellCheck	Spelling	M.	M.	replace:Ma	Did you mean to spell `M.` this way?
docs/evaluations/adjacent-work.md	488	171	63815	63824	SpellCheck	Spelling	Headwater	Headwater	replace:Headwaters	Did you mean to spell `Headwater` this way?
docs/evaluations/adjacent-work.md	491	42	64302	64311	SpellCheck	Spelling	Headwater	Headwater	replace:Headwaters	Did you mean to spell `Headwater` this way?
docs/evaluations/adjacent-work.md	491	109	64369	64376	SpellCheck	Spelling	unbuilt	unbuilt	replace:inbuilt	Did you mean to spell `unbuilt` this way?
docs/evaluations/adjacent-work.md	491	109	64369	64376	WrongNegative	WordChoice	unbuilt	unbuilt	replace:inbuilt	Could this be the negative word you intended?
docs/evaluations/adjacent-work.md	497	97	65019	65021	SpellCheck	Spelling	Q6	Q6	replace:QA	Did you mean to spell `Q6` this way?
docs/evaluations/adjacent-work.md	497	101	65023	65026	SpellCheck	Spelling	Q13	Q13	replace:Qua	Did you mean to spell `Q13` this way?
docs/evaluations/adjacent-work.md	497	109	65031	65033	SpellCheck	Spelling	Q9	Q9	replace:QA	Did you mean to spell `Q9` this way?
docs/evaluations/adjacent-work.md	497	233	65155	65160	OneOfTheSingular	Usage	seven	seven	replace:sevens	The construction `one of the ...` should use a plural noun.
docs/evaluations/adjacent-work.md	499	5	65324	65326	SpellCheck	Spelling	N.	N.	replace:No	Did you mean to spell `N.` this way?
docs/evaluations/adjacent-work.md	501	1	65383	65394	SpellCheck	Spelling	Sourcegraph	Sourcegraph	replace:Spirograph	Did you mean to spell `Sourcegraph` this way?
docs/evaluations/adjacent-work.md	501	22	65404	65408	SpellCheck	Spelling	LSIF	LSIF	replace:Laid	Did you mean to spell `LSIF` this way?
docs/evaluations/adjacent-work.md	501	32	65414	65418	SpellCheck	Spelling	SCIP	SCIP	replace:Skip	Did you mean to spell `SCIP` this way?
docs/evaluations/adjacent-work.md	501	46	65428	65432	SpellCheck	Spelling	SCIP	SCIP	replace:Skip	Did you mean to spell `SCIP` this way?
docs/evaluations/adjacent-work.md	501	100	65482	65486	SpellCheck	Spelling	SCIP	SCIP	replace:Skip	Did you mean to spell `SCIP` this way?
docs/evaluations/adjacent-work.md	501	191	65573	65577	SpellCheck	Spelling	LSIF	LSIF	replace:Laid	Did you mean to spell `LSIF` this way?
docs/evaluations/adjacent-work.md	501	414	65796	65807	SpellCheck	Spelling	Sourcegraph	Sourcegraph	replace:Spirograph	Did you mean to spell `Sourcegraph` this way?
docs/evaluations/adjacent-work.md	503	27	65893	65901	MassNouns	Agreement	a ruling	a ruling	replace:ruling	`ruling` is a mass noun.
docs/evaluations/adjacent-work.md	503	41	65907	65916	SpellCheck	Spelling	Headwater	Headwater	replace:Headwaters	Did you mean to spell `Headwater` this way?
docs/evaluations/adjacent-work.md	503	232	66098	66109	SpellCheck	Spelling	Sourcegraph	Sourcegraph	replace:Spirograph	Did you mean to spell `Sourcegraph` this way?
docs/evaluations/adjacent-work.md	505	169	66332	66340	SpellCheck	Spelling	WebGraph	WebGraph	replace:Web app	Did you mean to spell `WebGraph` this way?
docs/evaluations/adjacent-work.md	509	5	66622	66624	SpellCheck	Spelling	N.	N.	replace:No	Did you mean to spell `N.` this way?
docs/evaluations/adjacent-work.md	511	276	66944	66946	ExpandMemoryShorthands	WordChoice	GB	GB	replace:gigabyte	Did you mean `gigabyte`?
docs/evaluations/adjacent-work.md	511	280	66948	66957	SpellCheck	Spelling	CocoaPods	CocoaPods	replace:Cocoa's	Did you mean to spell `CocoaPods` this way?
docs/evaluations/adjacent-work.md	513	46	67203	67205	SpellCheck	Spelling	Q6	Q6	replace:QA	Did you mean to spell `Q6` this way?
docs/evaluations/adjacent-work.md	515	5	67545	67547	SpellCheck	Spelling	N.	N.	replace:No	Did you mean to spell `N.` this way?
docs/evaluations/adjacent-work.md	519	1	-	-	SpellCheck	Spelling	Q9's		replace:QQ's	Did you mean to spell `Q9's` this way?
docs/evaluations/adjacent-work.md	519	91	68070	68071	CommaFixes	Punctuation	 	 	remove	Don't use a space before a comma.
docs/evaluations/adjacent-work.md	519	209	68188	68197	SpellCheck	Spelling	Headwater	Headwater	replace:Headwaters	Did you mean to spell `Headwater` this way?
docs/evaluations/adjacent-work.md	521	5	68224	68226	SpellCheck	Spelling	N.	N.	replace:No	Did you mean to spell `N.` this way?
docs/evaluations/adjacent-work.md	521	9	68228	68234	SpellCheck	Spelling	CodeQL	CodeQL	replace:Code's	Did you mean to spell `CodeQL` this way?
docs/evaluations/adjacent-work.md	523	3	68282	68288	SpellCheck	Spelling	CodeQL	CodeQL	replace:Code's	Did you mean to spell `CodeQL` this way?
docs/evaluations/adjacent-work.md	525	6	68479	68485	SpellCheck	Spelling	CodeQL	CodeQL	replace:Code's	Did you mean to spell `CodeQL` this way?
docs/evaluations/adjacent-work.md	525	122	68595	68604	SpellCheck	Spelling	Headwater	Headwater	replace:Headwaters	Did you mean to spell `Headwater` this way?
docs/evaluations/adjacent-work.md	527	5	68770	68772	SpellCheck	Spelling	N.	N.	replace:No	Did you mean to spell `N.` this way?
docs/evaluations/adjacent-work.md	527	9	68774	68778	SpellCheck	Spelling	SPDX	SPDX	replace:Sad	Did you mean to spell `SPDX` this way?
docs/evaluations/adjacent-work.md	527	28	68793	68801	SpellCheck	Spelling	LinkML's	LinkML's	replace:Link's	Did you mean to spell `LinkML's` this way?
docs/evaluations/adjacent-work.md	529	1	68823	68827	SpellCheck	Spelling	SPDX	SPDX	replace:Sad	Did you mean to spell `SPDX` this way?
docs/evaluations/adjacent-work.md	529	1	-	-	SpellCheck	Spelling	Q13's		replace:Q&A's	Did you mean to spell `Q13's` this way?
docs/evaluations/adjacent-work.md	529	151	68973	68978	SpellCheck	Spelling	SHACL	SHACL	replace:Shack	Did you mean to spell `SHACL` this way?
docs/evaluations/adjacent-work.md	529	178	69000	69002	SpellCheck	Spelling	LD	LD	replace:Lad	Did you mean to spell `LD` this way?
docs/evaluations/adjacent-work.md	529	215	69037	69038	Spaces	Formatting	 	 	remove	Unnecessary space at the end of the sentence.
docs/evaluations/adjacent-work.md	531	38	69208	69214	SpellCheck	Spelling	LinkML	LinkML	replace:Link's	Did you mean to spell `LinkML` this way?
docs/evaluations/adjacent-work.md	531	97	69267	69275	SpellCheck	Spelling	LinkML's	LinkML's	replace:Link's	Did you mean to spell `LinkML's` this way?
docs/evaluations/adjacent-work.md	531	106	69276	69281	SpellCheck	Spelling	SHACL	SHACL	replace:Shack	Did you mean to spell `SHACL` this way?
docs/evaluations/adjacent-work.md	533	1	69409	69412	SpellCheck	Spelling	Q13	Q13	replace:Qua	Did you mean to spell `Q13` this way?
docs/evaluations/adjacent-work.md	533	43	69451	69457	SpellCheck	Spelling	LinkML	LinkML	replace:Link's	Did you mean to spell `LinkML` this way?
docs/evaluations/adjacent-work.md	533	81	69489	69495	SpellCheck	Spelling	LinkML	LinkML	replace:Link's	Did you mean to spell `LinkML` this way?
docs/evaluations/adjacent-work.md	533	195	69603	69609	SpellCheck	Spelling	LinkML	LinkML	replace:Link's	Did you mean to spell `LinkML` this way?
docs/evaluations/adjacent-work.md	537	5	69948	69950	SpellCheck	Spelling	N.	N.	replace:No	Did you mean to spell `N.` this way?
docs/evaluations/adjacent-work.md	537	9	69952	69955	SpellCheck	Spelling	OGC	OGC	replace:OGs	Did you mean to spell `OGC` this way?
docs/evaluations/adjacent-work.md	537	21	69964	69968	SpellCheck	Spelling	STAC	STAC	replace:Sac	Did you mean to spell `STAC` this way?
docs/evaluations/adjacent-work.md	539	4	70009	70012	SpellCheck	Spelling	OGC	OGC	replace:OGs	Did you mean to spell `OGC` this way?
docs/evaluations/adjacent-work.md	539	164	70169	70173	SpellCheck	Spelling	STAC	STAC	replace:Sac	Did you mean to spell `STAC` this way?
docs/evaluations/adjacent-work.md	541	129	70404	70415	SpellCheck	Spelling	Headwater's	Headwater's	replace:Headwaiter's	Did you mean to spell `Headwater's` this way?
docs/evaluations/adjacent-work.md	545	5	70775	70777	SpellCheck	Spelling	N.	N.	replace:No	Did you mean to spell `N.` this way?
docs/evaluations/adjacent-work.md	547	1	70834	70840	SpellCheck	Spelling	SPARQL	SPARQL	replace:Spar's	Did you mean to spell `SPARQL` this way?
docs/evaluations/adjacent-work.md	547	74	70907	70913	SpellCheck	Spelling	SPARQL	SPARQL	replace:Spar's	Did you mean to spell `SPARQL` this way?
docs/evaluations/adjacent-work.md	547	401	71234	71248	SpellCheck	Spelling	reinstallation	reinstallation	replace:preinstallation	Did you mean to spell `reinstallation` this way?
docs/evaluations/adjacent-work.md	547	417	71250	71258	SpellCheck	Spelling	Wikidata	Wikidata	replace:Nikita	Did you mean `Nikita`?
docs/evaluations/adjacent-work.md	549	122	71482	71485	SpellCheck	Spelling	Z39	Z39	replace:Zap	Did you mean to spell `Z39` this way?
docs/evaluations/adjacent-work.md	549	158	71518	71521	SpellCheck	Spelling	OAI	OAI	replace:Oak	Did you mean to spell `OAI` this way?
docs/evaluations/adjacent-work.md	549	162	71522	71525	SpellCheck	Spelling	PMH	PMH	replace:Pah	Did you mean to spell `PMH` this way?
docs/evaluations/adjacent-work.md	549	167	71527	71536	SpellCheck	Spelling	Europeana	Europeana	replace:European	Did you mean to spell `Europeana` this way?
docs/evaluations/adjacent-work.md	549	231	71591	71596	SpellCheck	Spelling	Metis	Metis	replace:Meth's	Did you mean to spell `Metis` this way?
docs/evaluations/adjacent-work.md	549	291	71651	71655	SpellCheck	Spelling	DPLA	DPLA	replace:DP's	Did you mean to spell `DPLA` this way?
docs/evaluations/adjacent-work.md	549	431	-	-	SpellCheck	Spelling	7's		replace:E's	Did you mean to spell `7's` this way?
docs/evaluations/adjacent-work.md	551	27	71944	71959	DisjointPrefixes	Spelling	counter-example	counter-example	replace:counterexample	This looks like a prefix that can be joined with the rest of the word.
docs/evaluations/adjacent-work.md	551	148	72065	72073	SpellCheck	Spelling	subgraph	subgraph	replace:subgroup	Did you mean to spell `subgraph` this way?
docs/evaluations/adjacent-work.md	551	148	72065	72073	SplitWords	Typo	subgraph	subgraph	replace:sub graph	`subgraph` should probably be written as `sub graph`.
docs/evaluations/adjacent-work.md	551	207	72124	72134	SpellCheck	Spelling	supergraph	supergraph	replace:supergrass	Did you mean `supergrass`?
docs/evaluations/adjacent-work.md	551	207	72124	72134	SplitWords	Typo	supergraph	supergraph	replace:super graph	`supergraph` should probably be written as `super graph`.
docs/evaluations/adjacent-work.md	551	255	72172	72173	CommaFixes	Punctuation	 	 	remove	Don't use a space before a comma.
docs/evaluations/adjacent-work.md	551	276	72193	72201	SpellCheck	Spelling	subgraph	subgraph	replace:subgroup	Did you mean to spell `subgraph` this way?
docs/evaluations/adjacent-work.md	551	276	72193	72201	SplitWords	Typo	subgraph	subgraph	replace:sub graph	`subgraph` should probably be written as `sub graph`.
docs/evaluations/adjacent-work.md	551	330	72247	72255	SpellCheck	Spelling	subgraph	subgraph	replace:subgroup	Did you mean to spell `subgraph` this way?
docs/evaluations/adjacent-work.md	551	330	72247	72255	SplitWords	Typo	subgraph	subgraph	replace:sub graph	`subgraph` should probably be written as `sub graph`.
docs/evaluations/adjacent-work.md	551	377	72294	72303	SpellCheck	Spelling	Headwater	Headwater	replace:Headwaters	Did you mean to spell `Headwater` this way?
docs/evaluations/adjacent-work.md	557	173	72773	72776	SpellCheck	Spelling	Q14	Q14	replace:Qua	Did you mean to spell `Q14` this way?
docs/evaluations/adjacent-work.md	557	228	72828	72831	SpellCheck	Spelling	Q17	Q17	replace:Qua	Did you mean to spell `Q17` this way?
docs/evaluations/adjacent-work.md	557	307	72907	72909	SpellCheck	Spelling	Q7	Q7	replace:QA	Did you mean to spell `Q7` this way?
docs/evaluations/adjacent-work.md	557	462	73062	73074	MissingPreposition	Miscellaneous	distinction 	distinction 		You may be missing a preposition here.
docs/evaluations/adjacent-work.md	559	5	73217	73219	SpellCheck	Spelling	O.	O.	replace:Of	Did you mean to spell `O.` this way?
docs/evaluations/adjacent-work.md	561	70	73349	73353	SpellCheck	Spelling	IANA	IANA	replace:Kana	Did you mean to spell `IANA` this way?
docs/evaluations/adjacent-work.md	561	260	73539	73551	SpellCheck	Spelling	misdescribes	misdescribes	replace:describes	Did you mean `describes`?
docs/evaluations/adjacent-work.md	567	5	74273	74275	SpellCheck	Spelling	O.	O.	replace:Of	Did you mean to spell `O.` this way?
docs/evaluations/adjacent-work.md	577	5	75673	75675	SpellCheck	Spelling	O.	O.	replace:Of	Did you mean to spell `O.` this way?
docs/evaluations/adjacent-work.md	579	82	75833	75836	SpellCheck	Spelling	Q14	Q14	replace:Qua	Did you mean to spell `Q14` this way?
docs/evaluations/adjacent-work.md	583	18	76461	76463	SpellCheck	Spelling	I.	I.	replace:I	Did you mean to spell `I.` this way?
docs/evaluations/adjacent-work.md	583	83	76526	76529	SpellCheck	Spelling	Q14	Q14	replace:Qua	Did you mean to spell `Q14` this way?
docs/evaluations/adjacent-work.md	583	235	76678	76689	SpellCheck	Spelling	Headwater's	Headwater's	replace:Headwaiter's	Did you mean to spell `Headwater's` this way?
docs/evaluations/adjacent-work.md	587	5	77004	77006	SpellCheck	Spelling	O.	O.	replace:Of	Did you mean to spell `O.` this way?
docs/evaluations/adjacent-work.md	591	45	77446	77449	SpellCheck	Spelling	OGC	OGC	replace:OGs	Did you mean to spell `OGC` this way?
docs/evaluations/adjacent-work.md	591	176	77577	77581	SpellCheck	Spelling	STAC	STAC	replace:Sac	Did you mean to spell `STAC` this way?
docs/evaluations/adjacent-work.md	593	141	78181	78184	SpellCheck	Spelling	OCI	OCI	replace:Obi	Did you mean to spell `OCI` this way?
docs/evaluations/adjacent-work.md	593	348	78388	78389	Spaces	Formatting	 	 	remove	Unnecessary space at the end of the sentence.
docs/evaluations/adjacent-work.md	597	5	78666	78668	SpellCheck	Spelling	O.	O.	replace:Of	Did you mean to spell `O.` this way?
docs/evaluations/adjacent-work.md	599	184	78920	78921	Spaces	Formatting	 	 	remove	Unnecessary space at the end of the sentence.
docs/evaluations/adjacent-work.md	601	129	79354	79355	CommaFixes	Punctuation	 	 	remove	Don't use a space before a comma.
docs/evaluations/adjacent-work.md	605	37	80152	80154	SpellCheck	Spelling	L.	L.	replace:Le	Did you mean to spell `L.` this way?
docs/evaluations/adjacent-work.md	605	291	80406	80418	SpellCheck	Spelling	exfiltration	exfiltration	replace:exhilaration	Did you mean to spell `exfiltration` this way?
docs/evaluations/adjacent-work.md	605	291	80406	80418	SplitWords	Typo	exfiltration	exfiltration	replace:ex filtration	`exfiltration` should probably be written as `ex filtration`.
docs/evaluations/adjacent-work.md	605	439	80554	80565	SpellCheck	Spelling	exfiltrated	exfiltrated	replace:exhilarated	Did you mean to spell `exfiltrated` this way?
docs/evaluations/adjacent-work.md	607	83	80711	80717	ModalBeAdjective	Miscellaneous	should	should	insert: be	You may be missing the word `be` between this modal verb and adjective.
docs/evaluations/adjacent-work.md	607	322	80950	80959	SpellCheck	Spelling	Headwater	Headwater	replace:Headwaters	Did you mean to spell `Headwater` this way?
docs/evaluations/adjacent-work.md	611	5	81224	81226	SpellCheck	Spelling	O.	O.	replace:Of	Did you mean to spell `O.` this way?
docs/evaluations/adjacent-work.md	613	72	81363	81365	SpellCheck	Spelling	Q7	Q7	replace:QA	Did you mean to spell `Q7` this way?
docs/evaluations/adjacent-work.md	619	611	83740	83751	SpellCheck	Spelling	unselective	unselective	replace:unselecting	Did you mean to spell `unselective` this way?
docs/evaluations/adjacent-work.md	619	611	83740	83751	WrongNegative	WordChoice	unselective	unselective	replace:deselective	Could this be the negative word you intended?
docs/evaluations/adjacent-work.md	623	5	83955	83957	SpellCheck	Spelling	O.	O.	replace:Of	Did you mean to spell `O.` this way?
docs/evaluations/adjacent-work.md	625	97	84111	84117	SpellCheck	Spelling	Lunt's	Lunt's	replace:Lent's	Did you mean to spell `Lunt's` this way?
docs/evaluations/adjacent-work.md	625	149	84163	84170	SpellCheck	Spelling	SeaView	SeaView	replace:Seamier	Did you mean to spell `SeaView` this way?
docs/evaluations/adjacent-work.md	625	165	84179	84182	SpellCheck	Spelling	LDV	LDV	replace:Lav	Did you mean to spell `LDV` this way?
docs/evaluations/adjacent-work.md	625	170	84184	84191	SpellCheck	Spelling	SeaView	SeaView	replace:Seamier	Did you mean to spell `SeaView` this way?
docs/evaluations/adjacent-work.md	625	225	84239	84242	SpellCheck	Spelling	LDV	LDV	replace:Lav	Did you mean to spell `LDV` this way?
docs/evaluations/adjacent-work.md	627	24	84598	84601	SpellCheck	Spelling	Q17	Q17	replace:Qua	Did you mean to spell `Q17` this way?
docs/evaluations/adjacent-work.md	629	207	85100	85109	Everyone	Miscellaneous	every one	every one	replace:everyone	Did you mean the closed compound `everyone`?
docs/evaluations/adjacent-work.md	633	5	85622	85624	SpellCheck	Spelling	O.	O.	replace:Of	Did you mean to spell `O.` this way?
docs/evaluations/adjacent-work.md	635	51	85751	85758	SpellCheck	Spelling	Denning	Denning	replace:Dunning	Did you mean to spell `Denning` this way?
docs/evaluations/adjacent-work.md	635	121	85821	85825	SpellCheck	Spelling	Lunt	Lunt	replace:Lent	Did you mean to spell `Lunt` this way?
docs/evaluations/adjacent-work.md	637	59	86056	86065	SpellCheck	Spelling	Headwater	Headwater	replace:Headwaters	Did you mean to spell `Headwater` this way?
docs/evaluations/adjacent-work.md	637	111	86108	86125	SpellCheck	Spelling	polyinstantiation	polyinstantiation	replace:instantiation	Did you mean `instantiation`?
docs/evaluations/adjacent-work.md	641	660	87275	87276	Spaces	Formatting	 	 	remove	Unnecessary space at the end of the sentence.
docs/evaluations/adjacent-work.md	647	95	87954	87959	OneOfTheSingular	Usage	three	three	replace:threes	The construction `one of the ...` should use a plural noun.
docs/evaluations/adjacent-work.md	649	147	88277	88278	CommaFixes	Punctuation	 	 	remove	Don't use a space before a comma.
docs/evaluations/adjacent-work.md	651	132	88648	88662	LitotesDirectPositive	Style	not impossible	not impossible	replace:possible	Consider the direct form.
docs/evaluations/adjacent-work.md	655	5	89243	89245	SpellCheck	Spelling	O.	O.	replace:Of	Did you mean to spell `O.` this way?
docs/evaluations/adjacent-work.md	657	43	89346	89348	SpellCheck	Spelling	O.	O.	replace:Of	Did you mean to spell `O.` this way?
docs/evaluations/adjacent-work.md	657	469	89772	89781	DiscourseMarkers	Punctuation	Otherwise	Otherwise	insert:,	Discourse markers at the beginning of a sentence should be followed by a comma.
docs/evaluations/adjacent-work.md	665	5	90609	90611	SpellCheck	Spelling	O.	O.	replace:Of	Did you mean to spell `O.` this way?
docs/evaluations/adjacent-work.md	667	341	91033	91042	SpellCheck	Spelling	leakproof	leakproof	replace:heatproof	Did you mean `heatproof`?
docs/evaluations/adjacent-work.md	667	341	91033	91042	SplitWords	Typo	leakproof	leakproof	replace:leak proof	`leakproof` should probably be written as `leak proof`.
docs/evaluations/adjacent-work.md	669	126	91375	91384	SpellCheck	Spelling	leakproof	leakproof	replace:heatproof	Did you mean `heatproof`?
docs/evaluations/adjacent-work.md	669	126	91375	91384	SplitWords	Typo	leakproof	leakproof	replace:leak proof	`leakproof` should probably be written as `leak proof`.
docs/evaluations/adjacent-work.md	671	29	91665	91674	SpellCheck	Spelling	Headwater	Headwater	replace:Headwaters	Did you mean to spell `Headwater` this way?
docs/evaluations/adjacent-work.md	671	513	92149	92158	SpellCheck	Spelling	Headwater	Headwater	replace:Headwaters	Did you mean to spell `Headwater` this way?
docs/evaluations/adjacent-work.md	673	461	92680	92689	SpellCheck	Spelling	Headwater	Headwater	replace:Headwaters	Did you mean to spell `Headwater` this way?
docs/evaluations/adjacent-work.md	678	242	93651	93654	PronounKnew	WordChoice	new	new	replace:knew	Did you mean “knew” (the past tense of “know”)?
docs/evaluations/adjacent-work.md	680	116	93902	93905	SpellCheck	Spelling	MLS	MLS	replace:Mas	Did you mean to spell `MLS` this way?
docs/evaluations/adjacent-work.md	684	5	94339	94341	SpellCheck	Spelling	O.	O.	replace:Of	Did you mean to spell `O.` this way?
docs/evaluations/adjacent-work.md	694	5	96073	96075	SpellCheck	Spelling	O.	O.	replace:Of	Did you mean to spell `O.` this way?
docs/evaluations/adjacent-work.md	696	2	96152	96155	SpellCheck	Spelling	Q17	Q17	replace:Qua	Did you mean to spell `Q17` this way?
docs/evaluations/adjacent-work.md	706	176	97604	97607	SpellCheck	Spelling	Q15	Q15	replace:Qua	Did you mean to spell `Q15` this way?
docs/evaluations/adjacent-work.md	706	240	97668	97671	SpellCheck	Spelling	Q19	Q19	replace:Qua	Did you mean to spell `Q19` this way?
docs/evaluations/adjacent-work.md	706	329	97757	97760	SpellCheck	Spelling	Q18	Q18	replace:Qua	Did you mean to spell `Q18` this way?
docs/evaluations/adjacent-work.md	708	5	97986	97988	SpellCheck	Spelling	P.	P.	replace:Pa	Did you mean to spell `P.` this way?
docs/evaluations/adjacent-work.md	708	9	97990	97993	SpellCheck	Spelling	W3C	W3C	replace:Wag	Did you mean to spell `W3C` this way?
docs/evaluations/adjacent-work.md	710	90	98144	98145	CommaFixes	Punctuation	 	 	remove	Don't use a space before a comma.
docs/evaluations/adjacent-work.md	710	139	98193	98194	Spaces	Formatting	 	 	remove	Unnecessary space at the end of the sentence.
docs/evaluations/adjacent-work.md	710	191	98245	98246	CommaFixes	Punctuation	 	 	remove	Don't use a space before a comma.
docs/evaluations/adjacent-work.md	710	229	98283	98284	Spaces	Formatting	 	 	remove	Unnecessary space at the end of the sentence.
docs/evaluations/adjacent-work.md	710	269	98323	98325	SentenceCapitalization	Capitalization	is	is	replace:Is	This sentence does not start with a capital letter
docs/evaluations/adjacent-work.md	712	25	98438	98443	SpellCheck	Spelling	Q19's	Q19's	replace:Q&A's	Did you mean to spell `Q19's` this way?
docs/evaluations/adjacent-work.md	714	315	98936	98938	SentenceCapitalization	Capitalization	is	is	replace:Is	This sentence does not start with a capital letter
docs/evaluations/adjacent-work.md	716	26	99132	99135	SpellCheck	Spelling	Q18	Q18	replace:Qua	Did you mean to spell `Q18` this way?
docs/evaluations/adjacent-work.md	720	5	99535	99537	SpellCheck	Spelling	P.	P.	replace:Pa	Did you mean to spell `P.` this way?
docs/evaluations/adjacent-work.md	720	9	99539	99543	SpellCheck	Spelling	SPDX	SPDX	replace:Sad	Did you mean to spell `SPDX` this way?
docs/evaluations/adjacent-work.md	722	20	99605	99609	SpellCheck	Spelling	SPDX	SPDX	replace:Sad	Did you mean to spell `SPDX` this way?
docs/evaluations/adjacent-work.md	722	43	99628	99629	CommaFixes	Punctuation	 	 	remove	Don't use a space before a comma.
docs/evaluations/adjacent-work.md	722	101	99686	99690	SentenceCapitalization	Capitalization	says	says	replace:Says	This sentence does not start with a capital letter
docs/evaluations/adjacent-work.md	722	166	99751	99755	SentenceCapitalization	Capitalization	says	says	replace:Says	This sentence does not start with a capital letter
docs/evaluations/adjacent-work.md	722	210	99795	99799	SpellCheck	Spelling	SPDX	SPDX	replace:Sad	Did you mean to spell `SPDX` this way?
docs/evaluations/adjacent-work.md	728	5	100292	100294	SpellCheck	Spelling	P.	P.	replace:Pa	Did you mean to spell `P.` this way?
docs/evaluations/adjacent-work.md	728	9	100296	100300	SpellCheck	Spelling	C2PA	C2PA	replace:CPA	Did you mean to spell `C2PA` this way?
docs/evaluations/adjacent-work.md	732	36	100745	100748	SpellCheck	Spelling	Q17	Q17	replace:Qua	Did you mean to spell `Q17` this way?
docs/evaluations/adjacent-work.md	732	154	100863	100866	SpellCheck	Spelling	Q15	Q15	replace:Qua	Did you mean to spell `Q15` this way?
docs/evaluations/adjacent-work.md	734	1	101148	101154	SpellCheck	Spelling	C2PA's	C2PA's	replace:CPA's	Did you mean to spell `C2PA's` this way?
docs/evaluations/adjacent-work.md	734	179	101326	101331	SpellCheck	Spelling	Q18's	Q18's	replace:Q&A's	Did you mean to spell `Q18's` this way?
docs/evaluations/adjacent-work.md	738	5	101534	101536	SpellCheck	Spelling	P.	P.	replace:Pa	Did you mean to spell `P.` this way?
docs/evaluations/adjacent-work.md	740	28	101618	101631	SpellCheck	Spelling	verifiability	verifiability	replace:variability	Did you mean to spell `verifiability` this way?
docs/evaluations/adjacent-work.md	740	248	101838	101839	CommaFixes	Punctuation	 	 	remove	Don't use a space before a comma.
docs/evaluations/adjacent-work.md	742	185	102184	102194	SpellCheck	Spelling	unreviewed	unreviewed	replace:unrelieved	Did you mean to spell `unreviewed` this way?
docs/evaluations/adjacent-work.md	744	27	102397	102400	SpellCheck	Spelling	Q15	Q15	replace:Qua	Did you mean to spell `Q15` this way?
docs/evaluations/adjacent-work.md	746	116	102691	102706	SpellCheck	Spelling	attributability	attributability	replace:attainability	Did you mean to spell `attributability` this way?
docs/evaluations/adjacent-work.md	748	133	103224	103227	SpellCheck	Spelling	Q17	Q17	replace:Qua	Did you mean to spell `Q17` this way?
docs/evaluations/adjacent-work.md	752	5	103625	103627	SpellCheck	Spelling	P.	P.	replace:Pa	Did you mean to spell `P.` this way?
docs/evaluations/adjacent-work.md	754	69	103764	103776	SpellCheck	Spelling	TrustGraph's	TrustGraph's	replace:Telegraph's	Did you mean to spell `TrustGraph's` this way?
docs/evaluations/adjacent-work.md	754	169	103864	103866	SpellCheck	Spelling	P.	P.	replace:Pa	Did you mean to spell `P.` this way?
docs/evaluations/adjacent-work.md	754	350	104045	104047	SpellCheck	Spelling	P.	P.	replace:Pa	Did you mean to spell `P.` this way?
docs/evaluations/adjacent-work.md	756	4	104063	104065	SpellCheck	Spelling	L.	L.	replace:Le	Did you mean to spell `L.` this way?
docs/evaluations/adjacent-work.md	758	4	104450	104452	SpellCheck	Spelling	F.	F.	replace:Fa	Did you mean to spell `F.` this way?
docs/evaluations/adjacent-work.md	758	49	104495	104500	OxfordComma	Style	query	query	insert:,	An Oxford comma is necessary here.
docs/evaluations/adjacent-work.md	758	109	104555	104558	SpellCheck	Spelling	Q15	Q15	replace:Qua	Did you mean to spell `Q15` this way?
docs/evaluations/adjacent-work.md	760	5	104804	104806	SpellCheck	Spelling	P.	P.	replace:Pa	Did you mean to spell `P.` this way?
docs/evaluations/adjacent-work.md	762	1	104878	104888	SpellCheck	Spelling	Baselining	Baselining	replace:Datelining	Did you mean `Datelining`?
docs/evaluations/adjacent-work.md	762	345	-	-	SpellCheck	Spelling	Q9's		replace:QQ's	Did you mean to spell `Q9's` this way?
docs/evaluations/adjacent-work.md	762	444	105321	105331	SpellCheck	Spelling	upstream's	upstream's	replace:upstream	Did you mean to spell `upstream's` this way?
docs/evaluations/adjacent-work.md	762	444	105321	105331	SplitWords	Typo	upstream's	upstream's	replace:up stream's	`upstream's` should probably be written as `up stream's`.
docs/evaluations/adjacent-work.md	764	197	105547	105550	SpellCheck	Spelling	Q19	Q19	replace:Qua	Did you mean to spell `Q19` this way?
docs/evaluations/adjacent-work.md	764	283	105633	105642	MassNouns	Agreement	A finding	A finding	replace:Finding	`finding` is a mass noun.
docs/evaluations/adjacent-work.md	764	283	-	-	SpellCheck	Spelling	4's		replace:E's	Did you mean to spell `4's` this way?
docs/evaluations/adjacent-work.md	766	1	105826	105831	SpellCheck	Spelling	ReqIF	ReqIF	replace:Reef	Did you mean to spell `ReqIF` this way?
docs/evaluations/adjacent-work.md	766	17	105842	105845	OhMyGod	Miscellaneous	OMG	OMG	replace:Oh my god	Try expanding this initialism.
docs/evaluations/adjacent-work.md	766	180	106005	106015	MassNouns	Agreement	one owning	one owning	replace:one piece of owning	`owning` is a mass noun.
docs/evaluations/adjacent-work.md	766	203	106028	106037	SpellCheck	Spelling	Headwater	Headwater	replace:Headwaters	Did you mean to spell `Headwater` this way?
docs/evaluations/adjacent-work.md	770	5	106395	106397	SpellCheck	Spelling	P.	P.	replace:Pa	Did you mean to spell `P.` this way?
docs/evaluations/adjacent-work.md	774	36	106837	106842	SpellCheck	Spelling	Q19's	Q19's	replace:Q&A's	Did you mean to spell `Q19's` this way?
docs/evaluations/adjacent-work.md	774	68	106869	106878	SpellCheck	Spelling	Headwater	Headwater	replace:Headwaters	Did you mean to spell `Headwater` this way?
docs/evaluations/adjacent-work.md	778	5	107252	107254	SpellCheck	Spelling	P.	P.	replace:Pa	Did you mean to spell `P.` this way?
docs/evaluations/adjacent-work.md	778	15	107262	107270	SpellCheck	Spelling	citators	citators	replace:citations	Did you mean to spell `citators` this way?
docs/evaluations/adjacent-work.md	778	38	107285	107290	SpellCheck	Spelling	Q18's	Q18's	replace:Q&A's	Did you mean to spell `Q18's` this way?
docs/evaluations/adjacent-work.md	780	15	107330	107337	SpellCheck	Spelling	KeyCite	KeyCite	replace:Keynote	Did you mean to spell `KeyCite` this way?
docs/evaluations/adjacent-work.md	780	309	107624	107629	SpellCheck	Spelling	Q18's	Q18's	replace:Q&A's	Did you mean to spell `Q18's` this way?
docs/evaluations/adjacent-work.md	784	245	107953	107964	SpellCheck	Spelling	Headwater's	Headwater's	replace:Headwaiter's	Did you mean to spell `Headwater's` this way?
docs/evaluations/adjacent-work.md	786	7	108041	108049	SpellCheck	Spelling	citators	citators	replace:citations	Did you mean to spell `citators` this way?
docs/evaluations/adjacent-work.md	786	302	108336	108341	SpellCheck	Spelling	Q18's	Q18's	replace:Q&A's	Did you mean to spell `Q18's` this way?
docs/evaluations/adjacent-work.md	788	106	108546	108553	SpellCheck	Spelling	citable	citable	replace:cable	Did you mean to spell `citable` this way?
docs/evaluations/adjacent-work.md	788	106	108546	108553	SplitWords	Typo	citable	citable	replace:cit able	`citable` should probably be written as `cit able`.
docs/evaluations/adjacent-work.md	788	229	108669	108677	SpellCheck	Spelling	Crossref	Crossref	replace:Crossbred	Did you mean to spell `Crossref` this way?
docs/evaluations/adjacent-work.md	790	1	108746	108755	SpellCheck	Spelling	CrossMark	CrossMark	replace:Crossbar	Did you mean to spell `CrossMark` this way?
docs/evaluations/adjacent-work.md	798	32	109422	109424	SpellCheck	Spelling	Q5	Q5	replace:QA	Did you mean to spell `Q5` this way?
docs/evaluations/adjacent-work.md	798	39	109429	109432	SpellCheck	Spelling	Q21	Q21	replace:Qua	Did you mean to spell `Q21` this way?
docs/evaluations/adjacent-work.md	798	221	109611	109614	OneOfTheSingular	Usage	two	two	replace:twos	The construction `one of the ...` should use a plural noun.
docs/evaluations/adjacent-work.md	800	5	109643	109645	SpellCheck	Spelling	Q.	Q.	replace:QA	Did you mean to spell `Q.` this way?
docs/evaluations/adjacent-work.md	802	183	109919	109920	CommaFixes	Punctuation	 	 	remove	Don't use a space before a comma.
docs/evaluations/adjacent-work.md	802	300	110036	110038	SpellCheck	Spelling	Q5	Q5	replace:QA	Did you mean to spell `Q5` this way?
docs/evaluations/adjacent-work.md	804	8	110149	110151	SentenceCapitalization	Capitalization	is	is	replace:Is	This sentence does not start with a capital letter
docs/evaluations/adjacent-work.md	806	200	110601	110610	MassNouns	Agreement	A finding	A finding	replace:Finding	`finding` is a mass noun.
docs/evaluations/adjacent-work.md	810	5	110947	110949	SpellCheck	Spelling	Q.	Q.	replace:QA	Did you mean to spell `Q.` this way?
docs/evaluations/adjacent-work.md	812	1	111045	111051	SpellCheck	Spelling	Bessey	Bessey	replace:Bessel	Did you mean to spell `Bessey` this way?
docs/evaluations/adjacent-work.md	812	62	111106	111110	SpellCheck	Spelling	CACM	CACM	replace:Calm	Did you mean to spell `CACM` this way?
docs/evaluations/adjacent-work.md	814	10	111391	111400	SpellCheck	Spelling	Tricorder	Tricorder	replace:Recorder	Did you mean `Recorder`?
docs/evaluations/adjacent-work.md	814	21	111402	111406	SpellCheck	Spelling	ICSE	ICSE	replace:Ice	Did you mean to spell `ICSE` this way?
docs/evaluations/adjacent-work.md	816	1	111634	111645	SpellCheck	Spelling	Tricorder's	Tricorder's	replace:Recorder's	Did you mean `Recorder's`?
docs/evaluations/adjacent-work.md	820	5	112250	112252	SpellCheck	Spelling	Q.	Q.	replace:QA	Did you mean to spell `Q.` this way?
docs/evaluations/adjacent-work.md	822	4	112319	112320	CommaFixes	Punctuation	 	 	remove	Don't use a space before a comma.
docs/evaluations/adjacent-work.md	822	42	112357	112364	SpellCheck	Spelling	Graydon	Graydon	replace:Grandson	Did you mean to spell `Graydon` this way?
docs/evaluations/adjacent-work.md	822	50	112365	112370	SpellCheck	Spelling	Hoare	Hoare	replace:Hare	Did you mean to spell `Hoare` this way?
docs/evaluations/adjacent-work.md	822	66	112381	112382	CommaFixes	Punctuation	 	 	remove	Don't use a space before a comma.
docs/evaluations/adjacent-work.md	822	183	112498	112502	SpellCheck	Spelling	Zuul	Zuul	replace:Zulu	Did you mean to spell `Zuul` this way?
docs/evaluations/adjacent-work.md	824	1	112533	112537	SpellCheck	Spelling	Zuul	Zuul	replace:Zulu	Did you mean to spell `Zuul` this way?
docs/evaluations/adjacent-work.md	824	138	112670	112674	SpellCheck	Spelling	Zuul	Zuul	replace:Zulu	Did you mean to spell `Zuul` this way?
docs/evaluations/adjacent-work.md	824	295	112827	112834	DisjointPrefixes	Spelling	re-runs	re-runs	replace:reruns	This looks like a prefix that can be joined with the rest of the word.
docs/evaluations/adjacent-work.md	826	1	112945	112954	SpellCheck	Spelling	Headwater	Headwater	replace:Headwaters	Did you mean to spell `Headwater` this way?
docs/evaluations/adjacent-work.md	830	5	113337	113339	SpellCheck	Spelling	Q.	Q.	replace:QA	Did you mean to spell `Q.` this way?
docs/evaluations/adjacent-work.md	830	43	113375	113384	SpellCheck	Spelling	typecheck	typecheck	replace:type-check	Did you mean to spell `typecheck` this way?
docs/evaluations/adjacent-work.md	832	1	113416	113421	SpellCheck	Spelling	Bazel	Bazel	replace:Basel	Did you mean to spell `Bazel` this way?
docs/evaluations/adjacent-work.md	832	162	113577	113578	CommaFixes	Punctuation	 	 	remove	Don't use a space before a comma.
docs/evaluations/adjacent-work.md	838	5	114224	114226	SpellCheck	Spelling	Q.	Q.	replace:QA	Did you mean to spell `Q.` this way?
docs/evaluations/adjacent-work.md	842	280	114998	115007	MassNouns	Agreement	a framing	a framing	replace:framing	`framing` is a mass noun.
docs/evaluations/adjacent-work.md	848	36	115442	115444	SpellCheck	Spelling	Q8	Q8	replace:QA	Did you mean to spell `Q8` this way?
docs/evaluations/adjacent-work.md	848	43	115449	115452	SpellCheck	Spelling	Q20	Q20	replace:Qua	Did you mean to spell `Q20` this way?
docs/evaluations/adjacent-work.md	852	5	115903	115905	SpellCheck	Spelling	R.	R.	replace:RI	Did you mean to spell `R.` this way?
docs/evaluations/adjacent-work.md	854	1	115967	115974	SpellCheck	Spelling	Pirolli	Pirolli	replace:Pirelli	Did you mean to spell `Pirolli` this way?
docs/evaluations/adjacent-work.md	854	76	116042	116044	SpellCheck	Spelling	E.	E.	replace:Eh	Did you mean to spell `E.` this way?
docs/evaluations/adjacent-work.md	854	84	116050	116052	SpellCheck	Spelling	HW	HW	replace:Ha	Did you mean to spell `HW` this way?
docs/evaluations/adjacent-work.md	854	262	116228	116231	SpellCheck	Spelling	Q20	Q20	replace:Qua	Did you mean to spell `Q20` this way?
docs/evaluations/adjacent-work.md	854	323	116289	116293	SpellCheck	Spelling	SNIF	SNIF	replace:Sniff	Did you mean to spell `SNIF` this way?
docs/evaluations/adjacent-work.md	856	18	116511	116516	SpellCheck	Spelling	Q20's	Q20's	replace:Q&A's	Did you mean to spell `Q20's` this way?
docs/evaluations/adjacent-work.md	856	37	116530	116533	SpellCheck	Spelling	Q20	Q20	replace:Qua	Did you mean to spell `Q20` this way?
docs/evaluations/adjacent-work.md	858	34	116850	116854	SpellCheck	Spelling	SNIF	SNIF	replace:Sniff	Did you mean to spell `SNIF` this way?
docs/evaluations/adjacent-work.md	862	5	117338	117340	SpellCheck	Spelling	R.	R.	replace:RI	Did you mean to spell `R.` this way?
docs/evaluations/adjacent-work.md	864	1	117408	117416	SpellCheck	Spelling	Lawrance	Lawrance	replace:Lawrence	Did you mean to spell `Lawrance` this way?
docs/evaluations/adjacent-work.md	864	19	117426	117433	OxfordComma	Style	Burnett	Burnett	insert:,	An Oxford comma is necessary here.
docs/evaluations/adjacent-work.md	864	77	117484	117493	Codebase	Miscellaneous	code base	code base	replace:codebase	Did you mean the closed compound `codebase`?
docs/evaluations/adjacent-work.md	864	77	117484	117493	CompoundNouns	WordChoice	code base	code base	replace:codebase	Did you mean the closed compound noun “codebase”?
docs/evaluations/adjacent-work.md	864	92	117499	117503	SpellCheck	Spelling	PFIS	PFIS	replace:Phis	Did you mean to spell `PFIS` this way?
docs/evaluations/adjacent-work.md	866	47	117779	117781	SpellCheck	Spelling	L.	L.	replace:Le	Did you mean to spell `L.` this way?
docs/evaluations/adjacent-work.md	866	239	117971	117974	SpellCheck	Spelling	Q20	Q20	replace:Qua	Did you mean to spell `Q20` this way?
docs/evaluations/adjacent-work.md	868	5	118013	118015	SpellCheck	Spelling	R.	R.	replace:RI	Did you mean to spell `R.` this way?
docs/evaluations/adjacent-work.md	870	5	118087	118096	SpellCheck	Spelling	Cranfield	Cranfield	replace:Coalfield	Did you mean to spell `Cranfield` this way?
docs/evaluations/adjacent-work.md	870	96	118178	118182	SpellCheck	Spelling	TREC	TREC	replace:Trek	Did you mean to spell `TREC` this way?
docs/evaluations/adjacent-work.md	870	329	118411	118413	SpellCheck	Spelling	Q8	Q8	replace:QA	Did you mean to spell `Q8` this way?
docs/evaluations/adjacent-work.md	872	1	118525	118533	SpellCheck	Spelling	Voorhees	Voorhees	replace:Moorhens	Did you mean `Moorhens`?
docs/evaluations/adjacent-work.md	874	5	118859	118861	SpellCheck	Spelling	R.	R.	replace:RI	Did you mean to spell `R.` this way?
docs/evaluations/adjacent-work.md	876	1	118948	118953	SpellCheck	Spelling	Zheng	Zheng	replace:Zeno	Did you mean to spell `Zheng` this way?
docs/evaluations/adjacent-work.md	876	231	119178	119180	SpellCheck	Spelling	M.	M.	replace:Ma	Did you mean to spell `M.` this way?
docs/evaluations/adjacent-work.md	878	185	119563	119574	SpellCheck	Spelling	Headwater's	Headwater's	replace:Headwaiter's	Did you mean to spell `Headwater's` this way?
docs/evaluations/adjacent-work.md	882	5	119896	119898	SpellCheck	Spelling	R.	R.	replace:RI	Did you mean to spell `R.` this way?
docs/evaluations/adjacent-work.md	886	1	120221	120230	SpellCheck	Spelling	Headwater	Headwater	replace:Headwaters	Did you mean to spell `Headwater` this way?
docs/evaluations/adjacent-work.md	888	5	120485	120487	SpellCheck	Spelling	R.	R.	replace:RI	Did you mean to spell `R.` this way?
docs/evaluations/adjacent-work.md	890	7	120538	120545	SpellCheck	Spelling	Zaharia	Zaharia	replace:Zachariah	Did you mean to spell `Zaharia` this way?
docs/evaluations/adjacent-work.md	890	19	120550	120553	SpellCheck	Spelling	Zou	Zou	replace:Zoo	Did you mean to spell `Zou` this way?
docs/evaluations/adjacent-work.md	896	5	121287	121289	SpellCheck	Spelling	R.	R.	replace:RI	Did you mean to spell `R.` this way?
docs/evaluations/adjacent-work.md	900	141	121816	121818	SpellCheck	Spelling	Q8	Q8	replace:QA	Did you mean to spell `Q8` this way?
docs/evaluations/adjacent-work.md	904	5	122149	122151	SpellCheck	Spelling	R.	R.	replace:RI	Did you mean to spell `R.` this way?
docs/evaluations/adjacent-work.md	906	94	122300	122303	SpellCheck	Spelling	Q14	Q14	replace:Qua	Did you mean to spell `Q14` this way?
docs/evaluations/adjacent-work.md	906	196	122402	122403	CommaFixes	Punctuation	 	 	remove	Don't use a space before a comma.
docs/evaluations/adjacent-work.md	906	264	122470	122472	SpellCheck	Spelling	O.	O.	replace:Of	Did you mean to spell `O.` this way?
docs/evaluations/adjacent-work.md	912	4	122875	122876	SpellCheck	Spelling	S	S	replace:So	Did you mean to spell `S` this way?
docs/evaluations/adjacent-work.md	914	33	122947	122950	SpellCheck	Spelling	Q11	Q11	replace:Qua	Did you mean to spell `Q11` this way?
docs/evaluations/adjacent-work.md	914	38	122952	122955	SpellCheck	Spelling	Q12	Q12	replace:Qua	Did you mean to spell `Q12` this way?
docs/evaluations/adjacent-work.md	914	46	122960	122963	SpellCheck	Spelling	Q16	Q16	replace:Qua	Did you mean to spell `Q16` this way?
docs/evaluations/adjacent-work.md	918	42	123620	123628	SpellCheck	Spelling	OpenTofu	OpenTofu	replace:OpenType	Did you mean to spell `OpenTofu` this way?
docs/evaluations/adjacent-work.md	918	165	123743	123754	SpellCheck	Spelling	relicensing	relicensing	replace:licensing	Did you mean to spell `relicensing` this way?
docs/evaluations/adjacent-work.md	922	5	123934	123936	SpellCheck	Spelling	S.	S.	replace:So	Did you mean to spell `S.` this way?
docs/evaluations/adjacent-work.md	922	11	123940	123951	SpellCheck	Spelling	relicensing	relicensing	replace:licensing	Did you mean to spell `relicensing` this way?
docs/evaluations/adjacent-work.md	926	143	124234	124236	SpellCheck	Spelling	v1	v1	replace:vi	Did you mean to spell `v1` this way?
docs/evaluations/adjacent-work.md	926	173	124264	124265	CommaFixes	Punctuation	 	 	remove	Don't use a space before a comma.
docs/evaluations/adjacent-work.md	926	300	124391	124392	Spaces	Formatting	 	 	remove	Unnecessary space at the end of the sentence.
docs/evaluations/adjacent-work.md	932	202	125055	125059	SpellCheck	Spelling	AGPL	AGPL	replace:Agar	Did you mean to spell `AGPL` this way?
docs/evaluations/adjacent-work.md	936	85	125448	125459	SpellCheck	Spelling	relicensing	relicensing	replace:licensing	Did you mean to spell `relicensing` this way?
docs/evaluations/adjacent-work.md	938	40	125665	125674	SpellCheck	Spelling	datastore	datastore	replace:drugstore	Did you mean to spell `datastore` this way?
docs/evaluations/adjacent-work.md	938	40	125665	125674	SplitWords	Typo	datastore	datastore	replace:data store	`datastore` should probably be written as `data store`.
docs/evaluations/adjacent-work.md	938	116	125741	125742	Spaces	Formatting	 	 	remove	Unnecessary space at the end of the sentence.
docs/evaluations/adjacent-work.md	940	416	126325	126328	SpellCheck	Spelling	Q13	Q13	replace:Qua	Did you mean to spell `Q13` this way?
docs/evaluations/adjacent-work.md	942	45	126612	126623	SpellCheck	Spelling	relicensing	relicensing	replace:licensing	Did you mean to spell `relicensing` this way?
docs/evaluations/adjacent-work.md	942	367	-	-	SpellCheck	Spelling	Q10's		replace:Q&A's	Did you mean to spell `Q10's` this way?
docs/evaluations/adjacent-work.md	944	5	127106	127111	SpellCheck	Spelling	OSI's	OSI's	replace:OS's	Did you mean to spell `OSI's` this way?
docs/evaluations/adjacent-work.md	944	67	127168	127172	SpellCheck	Spelling	SSPL	SSPL	replace:Sail	Did you mean to spell `SSPL` this way?
docs/evaluations/adjacent-work.md	944	223	127324	127325	Spaces	Formatting	 	 	remove	Unnecessary space at the end of the sentence.
docs/evaluations/adjacent-work.md	946	5	127446	127448	SpellCheck	Spelling	S.	S.	replace:So	Did you mean to spell `S.` this way?
docs/evaluations/adjacent-work.md	946	43	127484	127495	SpellCheck	Spelling	relicensing	relicensing	replace:licensing	Did you mean to spell `relicensing` this way?
docs/evaluations/adjacent-work.md	948	25	127544	127555	SpellCheck	Spelling	relicensing	relicensing	replace:licensing	Did you mean to spell `relicensing` this way?
docs/evaluations/adjacent-work.md	952	172	128074	128075	Spaces	Formatting	 	 	remove	Unnecessary space at the end of the sentence.
docs/evaluations/adjacent-work.md	952	373	128275	128278	SentenceCapitalization	Capitalization	for	for	replace:For	This sentence does not start with a capital letter
docs/evaluations/adjacent-work.md	954	162	128629	128631	SpellCheck	Spelling	S.	S.	replace:So	Did you mean to spell `S.` this way?
docs/evaluations/adjacent-work.md	958	5	128964	128966	SpellCheck	Spelling	S.	S.	replace:So	Did you mean to spell `S.` this way?
docs/evaluations/adjacent-work.md	962	24	129488	129490	SpellCheck	Spelling	Q7	Q7	replace:QA	Did you mean to spell `Q7` this way?
docs/evaluations/adjacent-work.md	962	31	129495	129498	SpellCheck	Spelling	Q17	Q17	replace:Qua	Did you mean to spell `Q17` this way?
docs/evaluations/adjacent-work.md	962	197	129661	129663	SpellCheck	Spelling	Q8	Q8	replace:QA	Did you mean to spell `Q8` this way?
docs/evaluations/adjacent-work.md	966	5	130043	130045	SpellCheck	Spelling	S.	S.	replace:So	Did you mean to spell `S.` this way?
docs/evaluations/adjacent-work.md	970	120	130398	130399	Spaces	Formatting	 	 	remove	Unnecessary space at the end of the sentence.
docs/evaluations/adjacent-work.md	970	170	130448	130449	CommaFixes	Punctuation	 	 	remove	Don't use a space before a comma.
docs/evaluations/adjacent-work.md	970	304	130582	130589	MissingPreposition	Miscellaneous	levels 	levels 		You may be missing a preposition here.
docs/evaluations/adjacent-work.md	972	115	130745	130753	SpellCheck	Spelling	diffable	diffable	replace:disable	Did you mean to spell `diffable` this way?
docs/evaluations/adjacent-work.md	972	115	130745	130753	SplitWords	Typo	diffable	diffable	replace:diff able	`diffable` should probably be written as `diff able`.
docs/evaluations/adjacent-work.md	974	1	130982	130991	SpellCheck	Spelling	Headwater	Headwater	replace:Headwaters	Did you mean to spell `Headwater` this way?
docs/evaluations/adjacent-work.md	974	484	131465	131468	SpellCheck	Spelling	Q12	Q12	replace:Qua	Did you mean to spell `Q12` this way?
docs/evaluations/adjacent-work.md	978	5	131843	131845	SpellCheck	Spelling	S.	S.	replace:So	Did you mean to spell `S.` this way?
docs/evaluations/adjacent-work.md	984	3	132086	132093	SpellCheck	Spelling	RuboCop	RuboCop	replace:Rococo	Did you mean to spell `RuboCop` this way?
docs/evaluations/adjacent-work.md	984	168	132251	132258	DisjointPrefixes	Spelling	re-runs	re-runs	replace:reruns	This looks like a prefix that can be joined with the rest of the word.
docs/evaluations/adjacent-work.md	990	159	133541	133552	SpellCheck	Spelling	Headwater's	Headwater's	replace:Headwaiter's	Did you mean to spell `Headwater's` this way?
docs/evaluations/adjacent-work.md	994	5	134187	134189	SpellCheck	Spelling	S.	S.	replace:So	Did you mean to spell `S.` this way?
docs/evaluations/adjacent-work.md	996	169	134424	134436	SpellCheck	Spelling	trialability	trialability	replace:traceability	Did you mean to spell `trialability` this way?
docs/evaluations/adjacent-work.md	996	169	134424	134436	SplitWords	Typo	trialability	trialability	replace:trial ability	`trialability` should probably be written as `trial ability`.
docs/evaluations/adjacent-work.md	996	183	134438	134450	SpellCheck	Spelling	Trialability	Trialability	replace:Traceability	Did you mean to spell `Trialability` this way?
docs/evaluations/adjacent-work.md	998	122	134828	134831	SpellCheck	Spelling	Q11	Q11	replace:Qua	Did you mean to spell `Q11` this way?
docs/evaluations/adjacent-work.md	998	195	134901	134904	SpellCheck	Spelling	Q12	Q12	replace:Qua	Did you mean to spell `Q12` this way?
docs/evaluations/adjacent-work.md	998	285	134991	135003	SpellCheck	Spelling	trialability	trialability	replace:traceability	Did you mean to spell `trialability` this way?
docs/evaluations/adjacent-work.md	998	285	134991	135003	SplitWords	Typo	trialability	trialability	replace:trial ability	`trialability` should probably be written as `trial ability`.
docs/evaluations/adjacent-work.md	998	300	135006	135009	SpellCheck	Spelling	Q16	Q16	replace:Qua	Did you mean to spell `Q16` this way?
docs/evaluations/adjacent-work.md	1002	5	135698	135700	SpellCheck	Spelling	S.	S.	replace:So	Did you mean to spell `S.` this way?
docs/evaluations/adjacent-work.md	1004	1	135767	135776	SpellCheck	Spelling	Diátaxis	Diátaxis	replace:Dictates	Did you mean to spell `Diátaxis` this way?
docs/evaluations/adjacent-work.md	1004	156	135922	135931	OxfordComma	Style	reference	reference	insert:,	An Oxford comma is necessary here.
docs/evaluations/adjacent-work.md	1004	210	135976	135981	OxfordComma	Style	style	style	insert:,	An Oxford comma is necessary here.
docs/evaluations/adjacent-work.md	1006	15	136056	136059	SpellCheck	Spelling	Q16	Q16	replace:Qua	Did you mean to spell `Q16` this way?
docs/evaluations/adjacent-work.md	1008	5	136751	136753	SpellCheck	Spelling	S.	S.	replace:So	Did you mean to spell `S.` this way?
docs/evaluations/adjacent-work.md	1010	73	136881	136893	SpellCheck	Spelling	trialability	trialability	replace:traceability	Did you mean to spell `trialability` this way?
docs/evaluations/adjacent-work.md	1010	73	136881	136893	SplitWords	Typo	trialability	trialability	replace:trial ability	`trialability` should probably be written as `trial ability`.
docs/evaluations/adjacent-work.md	1010	189	136997	137006	MassNouns	Agreement	an expiry	an expiry	replace:expiry	`expiry` is a mass noun.
docs/evaluations/adjacent-work.md	1010	207	137015	137018	SpellCheck	Spelling	Q21	Q21	replace:Qua	Did you mean to spell `Q21` this way?
docs/evaluations/adjacent-work.md	1012	98	-	-	SpellCheck	Spelling	6's		replace:E's	Did you mean to spell `6's` this way?
docs/evaluations/adjacent-work.md	1012	98	-	-	SpellCheck	Spelling	Q13's		replace:Q&A's	Did you mean to spell `Q13's` this way?
docs/evaluations/adjacent-work.md	1014	72	137627	137638	SpellCheck	Spelling	relicensing	relicensing	replace:licensing	Did you mean to spell `relicensing` this way?
docs/evaluations/adjacent-work.md	1022	3	137918	137922	SpellCheck	Spelling	TBox	TBox	replace:Tho	Did you mean to spell `TBox` this way?
docs/evaluations/adjacent-work.md	1022	8	137923	137927	SpellCheck	Spelling	ABox	ABox	replace:AB's	Did you mean to spell `ABox` this way?
docs/evaluations/adjacent-work.md	1023	3	137991	138004	SpellCheck	Spelling	testerstories	testerstories	replace:territories	Did you mean to spell `testerstories` this way?
docs/evaluations/adjacent-work.md	1023	3	137991	138004	SplitWords	Typo	testerstories	testerstories	replace:tester stories	`testerstories` should probably be written as `tester stories`.
docs/evaluations/adjacent-work.md	1024	3	138174	138180	SpellCheck	Spelling	LinkML	LinkML	replace:Link's	Did you mean to spell `LinkML` this way?
docs/evaluations/adjacent-work.md	1024	57	138228	138231	SpellCheck	Spelling	Q13	Q13	replace:Qua	Did you mean to spell `Q13` this way?
docs/evaluations/adjacent-work.md	1025	3	138294	138299	SpellCheck	Spelling	SHACL	SHACL	replace:Shack	Did you mean to spell `SHACL` this way?
docs/evaluations/adjacent-work.md	1025	57	138348	138351	SpellCheck	Spelling	Q13	Q13	replace:Qua	Did you mean to spell `Q13` this way?
docs/evaluations/adjacent-work.md	1026	3	138405	138412	SpellCheck	Spelling	OpenGEO	OpenGEO	replace:OpenGL	Did you mean to spell `OpenGEO` this way?
docs/evaluations/adjacent-work.md	1026	80	138482	138485	SpellCheck	Spelling	Q14	Q14	replace:Qua	Did you mean to spell `Q14` this way?
docs/evaluations/adjacent-work.md	1028	3	138595	138596	OrthographicConsistency	Capitalization	r	r	replace:R	This word's canonical spelling is all-caps.
docs/evaluations/adjacent-work.md	1028	3	138595	138596	SpellCheck	Spelling	r	r	replace:re	Did you mean to spell `r` this way?
docs/evaluations/adjacent-work.md	1028	5	138597	138616	SpellCheck	Spelling	OntologyEngineering	OntologyEngineering		Did you mean to spell `OntologyEngineering` this way?
docs/evaluations/adjacent-work.md	1029	3	138712	138720	SpellCheck	Spelling	Karpathy	Karpathy	replace:Apathy	Did you mean to spell `Karpathy` this way?
docs/evaluations/adjacent-work.md	1029	130	138839	138842	SpellCheck	Spelling	Q15	Q15	replace:Qua	Did you mean to spell `Q15` this way?
docs/evaluations/adjacent-work.md	1030	3	138902	138909	SpellCheck	Spelling	LeanCTX	LeanCTX	replace:Length	Did you mean to spell `LeanCTX` this way?
docs/evaluations/adjacent-work.md	1030	13	138912	138915	SpellCheck	Spelling	OKF	OKF	replace:Of	Did you mean to spell `OKF` this way?
docs/evaluations/adjacent-work.md	1030	124	139023	139026	SpellCheck	Spelling	OKF	OKF	replace:Of	Did you mean to spell `OKF` this way?
docs/evaluations/adjacent-work.md	1030	141	139040	139043	SpellCheck	Spelling	Q13	Q13	replace:Qua	Did you mean to spell `Q13` this way?
docs/evaluations/adjacent-work.md	1030	171	139070	139073	SpellCheck	Spelling	Q16	Q16	replace:Qua	Did you mean to spell `Q16` this way?
docs/evaluations/adjacent-work.md	1031	3	139080	139090	SpellCheck	Spelling	TrustGraph	TrustGraph	replace:Telegraph	Did you mean to spell `TrustGraph` this way?
docs/evaluations/adjacent-work.md	1031	119	139196	139199	SpellCheck	Spelling	Q13	Q13	replace:Qua	Did you mean to spell `Q13` this way?
docs/evaluations/adjacent-work.md	1031	181	139258	139261	SpellCheck	Spelling	Q15	Q15	replace:Qua	Did you mean to spell `Q15` this way?
docs/evaluations/adjacent-work.md	1032	189	139487	139490	SpellCheck	Spelling	Q19	Q19	replace:Qua	Did you mean to spell `Q19` this way?
docs/evaluations/adjacent-work.md	1033	148	139649	139652	SpellCheck	Spelling	Q20	Q20	replace:Qua	Did you mean to spell `Q20` this way?
docs/evaluations/adjacent-work.md	1033	203	139704	139707	SpellCheck	Spelling	Q15	Q15	replace:Qua	Did you mean to spell `Q15` this way?
docs/evaluations/adjacent-work.md	1033	212	139713	139716	SpellCheck	Spelling	Q17	Q17	replace:Qua	Did you mean to spell `Q17` this way?
docs/evaluations/adjacent-work.md	1034	3	139723	139726	SpellCheck	Spelling	W3C	W3C	replace:Wag	Did you mean to spell `W3C` this way?
docs/evaluations/adjacent-work.md	1034	13	139733	139737	SpellCheck	Spelling	SPDX	SPDX	replace:Sad	Did you mean to spell `SPDX` this way?
docs/evaluations/adjacent-work.md	1034	19	139739	139743	SpellCheck	Spelling	C2PA	C2PA	replace:CPA	Did you mean to spell `C2PA` this way?
docs/evaluations/adjacent-work.md	1035	13	139923	139936	SpellCheck	Spelling	verifiability	verifiability	replace:variability	Did you mean to spell `verifiability` this way?
docs/evaluations/adjacent-work.md	1035	177	140087	140090	SpellCheck	Spelling	Q15	Q15	replace:Qua	Did you mean to spell `Q15` this way?
docs/evaluations/adjacent-work.md	1036	29	140130	140135	SpellCheck	Spelling	ReqIF	ReqIF	replace:Reef	Did you mean to spell `ReqIF` this way?
docs/evaluations/adjacent-work.md	1036	164	140265	140268	SpellCheck	Spelling	Q19	Q19	replace:Qua	Did you mean to spell `Q19` this way?
docs/evaluations/adjacent-work.md	1038	17	140454	140461	SpellCheck	Spelling	KeyCite	KeyCite	replace:Keynote	Did you mean to spell `KeyCite` this way?
docs/evaluations/adjacent-work.md	1038	26	140463	140471	SpellCheck	Spelling	Crossref	Crossref	replace:Crossbred	Did you mean to spell `Crossref` this way?
docs/evaluations/adjacent-work.md	1038	107	140544	140552	SpellCheck	Spelling	citators	citators	replace:citations	Did you mean to spell `citators` this way?
docs/evaluations/adjacent-work.md	1038	202	140639	140642	SpellCheck	Spelling	Q18	Q18	replace:Qua	Did you mean to spell `Q18` this way?
docs/evaluations/adjacent-work.md	1040	3	140881	140885	SpellCheck	Spelling	SCIP	SCIP	replace:Skip	Did you mean to spell `SCIP` this way?
docs/evaluations/adjacent-work.md	1040	12	140890	140894	SpellCheck	Spelling	LSIF	LSIF	replace:Laid	Did you mean to spell `LSIF` this way?
docs/evaluations/adjacent-work.md	1040	158	141036	141038	SpellCheck	Spelling	Q6	Q6	replace:QA	Did you mean to spell `Q6` this way?
docs/evaluations/adjacent-work.md	1042	91	141314	141316	SpellCheck	Spelling	Q9	Q9	replace:QA	Did you mean to spell `Q9` this way?
docs/evaluations/adjacent-work.md	1043	3	141341	141347	SpellCheck	Spelling	CodeQL	CodeQL	replace:Code's	Did you mean to spell `CodeQL` this way?
docs/evaluations/adjacent-work.md	1044	3	141440	141444	SpellCheck	Spelling	SPDX	SPDX	replace:Sad	Did you mean to spell `SPDX` this way?
docs/evaluations/adjacent-work.md	1044	13	141450	141458	SpellCheck	Spelling	LinkML's	LinkML's	replace:Link's	Did you mean to spell `LinkML's` this way?
docs/evaluations/adjacent-work.md	1044	22	141459	141464	SpellCheck	Spelling	SHACL	SHACL	replace:Shack	Did you mean to spell `SHACL` this way?
docs/evaluations/adjacent-work.md	1044	153	141590	141593	SpellCheck	Spelling	Q13	Q13	replace:Qua	Did you mean to spell `Q13` this way?
docs/evaluations/adjacent-work.md	1045	3	141607	141610	SpellCheck	Spelling	OGC	OGC	replace:OGs	Did you mean to spell `OGC` this way?
docs/evaluations/adjacent-work.md	1045	12	141616	141620	SpellCheck	Spelling	STAC	STAC	replace:Sac	Did you mean to spell `STAC` this way?
docs/evaluations/adjacent-work.md	1046	3	141750	141756	SpellCheck	Spelling	SPARQL	SPARQL	replace:Spar's	Did you mean to spell `SPARQL` this way?
docs/evaluations/adjacent-work.md	1046	22	141769	141772	SpellCheck	Spelling	OAI	OAI	replace:Oak	Did you mean to spell `OAI` this way?
docs/evaluations/adjacent-work.md	1046	26	141773	141776	SpellCheck	Spelling	PMH	PMH	replace:Pah	Did you mean to spell `PMH` this way?
docs/evaluations/adjacent-work.md	1046	137	141884	141886	SpellCheck	Spelling	Q9	Q9	replace:QA	Did you mean to spell `Q9` this way?
docs/evaluations/adjacent-work.md	1047	20	141917	141926	SpellCheck	Spelling	Cranfield	Cranfield	replace:Coalfield	Did you mean to spell `Cranfield` this way?
docs/evaluations/adjacent-work.md	1047	34	141931	141935	SpellCheck	Spelling	TREC	TREC	replace:Trek	Did you mean to spell `TREC` this way?
docs/evaluations/adjacent-work.md	1047	230	142127	142129	SpellCheck	Spelling	Q8	Q8	replace:QA	Did you mean to spell `Q8` this way?
docs/evaluations/adjacent-work.md	1047	241	142138	142141	SpellCheck	Spelling	Q20	Q20	replace:Qua	Did you mean to spell `Q20` this way?
docs/evaluations/adjacent-work.md	1048	178	142330	142333	SpellCheck	Spelling	Q14	Q14	replace:Qua	Did you mean to spell `Q14` this way?
docs/evaluations/adjacent-work.md	1049	29	142373	142376	SpellCheck	Spelling	OGC	OGC	replace:OGs	Did you mean to spell `OGC` this way?
docs/evaluations/adjacent-work.md	1049	37	142381	142385	SpellCheck	Spelling	STAC	STAC	replace:Sac	Did you mean to spell `STAC` this way?
docs/evaluations/adjacent-work.md	1050	109	142668	142671	SpellCheck	Spelling	Q16	Q16	replace:Qua	Did you mean to spell `Q16` this way?
docs/evaluations/adjacent-work.md	1051	167	142842	142844	SpellCheck	Spelling	Q7	Q7	replace:QA	Did you mean to spell `Q7` this way?
docs/evaluations/adjacent-work.md	1052	171	143026	143028	SpellCheck	Spelling	Q5	Q5	replace:QA	Did you mean to spell `Q5` this way?
docs/evaluations/adjacent-work.md	1053	3	143042	143050	SpellCheck	Spelling	Coverity	Coverity	replace:Covert	Did you mean to spell `Coverity` this way?
docs/evaluations/adjacent-work.md	1053	33	143072	143081	SpellCheck	Spelling	Tricorder	Tricorder	replace:Recorder	Did you mean `Recorder`?
docs/evaluations/adjacent-work.md	1053	146	143185	143195	SpellCheck	Spelling	fixability	fixability	replace:liability	Did you mean to spell `fixability` this way?
docs/evaluations/adjacent-work.md	1053	146	143185	143195	SplitWords	Typo	fixability	fixability	replace:fix ability	`fixability` should probably be written as `fix ability`.
docs/evaluations/adjacent-work.md	1054	31	143277	143281	SpellCheck	Spelling	Zuul	Zuul	replace:Zulu	Did you mean to spell `Zuul` this way?
docs/evaluations/adjacent-work.md	1054	178	143424	143427	SpellCheck	Spelling	Q21	Q21	replace:Qua	Did you mean to spell `Q21` this way?
docs/evaluations/adjacent-work.md	1055	3	143441	143446	SpellCheck	Spelling	Bazel	Bazel	replace:Basel	Did you mean to spell `Bazel` this way?
docs/evaluations/adjacent-work.md	1057	41	143830	143837	SpellCheck	Spelling	Allstar	Allstar	replace:Altar	Did you mean to spell `Allstar` this way?
docs/evaluations/adjacent-work.md	1058	3	143990	143993	SpellCheck	Spelling	MLS	MLS	replace:Mas	Did you mean to spell `MLS` this way?
docs/evaluations/adjacent-work.md	1058	18	144005	144012	SpellCheck	Spelling	SeaView	SeaView	replace:Seamier	Did you mean to spell `SeaView` this way?
docs/evaluations/adjacent-work.md	1058	34	144021	144024	SpellCheck	Spelling	LDV	LDV	replace:Lav	Did you mean to spell `LDV` this way?
docs/evaluations/adjacent-work.md	1058	255	144242	144245	SpellCheck	Spelling	Q17	Q17	replace:Qua	Did you mean to spell `Q17` this way?
docs/evaluations/adjacent-work.md	1059	13	144269	144274	SpellCheck	Spelling	Rosen	Rosen	replace:Risen	Did you mean to spell `Rosen` this way?
docs/evaluations/adjacent-work.md	1059	40	144296	144300	SpellCheck	Spelling	FRCP	FRCP	replace:Face	Did you mean to spell `FRCP` this way?
docs/evaluations/adjacent-work.md	1059	74	144330	144338	OxfordComma	Style	position	position	insert:,	An Oxford comma is necessary here.
docs/evaluations/adjacent-work.md	1061	14	144745	144748	SpellCheck	Spelling	RLS	RLS	replace:Res	Did you mean to spell `RLS` this way?
docs/evaluations/adjacent-work.md	1064	63	145414	145417	SpellCheck	Spelling	CRA	CRA	replace:Car	Did you mean to spell `CRA` this way?
docs/evaluations/adjacent-work.md	1065	85	145642	145650	SpellCheck	Spelling	unforked	unforked	replace:unforced	Did you mean to spell `unforked` this way?
docs/evaluations/adjacent-work.md	1065	162	145719	145722	SpellCheck	Spelling	Q17	Q17	replace:Qua	Did you mean to spell `Q17` this way?
docs/evaluations/adjacent-work.md	1066	3	145729	145733	SpellCheck	Spelling	BUSL	BUSL	replace:Bull	Did you mean to spell `BUSL` this way?
docs/evaluations/adjacent-work.md	1066	12	145738	145742	SpellCheck	Spelling	SSPL	SSPL	replace:Sail	Did you mean to spell `SSPL` this way?
docs/evaluations/adjacent-work.md	1066	17	145743	145754	SpellCheck	Spelling	relicensing	relicensing	replace:licensing	Did you mean to spell `relicensing` this way?
docs/evaluations/adjacent-work.md	1066	30	145756	145764	SpellCheck	Spelling	OpenTofu	OpenTofu	replace:OpenType	Did you mean to spell `OpenTofu` this way?
docs/evaluations/adjacent-work.md	1066	43	145769	145775	SpellCheck	Spelling	Valkey	Valkey	replace:Valley	Did you mean to spell `Valkey` this way?
docs/evaluations/adjacent-work.md	1066	55	145781	145784	SpellCheck	Spelling	OSI	OSI	replace:Obi	Did you mean to spell `OSI` this way?
docs/evaluations/adjacent-work.md	1066	278	146004	146007	SpellCheck	Spelling	Q11	Q11	replace:Qua	Did you mean to spell `Q11` this way?
docs/evaluations/adjacent-work.md	1067	200	146232	146235	SpellCheck	Spelling	Q11	Q11	replace:Qua	Did you mean to spell `Q11` this way?
docs/evaluations/adjacent-work.md	1068	148	146400	146403	SpellCheck	Spelling	Q11	Q11	replace:Qua	Did you mean to spell `Q11` this way?
docs/evaluations/adjacent-work.md	1068	157	146409	146411	SpellCheck	Spelling	Q7	Q7	replace:QA	Did you mean to spell `Q7` this way?
docs/evaluations/adjacent-work.md	1068	165	146417	146420	SpellCheck	Spelling	Q17	Q17	replace:Qua	Did you mean to spell `Q17` this way?
docs/evaluations/adjacent-work.md	1069	138	146563	146571	MassNouns	Agreement	a gating	a gating	replace:gating	`gating` is a mass noun.
docs/evaluations/adjacent-work.md	1069	177	146602	146605	SpellCheck	Spelling	Q12	Q12	replace:Qua	Did you mean to spell `Q12` this way?
docs/evaluations/adjacent-work.md	1070	3	146619	146628	SpellCheck	Spelling	RuboCop's	RuboCop's	replace:Rubicon's	Did you mean to spell `RuboCop's` this way?
docs/evaluations/adjacent-work.md	1071	38	146879	146891	SpellCheck	Spelling	Trialability	Trialability	replace:Traceability	Did you mean to spell `Trialability` this way?
docs/evaluations/adjacent-work.md	1071	166	147007	147010	SpellCheck	Spelling	Q11	Q11	replace:Qua	Did you mean to spell `Q11` this way?
docs/evaluations/adjacent-work.md	1071	171	147012	147015	SpellCheck	Spelling	Q12	Q12	replace:Qua	Did you mean to spell `Q12` this way?
docs/evaluations/adjacent-work.md	1071	179	147020	147023	SpellCheck	Spelling	Q16	Q16	replace:Qua	Did you mean to spell `Q16` this way?
docs/evaluations/adjacent-work.md	1072	3	147041	147050	SpellCheck	Spelling	Diátaxis	Diátaxis	replace:Dictates	Did you mean to spell `Diátaxis` this way?
docs/evaluations/adjacent-work.md	1072	156	147194	147197	SpellCheck	Spelling	Q16	Q16	replace:Qua	Did you mean to spell `Q16` this way?
docs/evaluations/a-probe-task-section-is-the-prompt-so-commentary-under-that-heading-is-prompt.md	46	169	3688	3693	SentenceCapitalization	Capitalization	falls	falls	replace:Falls	This sentence does not start with a capital letter
docs/evaluations/a-probe-task-section-is-the-prompt-so-commentary-under-that-heading-is-prompt.md	48	294	4169	4176	DisjointPrefixes	Spelling	re-runs	re-runs	replace:reruns	This looks like a prefix that can be joined with the rest of the word.
docs/evaluations/a-probe-task-section-is-the-prompt-so-commentary-under-that-heading-is-prompt.md	48	369	4244	4246	SpellCheck	Spelling	HW	HW	replace:Ha	Did you mean to spell `HW` this way?
docs/evaluations/a-probe-task-section-is-the-prompt-so-commentary-under-that-heading-is-prompt.md	48	372	4247	4249	SpellCheck	Spelling	DR	DR	replace:Do	Did you mean to spell `DR` this way?
docs/evaluations/a-probe-task-section-is-the-prompt-so-commentary-under-that-heading-is-prompt.md	50	412	4752	4753	CommaFixes	Punctuation	 	 	remove	Don't use a space before a comma.
docs/evaluations/a-probe-task-section-is-the-prompt-so-commentary-under-that-heading-is-prompt.md	52	56	4985	4986	CommaFixes	Punctuation	 	 	remove	Don't use a space before a comma.
docs/evaluations/a-probe-task-section-is-the-prompt-so-commentary-under-that-heading-is-prompt.md	56	55	5169	5170	CommaFixes	Punctuation	 	 	remove	Don't use a space before a comma.
docs/evaluations/a-probe-task-section-is-the-prompt-so-commentary-under-that-heading-is-prompt.md	56	133	5247	5249	SpellCheck	Spelling	Q8	Q8	replace:QA	Did you mean to spell `Q8` this way?
docs/evaluations/a-probe-task-section-is-the-prompt-so-commentary-under-that-heading-is-prompt.md	56	168	5282	5284	SpellCheck	Spelling	HW	HW	replace:Ha	Did you mean to spell `HW` this way?
docs/evaluations/a-probe-task-section-is-the-prompt-so-commentary-under-that-heading-is-prompt.md	56	171	5285	5287	SpellCheck	Spelling	DR	DR	replace:Do	Did you mean to spell `DR` this way?
docs/evaluations/a-probe-task-section-is-the-prompt-so-commentary-under-that-heading-is-prompt.md	56	262	5376	5378	SpellCheck	Spelling	Q8	Q8	replace:QA	Did you mean to spell `Q8` this way?
docs/evaluations/a-probe-task-section-is-the-prompt-so-commentary-under-that-heading-is-prompt.md	58	156	5595	5596	Spaces	Formatting	 	 	remove	Unnecessary space at the end of the sentence.
docs/evaluations/a-probe-task-section-is-the-prompt-so-commentary-under-that-heading-is-prompt.md	58	320	5759	5760	CommaFixes	Punctuation	 	 	remove	Don't use a space before a comma.
docs/evaluations/a-probe-task-section-is-the-prompt-so-commentary-under-that-heading-is-prompt.md	60	2	5947	5949	SpellCheck	Spelling	HW	HW	replace:Ha	Did you mean to spell `HW` this way?
docs/evaluations/a-probe-task-section-is-the-prompt-so-commentary-under-that-heading-is-prompt.md	60	5	5950	5953	SpellCheck	Spelling	OBL	OBL	replace:Obi	Did you mean to spell `OBL` this way?
docs/evaluations/a-probe-task-section-is-the-prompt-so-commentary-under-that-heading-is-prompt.md	60	186	6131	6132	Spaces	Formatting	 	 	remove	Unnecessary space at the end of the sentence.
docs/evaluations/a-probe-task-section-is-the-prompt-so-commentary-under-that-heading-is-prompt.md	60	326	6271	6273	SentenceCapitalization	Capitalization	is	is	replace:Is	This sentence does not start with a capital letter
docs/evaluations/a-probe-task-section-is-the-prompt-so-commentary-under-that-heading-is-prompt.md	60	329	6274	6278	SpellCheck	Spelling	Q8's	Q8's	replace:QQ's	Did you mean to spell `Q8's` this way?
docs/evaluations/a-probe-task-section-is-the-prompt-so-commentary-under-that-heading-is-prompt.md	62	14	6334	6335	Spaces	Formatting	 	 	remove	Unnecessary space at the end of the sentence.
docs/evaluations/a-probe-task-section-is-the-prompt-so-commentary-under-that-heading-is-prompt.md	62	94	6414	6423	SentenceCapitalization	Capitalization	satisfies	satisfies	replace:Satisfies	This sentence does not start with a capital letter
docs/evaluations/a-probe-task-section-is-the-prompt-so-commentary-under-that-heading-is-prompt.md	64	163	6757	6758	CommaFixes	Punctuation	 	 	remove	Don't use a space before a comma.
docs/evaluations/a-probe-task-section-is-the-prompt-so-commentary-under-that-heading-is-prompt.md	68	43	6956	6957	CommaFixes	Punctuation	 	 	remove	Don't use a space before a comma.
docs/evaluations/a-probe-task-section-is-the-prompt-so-commentary-under-that-heading-is-prompt.md	68	69	6982	6983	Spaces	Formatting	 	 	remove	Unnecessary space at the end of the sentence.
docs/evaluations/a-probe-task-section-is-the-prompt-so-commentary-under-that-heading-is-prompt.md	72	113	7580	7581	CommaFixes	Punctuation	 	 	remove	Don't use a space before a comma.
docs/evaluations/a-probe-task-section-is-the-prompt-so-commentary-under-that-heading-is-prompt.md	72	293	7760	7761	CommaFixes	Punctuation	 	 	remove	Don't use a space before a comma.
docs/evaluations/a-probe-task-section-is-the-prompt-so-commentary-under-that-heading-is-prompt.md	72	425	7892	7893	CommaFixes	Punctuation	 	 	remove	Don't use a space before a comma.
docs/evaluations/a-probe-task-section-is-the-prompt-so-commentary-under-that-heading-is-prompt.md	74	42	8029	8030	CommaFixes	Punctuation	 	 	remove	Don't use a space before a comma.
docs/evaluations/a-probe-task-section-is-the-prompt-so-commentary-under-that-heading-is-prompt.md	74	310	8297	8299	SpellCheck	Spelling	HW	HW	replace:Ha	Did you mean to spell `HW` this way?
docs/evaluations/a-probe-task-section-is-the-prompt-so-commentary-under-that-heading-is-prompt.md	74	313	8300	8303	SpellCheck	Spelling	OBL	OBL	replace:Obi	Did you mean to spell `OBL` this way?
docs/evaluations/a-probe-task-section-is-the-prompt-so-commentary-under-that-heading-is-prompt.md	86	29	9678	9687	DisjointPrefixes	Spelling	re-grades	re-grades	replace:regrades	This looks like a prefix that can be joined with the rest of the word.
docs/evaluations/a-probe-task-section-is-the-prompt-so-commentary-under-that-heading-is-prompt.md	86	367	10016	10017	CommaFixes	Punctuation	 	 	remove	Don't use a space before a comma.
docs/evaluations/a-probe-task-section-is-the-prompt-so-commentary-under-that-heading-is-prompt.md	86	657	10306	10314	DisjointPrefixes	Spelling	re-grade	re-grade	replace:regrade	This looks like a prefix that can be joined with the rest of the word.
docs/evaluations/a-probe-task-section-is-the-prompt-so-commentary-under-that-heading-is-prompt.md	92	58	10797	10798	CommaFixes	Punctuation	 	 	remove	Don't use a space before a comma.
docs/evaluations/a-probe-task-section-is-the-prompt-so-commentary-under-that-heading-is-prompt.md	92	78	10817	10823	DisjointPrefixes	Spelling	re-run	re-run	replace:rerun	This looks like a prefix that can be joined with the rest of the word.
docs/evaluations/a-probe-task-section-is-the-prompt-so-commentary-under-that-heading-is-prompt.md	94	86	11486	11487	Spaces	Formatting	 	 	remove	Unnecessary space at the end of the sentence.
docs/evaluations/a-probe-task-section-is-the-prompt-so-commentary-under-that-heading-is-prompt.md	94	95	11495	11496	AnA	Miscellaneous	A	A	replace:AN	Incorrect indefinite article.
docs/evaluations/capability-bundle-address-inventory.md	20	2	502	504	SpellCheck	Spelling	HW	HW	replace:Ha	Did you mean to spell `HW` this way?
docs/evaluations/capability-bundle-address-inventory.md	20	5	505	507	SpellCheck	Spelling	DR	DR	replace:Do	Did you mean to spell `DR` this way?
docs/evaluations/capability-bundle-address-inventory.md	24	156	1338	1339	Spaces	Formatting	 	 	remove	Unnecessary space at the end of the sentence.
docs/evaluations/capability-bundle-address-inventory.md	24	172	1354	1355	CommaFixes	Punctuation	 	 	remove	Don't use a space before a comma.
docs/evaluations/capability-bundle-address-inventory.md	24	266	1448	1449	Spaces	Formatting	 	 	remove	Unnecessary space at the end of the sentence.
docs/evaluations/capability-bundle-address-inventory.md	24	461	1643	1644	SpellCheck	Spelling	s	s	replace:so	Did you mean to spell `s` this way?
docs/evaluations/capability-bundle-address-inventory.md	28	181	2128	2129	Spaces	Formatting	 	 	remove	Unnecessary space at the end of the sentence.
docs/evaluations/capability-bundle-address-inventory.md	33	53	2493	2494	Spaces	Formatting	 	 	remove	Unnecessary space at the end of the sentence.
docs/evaluations/capability-bundle-address-inventory.md	33	121	2561	2562	Spaces	Formatting	 	 	remove	Unnecessary space at the end of the sentence.
docs/evaluations/capability-bundle-address-inventory.md	38	57	2929	2930	Spaces	Formatting	 	 	remove	Unnecessary space at the end of the sentence.
docs/evaluations/capability-bundle-address-inventory.md	38	155	3027	3028	CommaFixes	Punctuation	 	 	remove	Don't use a space before a comma.
docs/evaluations/capability-bundle-address-inventory.md	38	333	3205	3210	MergeWords	WordChoice	s own	s own	replace:sown	It seems these words would go better together.
docs/evaluations/capability-bundle-address-inventory.md	38	333	3205	3206	SpellCheck	Spelling	s	s	replace:so	Did you mean to spell `s` this way?
docs/evaluations/capability-bundle-address-inventory.md	38	783	3655	3664	SpellCheck	Spelling	unplanted	unplanted	replace:unplanned	Did you mean to spell `unplanted` this way?
docs/evaluations/capability-bundle-address-inventory.md	38	783	3655	3664	WrongNegative	WordChoice	unplanted	unplanted	replace:implanted	Could this be the negative word you intended?
docs/evaluations/capability-bundle-address-inventory.md	40	20	3686	3689	SentenceCapitalization	Capitalization	and	and	replace:And	This sentence does not start with a capital letter
docs/evaluations/capability-bundle-address-inventory.md	40	143	3809	3810	SpellCheck	Spelling	s	s	replace:so	Did you mean to spell `s` this way?
docs/evaluations/capability-bundle-address-inventory.md	40	187	3853	3854	CommaFixes	Punctuation	 	 	remove	Don't use a space before a comma.
docs/evaluations/capability-bundle-address-inventory.md	40	347	4013	4014	SpellCheck	Spelling	s	s	replace:so	Did you mean to spell `s` this way?
docs/evaluations/capability-bundle-address-inventory.md	40	450	4116	4117	AnA	Miscellaneous	a	a	replace:an	Incorrect indefinite article.
docs/evaluations/capability-bundle-address-inventory.md	40	503	4169	4171	SpellCheck	Spelling	HW	HW	replace:Ha	Did you mean to spell `HW` this way?
docs/evaluations/capability-bundle-address-inventory.md	40	506	4172	4175	SpellCheck	Spelling	OBL	OBL	replace:Obi	Did you mean to spell `OBL` this way?
docs/evaluations/capability-bundle-address-inventory.md	40	750	4416	4418	SentenceCapitalization	Capitalization	is	is	replace:Is	This sentence does not start with a capital letter
docs/evaluations/capability-bundle-address-inventory.md	42	89	4589	4590	SpellCheck	Spelling	s	s	replace:so	Did you mean to spell `s` this way?
docs/evaluations/capability-bundle-address-inventory.md	42	186	4686	4687	Spaces	Formatting	 	 	remove	Unnecessary space at the end of the sentence.
docs/evaluations/capability-bundle-address-inventory.md	42	317	4817	4822	MergeWords	WordChoice	s own	s own	replace:sown	It seems these words would go better together.
docs/evaluations/capability-bundle-address-inventory.md	42	317	4817	4818	SpellCheck	Spelling	s	s	replace:so	Did you mean to spell `s` this way?
docs/evaluations/capability-bundle-address-inventory.md	42	553	5053	5054	Spaces	Formatting	 	 	remove	Unnecessary space at the end of the sentence.
docs/evaluations/capability-bundle-address-inventory.md	42	639	5139	5140	Spaces	Formatting	 	 	remove	Unnecessary space at the end of the sentence.
docs/evaluations/capability-bundle-address-inventory.md	42	773	5273	5278	ModalBeAdjective	Miscellaneous	would	would	insert: be	You may be missing the word `be` between this modal verb and adjective.
docs/evaluations/capability-bundle-address-inventory.md	42	804	5304	5305	SpellCheck	Spelling	s	s	replace:so	Did you mean to spell `s` this way?
docs/evaluations/capability-bundle-address-inventory.md	42	903	5403	5410	SentenceCapitalization	Capitalization	already	already	replace:Already	This sentence does not start with a capital letter
docs/evaluations/capability-bundle-address-inventory.md	42	1169	5669	5670	CommaFixes	Punctuation	 	 	remove	Don't use a space before a comma.
docs/evaluations/capability-bundle-address-inventory.md	48	2	6566	6568	SpellCheck	Spelling	HW	HW	replace:Ha	Did you mean to spell `HW` this way?
docs/evaluations/capability-bundle-address-inventory.md	48	5	6569	6571	SpellCheck	Spelling	DR	DR	replace:Do	Did you mean to spell `DR` this way?
docs/evaluations/capability-bundle-address-inventory.md	48	281	6845	6846	Spaces	Formatting	 	 	remove	Unnecessary space at the end of the sentence.
docs/evaluations/capability-bundle-address-inventory.md	48	353	6917	6918	Spaces	Formatting	 	 	remove	Unnecessary space at the end of the sentence.
docs/evaluations/capability-bundle-address-inventory.md	48	411	6975	6983	SpellCheck	Spelling	repoints	repoints	replace:repaints	Did you mean to spell `repoints` this way?
docs/evaluations/capability-bundle-address-inventory.md	48	427	6991	6992	CommaFixes	Punctuation	 	 	remove	Don't use a space before a comma.
docs/evaluations/capability-bundle-address-inventory.md	48	461	7025	7026	Spaces	Formatting	 	 	remove	Unnecessary space at the end of the sentence.
docs/evaluations/capability-bundle-address-inventory.md	48	518	7082	7083	Spaces	Formatting	 	 	remove	Unnecessary space at the end of the sentence.
docs/evaluations/capability-bundle-address-inventory.md	52	175	7417	7419	SpellCheck	Spelling	HW	HW	replace:Ha	Did you mean to spell `HW` this way?
docs/evaluations/capability-bundle-address-inventory.md	52	178	7420	7422	SpellCheck	Spelling	DR	DR	replace:Do	Did you mean to spell `DR` this way?
docs/evaluations/capability-bundle-address-inventory.md	52	186	7428	7429	SpellCheck	Spelling	s	s	replace:so	Did you mean to spell `s` this way?
docs/evaluations/capability-bundle-address-inventory.md	52	220	7462	7466	SpellCheck	Spelling	ADRs	ADRs	replace:Ad's	Did you mean to spell `ADRs` this way?
docs/evaluations/capability-bundle-address-inventory.md	54	4	7563	7565	SpellCheck	Spelling	HW	HW	replace:Ha	Did you mean to spell `HW` this way?
docs/evaluations/capability-bundle-address-inventory.md	54	7	7566	7569	SpellCheck	Spelling	OBL	OBL	replace:Obi	Did you mean to spell `OBL` this way?
docs/evaluations/capability-bundle-address-inventory.md	56	67	7948	7949	CommaFixes	Punctuation	 	 	remove	Don't use a space before a comma.
docs/evaluations/default-taxonomy-first-run.md	27	131	843	852	MassNouns	Agreement	a leaning	a leaning	replace:leaning	`leaning` is a mass noun.
docs/evaluations/default-taxonomy-first-run.md	35	19	1904	1908	SpellCheck	Spelling	Q3's	Q3's	replace:QQ's	Did you mean to spell `Q3's` this way?
docs/evaluations/default-taxonomy-first-run.md	35	211	2096	2097	Spaces	Formatting	 	 	remove	Unnecessary space at the end of the sentence.
docs/evaluations/default-taxonomy-first-run.md	55	28	4188	4198	SpellCheck	Spelling	conformant	conformant	replace:conformal	Did you mean to spell `conformant` this way?
docs/evaluations/default-taxonomy-first-run.md	55	28	4188	4198	SplitWords	Typo	conformant	conformant	replace:conform ant	`conformant` should probably be written as `conform ant`.
docs/evaluations/default-taxonomy-first-run.md	57	444	4818	4819	CommaFixes	Punctuation	 	 	remove	Don't use a space before a comma.
docs/evaluations/default-taxonomy-first-run.md	57	471	4845	4848	SpellCheck	Spelling	7's	7's	replace:E's	Did you mean to spell `7's` this way?
docs/evaluations/default-taxonomy-first-run.md	176	31	8388	8391	SpellCheck	Spelling	2's	2's	replace:E's	Did you mean to spell `2's` this way?
docs/evaluations/default-taxonomy-first-run.md	176	72	8429	8432	SpellCheck	Spelling	2's	2's	replace:E's	Did you mean to spell `2's` this way?
docs/evaluations/default-taxonomy-first-run.md	176	192	8549	8550	Spaces	Formatting	 	 	remove	Unnecessary space at the end of the sentence.
docs/evaluations/default-taxonomy-first-run.md	178	120	9126	9134	SpellCheck	Spelling	Kruchten	Kruchten	replace:Kuchen	Did you mean `Kuchen`?
docs/evaluations/default-taxonomy-first-run.md	180	122	9816	9825	SpellCheck	Spelling	creatable	creatable	replace:treatable	Did you mean to spell `creatable` this way?
docs/evaluations/default-taxonomy-first-run.md	180	363	10057	10058	CommaFixes	Punctuation	 	 	remove	Don't use a space before a comma.
docs/evaluations/default-taxonomy-first-run.md	180	455	10149	10150	CommaFixes	Punctuation	 	 	remove	Don't use a space before a comma.
docs/evaluations/default-taxonomy-first-run.md	180	501	10195	10197	SpellCheck	Spelling	HW	HW	replace:Ha	Did you mean to spell `HW` this way?
docs/evaluations/default-taxonomy-first-run.md	180	504	10198	10200	SpellCheck	Spelling	DR	DR	replace:Do	Did you mean to spell `DR` this way?
docs/evaluations/default-taxonomy-first-run.md	180	658	10352	10355	SentenceCapitalization	Capitalization	and	and	replace:And	This sentence does not start with a capital letter
docs/evaluations/default-taxonomy-first-run.md	182	106	10530	10531	Spaces	Formatting	 	 	remove	Unnecessary space at the end of the sentence.
docs/evaluations/default-taxonomy-first-run.md	182	419	10843	10845	SpellCheck	Spelling	HW	HW	replace:Ha	Did you mean to spell `HW` this way?
docs/evaluations/default-taxonomy-first-run.md	182	592	11016	11023	SentenceCapitalization	Capitalization	already	already	replace:Already	This sentence does not start with a capital letter
docs/evaluations/default-taxonomy-first-run.md	186	6	11191	11194	SpellCheck	Spelling	2's	2's	replace:E's	Did you mean to spell `2's` this way?
docs/evaluations/default-taxonomy-first-run.md	186	29	11214	11215	Spaces	Formatting	 	 	remove	Unnecessary space at the end of the sentence.
docs/evaluations/default-taxonomy-first-run.md	188	17	11468	11473	SentenceCapitalization	Capitalization	needs	needs	replace:Needs	This sentence does not start with a capital letter
docs/evaluations/default-taxonomy-first-run.md	188	23	11474	11476	AnA	Miscellaneous	an	an	replace:a	Incorrect indefinite article.
docs/evaluations/default-taxonomy-first-run.md	188	49	11500	11501	AnA	Miscellaneous	a	a	replace:an	Incorrect indefinite article.
docs/evaluations/default-taxonomy-first-run.md	201	44	12757	12758	Spaces	Formatting	 	 	remove	Unnecessary space at the end of the sentence.
docs/evaluations/default-taxonomy-first-run.md	201	201	12914	12924	SpellCheck	Spelling	resolver's	resolver's	replace:resolder's	Did you mean to spell `resolver's` this way?
docs/evaluations/default-taxonomy-first-run.md	201	842	13555	13557	SentenceCapitalization	Capitalization	is	is	replace:Is	This sentence does not start with a capital letter
docs/evaluations/default-taxonomy-first-run.md	203	149	13903	13911	SentenceCapitalization	Capitalization	requires	requires	replace:Requires	This sentence does not start with a capital letter
docs/evaluations/default-taxonomy-first-run.md	211	64	15117	15119	SentenceCapitalization	Capitalization	is	is	replace:Is	This sentence does not start with a capital letter
docs/evaluations/default-taxonomy-first-run.md	211	240	15293	15297	SpellCheck	Spelling	Q3's	Q3's	replace:QQ's	Did you mean to spell `Q3's` this way?
docs/evaluations/default-taxonomy-first-run.md	213	114	15487	15490	SpellCheck	Spelling	STE	STE	replace:Sate	Did you mean to spell `STE` this way?
docs/evaluations/default-taxonomy-first-run.md	213	473	15846	15847	Spaces	Formatting	 	 	remove	Unnecessary space at the end of the sentence.
docs/evaluations/default-taxonomy-first-run.md	213	495	15868	15870	SpellCheck	Spelling	HW	HW	replace:Ha	Did you mean to spell `HW` this way?
docs/evaluations/default-taxonomy-first-run.md	213	498	15871	15873	SpellCheck	Spelling	DR	DR	replace:Do	Did you mean to spell `DR` this way?
docs/evaluations/default-taxonomy-first-run.md	221	76	16816	16819	SpellCheck	Spelling	Q12	Q12	replace:Qua	Did you mean to spell `Q12` this way?
docs/evaluations/default-taxonomy-first-run.md	221	292	17032	17033	Spaces	Formatting	 	 	remove	Unnecessary space at the end of the sentence.
docs/evaluations/default-taxonomy-first-run.md	221	412	17152	17153	CommaFixes	Punctuation	 	 	remove	Don't use a space before a comma.
docs/evaluations/default-taxonomy-first-run.md	223	51	17351	17354	SpellCheck	Spelling	ADR	ADR	replace:Ad	Did you mean to spell `ADR` this way?
docs/evaluations/default-taxonomy-first-run.md	223	139	17439	17440	Spaces	Formatting	 	 	remove	Unnecessary space at the end of the sentence.
docs/evaluations/default-taxonomy-first-run.md	225	38	17642	17643	CommaFixes	Punctuation	 	 	remove	Don't use a space before a comma.
docs/evaluations/default-taxonomy-first-run.md	227	9	17939	17950	SpellCheck	Spelling	Headwater's	Headwater's	replace:Headwaiter's	Did you mean to spell `Headwater's` this way?
docs/evaluations/default-taxonomy-first-run.md	229	61	18179	18184	SentenceCapitalization	Capitalization	holds	holds	replace:Holds	This sentence does not start with a capital letter
docs/evaluations/default-taxonomy-first-run.md	229	322	18440	18443	SpellCheck	Spelling	STE	STE	replace:Sate	Did you mean to spell `STE` this way?
docs/evaluations/default-taxonomy-first-run.md	229	535	18653	18655	SpellCheck	Spelling	HW	HW	replace:Ha	Did you mean to spell `HW` this way?
docs/evaluations/default-taxonomy-first-run.md	229	538	18656	18658	SpellCheck	Spelling	DR	DR	replace:Do	Did you mean to spell `DR` this way?
docs/evaluations/default-taxonomy-first-run.md	233	243	19455	19458	SpellCheck	Spelling	Q13	Q13	replace:Qua	Did you mean to spell `Q13` this way?
docs/evaluations/default-taxonomy-first-run.md	233	262	19474	19477	SpellCheck	Spelling	Q11	Q11	replace:Qua	Did you mean to spell `Q11` this way?
docs/evaluations/default-taxonomy-first-run.md	233	281	19493	19495	SpellCheck	Spelling	Q7	Q7	replace:QA	Did you mean to spell `Q7` this way?
docs/evaluations/default-taxonomy-first-run.md	233	412	19624	19625	AnA	Miscellaneous	a	a	replace:an	Incorrect indefinite article.
docs/evaluations/default-taxonomy-first-run.md	233	488	19700	19701	Spaces	Formatting	 	 	remove	Unnecessary space at the end of the sentence.
docs/evaluations/default-taxonomy-first-run.md	235	293	20279	20286	SentenceCapitalization	Capitalization	carries	carries	replace:Carries	This sentence does not start with a capital letter
docs/evaluations/default-taxonomy-first-run.md	245	9	20766	20775	SpellCheck	Spelling	Headwater	Headwater	replace:Headwaters	Did you mean to spell `Headwater` this way?
docs/evaluations/default-taxonomy-first-run.md	251	1	21338	21342	SpellCheck	Spelling	Q3's	Q3's	replace:QQ's	Did you mean to spell `Q3's` this way?
docs/evaluations/default-taxonomy-first-run.md	253	221	21887	21890	SpellCheck	Spelling	2's	2's	replace:E's	Did you mean to spell `2's` this way?
docs/evaluations/default-taxonomy-first-run.md	257	60	22708	22711	SpellCheck	Spelling	Q12	Q12	replace:Qua	Did you mean to spell `Q12` this way?
docs/evaluations/default-taxonomy-first-run.md	259	105	23295	23300	SentenceCapitalization	Capitalization	needs	needs	replace:Needs	This sentence does not start with a capital letter
docs/evaluations/default-taxonomy-first-run.md	259	179	23369	23374	SentenceCapitalization	Capitalization	needs	needs	replace:Needs	This sentence does not start with a capital letter
docs/evaluations/default-taxonomy-first-run.md	265	584	24835	24845	DisjointPrefixes	Spelling	Re-running	Re-running	replace:Rerunning	This looks like a prefix that can be joined with the rest of the word.
docs/evaluations/default-taxonomy-first-run.md	273	125	25610	25614	SpellCheck	Spelling	Q3's	Q3's	replace:QQ's	Did you mean to spell `Q3's` this way?
docs/evaluations/default-taxonomy-first-run.md	284	173	26681	26682	Spaces	Formatting	 	 	remove	Unnecessary space at the end of the sentence.
docs/evaluations/default-taxonomy-first-run.md	285	51	26845	26847	SentenceCapitalization	Capitalization	is	is	replace:Is	This sentence does not start with a capital letter
docs/evaluations/default-taxonomy-first-run.md	285	152	26946	26947	Spaces	Formatting	 	 	remove	Unnecessary space at the end of the sentence.
docs/evaluations/default-taxonomy-first-run.md	288	184	27886	27889	SpellCheck	Spelling	Q12	Q12	replace:Qua	Did you mean to spell `Q12` this way?
docs/evaluations/default-taxonomy-first-run.md	300	38	29258	29261	SpellCheck	Spelling	Q11	Q11	replace:Qua	Did you mean to spell `Q11` this way?
docs/obligations/0011-nothing-has-been-promoted-out-of-the-synthesized-tier.md	25	2	627	630	SpellCheck	Spelling	Q15	Q15	replace:Qua	Did you mean to spell `Q15` this way?
docs/obligations/0011-nothing-has-been-promoted-out-of-the-synthesized-tier.md	33	51	992	999	SentenceCapitalization	Capitalization	reports	reports	replace:Reports	This sentence does not start with a capital letter
docs/obligations/0011-nothing-has-been-promoted-out-of-the-synthesized-tier.md	35	123	1590	1591	Spaces	Formatting	 	 	remove	Unnecessary space at the end of the sentence.
docs/obligations/0011-nothing-has-been-promoted-out-of-the-synthesized-tier.md	35	155	1622	1630	SentenceCapitalization	Capitalization	declares	declares	replace:Declares	This sentence does not start with a capital letter
docs/obligations/0011-nothing-has-been-promoted-out-of-the-synthesized-tier.md	35	414	1881	1882	CommaFixes	Punctuation	 	 	remove	Don't use a space before a comma.
docs/obligations/0011-nothing-has-been-promoted-out-of-the-synthesized-tier.md	37	127	2057	2058	Spaces	Formatting	 	 	remove	Unnecessary space at the end of the sentence.
docs/obligations/0013-no-probe-tests-whether-a-counted-tombstone-stops-a-confident.md	25	2	635	638	SpellCheck	Spelling	Q17	Q17	replace:Qua	Did you mean to spell `Q17` this way?
docs/obligations/0013-no-probe-tests-whether-a-counted-tombstone-stops-a-confident.md	33	74	996	998	SpellCheck	Spelling	HW	HW	replace:Ha	Did you mean to spell `HW` this way?
docs/obligations/0013-no-probe-tests-whether-a-counted-tombstone-stops-a-confident.md	35	407	1890	1891	CommaFixes	Punctuation	 	 	remove	Don't use a space before a comma.
docs/obligations/0013-no-probe-tests-whether-a-counted-tombstone-stops-a-confident.md	35	431	1914	1915	CommaFixes	Punctuation	 	 	remove	Don't use a space before a comma.
docs/obligations/0013-no-probe-tests-whether-a-counted-tombstone-stops-a-confident.md	37	334	2354	2355	Spaces	Formatting	 	 	remove	Unnecessary space at the end of the sentence.
docs/obligations/0013-no-probe-tests-whether-a-counted-tombstone-stops-a-confident.md	37	522	2542	2543	Spaces	Formatting	 	 	remove	Unnecessary space at the end of the sentence.
docs/obligations/0013-no-probe-tests-whether-a-counted-tombstone-stops-a-confident.md	41	80	3446	3454	SentenceCapitalization	Capitalization	declares	declares	replace:Declares	This sentence does not start with a capital letter
docs/obligations/0037-the-register-is-not-a-projection-of-the-lock-alone-so-generate.md	26	202	908	911	SentenceCapitalization	Capitalization	was	was	replace:Was	This sentence does not start with a capital letter
docs/obligations/0037-the-register-is-not-a-projection-of-the-lock-alone-so-generate.md	28	338	1310	1314	OxfordComma	Style	lock	lock	insert:,	An Oxford comma is necessary here.
docs/obligations/0001-the-promotion-fix-has-no-reading-of-the-assisted-fraction.md	33	127	1255	1265	SpellCheck	Spelling	scaffolder	scaffolder	replace:scaffold's	Did you mean to spell `scaffolder` this way?
docs/obligations/0001-the-promotion-fix-has-no-reading-of-the-assisted-fraction.md	35	5	1465	1475	SpellCheck	Spelling	scaffolder	scaffolder	replace:scaffold's	Did you mean to spell `scaffolder` this way?
docs/obligations/0001-the-promotion-fix-has-no-reading-of-the-assisted-fraction.md	35	94	1554	1560	SentenceCapitalization	Capitalization	counts	counts	replace:Counts	This sentence does not start with a capital letter
docs/obligations/0001-the-promotion-fix-has-no-reading-of-the-assisted-fraction.md	39	96	2351	2356	SentenceCapitalization	Capitalization	takes	takes	replace:Takes	This sentence does not start with a capital letter
docs/obligations/0001-the-promotion-fix-has-no-reading-of-the-assisted-fraction.md	39	126	2381	2382	CommaFixes	Punctuation	 	 	remove	Don't use a space before a comma.
docs/obligations/0001-the-promotion-fix-has-no-reading-of-the-assisted-fraction.md	41	17	2542	2546	SpellCheck	Spelling	Q4's	Q4's	replace:QQ's	Did you mean to spell `Q4's` this way?
docs/obligations/0001-the-promotion-fix-has-no-reading-of-the-assisted-fraction.md	41	208	2733	2734	CommaFixes	Punctuation	 	 	remove	Don't use a space before a comma.
docs/obligations/0001-the-promotion-fix-has-no-reading-of-the-assisted-fraction.md	41	385	2910	2911	Spaces	Formatting	 	 	remove	Unnecessary space at the end of the sentence.
docs/obligations/0001-the-promotion-fix-has-no-reading-of-the-assisted-fraction.md	41	433	2958	2959	CommaFixes	Punctuation	 	 	remove	Don't use a space before a comma.
docs/obligations/0001-the-promotion-fix-has-no-reading-of-the-assisted-fraction.md	41	505	3030	3032	SpellCheck	Spelling	HW	HW	replace:Ha	Did you mean to spell `HW` this way?
docs/obligations/0001-the-promotion-fix-has-no-reading-of-the-assisted-fraction.md	41	508	3033	3035	SpellCheck	Spelling	DR	DR	replace:Do	Did you mean to spell `DR` this way?
docs/obligations/0001-the-promotion-fix-has-no-reading-of-the-assisted-fraction.md	43	61	3291	3293	SpellCheck	Spelling	HW	HW	replace:Ha	Did you mean to spell `HW` this way?
docs/obligations/0001-the-promotion-fix-has-no-reading-of-the-assisted-fraction.md	43	64	3294	3297	SpellCheck	Spelling	OBL	OBL	replace:Obi	Did you mean to spell `OBL` this way?
docs/obligations/0001-the-promotion-fix-has-no-reading-of-the-assisted-fraction.md	43	182	3412	3424	SpellCheck	Spelling	scaffoldable	scaffoldable	replace:affordable	Did you mean to spell `scaffoldable` this way?
docs/obligations/0001-the-promotion-fix-has-no-reading-of-the-assisted-fraction.md	43	182	3412	3424	SplitWords	Typo	scaffoldable	scaffoldable	replace:scaffold able	`scaffoldable` should probably be written as `scaffold able`.
docs/obligations/0001-the-promotion-fix-has-no-reading-of-the-assisted-fraction.md	45	253	3830	3840	SpellCheck	Spelling	scaffolded	scaffolded	replace:scaffold's	Did you mean to spell `scaffolded` this way?
docs/obligations/0001-the-promotion-fix-has-no-reading-of-the-assisted-fraction.md	45	348	3925	3931	SentenceCapitalization	Capitalization	counts	counts	replace:Counts	This sentence does not start with a capital letter
docs/obligations/0001-the-promotion-fix-has-no-reading-of-the-assisted-fraction.md	45	466	4043	4053	SpellCheck	Spelling	scaffolder	scaffolder	replace:scaffold's	Did you mean to spell `scaffolder` this way?
docs/obligations/0001-the-promotion-fix-has-no-reading-of-the-assisted-fraction.md	47	128	4313	4320	SentenceCapitalization	Capitalization	reports	reports	replace:Reports	This sentence does not start with a capital letter
docs/obligations/0001-the-promotion-fix-has-no-reading-of-the-assisted-fraction.md	47	356	4541	4542	CommaFixes	Punctuation	 	 	remove	Don't use a space before a comma.
docs/obligations/0001-the-promotion-fix-has-no-reading-of-the-assisted-fraction.md	47	380	4565	4566	Spaces	Formatting	 	 	remove	Unnecessary space at the end of the sentence.
docs/obligations/0001-the-promotion-fix-has-no-reading-of-the-assisted-fraction.md	47	443	4628	4629	CommaFixes	Punctuation	 	 	remove	Don't use a space before a comma.
docs/obligations/0001-the-promotion-fix-has-no-reading-of-the-assisted-fraction.md	47	468	4653	4654	Spaces	Formatting	 	 	remove	Unnecessary space at the end of the sentence.
docs/obligations/0001-the-promotion-fix-has-no-reading-of-the-assisted-fraction.md	47	479	4664	4668	SpellCheck	Spelling	Q4's	Q4's	replace:QQ's	Did you mean to spell `Q4's` this way?
docs/obligations/0001-the-promotion-fix-has-no-reading-of-the-assisted-fraction.md	49	263	5164	5170	SentenceCapitalization	Capitalization	prints	prints	replace:Prints	This sentence does not start with a capital letter
docs/obligations/0001-the-promotion-fix-has-no-reading-of-the-assisted-fraction.md	49	365	5266	5267	AnA	Miscellaneous	a	a	replace:an	Incorrect indefinite article.
docs/obligations/0001-the-promotion-fix-has-no-reading-of-the-assisted-fraction.md	49	467	5368	5370	SpellCheck	Spelling	HW	HW	replace:Ha	Did you mean to spell `HW` this way?
docs/obligations/0001-the-promotion-fix-has-no-reading-of-the-assisted-fraction.md	49	470	5371	5373	SpellCheck	Spelling	DR	DR	replace:Do	Did you mean to spell `DR` this way?
docs/obligations/0001-the-promotion-fix-has-no-reading-of-the-assisted-fraction.md	49	640	5541	5542	CommaFixes	Punctuation	 	 	remove	Don't use a space before a comma.
docs/obligations/0001-the-promotion-fix-has-no-reading-of-the-assisted-fraction.md	49	662	5563	5565	SpellCheck	Spelling	HW	HW	replace:Ha	Did you mean to spell `HW` this way?
docs/obligations/0001-the-promotion-fix-has-no-reading-of-the-assisted-fraction.md	49	665	5566	5569	SpellCheck	Spelling	OBL	OBL	replace:Obi	Did you mean to spell `OBL` this way?
docs/obligations/0001-the-promotion-fix-has-no-reading-of-the-assisted-fraction.md	51	119	5992	6000	SentenceCapitalization	Capitalization	supplied	supplied	replace:Supplied	This sentence does not start with a capital letter
docs/obligations/0002-declarative-voice-is-called-detectable-at-useful-precision.md	26	66	738	739	Spaces	Formatting	 	 	remove	Unnecessary space at the end of the sentence.
docs/obligations/0002-declarative-voice-is-called-detectable-at-useful-precision.md	26	143	815	817	SpellCheck	Spelling	Q5	Q5	replace:QA	Did you mean to spell `Q5` this way?
docs/obligations/0002-declarative-voice-is-called-detectable-at-useful-precision.md	26	211	883	886	SpellCheck	Spelling	ASD	ASD	replace:Ad	Did you mean to spell `ASD` this way?
docs/obligations/0002-declarative-voice-is-called-detectable-at-useful-precision.md	26	215	887	893	SpellCheck	Spelling	STE100	STE100	replace:Stem's	Did you mean to spell `STE100` this way?
docs/obligations/0002-declarative-voice-is-called-detectable-at-useful-precision.md	26	302	974	985	OxfordComma	Style	progressive	progressive	insert:,	An Oxford comma is necessary here.
docs/obligations/0002-declarative-voice-is-called-detectable-at-useful-precision.md	26	388	1060	1062	SpellCheck	Spelling	Q5	Q5	replace:QA	Did you mean to spell `Q5` this way?
docs/obligations/0002-declarative-voice-is-called-detectable-at-useful-precision.md	28	32	1192	1194	SpellCheck	Spelling	Q5	Q5	replace:QA	Did you mean to spell `Q5` this way?
docs/obligations/0002-declarative-voice-is-called-detectable-at-useful-precision.md	28	159	1319	1320	CommaFixes	Punctuation	 	 	remove	Don't use a space before a comma.
docs/obligations/0002-declarative-voice-is-called-detectable-at-useful-precision.md	28	187	1347	1348	Spaces	Formatting	 	 	remove	Unnecessary space at the end of the sentence.
docs/obligations/0002-declarative-voice-is-called-detectable-at-useful-precision.md	28	298	1458	1459	CommaFixes	Punctuation	 	 	remove	Don't use a space before a comma.
docs/obligations/0002-declarative-voice-is-called-detectable-at-useful-precision.md	30	106	1710	1711	CommaFixes	Punctuation	 	 	remove	Don't use a space before a comma.
docs/obligations/0002-declarative-voice-is-called-detectable-at-useful-precision.md	30	145	1749	1750	CommaFixes	Punctuation	 	 	remove	Don't use a space before a comma.
docs/obligations/0002-declarative-voice-is-called-detectable-at-useful-precision.md	32	53	1966	1967	CommaFixes	Punctuation	 	 	remove	Don't use a space before a comma.
docs/obligations/0002-declarative-voice-is-called-detectable-at-useful-precision.md	32	570	2483	2487	SentenceCapitalization	Capitalization	says	says	replace:Says	This sentence does not start with a capital letter
docs/obligations/0002-declarative-voice-is-called-detectable-at-useful-precision.md	40	32	2744	2754	SentenceCapitalization	Capitalization	implements	implements	replace:Implements	This sentence does not start with a capital letter
docs/obligations/0002-declarative-voice-is-called-detectable-at-useful-precision.md	40	42	2754	2755	CommaFixes	Punctuation	 	 	remove	Don't use a space before a comma.
docs/obligations/0002-declarative-voice-is-called-detectable-at-useful-precision.md	40	82	2794	2795	CommaFixes	Punctuation	 	 	remove	Don't use a space before a comma.
docs/obligations/0002-declarative-voice-is-called-detectable-at-useful-precision.md	42	39	2991	2992	Spaces	Formatting	 	 	remove	Unnecessary space at the end of the sentence.
docs/obligations/0002-declarative-voice-is-called-detectable-at-useful-precision.md	42	73	3025	3032	SentenceCapitalization	Capitalization	reports	reports	replace:Reports	This sentence does not start with a capital letter
docs/obligations/0002-declarative-voice-is-called-detectable-at-useful-precision.md	44	932	4365	4370	SentenceCapitalization	Capitalization	holds	holds	replace:Holds	This sentence does not start with a capital letter
docs/obligations/0002-declarative-voice-is-called-detectable-at-useful-precision.md	46	247	4853	4859	SentenceCapitalization	Capitalization	stands	stands	replace:Stands	This sentence does not start with a capital letter
docs/obligations/0002-declarative-voice-is-called-detectable-at-useful-precision.md	46	511	5117	5118	CommaFixes	Punctuation	 	 	remove	Don't use a space before a comma.
docs/obligations/0002-declarative-voice-is-called-detectable-at-useful-precision.md	46	578	5184	5185	CommaFixes	Punctuation	 	 	remove	Don't use a space before a comma.
docs/obligations/0002-declarative-voice-is-called-detectable-at-useful-precision.md	46	644	5250	5252	SpellCheck	Spelling	HW	HW	replace:Ha	Did you mean to spell `HW` this way?
docs/obligations/0002-declarative-voice-is-called-detectable-at-useful-precision.md	46	647	5253	5256	SpellCheck	Spelling	OBL	OBL	replace:Obi	Did you mean to spell `OBL` this way?
docs/obligations/0002-declarative-voice-is-called-detectable-at-useful-precision.md	50	39	5843	5844	Spaces	Formatting	 	 	remove	Unnecessary space at the end of the sentence.
docs/obligations/0002-declarative-voice-is-called-detectable-at-useful-precision.md	52	295	6567	6568	CommaFixes	Punctuation	 	 	remove	Don't use a space before a comma.
docs/obligations/0002-declarative-voice-is-called-detectable-at-useful-precision.md	52	341	-	-	MassNouns	Agreement	one finding		replace:one piece of finding	`finding` is a mass noun.
docs/obligations/0002-declarative-voice-is-called-detectable-at-useful-precision.md	52	477	6749	6750	Spaces	Formatting	 	 	remove	Unnecessary space at the end of the sentence.
docs/obligations/0002-declarative-voice-is-called-detectable-at-useful-precision.md	54	46	6954	6963	MassNouns	Agreement	a finding	a finding	replace:finding	`finding` is a mass noun.
docs/obligations/0002-declarative-voice-is-called-detectable-at-useful-precision.md	54	88	6996	6999	SentenceCapitalization	Capitalization	and	and	replace:And	This sentence does not start with a capital letter
docs/obligations/0002-declarative-voice-is-called-detectable-at-useful-precision.md	59	104	7410	7413	SentenceCapitalization	Capitalization	the	the	replace:The	This sentence does not start with a capital letter
docs/obligations/0002-declarative-voice-is-called-detectable-at-useful-precision.md	60	100	7548	7553	SentenceCapitalization	Capitalization	tells	tells	replace:Tells	This sentence does not start with a capital letter
docs/obligations/0002-declarative-voice-is-called-detectable-at-useful-precision.md	60	122	7570	7578	MassNouns	Agreement	a ruling	a ruling	replace:ruling	`ruling` is a mass noun.
docs/obligations/0002-declarative-voice-is-called-detectable-at-useful-precision.md	63	109	8009	8012	SentenceCapitalization	Capitalization	the	the	replace:The	This sentence does not start with a capital letter
docs/obligations/0002-declarative-voice-is-called-detectable-at-useful-precision.md	64	154	8203	8204	SentenceCapitalization	Capitalization	a	a	replace:A	This sentence does not start with a capital letter
docs/obligations/0002-declarative-voice-is-called-detectable-at-useful-precision.md	70	66	9080	9083	SentenceCapitalization	Capitalization	the	the	replace:The	This sentence does not start with a capital letter
docs/obligations/0002-declarative-voice-is-called-detectable-at-useful-precision.md	72	59	9248	9253	SentenceCapitalization	Capitalization	tells	tells	replace:Tells	This sentence does not start with a capital letter
docs/obligations/0002-declarative-voice-is-called-detectable-at-useful-precision.md	73	61	9350	9355	SentenceCapitalization	Capitalization	tells	tells	replace:Tells	This sentence does not start with a capital letter
docs/obligations/0002-declarative-voice-is-called-detectable-at-useful-precision.md	74	78	9462	9467	SentenceCapitalization	Capitalization	tells	tells	replace:Tells	This sentence does not start with a capital letter
docs/obligations/0002-declarative-voice-is-called-detectable-at-useful-precision.md	75	88	9587	9588	SentenceCapitalization	Capitalization	a	a	replace:A	This sentence does not start with a capital letter
docs/obligations/0002-declarative-voice-is-called-detectable-at-useful-precision.md	77	86	9808	9809	SentenceCapitalization	Capitalization	a	a	replace:A	This sentence does not start with a capital letter
docs/obligations/0002-declarative-voice-is-called-detectable-at-useful-precision.md	80	84	10159	10164	SentenceCapitalization	Capitalization	tells	tells	replace:Tells	This sentence does not start with a capital letter
docs/obligations/0002-declarative-voice-is-called-detectable-at-useful-precision.md	82	202	10396	10397	Spaces	Formatting	 	 	remove	Unnecessary space at the end of the sentence.
docs/obligations/0002-declarative-voice-is-called-detectable-at-useful-precision.md	82	405	10599	10600	CommaFixes	Punctuation	 	 	remove	Don't use a space before a comma.
docs/obligations/0002-declarative-voice-is-called-detectable-at-useful-precision.md	82	497	10691	10699	MassNouns	Agreement	a ruling	a ruling	replace:ruling	`ruling` is a mass noun.
docs/obligations/0002-declarative-voice-is-called-detectable-at-useful-precision.md	86	463	11860	11863	SentenceCapitalization	Capitalization	has	has	replace:Has	This sentence does not start with a capital letter
docs/obligations/0002-declarative-voice-is-called-detectable-at-useful-precision.md	86	642	12039	12040	Spaces	Formatting	 	 	remove	Unnecessary space at the end of the sentence.
docs/obligations/0002-declarative-voice-is-called-detectable-at-useful-precision.md	88	601	12654	12655	CommaFixes	Punctuation	 	 	remove	Don't use a space before a comma.
docs/obligations/0002-declarative-voice-is-called-detectable-at-useful-precision.md	88	747	12800	12801	CommaFixes	Punctuation	 	 	remove	Don't use a space before a comma.
docs/obligations/0003-the-rebuild-and-cache-design-is-measured-at-spike-scale-alone.md	25	2	562	564	SpellCheck	Spelling	Q6	Q6	replace:QA	Did you mean to spell `Q6` this way?
docs/how-to/cut-a-release.md	18	96	490	499	SpellCheck	Spelling	Headwater	Headwater	replace:Headwaters	Did you mean to spell `Headwater` this way?
docs/how-to/cut-a-release.md	20	294	1024	1026	SpellCheck	Spelling	v0	v0	replace:vi	Did you mean to spell `v0` this way?
docs/how-to/cut-a-release.md	24	1	-	-	DisjointPrefixes	Spelling	under take		replace:undertake	This looks like a prefix that can be joined with the rest of the word.
docs/how-to/cut-a-release.md	33	43	2102	2107	SentenceCapitalization	Capitalization	holds	holds	replace:Holds	This sentence does not start with a capital letter
docs/how-to/cut-a-release.md	35	205	2446	2447	AnA	Miscellaneous	a	a	replace:an	Incorrect indefinite article.
docs/how-to/cut-a-release.md	35	333	2574	2576	SpellCheck	Spelling	HW	HW	replace:Ha	Did you mean to spell `HW` this way?
docs/how-to/cut-a-release.md	35	336	2577	2579	SpellCheck	Spelling	DR	DR	replace:Do	Did you mean to spell `DR` this way?
docs/how-to/cut-a-release.md	35	510	2751	2753	SpellCheck	Spelling	HW	HW	replace:Ha	Did you mean to spell `HW` this way?
docs/how-to/cut-a-release.md	41	34	3281	3282	Spaces	Formatting	 	 	remove	Unnecessary space at the end of the sentence.
docs/how-to/cut-a-release.md	47	85	3516	3517	Spaces	Formatting	 	 	remove	Unnecessary space at the end of the sentence.
docs/how-to/cut-a-release.md	49	6	3789	3798	DisjointPrefixes	Spelling	Re-record	Re-record	replace:Rerecord	This looks like a prefix that can be joined with the rest of the word.
docs/how-to/cut-a-release.md	49	83	3866	3867	CommaFixes	Punctuation	 	 	remove	Don't use a space before a comma.
docs/how-to/cut-a-release.md	49	120	3903	3905	OrthographicConsistency	Capitalization	md	md	replace:MD	This word's canonical spelling is all-caps.
docs/how-to/cut-a-release.md	49	120	3903	3905	SpellCheck	Spelling	md	md	replace:ma	Did you mean to spell `md` this way?
docs/how-to/cut-a-release.md	49	169	3952	3954	SpellCheck	Spelling	v0	v0	replace:vi	Did you mean to spell `v0` this way?
docs/how-to/cut-a-release.md	50	39	4076	4078	AnA	Miscellaneous	an	an	replace:a	Incorrect indefinite article.
docs/how-to/cut-a-release.md	50	90	4127	4128	Spaces	Formatting	 	 	remove	Unnecessary space at the end of the sentence.
docs/how-to/cut-a-release.md	50	206	4243	4245	SpellCheck	Spelling	v0	v0	replace:vi	Did you mean to spell `v0` this way?
docs/how-to/cut-a-release.md	51	98	4367	4369	SpellCheck	Spelling	v0	v0	replace:vi	Did you mean to spell `v0` this way?
docs/how-to/cut-a-release.md	51	117	4386	4388	SpellCheck	Spelling	v0	v0	replace:vi	Did you mean to spell `v0` this way?
docs/how-to/cut-a-release.md	52	120	4578	4580	SpellCheck	Spelling	v0	v0	replace:vi	Did you mean to spell `v0` this way?
docs/how-to/cut-a-release.md	52	155	4613	4614	CommaFixes	Punctuation	 	 	remove	Don't use a space before a comma.
docs/how-to/cut-a-release.md	58	37	4892	4893	Spaces	Formatting	 	 	remove	Unnecessary space at the end of the sentence.
docs/how-to/cut-a-release.md	58	107	4962	4963	Spaces	Formatting	 	 	remove	Unnecessary space at the end of the sentence.
docs/how-to/cut-a-release.md	58	153	5008	5016	SentenceCapitalization	Capitalization	compares	compares	replace:Compares	This sentence does not start with a capital letter
docs/how-to/cut-a-release.md	58	220	5075	5083	SentenceCapitalization	Capitalization	compares	compares	replace:Compares	This sentence does not start with a capital letter
docs/how-to/cut-a-release.md	58	272	5127	5129	SpellCheck	Spelling	HW	HW	replace:Ha	Did you mean to spell `HW` this way?
docs/how-to/cut-a-release.md	59	328	5656	5658	SpellCheck	Spelling	v0	v0	replace:vi	Did you mean to spell `v0` this way?
docs/how-to/cut-a-release.md	60	228	6001	6002	Spaces	Formatting	 	 	remove	Unnecessary space at the end of the sentence.
docs/how-to/cut-a-release.md	60	424	6197	6199	OrthographicConsistency	Capitalization	md	md	replace:MD	This word's canonical spelling is all-caps.
docs/how-to/cut-a-release.md	60	424	6197	6199	SpellCheck	Spelling	md	md	replace:ma	Did you mean to spell `md` this way?
docs/how-to/cut-a-release.md	62	35	6580	6581	CommaFixes	Punctuation	 	 	remove	Don't use a space before a comma.
docs/how-to/cut-a-release.md	62	238	6783	6784	CommaFixes	Punctuation	 	 	remove	Don't use a space before a comma.
docs/how-to/cut-a-release.md	68	58	7075	7076	Spaces	Formatting	 	 	remove	Unnecessary space at the end of the sentence.
docs/how-to/cut-a-release.md	69	20	7145	7151	OxfordComma	Style	vendor	vendor	insert:,	An Oxford comma is necessary here.
docs/how-to/cut-a-release.md	70	51	7371	7372	Spaces	Formatting	 	 	remove	Unnecessary space at the end of the sentence.
docs/how-to/cut-a-release.md	70	164	7484	7486	SpellCheck	Spelling	HW	HW	replace:Ha	Did you mean to spell `HW` this way?
docs/how-to/cut-a-release.md	70	167	7487	7489	SpellCheck	Spelling	DR	DR	replace:Do	Did you mean to spell `DR` this way?
docs/how-to/cut-a-release.md	70	331	7651	7653	SpellCheck	Spelling	HW	HW	replace:Ha	Did you mean to spell `HW` this way?
docs/how-to/cut-a-release.md	70	334	7654	7656	SpellCheck	Spelling	DR	DR	replace:Do	Did you mean to spell `DR` this way?
docs/how-to/cut-a-release.md	72	66	8056	8059	SentenceCapitalization	Capitalization	and	and	replace:And	This sentence does not start with a capital letter
docs/how-to/cut-a-release.md	76	133	8490	8491	Spaces	Formatting	 	 	remove	Unnecessary space at the end of the sentence.
docs/how-to/cut-a-release.md	76	325	8682	8684	SpellCheck	Spelling	HW	HW	replace:Ha	Did you mean to spell `HW` this way?
docs/how-to/cut-a-release.md	76	328	8685	8687	SpellCheck	Spelling	DR	DR	replace:Do	Did you mean to spell `DR` this way?
docs/how-to/cut-a-release.md	80	229	9091	9093	SpellCheck	Spelling	v0	v0	replace:vi	Did you mean to spell `v0` this way?
docs/how-to/cut-a-release.md	80	265	9127	9128	CommaFixes	Punctuation	 	 	remove	Don't use a space before a comma.
docs/how-to/cut-a-release.md	80	418	9280	9282	SpellCheck	Spelling	v0	v0	replace:vi	Did you mean to spell `v0` this way?
docs/how-to/cut-a-release.md	80	794	9656	9658	SpellCheck	Spelling	HW	HW	replace:Ha	Did you mean to spell `HW` this way?
docs/how-to/cut-a-release.md	80	971	9833	9836	OxfordComma	Style	and	and	insert:,	An Oxford comma is necessary here.
docs/how-to/cut-a-release.md	80	1049	9911	9913	SpellCheck	Spelling	HW	HW	replace:Ha	Did you mean to spell `HW` this way?
docs/how-to/cut-a-release.md	80	1052	9914	9917	SpellCheck	Spelling	OBL	OBL	replace:Obi	Did you mean to spell `OBL` this way?
docs/how-to/cut-a-release.md	82	195	10233	10234	CommaFixes	Punctuation	 	 	remove	Don't use a space before a comma.
docs/how-to/cut-a-release.md	82	501	10539	10541	SpellCheck	Spelling	HW	HW	replace:Ha	Did you mean to spell `HW` this way?
docs/how-to/cut-a-release.md	84	61	10741	10742	Spaces	Formatting	 	 	remove	Unnecessary space at the end of the sentence.
docs/how-to/cut-a-release.md	84	220	10900	10901	Spaces	Formatting	 	 	remove	Unnecessary space at the end of the sentence.
docs/how-to/cut-a-release.md	88	50	11140	11145	SentenceCapitalization	Capitalization	lists	lists	replace:Lists	This sentence does not start with a capital letter
docs/how-to/cut-a-release.md	88	136	11226	11227	Spaces	Formatting	 	 	remove	Unnecessary space at the end of the sentence.
docs/how-to/cut-a-release.md	89	44	11285	11286	CommaFixes	Punctuation	 	 	remove	Don't use a space before a comma.
docs/how-to/cut-a-release.md	89	134	11375	11376	Spaces	Formatting	 	 	remove	Unnecessary space at the end of the sentence.
docs/how-to/cut-a-release.md	90	31	11503	11506	SentenceCapitalization	Capitalization	has	has	replace:Has	This sentence does not start with a capital letter
docs/how-to/cut-a-release.md	91	78	11614	11615	Spaces	Formatting	 	 	remove	Unnecessary space at the end of the sentence.
docs/how-to/cut-a-release.md	92	89	11736	11737	CommaFixes	Punctuation	 	 	remove	Don't use a space before a comma.
docs/how-to/diagnose-an-isolation-failure.md	26	63	688	697	SpellCheck	Spelling	Headwater	Headwater	replace:Headwaters	Did you mean to spell `Headwater` this way?
docs/how-to/diagnose-an-isolation-failure.md	30	180	999	1000	Spaces	Formatting	 	 	remove	Unnecessary space at the end of the sentence.
docs/how-to/diagnose-an-isolation-failure.md	34	13	1355	1357	OrthographicConsistency	Capitalization	md	md	replace:MD	This word's canonical spelling is all-caps.
docs/how-to/diagnose-an-isolation-failure.md	34	13	1355	1357	SpellCheck	Spelling	md	md	replace:ma	Did you mean to spell `md` this way?
docs/how-to/diagnose-an-isolation-failure.md	34	56	1398	1399	CommaFixes	Punctuation	 	 	remove	Don't use a space before a comma.
docs/how-to/diagnose-an-isolation-failure.md	40	3	1825	1828	SentenceCapitalization	Capitalization	the	the	replace:The	This sentence does not start with a capital letter
docs/how-to/diagnose-an-isolation-failure.md	41	3	1883	1884	SentenceCapitalization	Capitalization	a	a	replace:A	This sentence does not start with a capital letter
docs/how-to/diagnose-an-isolation-failure.md	42	3	1977	1978	SentenceCapitalization	Capitalization	a	a	replace:A	This sentence does not start with a capital letter
docs/how-to/diagnose-an-isolation-failure.md	43	16	2084	2089	SentenceCapitalization	Capitalization	exits	exits	replace:Exits	This sentence does not start with a capital letter
docs/how-to/diagnose-an-isolation-failure.md	45	3	2242	2243	SentenceCapitalization	Capitalization	a	a	replace:A	This sentence does not start with a capital letter
docs/how-to/diagnose-an-isolation-failure.md	46	3	2318	2322	SentenceCapitalization	Capitalization	your	your	replace:Your	This sentence does not start with a capital letter
docs/how-to/diagnose-an-isolation-failure.md	55	73	2679	2682	SentenceCapitalization	Capitalization	and	and	replace:And	This sentence does not start with a capital letter
docs/how-to/diagnose-an-isolation-failure.md	57	32	3041	3050	Everyone	Miscellaneous	every one	every one	replace:everyone	Did you mean the closed compound `everyone`?
docs/how-to/diagnose-an-isolation-failure.md	67	65	3544	3545	CommaFixes	Punctuation	 	 	remove	Don't use a space before a comma.
docs/how-to/diagnose-an-isolation-failure.md	75	213	4663	4669	SentenceCapitalization	Capitalization	shares	shares	replace:Shares	This sentence does not start with a capital letter
docs/how-to/diagnose-an-isolation-failure.md	79	352	5151	5156	SentenceCapitalization	Capitalization	pools	pools	replace:Pools	This sentence does not start with a capital letter
docs/how-to/diagnose-an-isolation-failure.md	79	633	5432	5440	SentenceCapitalization	Capitalization	compiles	compiles	replace:Compiles	This sentence does not start with a capital letter
docs/how-to/diagnose-an-isolation-failure.md	79	760	5559	5560	CommaFixes	Punctuation	 	 	remove	Don't use a space before a comma.
docs/how-to/diagnose-an-isolation-failure.md	79	816	5615	5616	Spaces	Formatting	 	 	remove	Unnecessary space at the end of the sentence.
docs/how-to/diagnose-an-isolation-failure.md	83	16	5968	5972	SentenceCapitalization	Capitalization	that	that	replace:That	This sentence does not start with a capital letter
docs/how-to/diagnose-an-isolation-failure.md	83	266	6218	6219	CommaFixes	Punctuation	 	 	remove	Don't use a space before a comma.
docs/how-to/diagnose-an-isolation-failure.md	89	17	6545	6546	CommaFixes	Punctuation	 	 	remove	Don't use a space before a comma.
docs/how-to/diagnose-an-isolation-failure.md	89	118	6646	6647	CommaFixes	Punctuation	 	 	remove	Don't use a space before a comma.
docs/how-to/diagnose-an-isolation-failure.md	89	144	6672	6673	CommaFixes	Punctuation	 	 	remove	Don't use a space before a comma.
docs/how-to/diagnose-an-isolation-failure.md	93	68	6907	6912	SentenceCapitalization	Capitalization	names	names	replace:Names	This sentence does not start with a capital letter
docs/how-to/diagnose-an-isolation-failure.md	93	275	7114	7123	SentenceCapitalization	Capitalization	separates	separates	replace:Separates	This sentence does not start with a capital letter
docs/how-to/diagnose-an-isolation-failure.md	106	39	8124	8125	Spaces	Formatting	 	 	remove	Unnecessary space at the end of the sentence.
docs/how-to/diagnose-an-isolation-failure.md	110	68	8527	8528	Spaces	Formatting	 	 	remove	Unnecessary space at the end of the sentence.
docs/how-to/diagnose-an-isolation-failure.md	110	460	8919	8925	SentenceCapitalization	Capitalization	prints	prints	replace:Prints	This sentence does not start with a capital letter
docs/how-to/diagnose-an-isolation-failure.md	112	162	9130	9131	Spaces	Formatting	 	 	remove	Unnecessary space at the end of the sentence.
docs/how-to/mine-the-shadow-mode-routing-log.md	21	63	589	598	SpellCheck	Spelling	Headwater	Headwater	replace:Headwaters	Did you mean to spell `Headwater` this way?
docs/how-to/mine-the-shadow-mode-routing-log.md	25	2	722	724	SpellCheck	Spelling	HW	HW	replace:Ha	Did you mean to spell `HW` this way?
docs/how-to/mine-the-shadow-mode-routing-log.md	25	5	725	727	SpellCheck	Spelling	DR	DR	replace:Do	Did you mean to spell `DR` this way?
docs/how-to/mine-the-shadow-mode-routing-log.md	27	94	1163	1164	Spaces	Formatting	 	 	remove	Unnecessary space at the end of the sentence.
docs/how-to/mine-the-shadow-mode-routing-log.md	27	204	1273	1274	Spaces	Formatting	 	 	remove	Unnecessary space at the end of the sentence.
docs/how-to/mine-the-shadow-mode-routing-log.md	27	228	1297	1299	SpellCheck	Spelling	HW	HW	replace:Ha	Did you mean to spell `HW` this way?
docs/how-to/mine-the-shadow-mode-routing-log.md	27	231	1300	1302	SpellCheck	Spelling	DR	DR	replace:Do	Did you mean to spell `DR` this way?
docs/how-to/mine-the-shadow-mode-routing-log.md	27	311	1380	1382	SpellCheck	Spelling	HW	HW	replace:Ha	Did you mean to spell `HW` this way?
docs/how-to/mine-the-shadow-mode-routing-log.md	27	314	1383	1385	SpellCheck	Spelling	DR	DR	replace:Do	Did you mean to spell `DR` this way?
docs/how-to/mine-the-shadow-mode-routing-log.md	31	9	1874	1875	Spaces	Formatting	 	 	remove	Unnecessary space at the end of the sentence.
docs/how-to/mine-the-shadow-mode-routing-log.md	38	44	2408	2411	SentenceCapitalization	Capitalization	and	and	replace:And	This sentence does not start with a capital letter
docs/how-to/mine-the-shadow-mode-routing-log.md	38	132	2496	2497	Spaces	Formatting	 	 	remove	Unnecessary space at the end of the sentence.
docs/how-to/mine-the-shadow-mode-routing-log.md	38	157	2521	2523	SentenceCapitalization	Capitalization	is	is	replace:Is	This sentence does not start with a capital letter
docs/how-to/mine-the-shadow-mode-routing-log.md	38	331	2695	2700	SentenceCapitalization	Capitalization	names	names	replace:Names	This sentence does not start with a capital letter
docs/how-to/mine-the-shadow-mode-routing-log.md	53	177	3547	3553	DisjointPrefixes	Spelling	re-run	re-run	replace:rerun	This looks like a prefix that can be joined with the rest of the word.
docs/how-to/mine-the-shadow-mode-routing-log.md	55	33	-	-	SingleBe	Grammar	 is		remove	Drop the repeated verb form so only one instance of `be` remains.
docs/how-to/mine-the-shadow-mode-routing-log.md	55	81	3714	3715	CommaFixes	Punctuation	 	 	remove	Don't use a space before a comma.
docs/how-to/mine-the-shadow-mode-routing-log.md	55	102	3735	3743	CompoundNouns	WordChoice	log file	log file	replace:logfile	Did you mean the closed compound noun “logfile”?
docs/how-to/mine-the-shadow-mode-routing-log.md	55	165	3798	3799	Spaces	Formatting	 	 	remove	Unnecessary space at the end of the sentence.
docs/how-to/mine-the-shadow-mode-routing-log.md	62	43	4386	4391	SentenceCapitalization	Capitalization	fixes	fixes	replace:Fixes	This sentence does not start with a capital letter
docs/how-to/mine-the-shadow-mode-routing-log.md	80	26	5812	5814	SpellCheck	Spelling	HW	HW	replace:Ha	Did you mean to spell `HW` this way?
docs/how-to/mine-the-shadow-mode-routing-log.md	80	29	5815	5817	SpellCheck	Spelling	DR	DR	replace:Do	Did you mean to spell `DR` this way?
docs/how-to/mine-the-shadow-mode-routing-log.md	82	83	6067	6068	Spaces	Formatting	 	 	remove	Unnecessary space at the end of the sentence.
docs/how-to/mine-the-shadow-mode-routing-log.md	82	183	6167	6168	Spaces	Formatting	 	 	remove	Unnecessary space at the end of the sentence.
docs/how-to/mine-the-shadow-mode-routing-log.md	82	274	6258	6259	CommaFixes	Punctuation	 	 	remove	Don't use a space before a comma.
docs/how-to/mine-the-shadow-mode-routing-log.md	82	349	-	-	SingleBe	Grammar	 is		remove	Drop the repeated verb form so only one instance of `be` remains.
docs/how-to/mine-the-shadow-mode-routing-log.md	84	139	6680	6681	Spaces	Formatting	 	 	remove	Unnecessary space at the end of the sentence.
docs/how-to/mine-the-shadow-mode-routing-log.md	84	245	6786	6787	Spaces	Formatting	 	 	remove	Unnecessary space at the end of the sentence.
docs/how-to/mine-the-shadow-mode-routing-log.md	88	67	7007	7008	Spaces	Formatting	 	 	remove	Unnecessary space at the end of the sentence.
docs/how-to/mine-the-shadow-mode-routing-log.md	93	249	7522	7525	SimplePastToPastParticiple	Grammar	did	did	replace:done	Use the past participle `done` instead of `did` when using compound tenses or passive voice.
